date,side,pinball_bps,mae_bps,signed_error_bps,coverage_lt,coverage_le,model,seed,alpha,h,qi,symbol,target,task
20260506,0,0.2238043103403934,0.4476086206807868,0.03432262254124373,0.3826530612244898,0.5153061224489796,state_tree,-1,0.5,3,1,000001.SZ,depth,unseen_q
20260506,1,0.300174771677326,0.600349543354652,-0.09724397582359377,0.40948275862068967,0.5344827586206896,state_tree,-1,0.5,3,1,000001.SZ,depth,unseen_q
20260507,0,0.32772680626619344,0.6554536125323869,0.04805143111624408,0.4892703862660944,0.5107296137339056,state_tree,-1,0.5,3,1,000001.SZ,depth,unseen_q
20260507,1,0.28822874441150337,0.5764574888230067,-0.06020401006305326,0.34334763948497854,0.5836909871244635,state_tree,-1,0.5,3,1,000001.SZ,depth,unseen_q
20260508,0,0.35140145624838265,0.7028029124967653,-0.016455880212625857,0.42035398230088494,0.5442477876106194,state_tree,-1,0.5,3,1,000001.SZ,depth,unseen_q
20260508,1,0.27075374527429946,0.5415074905485989,-0.15802102626525574,0.3303964757709251,0.4889867841409692,state_tree,-1,0.5,3,1,000001.SZ,depth,unseen_q
20260511,0,0.3381789929488338,0.6763579858976676,-0.25090418126228836,0.391304347826087,0.43478260869565216,state_tree,-1,0.5,3,1,000001.SZ,depth,unseen_q
20260511,1,0.24622528481436246,0.4924505696287249,0.07034204892832062,0.4482758620689655,0.49137931034482757,state_tree,-1,0.5,3,1,000001.SZ,depth,unseen_q
20260512,0,0.36552875201996854,0.7310575040399371,-0.09920262256793862,0.4410480349344978,0.4847161572052402,state_tree,-1,0.5,3,1,000001.SZ,depth,unseen_q
20260512,1,0.2808923978964438,0.5617847957928876,-0.12429743220300747,0.3652173913043478,0.6260869565217392,state_tree,-1,0.5,3,1,000001.SZ,depth,unseen_q
20260513,0,0.2754433191821912,0.5508866383643825,0.0759244493730963,0.5301724137931034,0.5775862068965517,state_tree,-1,0.5,3,1,000001.SZ,depth,unseen_q
20260513,1,0.14808072801806677,0.29616145603613353,-0.029890655597646455,0.34763948497854075,0.6824034334763949,state_tree,-1,0.5,3,1,000001.SZ,depth,unseen_q
20260514,0,0.2886187940544607,0.5772375881089215,0.06321510677909026,0.42857142857142855,0.4675324675324675,state_tree,-1,0.5,3,1,000001.SZ,depth,unseen_q
20260514,1,0.280941478297078,0.561882956594156,-0.11715788990728555,0.45021645021645024,0.5974025974025974,state_tree,-1,0.5,3,1,000001.SZ,depth,unseen_q
20260515,0,0.5401989199709021,1.0803978399418042,-0.1820869665308699,0.42290748898678415,0.45374449339207046,state_tree,-1,0.5,3,1,000001.SZ,depth,unseen_q
20260515,1,0.3732756473895375,0.746551294779075,0.044648201217991984,0.27467811158798283,0.7253218884120172,state_tree,-1,0.5,3,1,000001.SZ,depth,unseen_q
20260518,0,0.2541858949214902,0.5083717898429804,0.0174784809163793,0.5023923444976076,0.5406698564593302,state_tree,-1,0.5,3,1,000001.SZ,depth,unseen_q
20260518,1,0.2890792550436064,0.5781585100872128,-0.13253851985497864,0.3948497854077253,0.630901287553648,state_tree,-1,0.5,3,1,000001.SZ,depth,unseen_q
20260519,0,0.40279293489750273,0.8055858697950055,0.10377411085441679,0.46320346320346323,0.47186147186147187,state_tree,-1,0.5,3,1,000001.SZ,depth,unseen_q
20260519,1,0.341285592381474,0.682571184762948,-0.015570626734890736,0.3620689655172414,0.5775862068965517,state_tree,-1,0.5,3,1,000001.SZ,depth,unseen_q
20260520,0,0.2429301187366909,0.4858602374733818,-0.09417595999107205,0.4311111111111111,0.4666666666666667,state_tree,-1,0.5,3,1,000001.SZ,depth,unseen_q
20260520,1,0.16643827108618553,0.33287654217237106,-0.007705451493663134,0.26956521739130435,0.6434782608695652,state_tree,-1,0.5,3,1,000001.SZ,depth,unseen_q
20260521,0,0.3269177217676563,0.6538354435353126,0.037394386757121874,0.4396551724137931,0.5775862068965517,state_tree,-1,0.5,3,1,000001.SZ,depth,unseen_q
20260521,1,0.2940362480442352,0.5880724960884705,-0.13078476668350156,0.27467811158798283,0.6652360515021459,state_tree,-1,0.5,3,1,000001.SZ,depth,unseen_q
20260522,0,0.36537694240508883,0.7307538848101777,0.20578468391865395,0.5151515151515151,0.5844155844155844,state_tree,-1,0.5,3,1,000001.SZ,depth,unseen_q
20260522,1,0.27250327308370637,0.5450065461674127,-0.21412141813184604,0.296137339055794,0.5665236051502146,state_tree,-1,0.5,3,1,000001.SZ,depth,unseen_q
20260525,0,0.2595061043098403,0.5190122086196806,0.0797247176768487,0.48695652173913045,0.5608695652173913,state_tree,-1,0.5,3,1,000001.SZ,depth,unseen_q
20260525,1,0.2887116577764598,0.5774233155529196,-0.12679003762708252,0.3116883116883117,0.43722943722943725,state_tree,-1,0.5,3,1,000001.SZ,depth,unseen_q
20260526,0,0.3847948496437986,0.7695896992875972,0.12376829086317101,0.5344827586206896,0.5646551724137931,state_tree,-1,0.5,3,1,000001.SZ,depth,unseen_q
20260526,1,0.32634622598966606,0.6526924519793321,-0.026916034812342147,0.4224137931034483,0.6077586206896551,state_tree,-1,0.5,3,1,000001.SZ,depth,unseen_q
20260528,0,0.31648017529952294,0.6329603505990459,0.11728402790595906,0.5064935064935064,0.5627705627705628,state_tree,-1,0.5,3,1,000001.SZ,depth,unseen_q
20260528,1,0.27051433952733006,0.5410286790546601,-0.017298778840086352,0.3133047210300429,0.6952789699570815,state_tree,-1,0.5,3,1,000001.SZ,depth,unseen_q
20260529,0,0.3811615216198945,0.762323043239789,0.2324187691965696,0.43103448275862066,0.6637931034482759,state_tree,-1,0.5,3,1,000001.SZ,depth,unseen_q
20260529,1,0.5445242974362294,1.0890485948724589,-0.21055614006338474,0.48497854077253216,0.5536480686695279,state_tree,-1,0.5,3,1,000001.SZ,depth,unseen_q
20260506,0,0.47142782762362695,0.9428556552472539,0.06060533700193786,0.37755102040816324,0.46938775510204084,state_tree,-1,0.5,9,1,000001.SZ,depth,unseen_q
20260506,1,0.4619257887363665,0.923851577472733,-0.02823922259972121,0.44396551724137934,0.5689655172413793,state_tree,-1,0.5,9,1,000001.SZ,depth,unseen_q
20260507,0,0.6572827888960986,1.3145655777921972,-0.14293017713272183,0.45064377682403434,0.45064377682403434,state_tree,-1,0.5,9,1,000001.SZ,depth,unseen_q
20260507,1,0.5386483204388731,1.0772966408777462,0.10758337543316825,0.2918454935622318,0.5278969957081545,state_tree,-1,0.5,9,1,000001.SZ,depth,unseen_q
20260508,0,0.5914551414103754,1.1829102828207507,0.02171741430436555,0.42920353982300885,0.5132743362831859,state_tree,-1,0.5,9,1,000001.SZ,depth,unseen_q
20260508,1,0.5557499060411737,1.1114998120823474,-0.43664482438815805,0.3039647577092511,0.45374449339207046,state_tree,-1,0.5,9,1,000001.SZ,depth,unseen_q
20260511,0,0.553524706367695,1.10704941273539,-0.5295939462952126,0.3782608695652174,0.3782608695652174,state_tree,-1,0.5,9,1,000001.SZ,depth,unseen_q
20260511,1,0.5406769914763818,1.0813539829527636,0.11812558548086365,0.4396551724137931,0.47844827586206895,state_tree,-1,0.5,9,1,000001.SZ,depth,unseen_q
20260512,0,0.7454635519892411,1.4909271039784822,-0.21896842568775648,0.44541484716157204,0.4672489082969432,state_tree,-1,0.5,9,1,000001.SZ,depth,unseen_q
20260512,1,0.5358960707524753,1.0717921415049505,-0.1791945348916549,0.4043478260869565,0.6173913043478261,state_tree,-1,0.5,9,1,000001.SZ,depth,unseen_q
20260513,0,0.5448065132481252,1.0896130264962505,-0.06512153058895724,0.5603448275862069,0.5775862068965517,state_tree,-1,0.5,9,1,000001.SZ,depth,unseen_q
20260513,1,0.3401866145801052,0.6803732291602104,0.0829206430364896,0.34763948497854075,0.6738197424892703,state_tree,-1,0.5,9,1,000001.SZ,depth,unseen_q
20260514,0,0.5336397480221462,1.0672794960442924,0.05188373113788776,0.4329004329004329,0.43722943722943725,state_tree,-1,0.5,9,1,000001.SZ,depth,unseen_q
20260514,1,0.5486466175781116,1.0972932351562232,-0.22647014579216823,0.329004329004329,0.4805194805194805,state_tree,-1,0.5,9,1,000001.SZ,depth,unseen_q
20260515,0,0.7257379801563708,1.4514759603127416,-0.26204039706282106,0.42731277533039647,0.45374449339207046,state_tree,-1,0.5,9,1,000001.SZ,depth,unseen_q
20260515,1,0.4616063597541988,0.9232127195083976,-0.0030125500588111457,0.2703862660944206,0.721030042918455,state_tree,-1,0.5,9,1,000001.SZ,depth,unseen_q
20260518,0,0.5059424945777581,1.0118849891555162,-0.04283485623289665,0.49282296650717705,0.49282296650717705,state_tree,-1,0.5,9,1,000001.SZ,depth,unseen_q
20260518,1,0.4481012859875928,0.8962025719751856,-0.14412014978796175,0.37339055793991416,0.575107296137339,state_tree,-1,0.5,9,1,000001.SZ,depth,unseen_q
20260519,0,0.6159481699724552,1.2318963399449103,-0.24599652874514538,0.42857142857142855,0.43722943722943725,state_tree,-1,0.5,9,1,000001.SZ,depth,unseen_q
20260519,1,0.6000653990234878,1.2001307980469755,0.1306985580804421,0.3620689655172414,0.5646551724137931,state_tree,-1,0.5,9,1,000001.SZ,depth,unseen_q
20260520,0,0.6220434248446165,1.244086849689233,-0.09887932454007052,0.4533333333333333,0.4622222222222222,state_tree,-1,0.5,9,1,000001.SZ,depth,unseen_q
20260520,1,0.5379151170220992,1.0758302340441983,-0.17494046431023494,0.30434782608695654,0.6304347826086957,state_tree,-1,0.5,9,1,000001.SZ,depth,unseen_q
20260521,0,0.612879553687005,1.22575910737401,0.09091501805381026,0.38362068965517243,0.49137931034482757,state_tree,-1,0.5,9,1,000001.SZ,depth,unseen_q
20260521,1,0.4841195904708472,0.9682391809416944,-0.2848968446569871,0.27467811158798283,0.6394849785407726,state_tree,-1,0.5,9,1,000001.SZ,depth,unseen_q
20260522,0,0.6149277302536178,1.2298554605072356,0.11680702444197186,0.5108225108225108,0.5454545454545454,state_tree,-1,0.5,9,1,000001.SZ,depth,unseen_q
20260522,1,0.5687611369847589,1.1375222739695179,-0.23927224317946486,0.2575107296137339,0.5021459227467812,state_tree,-1,0.5,9,1,000001.SZ,depth,unseen_q
20260525,0,0.48035058067808994,0.9607011613561799,0.005293421512675917,0.4826086956521739,0.49130434782608695,state_tree,-1,0.5,9,1,000001.SZ,depth,unseen_q
20260525,1,0.4872419422471405,0.974483884494281,-0.1894543023369163,0.3463203463203463,0.47619047619047616,state_tree,-1,0.5,9,1,000001.SZ,depth,unseen_q
20260526,0,0.6713097124032978,1.3426194248065957,-0.354527900290867,0.4525862068965517,0.46120689655172414,state_tree,-1,0.5,9,1,000001.SZ,depth,unseen_q
20260526,1,0.590392408737503,1.180784817475006,0.0805951573135477,0.41379310344827586,0.5689655172413793,state_tree,-1,0.5,9,1,000001.SZ,depth,unseen_q
20260528,0,0.6012852707290821,1.2025705414581642,-0.0527571861129109,0.49783549783549785,0.5108225108225108,state_tree,-1,0.5,9,1,000001.SZ,depth,unseen_q
20260528,1,0.3889416846870347,0.7778833693740694,0.04738947136429476,0.3090128755364807,0.6781115879828327,state_tree,-1,0.5,9,1,000001.SZ,depth,unseen_q
20260529,0,0.6356635303695222,1.2713270607390443,0.03242435390859386,0.4224137931034483,0.6077586206896551,state_tree,-1,0.5,9,1,000001.SZ,depth,unseen_q
20260529,1,0.8582827042805459,1.7165654085610917,-0.16252494808934648,0.5021459227467812,0.5493562231759657,state_tree,-1,0.5,9,1,000001.SZ,depth,unseen_q
20260506,0,0.7941149148529079,1.5882298297058157,0.09077027101664863,0.413265306122449,0.5,state_tree,-1,0.5,30,1,000001.SZ,depth,unseen_q
20260506,1,0.8133288543894021,1.6266577087788041,-0.5060019854928811,0.4051724137931034,0.5086206896551724,state_tree,-1,0.5,30,1,000001.SZ,depth,unseen_q
20260507,0,1.020402369508668,2.040804739017336,-0.42879552465426085,0.45064377682403434,0.45064377682403434,state_tree,-1,0.5,30,1,000001.SZ,depth,unseen_q
20260507,1,0.9630544624924877,1.9261089249849754,-0.45587696450746074,0.2832618025751073,0.49356223175965663,state_tree,-1,0.5,30,1,000001.SZ,depth,unseen_q
20260508,0,0.9943322768891386,1.9886645537782772,-0.41953421939717433,0.34513274336283184,0.4247787610619469,state_tree,-1,0.5,30,1,000001.SZ,depth,unseen_q
20260508,1,1.0209849379020906,2.041969875804181,-0.594278069833218,0.34801762114537443,0.4845814977973568,state_tree,-1,0.5,30,1,000001.SZ,depth,unseen_q
20260511,0,1.1851249580198564,2.370249916039713,-0.385641717443598,0.40869565217391307,0.40869565217391307,state_tree,-1,0.5,30,1,000001.SZ,depth,unseen_q
20260511,1,1.20455277500895,2.4091055500179,-0.5828171321195991,0.3879310344827586,0.4051724137931034,state_tree,-1,0.5,30,1,000001.SZ,depth,unseen_q
20260512,0,1.1176568907654985,2.235313781530997,-0.47292831702865007,0.43231441048034935,0.4497816593886463,state_tree,-1,0.5,30,1,000001.SZ,depth,unseen_q
20260512,1,0.8998024546532782,1.7996049093065565,-0.17225021328507867,0.32608695652173914,0.5130434782608696,state_tree,-1,0.5,30,1,000001.SZ,depth,unseen_q
20260513,0,1.073277071122495,2.14655414224499,-0.4377286531908082,0.46551724137931033,0.47413793103448276,state_tree,-1,0.5,30,1,000001.SZ,depth,unseen_q
20260513,1,0.6996883873688284,1.3993767747376569,-0.009417893964106309,0.30472103004291845,0.6137339055793991,state_tree,-1,0.5,30,1,000001.SZ,depth,unseen_q
20260514,0,1.1399851801222423,2.2799703602444845,-0.054788442739784955,0.46320346320346323,0.46320346320346323,state_tree,-1,0.5,30,1,000001.SZ,depth,unseen_q
20260514,1,1.0468169345297853,2.0936338690595706,-0.6140181187454464,0.3116883116883117,0.4329004329004329,state_tree,-1,0.5,30,1,000001.SZ,depth,unseen_q
20260515,0,1.0761981344492055,2.152396268898411,-0.6737557778405588,0.3964757709251101,0.42290748898678415,state_tree,-1,0.5,30,1,000001.SZ,depth,unseen_q
20260515,1,0.7275302110305795,1.455060422061159,-0.053871906667089846,0.296137339055794,0.6952789699570815,state_tree,-1,0.5,30,1,000001.SZ,depth,unseen_q
20260518,0,0.9807765181322964,1.9615530362645928,-0.39103315985872605,0.3492822966507177,0.3492822966507177,state_tree,-1,0.5,30,1,000001.SZ,depth,unseen_q
20260518,1,0.7681524179451314,1.536304835890263,-0.20607651904158514,0.4334763948497854,0.6137339055793991,state_tree,-1,0.5,30,1,000001.SZ,depth,unseen_q
20260519,0,0.8980566785120992,1.7961133570241985,-0.2880386688054255,0.39826839826839827,0.39826839826839827,state_tree,-1,0.5,30,1,000001.SZ,depth,unseen_q
20260519,1,0.8661150081748524,1.7322300163497049,-0.5859223475622877,0.2974137931034483,0.4870689655172414,state_tree,-1,0.5,30,1,000001.SZ,depth,unseen_q
20260520,0,0.9858047060131171,1.9716094120262342,-0.27288795776153507,0.4444444444444444,0.4488888888888889,state_tree,-1,0.5,30,1,000001.SZ,depth,unseen_q
20260520,1,0.871876998009002,1.743753996018004,-0.4094374593907443,0.3217391304347826,0.6260869565217392,state_tree,-1,0.5,30,1,000001.SZ,depth,unseen_q
20260521,0,1.0773407815255007,2.1546815630510014,-0.08699810353341456,0.4267241379310345,0.5086206896551724,state_tree,-1,0.5,30,1,000001.SZ,depth,unseen_q
20260521,1,0.8971797199782845,1.794359439956569,-0.4740947025955421,0.2575107296137339,0.5965665236051502,state_tree,-1,0.5,30,1,000001.SZ,depth,unseen_q
20260522,0,1.0698762557012476,2.139752511402495,-0.07497462057380962,0.48484848484848486,0.5108225108225108,state_tree,-1,0.5,30,1,000001.SZ,depth,unseen_q
20260522,1,0.9710620870821352,1.9421241741642703,-0.6268734352843249,0.2532188841201717,0.48068669527896996,state_tree,-1,0.5,30,1,000001.SZ,depth,unseen_q
20260525,0,0.8918491287506478,1.7836982575012956,-0.4364920619923166,0.4217391304347826,0.43043478260869567,state_tree,-1,0.5,30,1,000001.SZ,depth,unseen_q
20260525,1,0.7846794166503727,1.5693588333007453,-0.09173249813016031,0.3722943722943723,0.4805194805194805,state_tree,-1,0.5,30,1,000001.SZ,depth,unseen_q
20260526,0,1.2063462223769488,2.4126924447538975,-0.45355717472790835,0.41810344827586204,0.4224137931034483,state_tree,-1,0.5,30,1,000001.SZ,depth,unseen_q
20260526,1,1.0508377457830316,2.101675491566063,-0.1819534077178874,0.4353448275862069,0.5732758620689655,state_tree,-1,0.5,30,1,000001.SZ,depth,unseen_q
20260528,0,0.9742565006342541,1.9485130012685081,-0.11779241077987279,0.5108225108225108,0.5194805194805194,state_tree,-1,0.5,30,1,000001.SZ,depth,unseen_q
20260528,1,0.7927471068800757,1.5854942137601513,-0.24615165546572623,0.3133047210300429,0.6437768240343348,state_tree,-1,0.5,30,1,000001.SZ,depth,unseen_q
20260529,0,1.0596016859002386,2.1192033718004772,0.11762993813455945,0.45689655172413796,0.603448275862069,state_tree,-1,0.5,30,1,000001.SZ,depth,unseen_q
20260529,1,1.4912884192307019,2.9825768384614038,-0.6691874324566782,0.4206008583690987,0.463519313304721,state_tree,-1,0.5,30,1,000001.SZ,depth,unseen_q
20260506,0,0.20992130755871716,0.9114712717385206,0.6145358574055494,0.9438775510204082,0.9438775510204082,state_tree,-1,0.8999999761581421,3,1,000001.SZ,depth,unseen_q
20260506,1,0.2531111269981225,0.9738704486338475,0.5845602781395107,0.8663793103448276,0.8663793103448276,state_tree,-1,0.8999999761581421,3,1,000001.SZ,depth,unseen_q
20260507,0,0.20772742420084092,1.3049718964471675,1.1118963763310454,0.944206008583691,0.944206008583691,state_tree,-1,0.8999999761581421,3,1,000001.SZ,depth,unseen_q
20260507,1,0.2350657017012722,1.17761121198878,0.8843498134441511,0.9227467811158798,0.9227467811158798,state_tree,-1,0.8999999761581421,3,1,000001.SZ,depth,unseen_q
20260508,0,0.2537499701369334,1.1897956391839255,0.8528696744725672,0.9247787610619469,0.9247787610619469,state_tree,-1,0.8999999761581421,3,1,000001.SZ,depth,unseen_q
20260508,1,0.22586230741836344,1.095690572728353,0.8049574953437383,0.8810572687224669,0.8810572687224669,state_tree,-1,0.8999999761581421,3,1,000001.SZ,depth,unseen_q
20260511,0,0.3432253655713849,1.3892510968268978,0.8785005094678708,0.8826086956521739,0.8826086956521739,state_tree,-1,0.8999999761581421,3,1,000001.SZ,depth,unseen_q
20260511,1,0.18249219358562396,1.174303914403038,1.0116494693387448,0.9181034482758621,0.9181034482758621,state_tree,-1,0.8999999761581421,3,1,000001.SZ,depth,unseen_q
20260512,0,0.32409753018782517,1.2199008785714434,0.7146323153401464,0.8908296943231441,0.8908296943231441,state_tree,-1,0.8999999761581421,3,1,000001.SZ,depth,unseen_q
20260512,1,0.23377159705723036,0.9524951731700771,0.6061900099512607,0.8608695652173913,0.8608695652173913,state_tree,-1,0.8999999761581421,3,1,000001.SZ,depth,unseen_q
20260513,0,0.19827496112513085,0.9494175936570175,0.6910846304502987,0.896551724137931,0.896551724137931,state_tree,-1,0.8999999761581421,3,1,000001.SZ,depth,unseen_q
20260513,1,0.15292757764509401,0.6561081566956275,0.437816277852683,0.9012875536480687,0.9012875536480687,state_tree,-1,0.8999999761581421,3,1,000001.SZ,depth,unseen_q
20260514,0,0.2281352099231637,1.2408722612765744,0.9807523602452046,0.8961038961038961,0.8961038961038961,state_tree,-1,0.8999999761581421,3,1,000001.SZ,depth,unseen_q
20260514,1,0.2315794650761746,1.0327410224108973,0.7119776577603604,0.9177489177489178,0.9177489177489178,state_tree,-1,0.8999999761581421,3,1,000001.SZ,depth,unseen_q
20260515,0,0.41918158264015376,1.3965221307595623,0.6976987484351544,0.8149779735682819,0.8149779735682819,state_tree,-1,0.8999999761581421,3,1,000001.SZ,depth,unseen_q
20260515,1,0.2787750328522157,1.1769837968760082,0.7742922101158829,0.8841201716738197,0.8841201716738197,state_tree,-1,0.8999999761581421,3,1,000001.SZ,depth,unseen_q
20260518,0,0.18185797911221113,0.9573742519007429,0.7420729113263932,0.9282296650717703,0.9282296650717703,state_tree,-1,0.8999999761581421,3,1,000001.SZ,depth,unseen_q
20260518,1,0.2873563095535462,1.0665029559058075,0.6147379576396317,0.8626609442060086,0.8626609442060086,state_tree,-1,0.8999999761581421,3,1,000001.SZ,depth,unseen_q
20260519,0,0.31182461311116105,1.5614387164643075,1.1722369326732476,0.9264069264069265,0.9264069264069265,state_tree,-1,0.8999999761581421,3,1,000001.SZ,depth,unseen_q
20260519,1,0.27401435344221015,1.3140000368955258,0.9574642195831966,0.9267241379310345,0.9267241379310345,state_tree,-1,0.8999999761581421,3,1,000001.SZ,depth,unseen_q
20260520,0,0.23082473796385422,1.2691781515859948,1.0094109047384363,0.9377777777777778,0.9377777777777778,state_tree,-1,0.8999999761581421,3,1,000001.SZ,depth,unseen_q
20260520,1,0.12702010885906886,0.9253981952606187,0.8391975219481714,0.9130434782608695,0.9130434782608695,state_tree,-1,0.8999999761581421,3,1,000001.SZ,depth,unseen_q
20260521,0,0.21532158855149683,0.9587928585509276,0.6601871411601374,0.9008620689655172,0.9008620689655172,state_tree,-1,0.8999999761581421,3,1,000001.SZ,depth,unseen_q
20260521,1,0.22168221905326624,0.917564830552335,0.5927505258879376,0.8626609442060086,0.8626609442060086,state_tree,-1,0.8999999761581421,3,1,000001.SZ,depth,unseen_q
20260522,0,0.23061437790769057,1.4358197553151306,1.218238821987379,0.9004329004329005,0.9004329004329005,state_tree,-1,0.8999999761581421,3,1,000001.SZ,depth,unseen_q
20260522,1,0.2310732584833251,0.9616683015988181,0.6244022680074853,0.8884120171673819,0.8884120171673819,state_tree,-1,0.8999999761581421,3,1,000001.SZ,depth,unseen_q
20260525,0,0.16550297656587173,1.1209435550493476,0.9874220612519465,0.9478260869565217,0.9478260869565217,state_tree,-1,0.8999999761581421,3,1,000001.SZ,depth,unseen_q
20260525,1,0.20382123915125785,0.992589917268507,0.7311843422894722,0.922077922077922,0.922077922077922,state_tree,-1,0.8999999761581421,3,1,000001.SZ,depth,unseen_q
20260526,0,0.2791549390326374,1.449568337103289,1.1140731402014514,0.9310344827586207,0.9310344827586207,state_tree,-1,0.8999999761581421,3,1,000001.SZ,depth,unseen_q
20260526,1,0.2562231195328153,1.2468768642106254,0.9180383361505924,0.9137931034482759,0.9137931034482759,state_tree,-1,0.8999999761581421,3,1,000001.SZ,depth,unseen_q
20260528,0,0.2341154588033184,1.141725119183002,0.8418678021496876,0.9047619047619048,0.9047619047619048,state_tree,-1,0.8999999761581421,3,1,000001.SZ,depth,unseen_q
20260528,1,0.1985547093494467,0.7965099355059516,0.49925067576648197,0.8583690987124464,0.8583690987124464,state_tree,-1,0.8999999761581421,3,1,000001.SZ,depth,unseen_q
20260529,0,0.2236992623931841,1.178153592075356,0.9134438885567333,0.896551724137931,0.896551724137931,state_tree,-1,0.8999999761581421,3,1,000001.SZ,depth,unseen_q
20260529,1,0.43903931363859444,1.4452347748146086,0.7089452266782031,0.8755364806866953,0.8755364806866953,state_tree,-1,0.8999999761581421,3,1,000001.SZ,depth,unseen_q
20260506,0,0.3753952743349902,1.9904808112802261,1.549612920626935,0.9387755102040817,0.9387755102040817,state_tree,-1,0.8999999761581421,9,1,000001.SZ,depth,unseen_q
20260506,1,0.3044575571536821,1.6917701279737642,1.3535688477619905,0.8793103448275862,0.8793103448275862,state_tree,-1,0.8999999761581421,9,1,000001.SZ,depth,unseen_q
20260507,0,0.4091144552133207,2.366612326427721,1.9354793853649106,0.9098712446351931,0.9098712446351931,state_tree,-1,0.8999999761581421,9,1,000001.SZ,depth,unseen_q
20260507,1,0.35174833403429573,2.2629555210933585,1.9493236824697049,0.9399141630901288,0.9399141630901288,state_tree,-1,0.8999999761581421,9,1,000001.SZ,depth,unseen_q
20260508,0,0.3817405623073094,2.1899435849521973,1.783078181701715,0.9203539823008849,0.9203539823008849,state_tree,-1,0.8999999761581421,9,1,000001.SZ,depth,unseen_q
20260508,1,0.37482695809254635,1.8433642383429791,1.3671379841851317,0.8678414096916299,0.8678414096916299,state_tree,-1,0.8999999761581421,9,1,000001.SZ,depth,unseen_q
20260511,0,0.4835709355526149,2.4289558787629297,1.8272676184857624,0.8608695652173913,0.8608695652173913,state_tree,-1,0.8999999761581421,9,1,000001.SZ,depth,unseen_q
20260511,1,0.39205838981022534,2.419254860432051,2.043922722841788,0.9224137931034483,0.9224137931034483,state_tree,-1,0.8999999761581421,9,1,000001.SZ,depth,unseen_q
20260512,0,0.5518631638767597,2.2989167867636318,1.4939881628112741,0.8646288209606987,0.8646288209606987,state_tree,-1,0.8999999761581421,9,1,000001.SZ,depth,unseen_q
20260512,1,0.38730120671648954,1.8532187202620976,1.3482704638995804,0.8826086956521739,0.8826086956521739,state_tree,-1,0.8999999761581421,9,1,000001.SZ,depth,unseen_q
20260513,0,0.39729977440674363,1.8942027070984657,1.3745040297830473,0.8879310344827587,0.8879310344827587,state_tree,-1,0.8999999761581421,9,1,000001.SZ,depth,unseen_q
20260513,1,0.26629148819220066,1.3290455656143854,0.9955782958785708,0.9184549356223176,0.9184549356223176,state_tree,-1,0.8999999761581421,9,1,000001.SZ,depth,unseen_q
20260514,0,0.2962168042840852,2.230558631768423,2.0476564010501486,0.9177489177489178,0.9177489177489178,state_tree,-1,0.8999999761581421,9,1,000001.SZ,depth,unseen_q
20260514,1,0.43510196693191927,2.161877505058167,1.614592060230096,0.9047619047619048,0.9047619047619048,state_tree,-1,0.8999999761581421,9,1,000001.SZ,depth,unseen_q
20260515,0,0.4398795472133351,2.1174247738752356,1.5470821915239914,0.8590308370044053,0.8590308370044053,state_tree,-1,0.8999999761581421,9,1,000001.SZ,depth,unseen_q
20260515,1,0.36271468924629596,1.929750817927446,1.5054018890225127,0.9098712446351931,0.9098712446351931,state_tree,-1,0.8999999761581421,9,1,000001.SZ,depth,unseen_q
20260518,0,0.33812458991630545,1.9700755076678063,1.6172830061915733,0.9282296650717703,0.9282296650717703,state_tree,-1,0.8999999761581421,9,1,000001.SZ,depth,unseen_q
20260518,1,0.39462142323911603,2.006098868199458,1.5210701178143762,0.8798283261802575,0.8798283261802575,state_tree,-1,0.8999999761581421,9,1,000001.SZ,depth,unseen_q
20260519,0,0.5009083744150464,2.683143101223583,2.101658065760445,0.9264069264069265,0.9264069264069265,state_tree,-1,0.8999999761581421,9,1,000001.SZ,depth,unseen_q
20260519,1,0.33587590349734997,2.3219975727717705,2.0628073301742367,0.9181034482758621,0.9181034482758621,state_tree,-1,0.8999999761581421,9,1,000001.SZ,depth,unseen_q
20260520,0,0.44137749694207923,2.544942655323628,2.0777347006419755,0.8977777777777778,0.8977777777777778,state_tree,-1,0.8999999761581421,9,1,000001.SZ,depth,unseen_q
20260520,1,0.36469301490412137,1.9414938424138186,1.5151348560660447,0.908695652173913,0.908695652173913,state_tree,-1,0.8999999761581421,9,1,000001.SZ,depth,unseen_q
20260521,0,0.35226671674196036,1.9835676975156884,1.598792925335194,0.9094827586206896,0.9094827586206896,state_tree,-1,0.8999999761581421,9,1,000001.SZ,depth,unseen_q
20260521,1,0.30338884862118104,1.574051848221284,1.2090927607911968,0.8540772532188842,0.8540772532188842,state_tree,-1,0.8999999761581421,9,1,000001.SZ,depth,unseen_q
20260522,0,0.4479341711031801,2.8753901266571074,2.4744023780493087,0.9264069264069265,0.9264069264069265,state_tree,-1,0.8999999761581421,9,1,000001.SZ,depth,unseen_q
20260522,1,0.3328008878581423,1.8651256411498516,1.4994049211634564,0.8884120171673819,0.8884120171673819,state_tree,-1,0.8999999761581421,9,1,000001.SZ,depth,unseen_q
20260525,0,0.34330682319558276,2.1823738541295628,1.8697003711158229,0.9347826086956522,0.9347826086956522,state_tree,-1,0.8999999761581421,9,1,000001.SZ,depth,unseen_q
20260525,1,0.31630892384851833,1.9225991108479799,1.6124766750497788,0.9437229437229437,0.9437229437229437,state_tree,-1,0.8999999761581421,9,1,000001.SZ,depth,unseen_q
20260526,0,0.46504216226707995,2.2902031650814756,1.7001486520209015,0.8620689655172413,0.8620689655172413,state_tree,-1,0.8999999761581421,9,1,000001.SZ,depth,unseen_q
20260526,1,0.3360166910054397,2.2583648442254884,1.9829144459591728,0.9181034482758621,0.9181034482758621,state_tree,-1,0.8999999761581421,9,1,000001.SZ,depth,unseen_q
20260528,0,0.4336912738045078,2.208047361710068,1.6758311175136347,0.9264069264069265,0.9264069264069265,state_tree,-1,0.8999999761581421,9,1,000001.SZ,depth,unseen_q
20260528,1,0.24790166713743222,1.4860689198103831,1.2378320556999385,0.8969957081545065,0.8969957081545065,state_tree,-1,0.8999999761581421,9,1,000001.SZ,depth,unseen_q
20260529,0,0.47032581770361126,2.137729133088543,1.4963469612908795,0.8405172413793104,0.8405172413793104,state_tree,-1,0.8999999761581421,9,1,000001.SZ,depth,unseen_q
20260529,1,0.5569351919090183,2.586194136407194,1.8404048004331206,0.8583690987124464,0.8583690987124464,state_tree,-1,0.8999999761581421,9,1,000001.SZ,depth,unseen_q
20260506,0,0.5693918134326797,3.7218067014865372,3.2287790357267,0.9387755102040817,0.9387755102040817,state_tree,-1,0.8999999761581421,30,1,000001.SZ,depth,unseen_q
20260506,1,0.5869953411400928,3.0168417472268394,2.3035639684864293,0.8793103448275862,0.8793103448275862,state_tree,-1,0.8999999761581421,30,1,000001.SZ,depth,unseen_q
20260507,0,0.5698636495149428,3.78877239272037,3.311306564482356,0.9141630901287554,0.9141630901287554,state_tree,-1,0.8999999761581421,30,1,000001.SZ,depth,unseen_q
20260507,1,0.616674637672746,3.5570682332504386,2.904648870511748,0.9098712446351931,0.9098712446351931,state_tree,-1,0.8999999761581421,30,1,000001.SZ,depth,unseen_q
20260508,0,0.6090745905053812,3.516483824460086,2.87291847555094,0.8849557522123894,0.8849557522123894,state_tree,-1,0.8999999761581421,30,1,000001.SZ,depth,unseen_q
20260508,1,0.6883775950713569,3.4385252171906386,2.5772126874237524,0.8766519823788547,0.8766519823788547,state_tree,-1,0.8999999761581421,30,1,000001.SZ,depth,unseen_q
20260511,0,0.6259474664840277,4.2728552996565075,3.776200683439666,0.8869565217391304,0.8869565217391304,state_tree,-1,0.8999999761581421,30,1,000001.SZ,depth,unseen_q
20260511,1,0.6864415507900858,3.804645644394733,3.03970335969864,0.8706896551724138,0.8706896551724138,state_tree,-1,0.8999999761581421,30,1,000001.SZ,depth,unseen_q
20260512,0,0.6593632812696861,3.6343212109534013,2.894493483042792,0.8820960698689956,0.8820960698689956,state_tree,-1,0.8999999761581421,30,1,000001.SZ,depth,unseen_q
20260512,1,0.4932786172469874,3.2303656708945505,2.804760712677486,0.8956521739130435,0.8956521739130435,state_tree,-1,0.8999999761581421,30,1,000001.SZ,depth,unseen_q
20260513,0,0.6319984686872027,3.341106457921802,2.596387055440975,0.8103448275862069,0.8103448275862069,state_tree,-1,0.8999999761581421,30,1,000001.SZ,depth,unseen_q
20260513,1,0.4183857669035672,2.533845818208034,2.1213429819430196,0.9012875536480687,0.9012875536480687,state_tree,-1,0.8999999761581421,30,1,000001.SZ,depth,unseen_q
20260514,0,0.6724385407612535,4.3549736552213165,3.762620941393197,0.9090909090909091,0.9090909090909091,state_tree,-1,0.8999999761581421,30,1,000001.SZ,depth,unseen_q
20260514,1,0.5646196720246407,3.470889374906815,2.92706271303845,0.8614718614718615,0.8614718614718615,state_tree,-1,0.8999999761581421,30,1,000001.SZ,depth,unseen_q
20260515,0,0.6634013725137133,3.534550735167417,2.759685152165041,0.8590308370044053,0.8590308370044053,state_tree,-1,0.8999999761581421,30,1,000001.SZ,depth,unseen_q
20260515,1,0.5231357522595433,3.292410680812922,2.8076741377177137,0.9141630901287554,0.9141630901287554,state_tree,-1,0.8999999761581421,30,1,000001.SZ,depth,unseen_q
20260518,0,0.5587502986418703,3.525806248449709,3.0103822433902248,0.9138755980861244,0.9138755980861244,state_tree,-1,0.8999999761581421,30,1,000001.SZ,depth,unseen_q
20260518,1,0.581694325795053,3.5807860095938344,3.0217468776148095,0.9055793991416309,0.9055793991416309,state_tree,-1,0.8999999761581421,30,1,000001.SZ,depth,unseen_q
20260519,0,0.6112374058324658,4.367538405737144,3.9313297269157776,0.935064935064935,0.935064935064935,state_tree,-1,0.8999999761581421,30,1,000001.SZ,depth,unseen_q
20260519,1,0.4688224610095736,3.2800433993453826,2.9279982711800914,0.9181034482758621,0.9181034482758621,state_tree,-1,0.8999999761581421,30,1,000001.SZ,depth,unseen_q
20260520,0,0.5411033946650905,3.9678631798459882,3.6070707031429263,0.9244444444444444,0.9244444444444444,state_tree,-1,0.8999999761581421,30,1,000001.SZ,depth,unseen_q
20260520,1,0.5449612681190269,3.274221442697558,2.73037379581734,0.8956521739130435,0.8956521739130435,state_tree,-1,0.8999999761581421,30,1,000001.SZ,depth,unseen_q
20260521,0,0.6200174723149898,3.7787690618963916,3.1734178357334573,0.8879310344827587,0.8879310344827587,state_tree,-1,0.8999999761581421,30,1,000001.SZ,depth,unseen_q
20260521,1,0.4301403863750484,2.7621973922160947,2.377395916036336,0.8798283261802575,0.8798283261802575,state_tree,-1,0.8999999761581421,30,1,000001.SZ,depth,unseen_q
20260522,0,0.6738289069236431,4.677196127300305,4.161923139886224,0.9264069264069265,0.9264069264069265,state_tree,-1,0.8999999761581421,30,1,000001.SZ,depth,unseen_q
20260522,1,0.5158318956864563,3.1723367731172294,2.6758413866729707,0.9012875536480687,0.9012875536480687,state_tree,-1,0.8999999761581421,30,1,000001.SZ,depth,unseen_q
20260525,0,0.5508132543783951,3.6072946333970006,3.132085342487097,0.9304347826086956,0.9304347826086956,state_tree,-1,0.8999999761581421,30,1,000001.SZ,depth,unseen_q
20260525,1,0.46964389182704674,3.689992663901572,3.438381305252844,0.9523809523809523,0.9523809523809523,state_tree,-1,0.8999999761581421,30,1,000001.SZ,depth,unseen_q
20260526,0,0.722461731421442,4.1299904858526,3.3563339788152393,0.853448275862069,0.853448275862069,state_tree,-1,0.8999999761581421,30,1,000001.SZ,depth,unseen_q
20260526,1,0.6391700985635919,3.9271718979218906,3.311039823346736,0.896551724137931,0.896551724137931,state_tree,-1,0.8999999761581421,30,1,000001.SZ,depth,unseen_q
20260528,0,0.5641873135396883,3.7987046191190026,3.3379126890046327,0.9004329004329005,0.9004329004329005,state_tree,-1,0.8999999761581421,30,1,000001.SZ,depth,unseen_q
20260528,1,0.5703547205464079,3.0691568487196017,2.4105594032140187,0.8841201716738197,0.8841201716738197,state_tree,-1,0.8999999761581421,30,1,000001.SZ,depth,unseen_q
20260529,0,0.6743706832919716,3.821991140697735,3.091562401913719,0.853448275862069,0.853448275862069,state_tree,-1,0.8999999761581421,30,1,000001.SZ,depth,unseen_q
20260529,1,0.8651354644588436,4.193505878581303,3.0790438706048358,0.8326180257510729,0.8326180257510729,state_tree,-1,0.8999999761581421,30,1,000001.SZ,depth,unseen_q
20260506,0,0.22649544477462769,0.45299088954925537,0.048057496547698975,0.39285714285714285,0.5255102040816326,persistence,-1,0.5,3,1,000001.SZ,depth,unseen_q
20260506,1,0.3004515767097473,0.6009031534194946,-0.07280819863080978,0.46551724137931033,0.5905172413793104,persistence,-1,0.5,3,1,000001.SZ,depth,unseen_q
20260507,0,0.3256654739379883,0.6513309478759766,0.08454372733831406,0.5107296137339056,0.5407725321888412,persistence,-1,0.5,3,1,000001.SZ,depth,unseen_q
20260507,1,0.29437315464019775,0.5887463092803955,-0.019791128113865852,0.38626609442060084,0.6266094420600858,persistence,-1,0.5,3,1,000001.SZ,depth,unseen_q
20260508,0,0.34997811913490295,0.6999562382698059,0.019291454926133156,0.46017699115044247,0.584070796460177,persistence,-1,0.5,3,1,000001.SZ,depth,unseen_q
20260508,1,0.26754510402679443,0.5350902080535889,-0.13472460210323334,0.3700440528634361,0.5418502202643172,persistence,-1,0.5,3,1,000001.SZ,depth,unseen_q
20260511,0,0.33669811487197876,0.6733962297439575,-0.22404900193214417,0.4,0.45652173913043476,persistence,-1,0.5,3,1,000001.SZ,depth,unseen_q
20260511,1,0.2526847720146179,0.5053695440292358,0.11361898481845856,0.5172413793103449,0.5603448275862069,persistence,-1,0.5,3,1,000001.SZ,depth,unseen_q
20260512,0,0.3671099841594696,0.7342199683189392,-0.07757293432950974,0.4672489082969432,0.519650655021834,persistence,-1,0.5,3,1,000001.SZ,depth,unseen_q
20260512,1,0.28110918402671814,0.5622183680534363,-0.1016928106546402,0.3782608695652174,0.6391304347826087,persistence,-1,0.5,3,1,000001.SZ,depth,unseen_q
20260513,0,0.2780297100543976,0.5560594201087952,0.08859715610742569,0.5344827586206896,0.5905172413793104,persistence,-1,0.5,3,1,000001.SZ,depth,unseen_q
20260513,1,0.14918982982635498,0.29837965965270996,-0.010408286936581135,0.3776824034334764,0.7167381974248928,persistence,-1,0.5,3,1,000001.SZ,depth,unseen_q
20260514,0,0.2878795862197876,0.5757591724395752,0.0933070033788681,0.45021645021645024,0.5021645021645021,persistence,-1,0.5,3,1,000001.SZ,depth,unseen_q
20260514,1,0.28042498230934143,0.5608499646186829,-0.07553616911172867,0.5238095238095238,0.6796536796536796,persistence,-1,0.5,3,1,000001.SZ,depth,unseen_q
20260515,0,0.5431116223335266,1.0862232446670532,-0.1577185094356537,0.44052863436123346,0.4801762114537445,persistence,-1,0.5,3,1,000001.SZ,depth,unseen_q
20260515,1,0.3847685754299164,0.7695371508598328,0.08625022321939468,0.30042918454935624,0.7553648068669528,persistence,-1,0.5,3,1,000001.SZ,depth,unseen_q
20260518,0,0.25168347358703613,0.5033669471740723,0.04769280552864075,0.5311004784688995,0.5789473684210527,persistence,-1,0.5,3,1,000001.SZ,depth,unseen_q
20260518,1,0.2946198880672455,0.589239776134491,-0.1056428775191307,0.44635193133047213,0.6866952789699571,persistence,-1,0.5,3,1,000001.SZ,depth,unseen_q
20260519,0,0.40358346700668335,0.8071669340133667,0.13879598677158356,0.5151515151515151,0.5281385281385281,persistence,-1,0.5,3,1,000001.SZ,depth,unseen_q
20260519,1,0.33569663763046265,0.6713932752609253,0.039249587804079056,0.46551724137931033,0.6810344827586207,persistence,-1,0.5,3,1,000001.SZ,depth,unseen_q
20260520,0,0.2369881570339203,0.4739763140678406,-0.053785622119903564,0.4666666666666667,0.5111111111111111,persistence,-1,0.5,3,1,000001.SZ,depth,unseen_q
20260520,1,0.16000957787036896,0.3200191557407379,0.041456710547208786,0.3521739130434783,0.7347826086956522,persistence,-1,0.5,3,1,000001.SZ,depth,unseen_q
20260521,0,0.3302011787891388,0.6604023575782776,0.07371626794338226,0.45689655172413796,0.5948275862068966,persistence,-1,0.5,3,1,000001.SZ,depth,unseen_q
20260521,1,0.2963215708732605,0.592643141746521,-0.10098952054977417,0.3133047210300429,0.703862660944206,persistence,-1,0.5,3,1,000001.SZ,depth,unseen_q
20260522,0,0.36868807673454285,0.7373761534690857,0.23840121924877167,0.5324675324675324,0.6103896103896104,persistence,-1,0.5,3,1,000001.SZ,depth,unseen_q
20260522,1,0.27231359481811523,0.5446271896362305,-0.15782375633716583,0.3948497854077253,0.6695278969957081,persistence,-1,0.5,3,1,000001.SZ,depth,unseen_q
20260525,0,0.25919046998023987,0.5183809399604797,0.10704150050878525,0.5304347826086957,0.6043478260869565,persistence,-1,0.5,3,1,000001.SZ,depth,unseen_q
20260525,1,0.29093196988105774,0.5818639397621155,-0.08906908333301544,0.3333333333333333,0.4588744588744589,persistence,-1,0.5,3,1,000001.SZ,depth,unseen_q
20260526,0,0.38850849866867065,0.7770169973373413,0.1481960117816925,0.5344827586206896,0.5775862068965517,persistence,-1,0.5,3,1,000001.SZ,depth,unseen_q
20260526,1,0.3292396664619446,0.6584793329238892,0.01143911574035883,0.46120689655172414,0.6551724137931034,persistence,-1,0.5,3,1,000001.SZ,depth,unseen_q
20260528,0,0.31553149223327637,0.6310629844665527,0.13782118260860443,0.5108225108225108,0.5757575757575758,persistence,-1,0.5,3,1,000001.SZ,depth,unseen_q
20260528,1,0.2664729952812195,0.532945990562439,0.008011510595679283,0.33476394849785407,0.7167381974248928,persistence,-1,0.5,3,1,000001.SZ,depth,unseen_q
20260529,0,0.3891880214214325,0.778376042842865,0.27961403131484985,0.4870689655172414,0.7198275862068966,persistence,-1,0.5,3,1,000001.SZ,depth,unseen_q
20260529,1,0.5497043132781982,1.0994086265563965,-0.19056783616542816,0.48068669527896996,0.5536480686695279,persistence,-1,0.5,3,1,000001.SZ,depth,unseen_q
20260506,0,0.4782279133796692,0.9564558267593384,0.10819405317306519,0.3979591836734694,0.4897959183673469,persistence,-1,0.5,9,1,000001.SZ,depth,unseen_q
20260506,1,0.4668895900249481,0.9337791800498962,0.047126252204179764,0.4827586206896552,0.6077586206896551,persistence,-1,0.5,9,1,000001.SZ,depth,unseen_q
20260507,0,0.6638196110725403,1.3276392221450806,-0.021472498774528503,0.5107296137339056,0.5107296137339056,persistence,-1,0.5,9,1,000001.SZ,depth,unseen_q
20260507,1,0.551219642162323,1.102439284324646,0.22499828040599823,0.3648068669527897,0.6008583690987125,persistence,-1,0.5,9,1,000001.SZ,depth,unseen_q
20260508,0,0.5938239693641663,1.1876479387283325,0.12817107141017914,0.504424778761062,0.588495575221239,persistence,-1,0.5,9,1,000001.SZ,depth,unseen_q
20260508,1,0.5445587635040283,1.0891175270080566,-0.35987505316734314,0.3876651982378855,0.5374449339207048,persistence,-1,0.5,9,1,000001.SZ,depth,unseen_q
20260511,0,0.5517497658729553,1.1034995317459106,-0.4337212145328522,0.4217391304347826,0.4260869565217391,persistence,-1,0.5,9,1,000001.SZ,depth,unseen_q
20260511,1,0.5504010319709778,1.1008020639419556,0.25716325640678406,0.5301724137931034,0.5689655172413793,persistence,-1,0.5,9,1,000001.SZ,depth,unseen_q
20260512,0,0.7534812688827515,1.506962537765503,-0.13747161626815796,0.4890829694323144,0.5152838427947598,persistence,-1,0.5,9,1,000001.SZ,depth,unseen_q
20260512,1,0.5516200065612793,1.1032400131225586,-0.11696585267782211,0.4391304347826087,0.6521739130434783,persistence,-1,0.5,9,1,000001.SZ,depth,unseen_q
20260513,0,0.5565040707588196,1.1130081415176392,-0.02194545976817608,0.5862068965517241,0.603448275862069,persistence,-1,0.5,9,1,000001.SZ,depth,unseen_q
20260513,1,0.3521980345249176,0.7043960690498352,0.13905443251132965,0.3905579399141631,0.7167381974248928,persistence,-1,0.5,9,1,000001.SZ,depth,unseen_q
20260514,0,0.5402910709381104,1.0805821418762207,0.16318616271018982,0.5021645021645021,0.5064935064935064,persistence,-1,0.5,9,1,000001.SZ,depth,unseen_q
20260514,1,0.5554051995277405,1.110810399055481,-0.09869059175252914,0.4155844155844156,0.5714285714285714,persistence,-1,0.5,9,1,000001.SZ,depth,unseen_q
20260515,0,0.733041524887085,1.46608304977417,-0.17269651591777802,0.4845814977973568,0.5110132158590308,persistence,-1,0.5,9,1,000001.SZ,depth,unseen_q
20260515,1,0.4864294230937958,0.9728588461875916,0.0883595198392868,0.3090128755364807,0.759656652360515,persistence,-1,0.5,9,1,000001.SZ,depth,unseen_q
20260518,0,0.5006091594696045,1.001218318939209,0.07042287290096283,0.5502392344497608,0.5550239234449761,persistence,-1,0.5,9,1,000001.SZ,depth,unseen_q
20260518,1,0.45966216921806335,0.9193243384361267,-0.07781042903661728,0.43776824034334766,0.6394849785407726,persistence,-1,0.5,9,1,000001.SZ,depth,unseen_q
20260519,0,0.624607503414154,1.249215006828308,-0.1325429230928421,0.5064935064935064,0.5151515151515151,persistence,-1,0.5,9,1,000001.SZ,depth,unseen_q
20260519,1,0.6048797965049744,1.2097595930099487,0.3043830096721649,0.47844827586206895,0.6810344827586207,persistence,-1,0.5,9,1,000001.SZ,depth,unseen_q
20260520,0,0.6306222081184387,1.2612444162368774,0.02417704463005066,0.5244444444444445,0.5422222222222223,persistence,-1,0.5,9,1,000001.SZ,depth,unseen_q
20260520,1,0.5328340530395508,1.0656681060791016,-0.04773668572306633,0.4,0.7260869565217392,persistence,-1,0.5,9,1,000001.SZ,depth,unseen_q
20260521,0,0.620575487613678,1.241150975227356,0.2054920196533203,0.45689655172413796,0.5646551724137931,persistence,-1,0.5,9,1,000001.SZ,depth,unseen_q
20260521,1,0.4930756092071533,0.9861512184143066,-0.18989954888820648,0.31759656652360513,0.6824034334763949,persistence,-1,0.5,9,1,000001.SZ,depth,unseen_q
20260522,0,0.6187120676040649,1.2374241352081299,0.21150532364845276,0.5757575757575758,0.6103896103896104,persistence,-1,0.5,9,1,000001.SZ,depth,unseen_q
20260522,1,0.5586060881614685,1.117212176322937,-0.03556770086288452,0.3776824034334764,0.6223175965665236,persistence,-1,0.5,9,1,000001.SZ,depth,unseen_q
20260525,0,0.48772525787353516,0.9754505157470703,0.10421553999185562,0.5434782608695652,0.5521739130434783,persistence,-1,0.5,9,1,000001.SZ,depth,unseen_q
20260525,1,0.49379631876945496,0.9875926375389099,-0.08758890628814697,0.38095238095238093,0.5151515151515151,persistence,-1,0.5,9,1,000001.SZ,depth,unseen_q
20260526,0,0.6855757236480713,1.3711514472961426,-0.25471585988998413,0.49137931034482757,0.5043103448275862,persistence,-1,0.5,9,1,000001.SZ,depth,unseen_q
20260526,1,0.60165935754776,1.20331871509552,0.18625040352344513,0.47413793103448276,0.6293103448275862,persistence,-1,0.5,9,1,000001.SZ,depth,unseen_q
20260528,0,0.5978078246116638,1.1956156492233276,0.015129907056689262,0.5108225108225108,0.5238095238095238,persistence,-1,0.5,9,1,000001.SZ,depth,unseen_q
20260528,1,0.3947937488555908,0.7895874977111816,0.1150611937046051,0.351931330472103,0.721030042918455,persistence,-1,0.5,9,1,000001.SZ,depth,unseen_q
20260529,0,0.6562673449516296,1.3125346899032593,0.15481659770011902,0.46551724137931033,0.6508620689655172,persistence,-1,0.5,9,1,000001.SZ,depth,unseen_q
20260529,1,0.8742327094078064,1.7484654188156128,-0.08199253678321838,0.51931330472103,0.5665236051502146,persistence,-1,0.5,9,1,000001.SZ,depth,unseen_q
20260506,0,0.8378796577453613,1.6757593154907227,0.2932499051094055,0.4489795918367347,0.5357142857142857,persistence,-1,0.5,30,1,000001.SZ,depth,unseen_q
20260506,1,0.8251136541366577,1.6502273082733154,-0.23480850458145142,0.5172413793103449,0.6206896551724138,persistence,-1,0.5,30,1,000001.SZ,depth,unseen_q
20260507,0,1.0991166830062866,2.1982333660125732,0.06315308809280396,0.5407725321888412,0.5407725321888412,persistence,-1,0.5,30,1,000001.SZ,depth,unseen_q
20260507,1,0.987510621547699,1.975021243095398,-0.05121704563498497,0.3776824034334764,0.5879828326180258,persistence,-1,0.5,30,1,000001.SZ,depth,unseen_q
20260508,0,0.9884552359580994,1.9769104719161987,0.0028467432130128145,0.4557522123893805,0.5353982300884956,persistence,-1,0.5,30,1,000001.SZ,depth,unseen_q
20260508,1,1.0352896451950073,2.0705792903900146,-0.26801055669784546,0.44052863436123346,0.5770925110132159,persistence,-1,0.5,30,1,000001.SZ,depth,unseen_q
20260511,0,1.2306547164916992,2.4613094329833984,0.04324915260076523,0.49130434782608695,0.49130434782608695,persistence,-1,0.5,30,1,000001.SZ,depth,unseen_q
20260511,1,1.2475067377090454,2.495013475418091,-0.08045844733715057,0.5129310344827587,0.5344827586206896,persistence,-1,0.5,30,1,000001.SZ,depth,unseen_q
20260512,0,1.139388918876648,2.278777837753296,-0.09121985733509064,0.5109170305676856,0.5283842794759825,persistence,-1,0.5,30,1,000001.SZ,depth,unseen_q
20260512,1,0.9426061511039734,1.8852123022079468,0.04513655975461006,0.391304347826087,0.5782608695652174,persistence,-1,0.5,30,1,000001.SZ,depth,unseen_q
20260513,0,1.0940247774124146,2.188049554824829,-0.2584615647792816,0.4827586206896552,0.49137931034482757,persistence,-1,0.5,30,1,000001.SZ,depth,unseen_q
20260513,1,0.729671061038971,1.459342122077942,0.20335040986537933,0.36909871244635195,0.6781115879828327,persistence,-1,0.5,30,1,000001.SZ,depth,unseen_q
20260514,0,1.173525094985962,2.347050189971924,0.4450681507587433,0.5714285714285714,0.5714285714285714,persistence,-1,0.5,30,1,000001.SZ,depth,unseen_q
20260514,1,1.0655478239059448,2.1310956478118896,-0.14566053450107574,0.42857142857142855,0.5497835497835498,persistence,-1,0.5,30,1,000001.SZ,depth,unseen_q
20260515,0,1.1020954847335815,2.204190969467163,-0.2709521949291229,0.5110132158590308,0.5374449339207048,persistence,-1,0.5,30,1,000001.SZ,depth,unseen_q
20260515,1,0.7720248699188232,1.5440497398376465,0.18348483741283417,0.33476394849785407,0.7339055793991416,persistence,-1,0.5,30,1,000001.SZ,depth,unseen_q
20260518,0,0.9960113167762756,1.9920226335525513,0.08020656555891037,0.4688995215311005,0.4688995215311005,persistence,-1,0.5,30,1,000001.SZ,depth,unseen_q
20260518,1,0.8151193857192993,1.6302387714385986,0.01033830177038908,0.48068669527896996,0.6609442060085837,persistence,-1,0.5,30,1,000001.SZ,depth,unseen_q
20260519,0,0.9125829339027405,1.825165867805481,0.14437933266162872,0.5064935064935064,0.5108225108225108,persistence,-1,0.5,30,1,000001.SZ,depth,unseen_q
20260519,1,0.8067501187324524,1.6135002374649048,-0.018495280295610428,0.45689655172413796,0.646551724137931,persistence,-1,0.5,30,1,000001.SZ,depth,unseen_q
20260520,0,1.035979151725769,2.071958303451538,0.19427306950092316,0.5288888888888889,0.5333333333333333,persistence,-1,0.5,30,1,000001.SZ,depth,unseen_q
20260520,1,0.903925359249115,1.80785071849823,-0.049000777304172516,0.3869565217391304,0.691304347826087,persistence,-1,0.5,30,1,000001.SZ,depth,unseen_q
20260521,0,1.1385115385055542,2.2770230770111084,0.3501107096672058,0.4827586206896552,0.5646551724137931,persistence,-1,0.5,30,1,000001.SZ,depth,unseen_q
20260521,1,0.9012758135795593,1.8025516271591187,-0.16775524616241455,0.3218884120171674,0.6609442060085837,persistence,-1,0.5,30,1,000001.SZ,depth,unseen_q
20260522,0,1.1065127849578857,2.2130255699157715,0.2967902719974518,0.5584415584415584,0.5844155844155844,persistence,-1,0.5,30,1,000001.SZ,depth,unseen_q
20260522,1,0.9255158305168152,1.8510316610336304,0.014262279495596886,0.40772532188841204,0.6351931330472103,persistence,-1,0.5,30,1,000001.SZ,depth,unseen_q
20260525,0,0.9203913807868958,1.8407827615737915,-0.03167537972331047,0.5478260869565217,0.5565217391304348,persistence,-1,0.5,30,1,000001.SZ,depth,unseen_q
20260525,1,0.8249165415763855,1.649833083152771,0.24774767458438873,0.43722943722943725,0.5454545454545454,persistence,-1,0.5,30,1,000001.SZ,depth,unseen_q
20260526,0,1.288617730140686,2.577235460281372,-0.04338134825229645,0.49137931034482757,0.4956896551724138,persistence,-1,0.5,30,1,000001.SZ,depth,unseen_q
20260526,1,1.1067839860916138,2.2135679721832275,0.1748739331960678,0.5,0.6379310344827587,persistence,-1,0.5,30,1,000001.SZ,depth,unseen_q
20260528,0,1.0253467559814453,2.0506935119628906,0.15818892419338226,0.5670995670995671,0.5757575757575758,persistence,-1,0.5,30,1,000001.SZ,depth,unseen_q
20260528,1,0.820224404335022,1.640448808670044,-0.028805360198020935,0.34763948497854075,0.6781115879828327,persistence,-1,0.5,30,1,000001.SZ,depth,unseen_q
20260529,0,1.1592214107513428,2.3184428215026855,0.47773268818855286,0.5,0.646551724137931,persistence,-1,0.5,30,1,000001.SZ,depth,unseen_q
20260529,1,1.541696548461914,3.083393096923828,-0.3059624135494232,0.48497854077253216,0.5278969957081545,persistence,-1,0.5,30,1,000001.SZ,depth,unseen_q
20260506,0,0.2072724550962448,0.45299088954925537,0.048057496547698975,0.39285714285714285,0.5255102040816326,persistence,-1,0.8999999761581421,3,1,000001.SZ,depth,unseen_q
20260506,1,0.329574853181839,0.6009031534194946,-0.07280819863080978,0.46551724137931033,0.5905172413793104,persistence,-1,0.8999999761581421,3,1,000001.SZ,depth,unseen_q
20260507,0,0.29184797406196594,0.6513309478759766,0.08454372733831406,0.5107296137339056,0.5407725321888412,persistence,-1,0.8999999761581421,3,1,000001.SZ,depth,unseen_q
20260507,1,0.30228957533836365,0.5887463092803955,-0.019791128113865852,0.38626609442060084,0.6266094420600858,persistence,-1,0.8999999761581421,3,1,000001.SZ,depth,unseen_q
20260508,0,0.34226152300834656,0.6999562382698059,0.019291454926133156,0.46017699115044247,0.584070796460177,persistence,-1,0.8999999761581421,3,1,000001.SZ,depth,unseen_q
20260508,1,0.3214349150657654,0.5350902080535889,-0.13472460210323334,0.3700440528634361,0.5418502202643172,persistence,-1,0.8999999761581421,3,1,000001.SZ,depth,unseen_q
20260511,0,0.4263176918029785,0.6733962297439575,-0.22404900193214417,0.4,0.45652173913043476,persistence,-1,0.8999999761581421,3,1,000001.SZ,depth,unseen_q
20260511,1,0.20723718404769897,0.5053695440292358,0.11361898481845856,0.5172413793103449,0.5603448275862069,persistence,-1,0.8999999761581421,3,1,000001.SZ,depth,unseen_q
20260512,0,0.3981391191482544,0.7342199683189392,-0.07757293432950974,0.4672489082969432,0.519650655021834,persistence,-1,0.8999999761581421,3,1,000001.SZ,depth,unseen_q
20260512,1,0.3217863142490387,0.5622183680534363,-0.1016928106546402,0.3782608695652174,0.6391304347826087,persistence,-1,0.8999999761581421,3,1,000001.SZ,depth,unseen_q
20260513,0,0.24259084463119507,0.5560594201087952,0.08859715610742569,0.5344827586206896,0.5905172413793104,persistence,-1,0.8999999761581421,3,1,000001.SZ,depth,unseen_q
20260513,1,0.15335313975811005,0.29837965965270996,-0.010408286936581135,0.3776824034334764,0.7167381974248928,persistence,-1,0.8999999761581421,3,1,000001.SZ,depth,unseen_q
20260514,0,0.2505567669868469,0.5757591724395752,0.0933070033788681,0.45021645021645024,0.5021645021645021,persistence,-1,0.8999999761581421,3,1,000001.SZ,depth,unseen_q
20260514,1,0.3106394410133362,0.5608499646186829,-0.07553616911172867,0.5238095238095238,0.6796536796536796,persistence,-1,0.8999999761581421,3,1,000001.SZ,depth,unseen_q
20260515,0,0.6061990261077881,1.0862232446670532,-0.1577185094356537,0.44052863436123346,0.4801762114537445,persistence,-1,0.8999999761581421,3,1,000001.SZ,depth,unseen_q
20260515,1,0.35026848316192627,0.7695371508598328,0.08625022321939468,0.30042918454935624,0.7553648068669528,persistence,-1,0.8999999761581421,3,1,000001.SZ,depth,unseen_q
20260518,0,0.23260636627674103,0.5033669471740723,0.04769280552864075,0.5311004784688995,0.5789473684210527,persistence,-1,0.8999999761581421,3,1,000001.SZ,depth,unseen_q
20260518,1,0.3368770182132721,0.589239776134491,-0.1056428775191307,0.44635193133047213,0.6866952789699571,persistence,-1,0.8999999761581421,3,1,000001.SZ,depth,unseen_q
20260519,0,0.3480651080608368,0.8071669340133667,0.13879598677158356,0.5151515151515151,0.5281385281385281,persistence,-1,0.8999999761581421,3,1,000001.SZ,depth,unseen_q
20260519,1,0.31999680399894714,0.6713932752609253,0.039249587804079056,0.46551724137931033,0.6810344827586207,persistence,-1,0.8999999761581421,3,1,000001.SZ,depth,unseen_q
20260520,0,0.25850239396095276,0.4739763140678406,-0.053785622119903564,0.4666666666666667,0.5111111111111111,persistence,-1,0.8999999761581421,3,1,000001.SZ,depth,unseen_q
20260520,1,0.14342691004276276,0.3200191557407379,0.041456710547208786,0.3521739130434783,0.7347826086956522,persistence,-1,0.8999999761581421,3,1,000001.SZ,depth,unseen_q
20260521,0,0.3007146716117859,0.6604023575782776,0.07371626794338226,0.45689655172413796,0.5948275862068966,persistence,-1,0.8999999761581421,3,1,000001.SZ,depth,unseen_q
20260521,1,0.3367173671722412,0.592643141746521,-0.10098952054977417,0.3133047210300429,0.703862660944206,persistence,-1,0.8999999761581421,3,1,000001.SZ,depth,unseen_q
20260522,0,0.27332761883735657,0.7373761534690857,0.23840121924877167,0.5324675324675324,0.6103896103896104,persistence,-1,0.8999999761581421,3,1,000001.SZ,depth,unseen_q
20260522,1,0.3354431092739105,0.5446271896362305,-0.15782375633716583,0.3948497854077253,0.6695278969957081,persistence,-1,0.8999999761581421,3,1,000001.SZ,depth,unseen_q
20260525,0,0.21637387573719025,0.5183809399604797,0.10704150050878525,0.5304347826086957,0.6043478260869565,persistence,-1,0.8999999761581421,3,1,000001.SZ,depth,unseen_q
20260525,1,0.3265596330165863,0.5818639397621155,-0.08906908333301544,0.3333333333333333,0.4588744588744589,persistence,-1,0.8999999761581421,3,1,000001.SZ,depth,unseen_q
20260526,0,0.32923009991645813,0.7770169973373413,0.1481960117816925,0.5344827586206896,0.5775862068965517,persistence,-1,0.8999999761581421,3,1,000001.SZ,depth,unseen_q
20260526,1,0.32466402649879456,0.6584793329238892,0.01143911574035883,0.46120689655172414,0.6551724137931034,persistence,-1,0.8999999761581421,3,1,000001.SZ,depth,unseen_q
20260528,0,0.260403037071228,0.6310629844665527,0.13782118260860443,0.5108225108225108,0.5757575757575758,persistence,-1,0.8999999761581421,3,1,000001.SZ,depth,unseen_q
20260528,1,0.2632684111595154,0.532945990562439,0.008011510595679283,0.33476394849785407,0.7167381974248928,persistence,-1,0.8999999761581421,3,1,000001.SZ,depth,unseen_q
20260529,0,0.27734240889549255,0.778376042842865,0.27961403131484985,0.4870689655172414,0.7198275862068966,persistence,-1,0.8999999761581421,3,1,000001.SZ,depth,unseen_q
20260529,1,0.6259313821792603,1.0994086265563965,-0.19056783616542816,0.48068669527896996,0.5536480686695279,persistence,-1,0.8999999761581421,3,1,000001.SZ,depth,unseen_q
20260506,0,0.4349502921104431,0.9564558267593384,0.10819405317306519,0.3979591836734694,0.4897959183673469,persistence,-1,0.8999999761581421,9,1,000001.SZ,depth,unseen_q
20260506,1,0.44803908467292786,0.9337791800498962,0.047126252204179764,0.4827586206896552,0.6077586206896551,persistence,-1,0.8999999761581421,9,1,000001.SZ,depth,unseen_q
20260507,0,0.6724085807800293,1.3276392221450806,-0.021472498774528503,0.5107296137339056,0.5107296137339056,persistence,-1,0.8999999761581421,9,1,000001.SZ,depth,unseen_q
20260507,1,0.4612203538417816,1.102439284324646,0.22499828040599823,0.3648068669527897,0.6008583690987125,persistence,-1,0.8999999761581421,9,1,000001.SZ,depth,unseen_q
20260508,0,0.542555570602417,1.1876479387283325,0.12817107141017914,0.504424778761062,0.588495575221239,persistence,-1,0.8999999761581421,9,1,000001.SZ,depth,unseen_q
20260508,1,0.6885088086128235,1.0891175270080566,-0.35987505316734314,0.3876651982378855,0.5374449339207048,persistence,-1,0.8999999761581421,9,1,000001.SZ,depth,unseen_q
20260511,0,0.7252382636070251,1.1034995317459106,-0.4337212145328522,0.4217391304347826,0.4260869565217391,persistence,-1,0.8999999761581421,9,1,000001.SZ,depth,unseen_q
20260511,1,0.44753575325012207,1.1008020639419556,0.25716325640678406,0.5301724137931034,0.5689655172413793,persistence,-1,0.8999999761581421,9,1,000001.SZ,depth,unseen_q
20260512,0,0.8084699511528015,1.506962537765503,-0.13747161626815796,0.4890829694323144,0.5152838427947598,persistence,-1,0.8999999761581421,9,1,000001.SZ,depth,unseen_q
20260512,1,0.5984063148498535,1.1032400131225586,-0.11696585267782211,0.4391304347826087,0.6521739130434783,persistence,-1,0.8999999761581421,9,1,000001.SZ,depth,unseen_q
20260513,0,0.5652822852134705,1.1130081415176392,-0.02194545976817608,0.5862068965517241,0.603448275862069,persistence,-1,0.8999999761581421,9,1,000001.SZ,depth,unseen_q
20260513,1,0.29657626152038574,0.7043960690498352,0.13905443251132965,0.3905579399141631,0.7167381974248928,persistence,-1,0.8999999761581421,9,1,000001.SZ,depth,unseen_q
20260514,0,0.47501665353775024,1.0805821418762207,0.16318616271018982,0.5021645021645021,0.5064935064935064,persistence,-1,0.8999999761581421,9,1,000001.SZ,depth,unseen_q
20260514,1,0.5948814749717712,1.110810399055481,-0.09869059175252914,0.4155844155844156,0.5714285714285714,persistence,-1,0.8999999761581421,9,1,000001.SZ,depth,unseen_q
20260515,0,0.8021201491355896,1.46608304977417,-0.17269651591777802,0.4845814977973568,0.5110132158590308,persistence,-1,0.8999999761581421,9,1,000001.SZ,depth,unseen_q
20260515,1,0.45108562707901,0.9728588461875916,0.0883595198392868,0.3090128755364807,0.759656652360515,persistence,-1,0.8999999761581421,9,1,000001.SZ,depth,unseen_q
20260518,0,0.4724399745464325,1.001218318939209,0.07042287290096283,0.5502392344497608,0.5550239234449761,persistence,-1,0.8999999761581421,9,1,000001.SZ,depth,unseen_q
20260518,1,0.4907863438129425,0.9193243384361267,-0.07781042903661728,0.43776824034334766,0.6394849785407726,persistence,-1,0.8999999761581421,9,1,000001.SZ,depth,unseen_q
20260519,0,0.6776246428489685,1.249215006828308,-0.1325429230928421,0.5064935064935064,0.5151515151515151,persistence,-1,0.8999999761581421,9,1,000001.SZ,depth,unseen_q
20260519,1,0.48312658071517944,1.2097595930099487,0.3043830096721649,0.47844827586206895,0.6810344827586207,persistence,-1,0.8999999761581421,9,1,000001.SZ,depth,unseen_q
20260520,0,0.6209514141082764,1.2612444162368774,0.02417704463005066,0.5244444444444445,0.5422222222222223,persistence,-1,0.8999999761581421,9,1,000001.SZ,depth,unseen_q
20260520,1,0.551928699016571,1.0656681060791016,-0.04773668572306633,0.4,0.7260869565217392,persistence,-1,0.8999999761581421,9,1,000001.SZ,depth,unseen_q
20260521,0,0.5383786559104919,1.241150975227356,0.2054920196533203,0.45689655172413796,0.5646551724137931,persistence,-1,0.8999999761581421,9,1,000001.SZ,depth,unseen_q
20260521,1,0.5690354108810425,0.9861512184143066,-0.18989954888820648,0.31759656652360513,0.6824034334763949,persistence,-1,0.8999999761581421,9,1,000001.SZ,depth,unseen_q
20260522,0,0.5341099500656128,1.2374241352081299,0.21150532364845276,0.5757575757575758,0.6103896103896104,persistence,-1,0.8999999761581421,9,1,000001.SZ,depth,unseen_q
20260522,1,0.5728331208229065,1.117212176322937,-0.03556770086288452,0.3776824034334764,0.6223175965665236,persistence,-1,0.8999999761581421,9,1,000001.SZ,depth,unseen_q
20260525,0,0.4460390508174896,0.9754505157470703,0.10421553999185562,0.5434782608695652,0.5521739130434783,persistence,-1,0.8999999761581421,9,1,000001.SZ,depth,unseen_q
20260525,1,0.5288318991661072,0.9875926375389099,-0.08758890628814697,0.38095238095238093,0.5151515151515151,persistence,-1,0.8999999761581421,9,1,000001.SZ,depth,unseen_q
20260526,0,0.7874621152877808,1.3711514472961426,-0.25471585988998413,0.49137931034482757,0.5043103448275862,persistence,-1,0.8999999761581421,9,1,000001.SZ,depth,unseen_q
20260526,1,0.5271592140197754,1.20331871509552,0.18625040352344513,0.47413793103448276,0.6293103448275862,persistence,-1,0.8999999761581421,9,1,000001.SZ,depth,unseen_q
20260528,0,0.5917558670043945,1.1956156492233276,0.015129907056689262,0.5108225108225108,0.5238095238095238,persistence,-1,0.8999999761581421,9,1,000001.SZ,depth,unseen_q
20260528,1,0.34876924753189087,0.7895874977111816,0.1150611937046051,0.351931330472103,0.721030042918455,persistence,-1,0.8999999761581421,9,1,000001.SZ,depth,unseen_q
20260529,0,0.5943407416343689,1.3125346899032593,0.15481659770011902,0.46551724137931033,0.6508620689655172,persistence,-1,0.8999999761581421,9,1,000001.SZ,depth,unseen_q
20260529,1,0.9070296883583069,1.7484654188156128,-0.08199253678321838,0.51931330472103,0.5665236051502146,persistence,-1,0.8999999761581421,9,1,000001.SZ,depth,unseen_q
20260506,0,0.7205797433853149,1.6757593154907227,0.2932499051094055,0.4489795918367347,0.5357142857142857,persistence,-1,0.8999999761581421,30,1,000001.SZ,depth,unseen_q
20260506,1,0.9190369844436646,1.6502273082733154,-0.23480850458145142,0.5172413793103449,0.6206896551724138,persistence,-1,0.8999999761581421,30,1,000001.SZ,depth,unseen_q
20260507,0,1.0738554000854492,2.1982333660125732,0.06315308809280396,0.5407725321888412,0.5407725321888412,persistence,-1,0.8999999761581421,30,1,000001.SZ,depth,unseen_q
20260507,1,1.0079973936080933,1.975021243095398,-0.05121704563498497,0.3776824034334764,0.5879828326180258,persistence,-1,0.8999999761581421,30,1,000001.SZ,depth,unseen_q
20260508,0,0.9873165488243103,1.9769104719161987,0.0028467432130128145,0.4557522123893805,0.5353982300884956,persistence,-1,0.8999999761581421,30,1,000001.SZ,depth,unseen_q
20260508,1,1.1424939632415771,2.0705792903900146,-0.26801055669784546,0.44052863436123346,0.5770925110132159,persistence,-1,0.8999999761581421,30,1,000001.SZ,depth,unseen_q
20260511,0,1.2133551836013794,2.4613094329833984,0.04324915260076523,0.49130434782608695,0.49130434782608695,persistence,-1,0.8999999761581421,30,1,000001.SZ,depth,unseen_q
20260511,1,1.2796900272369385,2.495013475418091,-0.08045844733715057,0.5129310344827587,0.5344827586206896,persistence,-1,0.8999999761581421,30,1,000001.SZ,depth,unseen_q
20260512,0,1.1758769750595093,2.278777837753296,-0.09121985733509064,0.5109170305676856,0.5283842794759825,persistence,-1,0.8999999761581421,30,1,000001.SZ,depth,unseen_q
20260512,1,0.9245515465736389,1.8852123022079468,0.04513655975461006,0.391304347826087,0.5782608695652174,persistence,-1,0.8999999761581421,30,1,000001.SZ,depth,unseen_q
20260513,0,1.1974093914031982,2.188049554824829,-0.2584615647792816,0.4827586206896552,0.49137931034482757,persistence,-1,0.8999999761581421,30,1,000001.SZ,depth,unseen_q
20260513,1,0.648330807685852,1.459342122077942,0.20335040986537933,0.36909871244635195,0.6781115879828327,persistence,-1,0.8999999761581421,30,1,000001.SZ,depth,unseen_q
20260514,0,0.9954978823661804,2.347050189971924,0.4450681507587433,0.5714285714285714,0.5714285714285714,persistence,-1,0.8999999761581421,30,1,000001.SZ,depth,unseen_q
20260514,1,1.1238120794296265,2.1310956478118896,-0.14566053450107574,0.42857142857142855,0.5497835497835498,persistence,-1,0.8999999761581421,30,1,000001.SZ,depth,unseen_q
20260515,0,1.2104763984680176,2.204190969467163,-0.2709521949291229,0.5110132158590308,0.5374449339207048,persistence,-1,0.8999999761581421,30,1,000001.SZ,depth,unseen_q
20260515,1,0.6986308693885803,1.5440497398376465,0.18348483741283417,0.33476394849785407,0.7339055793991416,persistence,-1,0.8999999761581421,30,1,000001.SZ,depth,unseen_q
20260518,0,0.963928759098053,1.9920226335525513,0.08020656555891037,0.4688995215311005,0.4688995215311005,persistence,-1,0.8999999761581421,30,1,000001.SZ,depth,unseen_q
20260518,1,0.8109840750694275,1.6302387714385986,0.01033830177038908,0.48068669527896996,0.6609442060085837,persistence,-1,0.8999999761581421,30,1,000001.SZ,depth,unseen_q
20260519,0,0.8548312783241272,1.825165867805481,0.14437933266162872,0.5064935064935064,0.5108225108225108,persistence,-1,0.8999999761581421,30,1,000001.SZ,depth,unseen_q
20260519,1,0.8141483068466187,1.6135002374649048,-0.018495280295610428,0.45689655172413796,0.646551724137931,persistence,-1,0.8999999761581421,30,1,000001.SZ,depth,unseen_q
20260520,0,0.9582699537277222,2.071958303451538,0.19427306950092316,0.5288888888888889,0.5333333333333333,persistence,-1,0.8999999761581421,30,1,000001.SZ,depth,unseen_q
20260520,1,0.9235256910324097,1.80785071849823,-0.049000777304172516,0.3869565217391304,0.691304347826087,persistence,-1,0.8999999761581421,30,1,000001.SZ,depth,unseen_q
20260521,0,0.998467206954956,2.2770230770111084,0.3501107096672058,0.4827586206896552,0.5646551724137931,persistence,-1,0.8999999761581421,30,1,000001.SZ,depth,unseen_q
20260521,1,0.968377947807312,1.8025516271591187,-0.16775524616241455,0.3218884120171674,0.6609442060085837,persistence,-1,0.8999999761581421,30,1,000001.SZ,depth,unseen_q
20260522,0,0.9877966046333313,2.2130255699157715,0.2967902719974518,0.5584415584415584,0.5844155844155844,persistence,-1,0.8999999761581421,30,1,000001.SZ,depth,unseen_q
20260522,1,0.9198108911514282,1.8510316610336304,0.014262279495596886,0.40772532188841204,0.6351931330472103,persistence,-1,0.8999999761581421,30,1,000001.SZ,depth,unseen_q
20260525,0,0.9330615401268005,1.8407827615737915,-0.03167537972331047,0.5478260869565217,0.5565217391304348,persistence,-1,0.8999999761581421,30,1,000001.SZ,depth,unseen_q
20260525,1,0.7258175015449524,1.649833083152771,0.24774767458438873,0.43722943722943725,0.5454545454545454,persistence,-1,0.8999999761581421,30,1,000001.SZ,depth,unseen_q
20260526,0,1.305970311164856,2.577235460281372,-0.04338134825229645,0.49137931034482757,0.4956896551724138,persistence,-1,0.8999999761581421,30,1,000001.SZ,depth,unseen_q
20260526,1,1.036834478378296,2.2135679721832275,0.1748739331960678,0.5,0.6379310344827587,persistence,-1,0.8999999761581421,30,1,000001.SZ,depth,unseen_q
20260528,0,0.9620711803436279,2.0506935119628906,0.15818892419338226,0.5670995670995671,0.5757575757575758,persistence,-1,0.8999999761581421,30,1,000001.SZ,depth,unseen_q
20260528,1,0.831746518611908,1.640448808670044,-0.028805360198020935,0.34763948497854075,0.6781115879828327,persistence,-1,0.8999999761581421,30,1,000001.SZ,depth,unseen_q
20260529,0,0.9681283831596375,2.3184428215026855,0.47773268818855286,0.5,0.646551724137931,persistence,-1,0.8999999761581421,30,1,000001.SZ,depth,unseen_q
20260529,1,1.6640815734863281,3.083393096923828,-0.3059624135494232,0.48497854077253216,0.5278969957081545,persistence,-1,0.8999999761581421,30,1,000001.SZ,depth,unseen_q
20260506,0,0.2596046030521393,0.5192092061042786,0.13905179500579834,0.6836734693877551,0.6836734693877551,conditional_mlp,20260921,0.5,3,1,000001.SZ,depth,unseen_q
20260506,1,0.3174029290676117,0.6348058581352234,0.015280229970812798,0.646551724137931,0.6551724137931034,conditional_mlp,20260921,0.5,3,1,000001.SZ,depth,unseen_q
20260507,0,0.3560904562473297,0.7121809124946594,0.1357882022857666,0.49356223175965663,0.49356223175965663,conditional_mlp,20260921,0.5,3,1,000001.SZ,depth,unseen_q
20260507,1,0.32044848799705505,0.6408969759941101,0.026053767651319504,0.6652360515021459,0.6738197424892703,conditional_mlp,20260921,0.5,3,1,000001.SZ,depth,unseen_q
20260508,0,0.3586452901363373,0.7172905802726746,0.025318466126918793,0.5442477876106194,0.5575221238938053,conditional_mlp,20260921,0.5,3,1,000001.SZ,depth,unseen_q
20260508,1,0.3052239716053009,0.6104479432106018,-0.044769879430532455,0.6035242290748899,0.6167400881057269,conditional_mlp,20260921,0.5,3,1,000001.SZ,depth,unseen_q
20260511,0,0.3670055866241455,0.734011173248291,-0.1075894758105278,0.5391304347826087,0.5391304347826087,conditional_mlp,20260921,0.5,3,1,000001.SZ,depth,unseen_q
20260511,1,0.29604625701904297,0.5920925140380859,0.16440989077091217,0.5905172413793104,0.5905172413793104,conditional_mlp,20260921,0.5,3,1,000001.SZ,depth,unseen_q
20260512,0,0.4092589020729065,0.818517804145813,-0.019155142828822136,0.4672489082969432,0.4847161572052402,conditional_mlp,20260921,0.5,3,1,000001.SZ,depth,unseen_q
20260512,1,0.2985203266143799,0.5970406532287598,0.002905527362599969,0.5173913043478261,0.6130434782608696,conditional_mlp,20260921,0.5,3,1,000001.SZ,depth,unseen_q
20260513,0,0.2885717451572418,0.5771434903144836,0.11842970550060272,0.625,0.625,conditional_mlp,20260921,0.5,3,1,000001.SZ,depth,unseen_q
20260513,1,0.17040011286735535,0.3408002257347107,0.002354296389967203,0.6866952789699571,0.7167381974248928,conditional_mlp,20260921,0.5,3,1,000001.SZ,depth,unseen_q
20260514,0,0.33102571964263916,0.6620514392852783,0.13139744102954865,0.48484848484848486,0.48484848484848486,conditional_mlp,20260921,0.5,3,1,000001.SZ,depth,unseen_q
20260514,1,0.297186017036438,0.594372034072876,-0.11275139451026917,0.4805194805194805,0.5194805194805194,conditional_mlp,20260921,0.5,3,1,000001.SZ,depth,unseen_q
20260515,0,0.5499580502510071,1.0999161005020142,-0.13044776022434235,0.47577092511013214,0.4889867841409692,conditional_mlp,20260921,0.5,3,1,000001.SZ,depth,unseen_q
20260515,1,0.39932411909103394,0.7986482381820679,0.1608019322156906,0.7081545064377682,0.7639484978540773,conditional_mlp,20260921,0.5,3,1,000001.SZ,depth,unseen_q
20260518,0,0.2968737483024597,0.5937474966049194,0.061979297548532486,0.5741626794258373,0.5741626794258373,conditional_mlp,20260921,0.5,3,1,000001.SZ,depth,unseen_q
20260518,1,0.31538063287734985,0.6307612657546997,-0.0011497196974232793,0.7339055793991416,0.7381974248927039,conditional_mlp,20260921,0.5,3,1,000001.SZ,depth,unseen_q
20260519,0,0.44196048378944397,0.8839209675788879,0.21500016748905182,0.645021645021645,0.645021645021645,conditional_mlp,20260921,0.5,3,1,000001.SZ,depth,unseen_q
20260519,1,0.37955284118652344,0.7591056823730469,0.007938975468277931,0.603448275862069,0.6163793103448276,conditional_mlp,20260921,0.5,3,1,000001.SZ,depth,unseen_q
20260520,0,0.2931285798549652,0.5862571597099304,0.006960899103432894,0.5288888888888889,0.5288888888888889,conditional_mlp,20260921,0.5,3,1,000001.SZ,depth,unseen_q
20260520,1,0.192742258310318,0.385484516620636,0.12854310870170593,0.691304347826087,0.7565217391304347,conditional_mlp,20260921,0.5,3,1,000001.SZ,depth,unseen_q
20260521,0,0.3440633714199066,0.6881267428398132,0.0788906067609787,0.5948275862068966,0.5991379310344828,conditional_mlp,20260921,0.5,3,1,000001.SZ,depth,unseen_q
20260521,1,0.3083191514015198,0.6166383028030396,-0.08216757327318192,0.4721030042918455,0.6781115879828327,conditional_mlp,20260921,0.5,3,1,000001.SZ,depth,unseen_q
20260522,0,0.4101945757865906,0.8203891515731812,0.32963672280311584,0.6190476190476191,0.6233766233766234,conditional_mlp,20260921,0.5,3,1,000001.SZ,depth,unseen_q
20260522,1,0.28738507628440857,0.5747701525688171,-0.1955852210521698,0.3948497854077253,0.5493562231759657,conditional_mlp,20260921,0.5,3,1,000001.SZ,depth,unseen_q
20260525,0,0.31526607275009155,0.6305321455001831,0.18084299564361572,0.5826086956521739,0.5869565217391305,conditional_mlp,20260921,0.5,3,1,000001.SZ,depth,unseen_q
20260525,1,0.3186924159526825,0.637384831905365,-0.057775579392910004,0.5021645021645021,0.5800865800865801,conditional_mlp,20260921,0.5,3,1,000001.SZ,depth,unseen_q
20260526,0,0.43823859095573425,0.8764771819114685,0.2334160953760147,0.5991379310344828,0.5991379310344828,conditional_mlp,20260921,0.5,3,1,000001.SZ,depth,unseen_q
20260526,1,0.3655950725078583,0.7311901450157166,0.07562866061925888,0.6422413793103449,0.6724137931034483,conditional_mlp,20260921,0.5,3,1,000001.SZ,depth,unseen_q
20260528,0,0.3445204496383667,0.6890408992767334,0.16591598093509674,0.5584415584415584,0.5584415584415584,conditional_mlp,20260921,0.5,3,1,000001.SZ,depth,unseen_q
20260528,1,0.29638341069221497,0.5927668213844299,0.04942980036139488,0.6351931330472103,0.7253218884120172,conditional_mlp,20260921,0.5,3,1,000001.SZ,depth,unseen_q
20260529,0,0.397487610578537,0.794975221157074,0.3369196951389313,0.6853448275862069,0.6939655172413793,conditional_mlp,20260921,0.5,3,1,000001.SZ,depth,unseen_q
20260529,1,0.5792133808135986,1.1584267616271973,-0.12241724878549576,0.6394849785407726,0.6394849785407726,conditional_mlp,20260921,0.5,3,1,000001.SZ,depth,unseen_q
20260506,0,0.5050700306892395,1.010140061378479,0.2189207524061203,0.6122448979591837,0.6122448979591837,conditional_mlp,20260921,0.5,9,1,000001.SZ,depth,unseen_q
20260506,1,0.46973663568496704,0.9394732713699341,0.1422659456729889,0.6293103448275862,0.6336206896551724,conditional_mlp,20260921,0.5,9,1,000001.SZ,depth,unseen_q
20260507,0,0.6564463973045349,1.3128927946090698,0.011719766072928905,0.5021459227467812,0.5021459227467812,conditional_mlp,20260921,0.5,9,1,000001.SZ,depth,unseen_q
20260507,1,0.5467426776885986,1.0934853553771973,0.25798535346984863,0.6523605150214592,0.6652360515021459,conditional_mlp,20260921,0.5,9,1,000001.SZ,depth,unseen_q
20260508,0,0.6131922602653503,1.2263845205307007,0.12886323034763336,0.5752212389380531,0.5752212389380531,conditional_mlp,20260921,0.5,9,1,000001.SZ,depth,unseen_q
20260508,1,0.5407528281211853,1.0815056562423706,-0.27396517992019653,0.5198237885462555,0.5330396475770925,conditional_mlp,20260921,0.5,9,1,000001.SZ,depth,unseen_q
20260511,0,0.5758631825447083,1.1517263650894165,-0.3242514431476593,0.508695652173913,0.508695652173913,conditional_mlp,20260921,0.5,9,1,000001.SZ,depth,unseen_q
20260511,1,0.5686279535293579,1.1372559070587158,0.2836824059486389,0.5991379310344828,0.5991379310344828,conditional_mlp,20260921,0.5,9,1,000001.SZ,depth,unseen_q
20260512,0,0.7586210370063782,1.5172420740127563,-0.09505705535411835,0.4890829694323144,0.5021834061135371,conditional_mlp,20260921,0.5,9,1,000001.SZ,depth,unseen_q
20260512,1,0.5548117160797119,1.1096234321594238,-0.008225154131650925,0.5478260869565217,0.6347826086956522,conditional_mlp,20260921,0.5,9,1,000001.SZ,depth,unseen_q
20260513,0,0.556643009185791,1.113286018371582,0.019253406673669815,0.5818965517241379,0.5818965517241379,conditional_mlp,20260921,0.5,9,1,000001.SZ,depth,unseen_q
20260513,1,0.3557511866092682,0.7115023732185364,0.14215220510959625,0.6180257510729614,0.6995708154506438,conditional_mlp,20260921,0.5,9,1,000001.SZ,depth,unseen_q
20260514,0,0.5456179976463318,1.0912359952926636,0.18571019172668457,0.5064935064935064,0.5064935064935064,conditional_mlp,20260921,0.5,9,1,000001.SZ,depth,unseen_q
20260514,1,0.5493490695953369,1.0986981391906738,-0.15420283377170563,0.5151515151515151,0.5194805194805194,conditional_mlp,20260921,0.5,9,1,000001.SZ,depth,unseen_q
20260515,0,0.7139000296592712,1.4278000593185425,-0.14882870018482208,0.4713656387665198,0.4889867841409692,conditional_mlp,20260921,0.5,9,1,000001.SZ,depth,unseen_q
20260515,1,0.491979718208313,0.983959436416626,0.17799995839595795,0.7424892703862661,0.7553648068669528,conditional_mlp,20260921,0.5,9,1,000001.SZ,depth,unseen_q
20260518,0,0.518997311592102,1.037994623184204,0.06311248987913132,0.5789473684210527,0.5789473684210527,conditional_mlp,20260921,0.5,9,1,000001.SZ,depth,unseen_q
20260518,1,0.481451153755188,0.962902307510376,0.05128304660320282,0.6995708154506438,0.6995708154506438,conditional_mlp,20260921,0.5,9,1,000001.SZ,depth,unseen_q
20260519,0,0.6344103813171387,1.2688207626342773,-0.049546580761671066,0.5844155844155844,0.5844155844155844,conditional_mlp,20260921,0.5,9,1,000001.SZ,depth,unseen_q
20260519,1,0.5976055860519409,1.1952111721038818,0.24949122965335846,0.6077586206896551,0.6120689655172413,conditional_mlp,20260921,0.5,9,1,000001.SZ,depth,unseen_q
20260520,0,0.6421815752983093,1.2843631505966187,0.07767841964960098,0.5422222222222223,0.5422222222222223,conditional_mlp,20260921,0.5,9,1,000001.SZ,depth,unseen_q
20260520,1,0.5307101607322693,1.0614203214645386,0.04167696833610535,0.6521739130434783,0.7043478260869566,conditional_mlp,20260921,0.5,9,1,000001.SZ,depth,unseen_q
20260521,0,0.6216636896133423,1.2433273792266846,0.20342132449150085,0.5517241379310345,0.5517241379310345,conditional_mlp,20260921,0.5,9,1,000001.SZ,depth,unseen_q
20260521,1,0.49284619092941284,0.9856923818588257,-0.1616164594888687,0.5321888412017167,0.6781115879828327,conditional_mlp,20260921,0.5,9,1,000001.SZ,depth,unseen_q
20260522,0,0.642225444316864,1.284450888633728,0.3157012164592743,0.6190476190476191,0.6190476190476191,conditional_mlp,20260921,0.5,9,1,000001.SZ,depth,unseen_q
20260522,1,0.5570996403694153,1.1141992807388306,-0.10127454251050949,0.5021459227467812,0.5579399141630901,conditional_mlp,20260921,0.5,9,1,000001.SZ,depth,unseen_q
20260525,0,0.5369088649749756,1.0738177299499512,0.16121956706047058,0.5565217391304348,0.5565217391304348,conditional_mlp,20260921,0.5,9,1,000001.SZ,depth,unseen_q
20260525,1,0.49029824137687683,0.9805964827537537,-0.06073705106973648,0.49783549783549785,0.5670995670995671,conditional_mlp,20260921,0.5,9,1,000001.SZ,depth,unseen_q
20260526,0,0.7052764892578125,1.410552978515625,-0.17731164395809174,0.4827586206896552,0.4827586206896552,conditional_mlp,20260921,0.5,9,1,000001.SZ,depth,unseen_q
20260526,1,0.5874888896942139,1.1749777793884277,0.24277745187282562,0.6336206896551724,0.6594827586206896,conditional_mlp,20260921,0.5,9,1,000001.SZ,depth,unseen_q
20260528,0,0.6016948819160461,1.2033897638320923,0.03959305211901665,0.5541125541125541,0.5541125541125541,conditional_mlp,20260921,0.5,9,1,000001.SZ,depth,unseen_q
20260528,1,0.40705958008766174,0.8141191601753235,0.16321402788162231,0.7081545064377682,0.7296137339055794,conditional_mlp,20260921,0.5,9,1,000001.SZ,depth,unseen_q
20260529,0,0.6593846678733826,1.3187693357467651,0.2088770866394043,0.6508620689655172,0.6551724137931034,conditional_mlp,20260921,0.5,9,1,000001.SZ,depth,unseen_q
20260529,1,0.8413447141647339,1.6826894283294678,-0.014200638048350811,0.5708154506437768,0.5708154506437768,conditional_mlp,20260921,0.5,9,1,000001.SZ,depth,unseen_q
20260506,0,0.8505513072013855,1.701102614402771,0.5128028392791748,0.673469387755102,0.673469387755102,conditional_mlp,20260921,0.5,30,1,000001.SZ,depth,unseen_q
20260506,1,0.8003971576690674,1.6007943153381348,-0.07443385571241379,0.6163793103448276,0.6163793103448276,conditional_mlp,20260921,0.5,30,1,000001.SZ,depth,unseen_q
20260507,0,0.9902862310409546,1.9805724620819092,0.07362664490938187,0.575107296137339,0.575107296137339,conditional_mlp,20260921,0.5,30,1,000001.SZ,depth,unseen_q
20260507,1,0.942595362663269,1.885190725326538,-0.005477882921695709,0.575107296137339,0.5965665236051502,conditional_mlp,20260921,0.5,30,1,000001.SZ,depth,unseen_q
20260508,0,0.9867573380470276,1.9735146760940552,0.02596442401409149,0.5707964601769911,0.5707964601769911,conditional_mlp,20260921,0.5,30,1,000001.SZ,depth,unseen_q
20260508,1,1.0070141553878784,2.014028310775757,-0.16222499310970306,0.5638766519823789,0.5726872246696035,conditional_mlp,20260921,0.5,30,1,000001.SZ,depth,unseen_q
20260511,0,1.2034322023391724,2.4068644046783447,0.17205491662025452,0.5304347826086957,0.5304347826086957,conditional_mlp,20260921,0.5,30,1,000001.SZ,depth,unseen_q
20260511,1,1.1383860111236572,2.2767720222473145,-0.07825953513383865,0.5344827586206896,0.5344827586206896,conditional_mlp,20260921,0.5,30,1,000001.SZ,depth,unseen_q
20260512,0,1.1078007221221924,2.2156014442443848,-0.06358791142702103,0.519650655021834,0.519650655021834,conditional_mlp,20260921,0.5,30,1,000001.SZ,depth,unseen_q
20260512,1,0.9045040011405945,1.809008002281189,0.21518850326538086,0.5739130434782609,0.6173913043478261,conditional_mlp,20260921,0.5,30,1,000001.SZ,depth,unseen_q
20260513,0,1.0695414543151855,2.139082908630371,-0.12979863584041595,0.5431034482758621,0.5431034482758621,conditional_mlp,20260921,0.5,30,1,000001.SZ,depth,unseen_q
20260513,1,0.7037915587425232,1.4075831174850464,0.21269752085208893,0.6566523605150214,0.6566523605150214,conditional_mlp,20260921,0.5,30,1,000001.SZ,depth,unseen_q
20260514,0,1.166832685470581,2.333665370941162,0.4499271810054779,0.5844155844155844,0.5844155844155844,conditional_mlp,20260921,0.5,30,1,000001.SZ,depth,unseen_q
20260514,1,1.025456428527832,2.050912857055664,-0.208370178937912,0.5064935064935064,0.5064935064935064,conditional_mlp,20260921,0.5,30,1,000001.SZ,depth,unseen_q
20260515,0,1.0627965927124023,2.1255931854248047,-0.22399663925170898,0.5418502202643172,0.5418502202643172,conditional_mlp,20260921,0.5,30,1,000001.SZ,depth,unseen_q
20260515,1,0.8171728849411011,1.6343457698822021,0.3581829071044922,0.7510729613733905,0.7510729613733905,conditional_mlp,20260921,0.5,30,1,000001.SZ,depth,unseen_q
20260518,0,0.9564592838287354,1.9129185676574707,0.046026039868593216,0.5023923444976076,0.5023923444976076,conditional_mlp,20260921,0.5,30,1,000001.SZ,depth,unseen_q
20260518,1,0.8464853167533875,1.692970633506775,0.27247390151023865,0.7296137339055794,0.7296137339055794,conditional_mlp,20260921,0.5,30,1,000001.SZ,depth,unseen_q
20260519,0,0.9361401200294495,1.872280240058899,0.2807379961013794,0.5930735930735931,0.5930735930735931,conditional_mlp,20260921,0.5,30,1,000001.SZ,depth,unseen_q
20260519,1,0.8316368460655212,1.6632736921310425,-0.1004800945520401,0.5646551724137931,0.5646551724137931,conditional_mlp,20260921,0.5,30,1,000001.SZ,depth,unseen_q
20260520,0,1.018136739730835,2.03627347946167,0.258444607257843,0.5688888888888889,0.5688888888888889,conditional_mlp,20260921,0.5,30,1,000001.SZ,depth,unseen_q
20260520,1,0.8922247290611267,1.7844494581222534,0.09413594752550125,0.6782608695652174,0.6782608695652174,conditional_mlp,20260921,0.5,30,1,000001.SZ,depth,unseen_q
20260521,0,1.0873258113861084,2.174651622772217,0.3591560423374176,0.5991379310344828,0.5991379310344828,conditional_mlp,20260921,0.5,30,1,000001.SZ,depth,unseen_q
20260521,1,0.8709666132926941,1.7419332265853882,-0.07402989268302917,0.5622317596566524,0.648068669527897,conditional_mlp,20260921,0.5,30,1,000001.SZ,depth,unseen_q
20260522,0,1.1008785963058472,2.2017571926116943,0.47387513518333435,0.6320346320346321,0.6320346320346321,conditional_mlp,20260921,0.5,30,1,000001.SZ,depth,unseen_q
20260522,1,0.915642261505127,1.831284523010254,-0.09791238605976105,0.5493562231759657,0.5665236051502146,conditional_mlp,20260921,0.5,30,1,000001.SZ,depth,unseen_q
20260525,0,0.9163858294487,1.8327716588974,0.009476292878389359,0.5565217391304348,0.5565217391304348,conditional_mlp,20260921,0.5,30,1,000001.SZ,depth,unseen_q
20260525,1,0.7902976274490356,1.5805952548980713,0.31794413924217224,0.6363636363636364,0.6363636363636364,conditional_mlp,20260921,0.5,30,1,000001.SZ,depth,unseen_q
20260526,0,1.2494498491287231,2.4988996982574463,0.045112770050764084,0.5431034482758621,0.5431034482758621,conditional_mlp,20260921,0.5,30,1,000001.SZ,depth,unseen_q
20260526,1,1.0835524797439575,2.167104959487915,0.26208561658859253,0.6508620689655172,0.6508620689655172,conditional_mlp,20260921,0.5,30,1,000001.SZ,depth,unseen_q
20260528,0,1.0097473859786987,2.0194947719573975,0.2201366126537323,0.5670995670995671,0.5670995670995671,conditional_mlp,20260921,0.5,30,1,000001.SZ,depth,unseen_q
20260528,1,0.8222945332527161,1.6445890665054321,0.10365968197584152,0.6909871244635193,0.6909871244635193,conditional_mlp,20260921,0.5,30,1,000001.SZ,depth,unseen_q
20260529,0,1.133967638015747,2.267935276031494,0.5650479793548584,0.6551724137931034,0.6551724137931034,conditional_mlp,20260921,0.5,30,1,000001.SZ,depth,unseen_q
20260529,1,1.4532591104507446,2.9065182209014893,-0.19278240203857422,0.5364806866952789,0.5364806866952789,conditional_mlp,20260921,0.5,30,1,000001.SZ,depth,unseen_q
20260506,0,0.2507101595401764,1.6321897506713867,1.4134618043899536,0.9744897959183674,0.9744897959183674,conditional_mlp,20260921,0.8999999761581421,3,1,000001.SZ,depth,unseen_q
20260506,1,0.2518019676208496,1.5567066669464111,1.3163784742355347,0.9525862068965517,0.9525862068965517,conditional_mlp,20260921,0.8999999761581421,3,1,000001.SZ,depth,unseen_q
20260507,0,0.2464921474456787,1.900818109512329,1.7597923278808594,0.9527896995708155,0.9527896995708155,conditional_mlp,20260921,0.8999999761581421,3,1,000001.SZ,depth,unseen_q
20260507,1,0.30270758271217346,1.7649692296981812,1.4494426250457764,0.9613733905579399,0.9613733905579399,conditional_mlp,20260921,0.8999999761581421,3,1,000001.SZ,depth,unseen_q
20260508,0,0.326436847448349,1.5495882034301758,1.1208932399749756,0.9292035398230089,0.9292035398230089,conditional_mlp,20260921,0.8999999761581421,3,1,000001.SZ,depth,unseen_q
20260508,1,0.287808358669281,1.4045482873916626,1.0361645221710205,0.947136563876652,0.947136563876652,conditional_mlp,20260921,0.8999999761581421,3,1,000001.SZ,depth,unseen_q
20260511,0,0.35456109046936035,2.2154853343963623,1.8829542398452759,0.9478260869565217,0.9478260869565217,conditional_mlp,20260921,0.8999999761581421,3,1,000001.SZ,depth,unseen_q
20260511,1,0.2646845579147339,2.1707754135131836,2.051758050918579,0.9741379310344828,0.9741379310344828,conditional_mlp,20260921,0.8999999761581421,3,1,000001.SZ,depth,unseen_q
20260512,0,0.34148213267326355,1.8563119173049927,1.4666846990585327,0.9563318777292577,0.9563318777292577,conditional_mlp,20260921,0.8999999761581421,3,1,000001.SZ,depth,unseen_q
20260512,1,0.2695353031158447,1.6343618631362915,1.3691142797470093,0.9347826086956522,0.9347826086956522,conditional_mlp,20260921,0.8999999761581421,3,1,000001.SZ,depth,unseen_q
20260513,0,0.2245098501443863,1.4903171062469482,1.301621913909912,0.9568965517241379,0.9568965517241379,conditional_mlp,20260921,0.8999999761581421,3,1,000001.SZ,depth,unseen_q
20260513,1,0.15622523427009583,0.9503251910209656,0.7973434925079346,0.9699570815450643,0.9699570815450643,conditional_mlp,20260921,0.8999999761581421,3,1,000001.SZ,depth,unseen_q
20260514,0,0.2535255253314972,1.873838186264038,1.7084840536117554,0.9696969696969697,0.9696969696969697,conditional_mlp,20260921,0.8999999761581421,3,1,000001.SZ,depth,unseen_q
20260514,1,0.29212746024131775,1.7274471521377563,1.4289902448654175,0.961038961038961,0.961038961038961,conditional_mlp,20260921,0.8999999761581421,3,1,000001.SZ,depth,unseen_q
20260515,0,0.39617428183555603,1.8796898126602173,1.3591763973236084,0.8678414096916299,0.8678414096916299,conditional_mlp,20260921,0.8999999761581421,3,1,000001.SZ,depth,unseen_q
20260515,1,0.31268513202667236,1.652732014656067,1.2842023372650146,0.9570815450643777,0.9570815450643777,conditional_mlp,20260921,0.8999999761581421,3,1,000001.SZ,depth,unseen_q
20260518,0,0.24199186265468597,1.9974169731140137,1.8917917013168335,0.9712918660287081,0.9712918660287081,conditional_mlp,20260921,0.8999999761581421,3,1,000001.SZ,depth,unseen_q
20260518,1,0.29853326082229614,1.8027327060699463,1.5070827007293701,0.9527896995708155,0.9527896995708155,conditional_mlp,20260921,0.8999999761581421,3,1,000001.SZ,depth,unseen_q
20260519,0,0.3487805426120758,2.4975428581237793,2.2499773502349854,0.948051948051948,0.948051948051948,conditional_mlp,20260921,0.8999999761581421,3,1,000001.SZ,depth,unseen_q
20260519,1,0.32061323523521423,1.889869213104248,1.5608034133911133,0.9568965517241379,0.9568965517241379,conditional_mlp,20260921,0.8999999761581421,3,1,000001.SZ,depth,unseen_q
20260520,0,0.26248300075531006,1.8869293928146362,1.7024544477462769,0.9555555555555556,0.9555555555555556,conditional_mlp,20260921,0.8999999761581421,3,1,000001.SZ,depth,unseen_q
20260520,1,0.18654149770736694,1.554585576057434,1.4768784046173096,0.9782608695652174,0.9782608695652174,conditional_mlp,20260921,0.8999999761581421,3,1,000001.SZ,depth,unseen_q
20260521,0,0.24139289557933807,1.4358774423599243,1.1913646459579468,0.9568965517241379,0.9568965517241379,conditional_mlp,20260921,0.8999999761581421,3,1,000001.SZ,depth,unseen_q
20260521,1,0.26684731245040894,1.2640361785888672,0.9129268527030945,0.9399141630901288,0.9399141630901288,conditional_mlp,20260921,0.8999999761581421,3,1,000001.SZ,depth,unseen_q
20260522,0,0.26539304852485657,2.1810598373413086,2.0628421306610107,0.961038961038961,0.961038961038961,conditional_mlp,20260921,0.8999999761581421,3,1,000001.SZ,depth,unseen_q
20260522,1,0.256349116563797,1.5109285116195679,1.2477879524230957,0.9527896995708155,0.9527896995708155,conditional_mlp,20260921,0.8999999761581421,3,1,000001.SZ,depth,unseen_q
20260525,0,0.25300875306129456,1.9445568323135376,1.798174262046814,0.9782608695652174,0.9782608695652174,conditional_mlp,20260921,0.8999999761581421,3,1,000001.SZ,depth,unseen_q
20260525,1,0.2960883677005768,1.9781469106674194,1.7324626445770264,0.9523809523809523,0.9523809523809523,conditional_mlp,20260921,0.8999999761581421,3,1,000001.SZ,depth,unseen_q
20260526,0,0.30486077070236206,2.106752395629883,1.8712884187698364,0.9525862068965517,0.9525862068965517,conditional_mlp,20260921,0.8999999761581421,3,1,000001.SZ,depth,unseen_q
20260526,1,0.3437153995037079,2.002061367034912,1.6432883739471436,0.9568965517241379,0.9568965517241379,conditional_mlp,20260921,0.8999999761581421,3,1,000001.SZ,depth,unseen_q
20260528,0,0.25505566596984863,1.8371198177337646,1.6587605476379395,0.9567099567099567,0.9567099567099567,conditional_mlp,20260921,0.8999999761581421,3,1,000001.SZ,depth,unseen_q
20260528,1,0.246907040476799,1.4760570526123047,1.2278037071228027,0.9613733905579399,0.9613733905579399,conditional_mlp,20260921,0.8999999761581421,3,1,000001.SZ,depth,unseen_q
20260529,0,0.24186822772026062,1.7628872394561768,1.5989384651184082,0.9655172413793104,0.9655172413793104,conditional_mlp,20260921,0.8999999761581421,3,1,000001.SZ,depth,unseen_q
20260529,1,0.4567700922489166,2.428741693496704,1.8940019607543945,0.9055793991416309,0.9055793991416309,conditional_mlp,20260921,0.8999999761581421,3,1,000001.SZ,depth,unseen_q
20260506,0,0.3700684905052185,2.0983614921569824,1.6977808475494385,0.9438775510204082,0.9438775510204082,conditional_mlp,20260921,0.8999999761581421,9,1,000001.SZ,depth,unseen_q
20260506,1,0.30269312858581543,1.9048172235488892,1.62428879737854,0.9181034482758621,0.9181034482758621,conditional_mlp,20260921,0.8999999761581421,9,1,000001.SZ,depth,unseen_q
20260507,0,0.422284334897995,2.314126968383789,1.836948037147522,0.8927038626609443,0.8927038626609443,conditional_mlp,20260921,0.8999999761581421,9,1,000001.SZ,depth,unseen_q
20260507,1,0.3627523183822632,2.2094972133636475,1.854990839958191,0.9484978540772532,0.9484978540772532,conditional_mlp,20260921,0.8999999761581421,9,1,000001.SZ,depth,unseen_q
20260508,0,0.4442072808742523,2.0140106678009033,1.4069952964782715,0.9070796460176991,0.9070796460176991,conditional_mlp,20260921,0.8999999761581421,9,1,000001.SZ,depth,unseen_q
20260508,1,0.4977059066295624,1.7668240070343018,0.9642653465270996,0.8810572687224669,0.8810572687224669,conditional_mlp,20260921,0.8999999761581421,9,1,000001.SZ,depth,unseen_q
20260511,0,0.44975951313972473,2.412219762802124,1.8908761739730835,0.8739130434782608,0.8739130434782608,conditional_mlp,20260921,0.8999999761581421,9,1,000001.SZ,depth,unseen_q
20260511,1,0.41296225786209106,2.7381837368011475,2.390324115753174,0.9396551724137931,0.9396551724137931,conditional_mlp,20260921,0.8999999761581421,9,1,000001.SZ,depth,unseen_q
20260512,0,0.549380898475647,2.3811635971069336,1.6030024290084839,0.8951965065502183,0.8951965065502183,conditional_mlp,20260921,0.8999999761581421,9,1,000001.SZ,depth,unseen_q
20260512,1,0.46481403708457947,2.171755313873291,1.5526591539382935,0.908695652173913,0.908695652173913,conditional_mlp,20260921,0.8999999761581421,9,1,000001.SZ,depth,unseen_q
20260513,0,0.4113645851612091,1.9443084001541138,1.401974081993103,0.8922413793103449,0.8922413793103449,conditional_mlp,20260921,0.8999999761581421,9,1,000001.SZ,depth,unseen_q
20260513,1,0.25846001505851746,1.3851008415222168,1.085226058959961,0.9399141630901288,0.9399141630901288,conditional_mlp,20260921,0.8999999761581421,9,1,000001.SZ,depth,unseen_q
20260514,0,0.3193725347518921,2.2058560848236084,1.9588888883590698,0.9264069264069265,0.9264069264069265,conditional_mlp,20260921,0.8999999761581421,9,1,000001.SZ,depth,unseen_q
20260514,1,0.43828287720680237,2.148244857788086,1.5895988941192627,0.9177489177489178,0.9177489177489178,conditional_mlp,20260921,0.8999999761581421,9,1,000001.SZ,depth,unseen_q
20260515,0,0.4695649743080139,2.173255681991577,1.5426572561264038,0.8502202643171806,0.8502202643171806,conditional_mlp,20260921,0.8999999761581421,9,1,000001.SZ,depth,unseen_q
20260515,1,0.36734482645988464,1.9009026288986206,1.4577662944793701,0.9313304721030042,0.9313304721030042,conditional_mlp,20260921,0.8999999761581421,9,1,000001.SZ,depth,unseen_q
20260518,0,0.36281731724739075,2.439488649368286,2.142317533493042,0.9425837320574163,0.9425837320574163,conditional_mlp,20260921,0.8999999761581421,9,1,000001.SZ,depth,unseen_q
20260518,1,0.4064686894416809,2.244802236557007,1.7898311614990234,0.9356223175965666,0.9356223175965666,conditional_mlp,20260921,0.8999999761581421,9,1,000001.SZ,depth,unseen_q
20260519,0,0.49571630358695984,2.7657034397125244,2.217838764190674,0.922077922077922,0.922077922077922,conditional_mlp,20260921,0.8999999761581421,9,1,000001.SZ,depth,unseen_q
20260519,1,0.3831145167350769,2.3773136138916016,2.0138559341430664,0.9310344827586207,0.9310344827586207,conditional_mlp,20260921,0.8999999761581421,9,1,000001.SZ,depth,unseen_q
20260520,0,0.45493006706237793,2.4972310066223145,1.9842134714126587,0.9155555555555556,0.9155555555555556,conditional_mlp,20260921,0.8999999761581421,9,1,000001.SZ,depth,unseen_q
20260520,1,0.4026462137699127,2.057394027709961,1.5651271343231201,0.9217391304347826,0.9217391304347826,conditional_mlp,20260921,0.8999999761581421,9,1,000001.SZ,depth,unseen_q
20260521,0,0.36247438192367554,1.9199410676956177,1.493740439414978,0.8793103448275862,0.8793103448275862,conditional_mlp,20260921,0.8999999761581421,9,1,000001.SZ,depth,unseen_q
20260521,1,0.4004203975200653,1.6023365259170532,1.001869797706604,0.8798283261802575,0.8798283261802575,conditional_mlp,20260921,0.8999999761581421,9,1,000001.SZ,depth,unseen_q
20260522,0,0.41524484753608704,2.639256000518799,2.260957956314087,0.922077922077922,0.922077922077922,conditional_mlp,20260921,0.8999999761581421,9,1,000001.SZ,depth,unseen_q
20260522,1,0.3705287277698517,1.9737366437911987,1.540849208831787,0.927038626609442,0.927038626609442,conditional_mlp,20260921,0.8999999761581421,9,1,000001.SZ,depth,unseen_q
20260525,0,0.38307932019233704,2.359222173690796,1.9913294315338135,0.9434782608695652,0.9434782608695652,conditional_mlp,20260921,0.8999999761581421,9,1,000001.SZ,depth,unseen_q
20260525,1,0.36911773681640625,2.2993223667144775,1.9513587951660156,0.9393939393939394,0.9393939393939394,conditional_mlp,20260921,0.8999999761581421,9,1,000001.SZ,depth,unseen_q
20260526,0,0.46662628650665283,2.2776682376861572,1.6805195808410645,0.8663793103448276,0.8663793103448276,conditional_mlp,20260921,0.8999999761581421,9,1,000001.SZ,depth,unseen_q
20260526,1,0.4035492539405823,2.4252676963806152,2.022711753845215,0.9396551724137931,0.9396551724137931,conditional_mlp,20260921,0.8999999761581421,9,1,000001.SZ,depth,unseen_q
20260528,0,0.4061514735221863,2.216695785522461,1.7554908990859985,0.922077922077922,0.922077922077922,conditional_mlp,20260921,0.8999999761581421,9,1,000001.SZ,depth,unseen_q
20260528,1,0.27355271577835083,1.776208519935608,1.536379098892212,0.9484978540772532,0.9484978540772532,conditional_mlp,20260921,0.8999999761581421,9,1,000001.SZ,depth,unseen_q
20260529,0,0.423417329788208,2.1797921657562256,1.6661969423294067,0.896551724137931,0.896551724137931,conditional_mlp,20260921,0.8999999761581421,9,1,000001.SZ,depth,unseen_q
20260529,1,0.5644516944885254,2.9112651348114014,2.227952480316162,0.8669527896995708,0.8669527896995708,conditional_mlp,20260921,0.8999999761581421,9,1,000001.SZ,depth,unseen_q
20260506,0,0.5283511877059937,3.161137580871582,2.6305441856384277,0.923469387755102,0.923469387755102,conditional_mlp,20260921,0.8999999761581421,30,1,000001.SZ,depth,unseen_q
20260506,1,0.5701091289520264,2.7092368602752686,1.961273431777954,0.875,0.875,conditional_mlp,20260921,0.8999999761581421,30,1,000001.SZ,depth,unseen_q
20260507,0,0.5900786519050598,3.177081346511841,2.496155023574829,0.8884120171673819,0.8884120171673819,conditional_mlp,20260921,0.8999999761581421,30,1,000001.SZ,depth,unseen_q
20260507,1,0.6589568257331848,3.009443998336792,2.114412784576416,0.8841201716738197,0.8841201716738197,conditional_mlp,20260921,0.8999999761581421,30,1,000001.SZ,depth,unseen_q
20260508,0,0.690729558467865,2.8856747150421143,1.8802694082260132,0.8451327433628318,0.8451327433628318,conditional_mlp,20260921,0.8999999761581421,30,1,000001.SZ,depth,unseen_q
20260508,1,0.7729343771934509,2.8041257858276367,1.5728216171264648,0.8237885462555066,0.8237885462555066,conditional_mlp,20260921,0.8999999761581421,30,1,000001.SZ,depth,unseen_q
20260511,0,0.684167742729187,3.7882187366485596,3.0248539447784424,0.8608695652173913,0.8608695652173913,conditional_mlp,20260921,0.8999999761581421,30,1,000001.SZ,depth,unseen_q
20260511,1,0.7300260066986084,3.5808818340301514,2.6510374546051025,0.8362068965517241,0.8362068965517241,conditional_mlp,20260921,0.8999999761581421,30,1,000001.SZ,depth,unseen_q
20260512,0,0.6668232083320618,3.1588656902313232,2.281524181365967,0.8602620087336245,0.8602620087336245,conditional_mlp,20260921,0.8999999761581421,30,1,000001.SZ,depth,unseen_q
20260512,1,0.5345391631126404,2.9646201133728027,2.36942720413208,0.8739130434782608,0.8739130434782608,conditional_mlp,20260921,0.8999999761581421,30,1,000001.SZ,depth,unseen_q
20260513,0,0.7117814421653748,2.9358372688293457,1.8903430700302124,0.7844827586206896,0.7844827586206896,conditional_mlp,20260921,0.8999999761581421,30,1,000001.SZ,depth,unseen_q
20260513,1,0.41268491744995117,2.1526119709014893,1.6590526103973389,0.8841201716738197,0.8841201716738197,conditional_mlp,20260921,0.8999999761581421,30,1,000001.SZ,depth,unseen_q
20260514,0,0.7059851288795471,3.6605067253112793,2.8106706142425537,0.8658008658008658,0.8658008658008658,conditional_mlp,20260921,0.8999999761581421,30,1,000001.SZ,depth,unseen_q
20260514,1,0.654548704624176,3.0165891647338867,2.1343648433685303,0.8311688311688312,0.8311688311688312,conditional_mlp,20260921,0.8999999761581421,30,1,000001.SZ,depth,unseen_q
20260515,0,0.7243921756744385,3.1131365299224854,2.0804402828216553,0.8061674008810573,0.8061674008810573,conditional_mlp,20260921,0.8999999761581421,30,1,000001.SZ,depth,unseen_q
20260515,1,0.5235259532928467,2.760545253753662,2.141866683959961,0.8884120171673819,0.8884120171673819,conditional_mlp,20260921,0.8999999761581421,30,1,000001.SZ,depth,unseen_q
20260518,0,0.5590738654136658,3.3970391750335693,2.8486146926879883,0.8947368421052632,0.8947368421052632,conditional_mlp,20260921,0.8999999761581421,30,1,000001.SZ,depth,unseen_q
20260518,1,0.6123477816581726,3.391925811767578,2.7090377807617188,0.9055793991416309,0.9055793991416309,conditional_mlp,20260921,0.8999999761581421,30,1,000001.SZ,depth,unseen_q
20260519,0,0.5846822261810303,3.736342668533325,3.2087228298187256,0.9090909090909091,0.9090909090909091,conditional_mlp,20260921,0.8999999761581421,30,1,000001.SZ,depth,unseen_q
20260519,1,0.5033388137817383,2.849241018295288,2.3032045364379883,0.8836206896551724,0.8836206896551724,conditional_mlp,20260921,0.8999999761581421,30,1,000001.SZ,depth,unseen_q
20260520,0,0.5831002593040466,3.4028878211975098,2.7958595752716064,0.8844444444444445,0.8844444444444445,conditional_mlp,20260921,0.8999999761581421,30,1,000001.SZ,depth,unseen_q
20260520,1,0.5901121497154236,2.9098050594329834,2.1619760990142822,0.8826086956521739,0.8826086956521739,conditional_mlp,20260921,0.8999999761581421,30,1,000001.SZ,depth,unseen_q
20260521,0,0.6859554052352905,3.1517317295074463,2.22477650642395,0.8318965517241379,0.8318965517241379,conditional_mlp,20260921,0.8999999761581421,30,1,000001.SZ,depth,unseen_q
20260521,1,0.5591430068016052,2.425478935241699,1.6339912414550781,0.8497854077253219,0.8497854077253219,conditional_mlp,20260921,0.8999999761581421,30,1,000001.SZ,depth,unseen_q
20260522,0,0.6767355799674988,3.783456325531006,3.0374815464019775,0.8874458874458875,0.8874458874458875,conditional_mlp,20260921,0.8999999761581421,30,1,000001.SZ,depth,unseen_q
20260522,1,0.5477457046508789,2.812948703765869,2.1468217372894287,0.8841201716738197,0.8841201716738197,conditional_mlp,20260921,0.8999999761581421,30,1,000001.SZ,depth,unseen_q
20260525,0,0.5759899616241455,3.1457183361053467,2.492173194885254,0.8913043478260869,0.8913043478260869,conditional_mlp,20260921,0.8999999761581421,30,1,000001.SZ,depth,unseen_q
20260525,1,0.47834908962249756,3.343231678009033,2.9831669330596924,0.9437229437229437,0.9437229437229437,conditional_mlp,20260921,0.8999999761581421,30,1,000001.SZ,depth,unseen_q
20260526,0,0.7267636656761169,3.504558801651001,2.5637893676757812,0.853448275862069,0.853448275862069,conditional_mlp,20260921,0.8999999761581421,30,1,000001.SZ,depth,unseen_q
20260526,1,0.719081699848175,3.579608201980591,2.6768062114715576,0.8663793103448276,0.8663793103448276,conditional_mlp,20260921,0.8999999761581421,30,1,000001.SZ,depth,unseen_q
20260528,0,0.5928234457969666,3.2894527912139893,2.6297576427459717,0.8484848484848485,0.8484848484848485,conditional_mlp,20260921,0.8999999761581421,30,1,000001.SZ,depth,unseen_q
20260528,1,0.5536715388298035,2.787846565246582,2.1006295680999756,0.8755364806866953,0.8755364806866953,conditional_mlp,20260921,0.8999999761581421,30,1,000001.SZ,depth,unseen_q
20260529,0,0.6933733224868774,3.4957213401794434,2.636218309402466,0.8663793103448276,0.8663793103448276,conditional_mlp,20260921,0.8999999761581421,30,1,000001.SZ,depth,unseen_q
20260529,1,0.8826749324798584,3.9246408939361572,2.6991143226623535,0.8240343347639485,0.8240343347639485,conditional_mlp,20260921,0.8999999761581421,30,1,000001.SZ,depth,unseen_q
20260506,0,0.25125837326049805,0.5025167465209961,0.13883359730243683,0.7551020408163265,0.7653061224489796,conditional_mlp,20260922,0.5,3,1,000001.SZ,depth,unseen_q
20260506,1,0.31867656111717224,0.6373531222343445,-0.054117120802402496,0.5560344827586207,0.5689655172413793,conditional_mlp,20260922,0.5,3,1,000001.SZ,depth,unseen_q
20260507,0,0.344960480928421,0.689920961856842,0.1339452713727951,0.5321888412017167,0.5321888412017167,conditional_mlp,20260922,0.5,3,1,000001.SZ,depth,unseen_q
20260507,1,0.3105297088623047,0.6210594177246094,-0.01116680633276701,0.5493562231759657,0.6266094420600858,conditional_mlp,20260922,0.5,3,1,000001.SZ,depth,unseen_q
20260508,0,0.3576192855834961,0.7152385711669922,0.035903070122003555,0.5575221238938053,0.6238938053097345,conditional_mlp,20260922,0.5,3,1,000001.SZ,depth,unseen_q
20260508,1,0.2881395220756531,0.5762790441513062,-0.07283485680818558,0.5947136563876652,0.6167400881057269,conditional_mlp,20260922,0.5,3,1,000001.SZ,depth,unseen_q
20260511,0,0.3524126708507538,0.7048253417015076,-0.1043827161192894,0.6130434782608696,0.6130434782608696,conditional_mlp,20260922,0.5,3,1,000001.SZ,depth,unseen_q
20260511,1,0.2741330862045288,0.5482661724090576,0.0969201996922493,0.4525862068965517,0.47844827586206895,conditional_mlp,20260922,0.5,3,1,000001.SZ,depth,unseen_q
20260512,0,0.4003716707229614,0.8007433414459229,-0.009966369718313217,0.5327510917030568,0.5545851528384279,conditional_mlp,20260922,0.5,3,1,000001.SZ,depth,unseen_q
20260512,1,0.2830505967140198,0.5661011934280396,-0.040727630257606506,0.5260869565217391,0.6478260869565218,conditional_mlp,20260922,0.5,3,1,000001.SZ,depth,unseen_q
20260513,0,0.2824951112270355,0.564990222454071,0.1045263335108757,0.6120689655172413,0.6206896551724138,conditional_mlp,20260922,0.5,3,1,000001.SZ,depth,unseen_q
20260513,1,0.16142846643924713,0.32285693287849426,-0.001866913866251707,0.6909871244635193,0.7639484978540773,conditional_mlp,20260922,0.5,3,1,000001.SZ,depth,unseen_q
20260514,0,0.31107446551322937,0.6221489310264587,0.11839019507169724,0.5454545454545454,0.5454545454545454,conditional_mlp,20260922,0.5,3,1,000001.SZ,depth,unseen_q
20260514,1,0.29049447178840637,0.5809889435768127,-0.13638877868652344,0.3852813852813853,0.5108225108225108,conditional_mlp,20260922,0.5,3,1,000001.SZ,depth,unseen_q
20260515,0,0.5499049425125122,1.0998098850250244,-0.08388636261224747,0.5947136563876652,0.5947136563876652,conditional_mlp,20260922,0.5,3,1,000001.SZ,depth,unseen_q
20260515,1,0.3879682719707489,0.7759365439414978,0.10101011395454407,0.48068669527896996,0.7467811158798283,conditional_mlp,20260922,0.5,3,1,000001.SZ,depth,unseen_q
20260518,0,0.28305739164352417,0.5661147832870483,0.12011893838644028,0.6889952153110048,0.6889952153110048,conditional_mlp,20260922,0.5,3,1,000001.SZ,depth,unseen_q
20260518,1,0.3043266534805298,0.6086533069610596,-0.06360258162021637,0.6008583690987125,0.6266094420600858,conditional_mlp,20260922,0.5,3,1,000001.SZ,depth,unseen_q
20260519,0,0.42458024621009827,0.8491604924201965,0.17288851737976074,0.6233766233766234,0.6233766233766234,conditional_mlp,20260922,0.5,3,1,000001.SZ,depth,unseen_q
20260519,1,0.3585527241230011,0.7171054482460022,-0.01734442077577114,0.47413793103448276,0.5905172413793104,conditional_mlp,20260922,0.5,3,1,000001.SZ,depth,unseen_q
20260520,0,0.2736125886440277,0.5472251772880554,0.0011391531443223357,0.5866666666666667,0.5911111111111111,conditional_mlp,20260922,0.5,3,1,000001.SZ,depth,unseen_q
20260520,1,0.17324165999889374,0.3464833199977875,0.07404428720474243,0.4782608695652174,0.7260869565217392,conditional_mlp,20260922,0.5,3,1,000001.SZ,depth,unseen_q
20260521,0,0.33309027552604675,0.6661805510520935,0.09444062411785126,0.6637931034482759,0.6810344827586207,conditional_mlp,20260922,0.5,3,1,000001.SZ,depth,unseen_q
20260521,1,0.30323299765586853,0.6064659953117371,-0.09758111834526062,0.40772532188841204,0.703862660944206,conditional_mlp,20260922,0.5,3,1,000001.SZ,depth,unseen_q
20260522,0,0.38323792815208435,0.7664758563041687,0.2633553445339203,0.6320346320346321,0.6536796536796536,conditional_mlp,20260922,0.5,3,1,000001.SZ,depth,unseen_q
20260522,1,0.28261855244636536,0.5652371048927307,-0.2256799042224884,0.2918454935622318,0.5364806866952789,conditional_mlp,20260922,0.5,3,1,000001.SZ,depth,unseen_q
20260525,0,0.299761027097702,0.599522054195404,0.1670665591955185,0.5739130434782609,0.5782608695652174,conditional_mlp,20260922,0.5,3,1,000001.SZ,depth,unseen_q
20260525,1,0.30571532249450684,0.6114306449890137,-0.10589196532964706,0.38095238095238093,0.4805194805194805,conditional_mlp,20260922,0.5,3,1,000001.SZ,depth,unseen_q
20260526,0,0.4264407753944397,0.8528815507888794,0.2275335192680359,0.5646551724137931,0.5646551724137931,conditional_mlp,20260922,0.5,3,1,000001.SZ,depth,unseen_q
20260526,1,0.3465019166469574,0.6930038332939148,0.02674391120672226,0.4870689655172414,0.6077586206896551,conditional_mlp,20260922,0.5,3,1,000001.SZ,depth,unseen_q
20260528,0,0.32897308468818665,0.6579461693763733,0.1619511842727661,0.5757575757575758,0.5887445887445888,conditional_mlp,20260922,0.5,3,1,000001.SZ,depth,unseen_q
20260528,1,0.2931579351425171,0.5863158702850342,0.019858576357364655,0.47639484978540775,0.6738197424892703,conditional_mlp,20260922,0.5,3,1,000001.SZ,depth,unseen_q
20260529,0,0.3840269446372986,0.7680538892745972,0.27274543046951294,0.5646551724137931,0.6422413793103449,conditional_mlp,20260922,0.5,3,1,000001.SZ,depth,unseen_q
20260529,1,0.568294882774353,1.136589765548706,-0.11153429001569748,0.6137339055793991,0.6437768240343348,conditional_mlp,20260922,0.5,3,1,000001.SZ,depth,unseen_q
20260506,0,0.4887474477291107,0.9774948954582214,0.19507643580436707,0.6377551020408163,0.6377551020408163,conditional_mlp,20260922,0.5,9,1,000001.SZ,depth,unseen_q
20260506,1,0.44996702671051025,0.8999340534210205,0.04902292788028717,0.5818965517241379,0.5948275862068966,conditional_mlp,20260922,0.5,9,1,000001.SZ,depth,unseen_q
20260507,0,0.6473413109779358,1.2946826219558716,-0.01437037531286478,0.4978540772532189,0.4978540772532189,conditional_mlp,20260922,0.5,9,1,000001.SZ,depth,unseen_q
20260507,1,0.5406497120857239,1.0812994241714478,0.1994897723197937,0.4592274678111588,0.575107296137339,conditional_mlp,20260922,0.5,9,1,000001.SZ,depth,unseen_q
20260508,0,0.6033686995506287,1.2067373991012573,0.11848464608192444,0.5486725663716814,0.5796460176991151,conditional_mlp,20260922,0.5,9,1,000001.SZ,depth,unseen_q
20260508,1,0.5345158576965332,1.0690317153930664,-0.3158339858055115,0.4669603524229075,0.4889867841409692,conditional_mlp,20260922,0.5,9,1,000001.SZ,depth,unseen_q
20260511,0,0.5595393776893616,1.1190787553787231,-0.3410854637622833,0.5043478260869565,0.5043478260869565,conditional_mlp,20260922,0.5,9,1,000001.SZ,depth,unseen_q
20260511,1,0.5483821034431458,1.0967642068862915,0.1905173659324646,0.47844827586206895,0.5043103448275862,conditional_mlp,20260922,0.5,9,1,000001.SZ,depth,unseen_q
20260512,0,0.7535463571548462,1.5070927143096924,-0.10653133690357208,0.49344978165938863,0.5065502183406113,conditional_mlp,20260922,0.5,9,1,000001.SZ,depth,unseen_q
20260512,1,0.5434767603874207,1.0869535207748413,-0.0707349181175232,0.5521739130434783,0.6434782608695652,conditional_mlp,20260922,0.5,9,1,000001.SZ,depth,unseen_q
20260513,0,0.5501606464385986,1.1003212928771973,-0.014170101843774319,0.5991379310344828,0.5991379310344828,conditional_mlp,20260922,0.5,9,1,000001.SZ,depth,unseen_q
20260513,1,0.3500754237174988,0.7001508474349976,0.12870585918426514,0.5793991416309013,0.7253218884120172,conditional_mlp,20260922,0.5,9,1,000001.SZ,depth,unseen_q
20260514,0,0.5409260988235474,1.0818521976470947,0.15303567051887512,0.4935064935064935,0.4935064935064935,conditional_mlp,20260922,0.5,9,1,000001.SZ,depth,unseen_q
20260514,1,0.5474119782447815,1.094823956489563,-0.1995842605829239,0.354978354978355,0.47186147186147187,conditional_mlp,20260922,0.5,9,1,000001.SZ,depth,unseen_q
20260515,0,0.7174150943756104,1.4348301887512207,-0.12578943371772766,0.5154185022026432,0.5154185022026432,conditional_mlp,20260922,0.5,9,1,000001.SZ,depth,unseen_q
20260515,1,0.48174604773521423,0.9634920954704285,0.09328237920999527,0.5278969957081545,0.7339055793991416,conditional_mlp,20260922,0.5,9,1,000001.SZ,depth,unseen_q
20260518,0,0.5137118697166443,1.0274237394332886,0.0928766280412674,0.5980861244019139,0.5980861244019139,conditional_mlp,20260922,0.5,9,1,000001.SZ,depth,unseen_q
20260518,1,0.46466124057769775,0.9293224811553955,-0.0461205430328846,0.6223175965665236,0.6223175965665236,conditional_mlp,20260922,0.5,9,1,000001.SZ,depth,unseen_q
20260519,0,0.6163829565048218,1.2327659130096436,-0.12046555429697037,0.5670995670995671,0.5670995670995671,conditional_mlp,20260922,0.5,9,1,000001.SZ,depth,unseen_q
20260519,1,0.5898280143737793,1.1796560287475586,0.19685396552085876,0.5172413793103449,0.5732758620689655,conditional_mlp,20260922,0.5,9,1,000001.SZ,depth,unseen_q
20260520,0,0.6322391629219055,1.264478325843811,0.04510271176695824,0.5422222222222223,0.5422222222222223,conditional_mlp,20260922,0.5,9,1,000001.SZ,depth,unseen_q
20260520,1,0.5202015042304993,1.0404030084609985,-0.03563434258103371,0.4391304347826087,0.6565217391304348,conditional_mlp,20260922,0.5,9,1,000001.SZ,depth,unseen_q
20260521,0,0.6076276302337646,1.2152552604675293,0.20209912955760956,0.5474137931034483,0.5517241379310345,conditional_mlp,20260922,0.5,9,1,000001.SZ,depth,unseen_q
20260521,1,0.4840647578239441,0.9681295156478882,-0.19843414425849915,0.3905579399141631,0.6738197424892703,conditional_mlp,20260922,0.5,9,1,000001.SZ,depth,unseen_q
20260522,0,0.6194723844528198,1.2389447689056396,0.21788683533668518,0.6017316017316018,0.6147186147186147,conditional_mlp,20260922,0.5,9,1,000001.SZ,depth,unseen_q
20260522,1,0.5485246777534485,1.097049355506897,-0.16180016100406647,0.34334763948497854,0.5278969957081545,conditional_mlp,20260922,0.5,9,1,000001.SZ,depth,unseen_q
20260525,0,0.5212645530700684,1.0425291061401367,0.12798970937728882,0.5,0.5043478260869565,conditional_mlp,20260922,0.5,9,1,000001.SZ,depth,unseen_q
20260525,1,0.4855458736419678,0.9710917472839355,-0.134251207113266,0.4069264069264069,0.4935064935064935,conditional_mlp,20260922,0.5,9,1,000001.SZ,depth,unseen_q
20260526,0,0.6990129947662354,1.3980259895324707,-0.20738083124160767,0.5043103448275862,0.5043103448275862,conditional_mlp,20260922,0.5,9,1,000001.SZ,depth,unseen_q
20260526,1,0.5806095004081726,1.1612190008163452,0.16901233792304993,0.47844827586206895,0.5862068965517241,conditional_mlp,20260922,0.5,9,1,000001.SZ,depth,unseen_q
20260528,0,0.5922355651855469,1.1844711303710938,0.017796674743294716,0.5194805194805194,0.5194805194805194,conditional_mlp,20260922,0.5,9,1,000001.SZ,depth,unseen_q
20260528,1,0.3977542519569397,0.7955085039138794,0.1120438426733017,0.5236051502145923,0.6995708154506438,conditional_mlp,20260922,0.5,9,1,000001.SZ,depth,unseen_q
20260529,0,0.6474418640136719,1.2948837280273438,0.12290842831134796,0.5905172413793104,0.6293103448275862,conditional_mlp,20260922,0.5,9,1,000001.SZ,depth,unseen_q
20260529,1,0.832543671131134,1.665087342262268,-0.024493172764778137,0.5708154506437768,0.5793991416309013,conditional_mlp,20260922,0.5,9,1,000001.SZ,depth,unseen_q
20260506,0,0.8318450450897217,1.6636900901794434,0.4476134181022644,0.6581632653061225,0.6581632653061225,conditional_mlp,20260922,0.5,30,1,000001.SZ,depth,unseen_q
20260506,1,0.7820231914520264,1.5640463829040527,-0.23106466233730316,0.5603448275862069,0.5603448275862069,conditional_mlp,20260922,0.5,30,1,000001.SZ,depth,unseen_q
20260507,0,0.9915754199028015,1.983150839805603,0.020448802039027214,0.5622317596566524,0.5622317596566524,conditional_mlp,20260922,0.5,30,1,000001.SZ,depth,unseen_q
20260507,1,0.9269562363624573,1.8539124727249146,-0.11020751297473907,0.44206008583690987,0.575107296137339,conditional_mlp,20260922,0.5,30,1,000001.SZ,depth,unseen_q
20260508,0,0.9828462600708008,1.9656925201416016,-0.030395224690437317,0.5398230088495575,0.5398230088495575,conditional_mlp,20260922,0.5,30,1,000001.SZ,depth,unseen_q
20260508,1,1.002701759338379,2.005403518676758,-0.23788413405418396,0.5550660792951542,0.5638766519823789,conditional_mlp,20260922,0.5,30,1,000001.SZ,depth,unseen_q
20260511,0,1.2007067203521729,2.4014134407043457,0.14976753294467926,0.5391304347826087,0.5391304347826087,conditional_mlp,20260922,0.5,30,1,000001.SZ,depth,unseen_q
20260511,1,1.1463011503219604,2.292602300643921,-0.2069610208272934,0.4956896551724138,0.4956896551724138,conditional_mlp,20260922,0.5,30,1,000001.SZ,depth,unseen_q
20260512,0,1.1062198877334595,2.212439775466919,-0.10023757815361023,0.5021834061135371,0.5152838427947598,conditional_mlp,20260922,0.5,30,1,000001.SZ,depth,unseen_q
20260512,1,0.8986202478408813,1.7972404956817627,0.11290186643600464,0.5130434782608696,0.5739130434782609,conditional_mlp,20260922,0.5,30,1,000001.SZ,depth,unseen_q
20260513,0,1.0731685161590576,2.1463370323181152,-0.20990100502967834,0.5043103448275862,0.5043103448275862,conditional_mlp,20260922,0.5,30,1,000001.SZ,depth,unseen_q
20260513,1,0.7033331394195557,1.4066662788391113,0.17071397602558136,0.5665236051502146,0.6523605150214592,conditional_mlp,20260922,0.5,30,1,000001.SZ,depth,unseen_q
20260514,0,1.1573193073272705,2.314638614654541,0.3938058614730835,0.5670995670995671,0.5670995670995671,conditional_mlp,20260922,0.5,30,1,000001.SZ,depth,unseen_q
20260514,1,1.0177830457687378,2.0355660915374756,-0.2972702383995056,0.48484848484848486,0.4935064935064935,conditional_mlp,20260922,0.5,30,1,000001.SZ,depth,unseen_q
20260515,0,1.0744085311889648,2.1488170623779297,-0.22904373705387115,0.5550660792951542,0.5550660792951542,conditional_mlp,20260922,0.5,30,1,000001.SZ,depth,unseen_q
20260515,1,0.7824339270591736,1.5648678541183472,0.20723171532154083,0.6008583690987125,0.7381974248927039,conditional_mlp,20260922,0.5,30,1,000001.SZ,depth,unseen_q
20260518,0,0.954582929611206,1.909165859222412,0.0515001006424427,0.4784688995215311,0.4784688995215311,conditional_mlp,20260922,0.5,30,1,000001.SZ,depth,unseen_q
20260518,1,0.8085941672325134,1.6171883344650269,0.08703133463859558,0.6609442060085837,0.6609442060085837,conditional_mlp,20260922,0.5,30,1,000001.SZ,depth,unseen_q
20260519,0,0.9137426614761353,1.8274853229522705,0.18011249601840973,0.5584415584415584,0.5584415584415584,conditional_mlp,20260922,0.5,30,1,000001.SZ,depth,unseen_q
20260519,1,0.8109486103057861,1.6218972206115723,-0.2033853381872177,0.5431034482758621,0.5431034482758621,conditional_mlp,20260922,0.5,30,1,000001.SZ,depth,unseen_q
20260520,0,1.0147998332977295,2.029599666595459,0.19120636582374573,0.5733333333333334,0.5733333333333334,conditional_mlp,20260922,0.5,30,1,000001.SZ,depth,unseen_q
20260520,1,0.8833213448524475,1.766642689704895,-0.03845452517271042,0.5217391304347826,0.6608695652173913,conditional_mlp,20260922,0.5,30,1,000001.SZ,depth,unseen_q
20260521,0,1.0829308032989502,2.1658616065979004,0.3236179053783417,0.5991379310344828,0.5991379310344828,conditional_mlp,20260922,0.5,30,1,000001.SZ,depth,unseen_q
20260521,1,0.8663668036460876,1.7327336072921753,-0.17296025156974792,0.4721030042918455,0.6266094420600858,conditional_mlp,20260922,0.5,30,1,000001.SZ,depth,unseen_q
20260522,0,1.075853943824768,2.151707887649536,0.3242013454437256,0.6017316017316018,0.6060606060606061,conditional_mlp,20260922,0.5,30,1,000001.SZ,depth,unseen_q
20260522,1,0.9074893593788147,1.8149787187576294,-0.21970020234584808,0.4892703862660944,0.5321888412017167,conditional_mlp,20260922,0.5,30,1,000001.SZ,depth,unseen_q
20260525,0,0.9080060720443726,1.8160121440887451,-0.03761134296655655,0.5304347826086957,0.5304347826086957,conditional_mlp,20260922,0.5,30,1,000001.SZ,depth,unseen_q
20260525,1,0.7826469540596008,1.5652939081192017,0.1952965408563614,0.5411255411255411,0.5627705627705628,conditional_mlp,20260922,0.5,30,1,000001.SZ,depth,unseen_q
20260526,0,1.2456752061843872,2.4913504123687744,-0.014002366922795773,0.5301724137931034,0.5301724137931034,conditional_mlp,20260922,0.5,30,1,000001.SZ,depth,unseen_q
20260526,1,1.0709812641143799,2.1419625282287598,0.1322246938943863,0.5603448275862069,0.6120689655172413,conditional_mlp,20260922,0.5,30,1,000001.SZ,depth,unseen_q
20260528,0,1.0032790899276733,2.0065581798553467,0.17534801363945007,0.5584415584415584,0.5584415584415584,conditional_mlp,20260922,0.5,30,1,000001.SZ,depth,unseen_q
20260528,1,0.8029629588127136,1.6059259176254272,-0.016472477465867996,0.6094420600858369,0.6824034334763949,conditional_mlp,20260922,0.5,30,1,000001.SZ,depth,unseen_q
20260529,0,1.1160619258880615,2.232123851776123,0.43680539727211,0.6336206896551724,0.6379310344827587,conditional_mlp,20260922,0.5,30,1,000001.SZ,depth,unseen_q
20260529,1,1.4634335041046143,2.9268670082092285,-0.21619544923305511,0.5364806866952789,0.5364806866952789,conditional_mlp,20260922,0.5,30,1,000001.SZ,depth,unseen_q
20260506,0,0.2611984312534332,1.7102992534637451,1.4848780632019043,0.9693877551020408,0.9693877551020408,conditional_mlp,20260922,0.8999999761581421,3,1,000001.SZ,depth,unseen_q
20260506,1,0.26953044533729553,1.471129059791565,1.1650853157043457,0.9525862068965517,0.9525862068965517,conditional_mlp,20260922,0.8999999761581421,3,1,000001.SZ,depth,unseen_q
20260507,0,0.25474226474761963,1.9392457008361816,1.7872015237808228,0.9613733905579399,0.9613733905579399,conditional_mlp,20260922,0.8999999761581421,3,1,000001.SZ,depth,unseen_q
20260507,1,0.3110029399394989,1.6979074478149414,1.3448768854141235,0.9613733905579399,0.9613733905579399,conditional_mlp,20260922,0.8999999761581421,3,1,000001.SZ,depth,unseen_q
20260508,0,0.33122098445892334,1.589258074760437,1.1585203409194946,0.9557522123893806,0.9557522123893806,conditional_mlp,20260922,0.8999999761581421,3,1,000001.SZ,depth,unseen_q
20260508,1,0.2851468026638031,1.3119947910308838,0.9271265864372253,0.9427312775330396,0.9427312775330396,conditional_mlp,20260922,0.8999999761581421,3,1,000001.SZ,depth,unseen_q
20260511,0,0.36120256781578064,2.2930235862731934,1.963273286819458,0.9478260869565217,0.9478260869565217,conditional_mlp,20260922,0.8999999761581421,3,1,000001.SZ,depth,unseen_q
20260511,1,0.2570035755634308,2.080044746398926,1.9575470685958862,0.9698275862068966,0.9698275862068966,conditional_mlp,20260922,0.8999999761581421,3,1,000001.SZ,depth,unseen_q
20260512,0,0.3558761179447174,1.9703278541564941,1.573219656944275,0.9563318777292577,0.9563318777292577,conditional_mlp,20260922,0.8999999761581421,3,1,000001.SZ,depth,unseen_q
20260512,1,0.27412375807762146,1.5981532335281372,1.3123823404312134,0.9434782608695652,0.9434782608695652,conditional_mlp,20260922,0.8999999761581421,3,1,000001.SZ,depth,unseen_q
20260513,0,0.22759562730789185,1.5231764316558838,1.3349814414978027,0.9612068965517241,0.9612068965517241,conditional_mlp,20260922,0.8999999761581421,3,1,000001.SZ,depth,unseen_q
20260513,1,0.15698352456092834,0.9469271898269653,0.7912001609802246,0.9699570815450643,0.9699570815450643,conditional_mlp,20260922,0.8999999761581421,3,1,000001.SZ,depth,unseen_q
20260514,0,0.258652925491333,1.9300001859664917,1.765868067741394,0.9783549783549783,0.9783549783549783,conditional_mlp,20260922,0.8999999761581421,3,1,000001.SZ,depth,unseen_q
20260514,1,0.3002840578556061,1.7027071714401245,1.3776737451553345,0.961038961038961,0.961038961038961,conditional_mlp,20260922,0.8999999761581421,3,1,000001.SZ,depth,unseen_q
20260515,0,0.4071854054927826,2.0325090885162354,1.5226731300354004,0.8854625550660793,0.8854625550660793,conditional_mlp,20260922,0.8999999761581421,3,1,000001.SZ,depth,unseen_q
20260515,1,0.31833645701408386,1.5761783123016357,1.1743817329406738,0.9484978540772532,0.9484978540772532,conditional_mlp,20260922,0.8999999761581421,3,1,000001.SZ,depth,unseen_q
20260518,0,0.25719520449638367,2.141592264175415,2.0340023040771484,0.9712918660287081,0.9712918660287081,conditional_mlp,20260922,0.8999999761581421,3,1,000001.SZ,depth,unseen_q
20260518,1,0.295564204454422,1.7149543762207031,1.4047825336456299,0.9484978540772532,0.9484978540772532,conditional_mlp,20260922,0.8999999761581421,3,1,000001.SZ,depth,unseen_q
20260519,0,0.359032541513443,2.512883186340332,2.2435226440429688,0.9567099567099567,0.9567099567099567,conditional_mlp,20260922,0.8999999761581421,3,1,000001.SZ,depth,unseen_q
20260519,1,0.33458182215690613,1.930656909942627,1.576866626739502,0.9568965517241379,0.9568965517241379,conditional_mlp,20260922,0.8999999761581421,3,1,000001.SZ,depth,unseen_q
20260520,0,0.2649601101875305,1.927645206451416,1.7471562623977661,0.9511111111111111,0.9511111111111111,conditional_mlp,20260922,0.8999999761581421,3,1,000001.SZ,depth,unseen_q
20260520,1,0.17850549519062042,1.4460644721984863,1.3613170385360718,0.9739130434782609,0.9739130434782609,conditional_mlp,20260922,0.8999999761581421,3,1,000001.SZ,depth,unseen_q
20260521,0,0.2471698671579361,1.4682214260101318,1.217352271080017,0.9612068965517241,0.9612068965517241,conditional_mlp,20260922,0.8999999761581421,3,1,000001.SZ,depth,unseen_q
20260521,1,0.27551600337028503,1.2373381853103638,0.8578829169273376,0.944206008583691,0.944206008583691,conditional_mlp,20260922,0.8999999761581421,3,1,000001.SZ,depth,unseen_q
20260522,0,0.2709570527076721,2.1795260906219482,2.0470149517059326,0.9696969696969697,0.9696969696969697,conditional_mlp,20260922,0.8999999761581421,3,1,000001.SZ,depth,unseen_q
20260522,1,0.26840779185295105,1.5231354236602783,1.232899785041809,0.9613733905579399,0.9613733905579399,conditional_mlp,20260922,0.8999999761581421,3,1,000001.SZ,depth,unseen_q
20260525,0,0.2633526623249054,2.0166847705841064,1.8624745607376099,0.9782608695652174,0.9782608695652174,conditional_mlp,20260922,0.8999999761581421,3,1,000001.SZ,depth,unseen_q
20260525,1,0.30999109148979187,1.903894305229187,1.6048903465270996,0.9523809523809523,0.9523809523809523,conditional_mlp,20260922,0.8999999761581421,3,1,000001.SZ,depth,unseen_q
20260526,0,0.3201042115688324,2.2140424251556396,1.9672926664352417,0.9568965517241379,0.9568965517241379,conditional_mlp,20260922,0.8999999761581421,3,1,000001.SZ,depth,unseen_q
20260526,1,0.3470344841480255,1.9497389793395996,1.5695877075195312,0.9568965517241379,0.9568965517241379,conditional_mlp,20260922,0.8999999761581421,3,1,000001.SZ,depth,unseen_q
20260528,0,0.26163288950920105,1.875138759613037,1.6898412704467773,0.9567099567099567,0.9567099567099567,conditional_mlp,20260922,0.8999999761581421,3,1,000001.SZ,depth,unseen_q
20260528,1,0.25582295656204224,1.4607027769088745,1.1863212585449219,0.9699570815450643,0.9699570815450643,conditional_mlp,20260922,0.8999999761581421,3,1,000001.SZ,depth,unseen_q
20260529,0,0.24703043699264526,1.735457420349121,1.551745891571045,0.9698275862068966,0.9698275862068966,conditional_mlp,20260922,0.8999999761581421,3,1,000001.SZ,depth,unseen_q
20260529,1,0.48042231798171997,2.418334722518921,1.8218625783920288,0.9098712446351931,0.9098712446351931,conditional_mlp,20260922,0.8999999761581421,3,1,000001.SZ,depth,unseen_q
20260506,0,0.3766258656978607,2.120168685913086,1.7086461782455444,0.9387755102040817,0.9387755102040817,conditional_mlp,20260922,0.8999999761581421,9,1,000001.SZ,depth,unseen_q
20260506,1,0.302295982837677,1.7346702814102173,1.4125980138778687,0.9224137931034483,0.9224137931034483,conditional_mlp,20260922,0.8999999761581421,9,1,000001.SZ,depth,unseen_q
20260507,0,0.4397999942302704,2.319443941116333,1.799804925918579,0.9012875536480687,0.9012875536480687,conditional_mlp,20260922,0.8999999761581421,9,1,000001.SZ,depth,unseen_q
20260507,1,0.37442588806152344,2.103785514831543,1.6936671733856201,0.944206008583691,0.944206008583691,conditional_mlp,20260922,0.8999999761581421,9,1,000001.SZ,depth,unseen_q
20260508,0,0.4445536136627197,2.00297474861145,1.3923343420028687,0.9203539823008849,0.9203539823008849,conditional_mlp,20260922,0.8999999761581421,9,1,000001.SZ,depth,unseen_q
20260508,1,0.5154539346694946,1.679116129875183,0.8102604746818542,0.8722466960352423,0.8722466960352423,conditional_mlp,20260922,0.8999999761581421,9,1,000001.SZ,depth,unseen_q
20260511,0,0.4453970789909363,2.4158437252044678,1.9063118696212769,0.8913043478260869,0.8913043478260869,conditional_mlp,20260922,0.8999999761581421,9,1,000001.SZ,depth,unseen_q
20260511,1,0.4062168002128601,2.592059850692749,2.2245330810546875,0.9353448275862069,0.9353448275862069,conditional_mlp,20260922,0.8999999761581421,9,1,000001.SZ,depth,unseen_q
20260512,0,0.5671443343162537,2.4564666748046875,1.6527225971221924,0.8995633187772926,0.8995633187772926,conditional_mlp,20260922,0.8999999761581421,9,1,000001.SZ,depth,unseen_q
20260512,1,0.4756750464439392,2.102344274520874,1.4387428760528564,0.9130434782608695,0.9130434782608695,conditional_mlp,20260922,0.8999999761581421,9,1,000001.SZ,depth,unseen_q
20260513,0,0.4187447428703308,1.9441663026809692,1.3833460807800293,0.8879310344827587,0.8879310344827587,conditional_mlp,20260922,0.8999999761581421,9,1,000001.SZ,depth,unseen_q
20260513,1,0.2568383812904358,1.3492176532745361,1.0444260835647583,0.9399141630901288,0.9399141630901288,conditional_mlp,20260922,0.8999999761581421,9,1,000001.SZ,depth,unseen_q
20260514,0,0.33906102180480957,2.248735189437866,1.9632666110992432,0.9437229437229437,0.9437229437229437,conditional_mlp,20260922,0.8999999761581421,9,1,000001.SZ,depth,unseen_q
20260514,1,0.4511711895465851,2.083446741104126,1.4763805866241455,0.9177489177489178,0.9177489177489178,conditional_mlp,20260922,0.8999999761581421,9,1,000001.SZ,depth,unseen_q
20260515,0,0.48630771040916443,2.292797565460205,1.6502275466918945,0.8678414096916299,0.8678414096916299,conditional_mlp,20260922,0.8999999761581421,9,1,000001.SZ,depth,unseen_q
20260515,1,0.37748774886131287,1.793484091758728,1.2981358766555786,0.9227467811158798,0.927038626609442,conditional_mlp,20260922,0.8999999761581421,9,1,000001.SZ,depth,unseen_q
20260518,0,0.3724636733531952,2.515272855758667,2.2129318714141846,0.9473684210526315,0.9473684210526315,conditional_mlp,20260922,0.8999999761581421,9,1,000001.SZ,depth,unseen_q
20260518,1,0.40433597564697266,2.094121217727661,1.6068118810653687,0.9313304721030042,0.9313304721030042,conditional_mlp,20260922,0.8999999761581421,9,1,000001.SZ,depth,unseen_q
20260519,0,0.5093144178390503,2.7294843196868896,2.1385695934295654,0.9177489177489178,0.9177489177489178,conditional_mlp,20260922,0.8999999761581421,9,1,000001.SZ,depth,unseen_q
20260519,1,0.39974430203437805,2.369356155395508,1.9623346328735352,0.9310344827586207,0.9310344827586207,conditional_mlp,20260922,0.8999999761581421,9,1,000001.SZ,depth,unseen_q
20260520,0,0.4637857675552368,2.5005929470062256,1.966277003288269,0.9111111111111111,0.9111111111111111,conditional_mlp,20260922,0.8999999761581421,9,1,000001.SZ,depth,unseen_q
20260520,1,0.4065997302532196,1.9281585216522217,1.3936989307403564,0.908695652173913,0.908695652173913,conditional_mlp,20260922,0.8999999761581421,9,1,000001.SZ,depth,unseen_q
20260521,0,0.36247819662094116,1.9029945135116577,1.4725477695465088,0.8793103448275862,0.8793103448275862,conditional_mlp,20260922,0.8999999761581421,9,1,000001.SZ,depth,unseen_q
20260521,1,0.4167746305465698,1.5459649562835693,0.8905196189880371,0.8755364806866953,0.8755364806866953,conditional_mlp,20260922,0.8999999761581421,9,1,000001.SZ,depth,unseen_q
20260522,0,0.40656572580337524,2.5503525733947754,2.1715266704559326,0.9177489177489178,0.9177489177489178,conditional_mlp,20260922,0.8999999761581421,9,1,000001.SZ,depth,unseen_q
20260522,1,0.3879391551017761,1.9441640377044678,1.4603573083877563,0.9313304721030042,0.9313304721030042,conditional_mlp,20260922,0.8999999761581421,9,1,000001.SZ,depth,unseen_q
20260525,0,0.3933633863925934,2.3873043060302734,2.0007221698760986,0.9434782608695652,0.9434782608695652,conditional_mlp,20260922,0.8999999761581421,9,1,000001.SZ,depth,unseen_q
20260525,1,0.3924719989299774,2.187082290649414,1.7526730298995972,0.9307359307359307,0.9307359307359307,conditional_mlp,20260922,0.8999999761581421,9,1,000001.SZ,depth,unseen_q
20260526,0,0.4841969907283783,2.3412671089172363,1.7160913944244385,0.875,0.875,conditional_mlp,20260922,0.8999999761581421,9,1,000001.SZ,depth,unseen_q
20260526,1,0.41770923137664795,2.3417000770568848,1.8828519582748413,0.9396551724137931,0.9396551724137931,conditional_mlp,20260922,0.8999999761581421,9,1,000001.SZ,depth,unseen_q
20260528,0,0.4110181927680969,2.206871509552002,1.7310439348220825,0.9264069264069265,0.9264069264069265,conditional_mlp,20260922,0.8999999761581421,9,1,000001.SZ,depth,unseen_q
20260528,1,0.28444382548332214,1.716881513595581,1.4349923133850098,0.944206008583691,0.944206008583691,conditional_mlp,20260922,0.8999999761581421,9,1,000001.SZ,depth,unseen_q
20260529,0,0.44476234912872314,2.1410138607025146,1.564361572265625,0.8922413793103449,0.8922413793103449,conditional_mlp,20260922,0.8999999761581421,9,1,000001.SZ,depth,unseen_q
20260529,1,0.5845224261283875,2.8402316570281982,2.0889835357666016,0.8669527896995708,0.8669527896995708,conditional_mlp,20260922,0.8999999761581421,9,1,000001.SZ,depth,unseen_q
20260506,0,0.5335273146629333,3.034085750579834,2.4587888717651367,0.923469387755102,0.923469387755102,conditional_mlp,20260922,0.8999999761581421,30,1,000001.SZ,depth,unseen_q
20260506,1,0.5831233859062195,2.4186666011810303,1.5655250549316406,0.8620689655172413,0.8620689655172413,conditional_mlp,20260922,0.8999999761581421,30,1,000001.SZ,depth,unseen_q
20260507,0,0.6163240075111389,3.063049077987671,2.288001298904419,0.8669527896995708,0.8669527896995708,conditional_mlp,20260922,0.8999999761581421,30,1,000001.SZ,depth,unseen_q
20260507,1,0.6798926591873169,2.7870631217956543,1.7840973138809204,0.8583690987124464,0.8583690987124464,conditional_mlp,20260922,0.8999999761581421,30,1,000001.SZ,depth,unseen_q
20260508,0,0.7117233872413635,2.784087896347046,1.7008014917373657,0.8451327433628318,0.8451327433628318,conditional_mlp,20260922,0.8999999761581421,30,1,000001.SZ,depth,unseen_q
20260508,1,0.8098118305206299,2.643096685409546,1.2793413400650024,0.8149779735682819,0.8149779735682819,conditional_mlp,20260922,0.8999999761581421,30,1,000001.SZ,depth,unseen_q
20260511,0,0.703537106513977,3.7092196941375732,2.8776822090148926,0.8608695652173913,0.8608695652173913,conditional_mlp,20260922,0.8999999761581421,30,1,000001.SZ,depth,unseen_q
20260511,1,0.7781899571418762,3.3955750465393066,2.298994302749634,0.8232758620689655,0.8232758620689655,conditional_mlp,20260922,0.8999999761581421,30,1,000001.SZ,depth,unseen_q
20260512,0,0.7004207968711853,3.134361505508423,2.166900396347046,0.851528384279476,0.851528384279476,conditional_mlp,20260922,0.8999999761581421,30,1,000001.SZ,depth,unseen_q
20260512,1,0.5566343665122986,2.780261754989624,2.0837411880493164,0.8565217391304348,0.8565217391304348,conditional_mlp,20260922,0.8999999761581421,30,1,000001.SZ,depth,unseen_q
20260513,0,0.7462865710258484,2.853454113006592,1.7011014223098755,0.771551724137931,0.771551724137931,conditional_mlp,20260922,0.8999999761581421,30,1,000001.SZ,depth,unseen_q
20260513,1,0.4318991005420685,2.0544214248657227,1.4882793426513672,0.8755364806866953,0.8755364806866953,conditional_mlp,20260922,0.8999999761581421,30,1,000001.SZ,depth,unseen_q
20260514,0,0.7238262891769409,3.5832207202911377,2.6694605350494385,0.8831168831168831,0.8831168831168831,conditional_mlp,20260922,0.8999999761581421,30,1,000001.SZ,depth,unseen_q
20260514,1,0.7028020024299622,2.879110336303711,1.8418831825256348,0.8311688311688312,0.8311688311688312,conditional_mlp,20260922,0.8999999761581421,30,1,000001.SZ,depth,unseen_q
20260515,0,0.7492246627807617,3.124030590057373,2.0319769382476807,0.8061674008810573,0.8061674008810573,conditional_mlp,20260922,0.8999999761581421,30,1,000001.SZ,depth,unseen_q
20260515,1,0.5377038717269897,2.529456377029419,1.8175610303878784,0.8669527896995708,0.8669527896995708,conditional_mlp,20260922,0.8999999761581421,30,1,000001.SZ,depth,unseen_q
20260518,0,0.5696417689323425,3.3273346424102783,2.7350642681121826,0.8995215311004785,0.8995215311004785,conditional_mlp,20260922,0.8999999761581421,30,1,000001.SZ,depth,unseen_q
20260518,1,0.6173838376998901,3.061133861541748,2.2829577922821045,0.9012875536480687,0.9012875536480687,conditional_mlp,20260922,0.8999999761581421,30,1,000001.SZ,depth,unseen_q
20260519,0,0.5846823453903198,3.526561737060547,2.9464964866638184,0.9090909090909091,0.9090909090909091,conditional_mlp,20260922,0.8999999761581421,30,1,000001.SZ,depth,unseen_q
20260519,1,0.5317673087120056,2.707679033279419,2.055180549621582,0.875,0.875,conditional_mlp,20260922,0.8999999761581421,30,1,000001.SZ,depth,unseen_q
20260520,0,0.6028206944465637,3.2940495014190674,2.6105103492736816,0.8711111111111111,0.8711111111111111,conditional_mlp,20260922,0.8999999761581421,30,1,000001.SZ,depth,unseen_q
20260520,1,0.6126184463500977,2.6839685440063477,1.8234145641326904,0.8695652173913043,0.8695652173913043,conditional_mlp,20260922,0.8999999761581421,30,1,000001.SZ,depth,unseen_q
20260521,0,0.7045891880989075,3.0531129837036133,2.0549185276031494,0.8232758620689655,0.8232758620689655,conditional_mlp,20260922,0.8999999761581421,30,1,000001.SZ,depth,unseen_q
20260521,1,0.6013081073760986,2.2765753269195557,1.3424493074417114,0.8326180257510729,0.8326180257510729,conditional_mlp,20260922,0.8999999761581421,30,1,000001.SZ,depth,unseen_q
20260522,0,0.6852290034294128,3.5745434761047363,2.7551071643829346,0.8787878787878788,0.8787878787878788,conditional_mlp,20260922,0.8999999761581421,30,1,000001.SZ,depth,unseen_q
20260522,1,0.57294762134552,2.6444973945617676,1.8732528686523438,0.8798283261802575,0.8798283261802575,conditional_mlp,20260922,0.8999999761581421,30,1,000001.SZ,depth,unseen_q
20260525,0,0.5954973697662354,3.0718555450439453,2.351076364517212,0.8826086956521739,0.8826086956521739,conditional_mlp,20260922,0.8999999761581421,30,1,000001.SZ,depth,unseen_q
20260525,1,0.4916135370731354,3.053514003753662,2.5878589153289795,0.9307359307359307,0.9307359307359307,conditional_mlp,20260922,0.8999999761581421,30,1,000001.SZ,depth,unseen_q
20260526,0,0.7538781762123108,3.4536256790161133,2.4323368072509766,0.8318965517241379,0.8318965517241379,conditional_mlp,20260922,0.8999999761581421,30,1,000001.SZ,depth,unseen_q
20260526,1,0.75385582447052,3.3792872428894043,2.3394696712493896,0.8620689655172413,0.8620689655172413,conditional_mlp,20260922,0.8999999761581421,30,1,000001.SZ,depth,unseen_q
20260528,0,0.6028282046318054,3.1568338871002197,2.438972234725952,0.8441558441558441,0.8441558441558441,conditional_mlp,20260922,0.8999999761581421,30,1,000001.SZ,depth,unseen_q
20260528,1,0.5773509740829468,2.5941011905670166,1.7992491722106934,0.8540772532188842,0.8540772532188842,conditional_mlp,20260922,0.8999999761581421,30,1,000001.SZ,depth,unseen_q
20260529,0,0.7125640511512756,3.3206193447113037,2.3693642616271973,0.8405172413793104,0.8405172413793104,conditional_mlp,20260922,0.8999999761581421,30,1,000001.SZ,depth,unseen_q
20260529,1,0.9465166330337524,3.8091042041778564,2.3950889110565186,0.8068669527896996,0.8068669527896996,conditional_mlp,20260922,0.8999999761581421,30,1,000001.SZ,depth,unseen_q
20260506,0,0.2390241026878357,0.4780482053756714,0.014563742093741894,0.41836734693877553,0.47959183673469385,conditional_mlp,20260923,0.5,3,1,000001.SZ,depth,unseen_q
20260506,1,0.315250039100647,0.630500078201294,-0.14199699461460114,0.3793103448275862,0.41810344827586204,conditional_mlp,20260923,0.5,3,1,000001.SZ,depth,unseen_q
20260507,0,0.36095380783081055,0.7219076156616211,0.012411232106387615,0.33047210300429186,0.33047210300429186,conditional_mlp,20260923,0.5,3,1,000001.SZ,depth,unseen_q
20260507,1,0.3203592002391815,0.640718400478363,-0.04452982172369957,0.5321888412017167,0.5364806866952789,conditional_mlp,20260923,0.5,3,1,000001.SZ,depth,unseen_q
20260508,0,0.360821008682251,0.721642017364502,-0.05049024522304535,0.37168141592920356,0.4026548672566372,conditional_mlp,20260923,0.5,3,1,000001.SZ,depth,unseen_q
20260508,1,0.2972249686717987,0.5944499373435974,-0.07832466065883636,0.5462555066079295,0.5550660792951542,conditional_mlp,20260923,0.5,3,1,000001.SZ,depth,unseen_q
20260511,0,0.3674244284629822,0.7348488569259644,-0.19109714031219482,0.4434782608695652,0.4434782608695652,conditional_mlp,20260923,0.5,3,1,000001.SZ,depth,unseen_q
20260511,1,0.2877912223339081,0.5755824446678162,0.0423424169421196,0.3922413793103448,0.40086206896551724,conditional_mlp,20260923,0.5,3,1,000001.SZ,depth,unseen_q
20260512,0,0.4145389199256897,0.8290778398513794,-0.13517506420612335,0.3056768558951965,0.32751091703056767,conditional_mlp,20260923,0.5,3,1,000001.SZ,depth,unseen_q
20260512,1,0.29746299982070923,0.5949259996414185,-0.033634692430496216,0.5347826086956522,0.5565217391304348,conditional_mlp,20260923,0.5,3,1,000001.SZ,depth,unseen_q
20260513,0,0.28015872836112976,0.5603174567222595,0.008227299898862839,0.43103448275862066,0.4396551724137931,conditional_mlp,20260923,0.5,3,1,000001.SZ,depth,unseen_q
20260513,1,0.17136578261852264,0.3427315652370453,-0.023184793069958687,0.6652360515021459,0.6952789699570815,conditional_mlp,20260923,0.5,3,1,000001.SZ,depth,unseen_q
20260514,0,0.3147604465484619,0.6295208930969238,0.05378245189785957,0.44155844155844154,0.44155844155844154,conditional_mlp,20260923,0.5,3,1,000001.SZ,depth,unseen_q
20260514,1,0.3014739155769348,0.6029478311538696,-0.19540056586265564,0.38095238095238093,0.43722943722943725,conditional_mlp,20260923,0.5,3,1,000001.SZ,depth,unseen_q
20260515,0,0.5595273375511169,1.1190546751022339,-0.2467053085565567,0.33480176211453744,0.3524229074889868,conditional_mlp,20260923,0.5,3,1,000001.SZ,depth,unseen_q
20260515,1,0.3953581154346466,0.7907162308692932,0.10426130145788193,0.6824034334763949,0.7339055793991416,conditional_mlp,20260923,0.5,3,1,000001.SZ,depth,unseen_q
20260518,0,0.30683737993240356,0.6136747598648071,-0.13966789841651917,0.2535885167464115,0.2535885167464115,conditional_mlp,20260923,0.5,3,1,000001.SZ,depth,unseen_q
20260518,1,0.3123347759246826,0.6246695518493652,-0.1279861479997635,0.5064377682403434,0.5665236051502146,conditional_mlp,20260923,0.5,3,1,000001.SZ,depth,unseen_q
20260519,0,0.4315854012966156,0.8631708025932312,0.0494544580578804,0.354978354978355,0.354978354978355,conditional_mlp,20260923,0.5,3,1,000001.SZ,depth,unseen_q
20260519,1,0.37400874495506287,0.7480174899101257,-0.11348331719636917,0.34913793103448276,0.46551724137931033,conditional_mlp,20260923,0.5,3,1,000001.SZ,depth,unseen_q
20260520,0,0.30407559871673584,0.6081511974334717,-0.1509249359369278,0.25333333333333335,0.2577777777777778,conditional_mlp,20260923,0.5,3,1,000001.SZ,depth,unseen_q
20260520,1,0.16950002312660217,0.33900004625320435,0.04638183116912842,0.6782608695652174,0.6956521739130435,conditional_mlp,20260923,0.5,3,1,000001.SZ,depth,unseen_q
20260521,0,0.33987531065940857,0.6797506213188171,-0.003269465873017907,0.46551724137931033,0.5086206896551724,conditional_mlp,20260923,0.5,3,1,000001.SZ,depth,unseen_q
20260521,1,0.30511343479156494,0.6102268695831299,-0.13349232077598572,0.3776824034334764,0.6266094420600858,conditional_mlp,20260923,0.5,3,1,000001.SZ,depth,unseen_q
20260522,0,0.38056474924087524,0.7611294984817505,0.23603005707263947,0.5324675324675324,0.5367965367965368,conditional_mlp,20260923,0.5,3,1,000001.SZ,depth,unseen_q
20260522,1,0.3138759136199951,0.6277518272399902,-0.32950738072395325,0.22317596566523606,0.45493562231759654,conditional_mlp,20260923,0.5,3,1,000001.SZ,depth,unseen_q
20260525,0,0.30700603127479553,0.6140120625495911,0.09750775992870331,0.4608695652173913,0.46956521739130436,conditional_mlp,20260923,0.5,3,1,000001.SZ,depth,unseen_q
20260525,1,0.3172116279602051,0.6344232559204102,-0.1505967080593109,0.3203463203463203,0.37662337662337664,conditional_mlp,20260923,0.5,3,1,000001.SZ,depth,unseen_q
20260526,0,0.44849902391433716,0.8969980478286743,0.13005875051021576,0.36637931034482757,0.36637931034482757,conditional_mlp,20260923,0.5,3,1,000001.SZ,depth,unseen_q
20260526,1,0.3511497676372528,0.7022995352745056,0.026978885754942894,0.5517241379310345,0.5560344827586207,conditional_mlp,20260923,0.5,3,1,000001.SZ,depth,unseen_q
20260528,0,0.3349711298942566,0.6699422597885132,0.03275199979543686,0.3463203463203463,0.3593073593073593,conditional_mlp,20260923,0.5,3,1,000001.SZ,depth,unseen_q
20260528,1,0.2954860031604767,0.5909720063209534,-0.009029229171574116,0.6094420600858369,0.6695278969957081,conditional_mlp,20260923,0.5,3,1,000001.SZ,depth,unseen_q
20260529,0,0.3880707621574402,0.7761415243148804,0.2881627678871155,0.5948275862068966,0.646551724137931,conditional_mlp,20260923,0.5,3,1,000001.SZ,depth,unseen_q
20260529,1,0.5883822441101074,1.1767644882202148,-0.23912183940410614,0.49356223175965663,0.49356223175965663,conditional_mlp,20260923,0.5,3,1,000001.SZ,depth,unseen_q
20260506,0,0.4807046055793762,0.9614092111587524,0.0642733946442604,0.41836734693877553,0.47959183673469385,conditional_mlp,20260923,0.5,9,1,000001.SZ,depth,unseen_q
20260506,1,0.4586431682109833,0.9172863364219666,-0.033653415739536285,0.5172413793103449,0.5387931034482759,conditional_mlp,20260923,0.5,9,1,000001.SZ,depth,unseen_q
20260507,0,0.6643873453140259,1.3287746906280518,-0.13920457661151886,0.41201716738197425,0.41201716738197425,conditional_mlp,20260923,0.5,9,1,000001.SZ,depth,unseen_q
20260507,1,0.5493184924125671,1.0986369848251343,0.17563331127166748,0.5321888412017167,0.5321888412017167,conditional_mlp,20260923,0.5,9,1,000001.SZ,depth,unseen_q
20260508,0,0.603234052658081,1.206468105316162,0.03507664054632187,0.4424778761061947,0.4646017699115044,conditional_mlp,20260923,0.5,9,1,000001.SZ,depth,unseen_q
20260508,1,0.5390830636024475,1.078166127204895,-0.3150472044944763,0.4889867841409692,0.4889867841409692,conditional_mlp,20260923,0.5,9,1,000001.SZ,depth,unseen_q
20260511,0,0.5637569427490234,1.1275138854980469,-0.42750537395477295,0.44782608695652176,0.44782608695652176,conditional_mlp,20260923,0.5,9,1,000001.SZ,depth,unseen_q
20260511,1,0.5500255227088928,1.1000510454177856,0.14685456454753876,0.46120689655172414,0.46120689655172414,conditional_mlp,20260923,0.5,9,1,000001.SZ,depth,unseen_q
20260512,0,0.7688692808151245,1.537738561630249,-0.2305794209241867,0.40611353711790393,0.4192139737991266,conditional_mlp,20260923,0.5,9,1,000001.SZ,depth,unseen_q
20260512,1,0.5552144050598145,1.110428810119629,-0.05473724380135536,0.6086956521739131,0.6217391304347826,conditional_mlp,20260923,0.5,9,1,000001.SZ,depth,unseen_q
20260513,0,0.5455651879310608,1.0911303758621216,-0.11802935600280762,0.5043103448275862,0.5043103448275862,conditional_mlp,20260923,0.5,9,1,000001.SZ,depth,unseen_q
20260513,1,0.35857856273651123,0.7171571254730225,0.11110802739858627,0.6566523605150214,0.6824034334763949,conditional_mlp,20260923,0.5,9,1,000001.SZ,depth,unseen_q
20260514,0,0.5389253497123718,1.0778506994247437,0.08948522061109543,0.48484848484848486,0.48484848484848486,conditional_mlp,20260923,0.5,9,1,000001.SZ,depth,unseen_q
20260514,1,0.5541406273841858,1.1082812547683716,-0.2483098953962326,0.4155844155844156,0.44155844155844154,conditional_mlp,20260923,0.5,9,1,000001.SZ,depth,unseen_q
20260515,0,0.7257696390151978,1.4515392780303955,-0.29450708627700806,0.3876651982378855,0.41409691629955947,conditional_mlp,20260923,0.5,9,1,000001.SZ,depth,unseen_q
20260515,1,0.4834708869457245,0.966941773891449,0.1027224212884903,0.6995708154506438,0.7296137339055794,conditional_mlp,20260923,0.5,9,1,000001.SZ,depth,unseen_q
20260518,0,0.5192622542381287,1.0385245084762573,-0.16937461495399475,0.37320574162679426,0.37320574162679426,conditional_mlp,20260923,0.5,9,1,000001.SZ,depth,unseen_q
20260518,1,0.467086523771286,0.934173047542572,-0.10153839737176895,0.5708154506437768,0.5879828326180258,conditional_mlp,20260923,0.5,9,1,000001.SZ,depth,unseen_q
20260519,0,0.6211419701576233,1.2422839403152466,-0.251616895198822,0.41125541125541126,0.41125541125541126,conditional_mlp,20260923,0.5,9,1,000001.SZ,depth,unseen_q
20260519,1,0.588925302028656,1.177850604057312,0.10998077690601349,0.46120689655172414,0.5258620689655172,conditional_mlp,20260923,0.5,9,1,000001.SZ,depth,unseen_q
20260520,0,0.6504340171813965,1.300868034362793,-0.11099454760551453,0.36444444444444446,0.3688888888888889,conditional_mlp,20260923,0.5,9,1,000001.SZ,depth,unseen_q
20260520,1,0.5221514701843262,1.0443029403686523,-0.05613655596971512,0.6217391304347826,0.6347826086956522,conditional_mlp,20260923,0.5,9,1,000001.SZ,depth,unseen_q
20260521,0,0.6154329776763916,1.2308659553527832,0.0984426960349083,0.4870689655172414,0.5,conditional_mlp,20260923,0.5,9,1,000001.SZ,depth,unseen_q
20260521,1,0.48293542861938477,0.9658708572387695,-0.22988444566726685,0.45493562231759654,0.6609442060085837,conditional_mlp,20260923,0.5,9,1,000001.SZ,depth,unseen_q
20260522,0,0.6122796535491943,1.2245593070983887,0.18887878954410553,0.5670995670995671,0.5714285714285714,conditional_mlp,20260923,0.5,9,1,000001.SZ,depth,unseen_q
20260522,1,0.5677672028541565,1.135534405708313,-0.25578129291534424,0.2832618025751073,0.4678111587982833,conditional_mlp,20260923,0.5,9,1,000001.SZ,depth,unseen_q
20260525,0,0.5260230898857117,1.0520461797714233,0.06233478710055351,0.46956521739130436,0.4782608695652174,conditional_mlp,20260923,0.5,9,1,000001.SZ,depth,unseen_q
20260525,1,0.4874572455883026,0.9749144911766052,-0.1663302183151245,0.44155844155844154,0.47619047619047616,conditional_mlp,20260923,0.5,9,1,000001.SZ,depth,unseen_q
20260526,0,0.7192572951316833,1.4385145902633667,-0.3044041693210602,0.40948275862068967,0.40948275862068967,conditional_mlp,20260923,0.5,9,1,000001.SZ,depth,unseen_q
20260526,1,0.5663707852363586,1.1327415704727173,0.1784973293542862,0.5948275862068966,0.5948275862068966,conditional_mlp,20260923,0.5,9,1,000001.SZ,depth,unseen_q
20260528,0,0.6033380031585693,1.2066760063171387,-0.11857705563306808,0.4329004329004329,0.4458874458874459,conditional_mlp,20260923,0.5,9,1,000001.SZ,depth,unseen_q
20260528,1,0.40538570284843445,0.8107714056968689,0.0938107892870903,0.6609442060085837,0.6952789699570815,conditional_mlp,20260923,0.5,9,1,000001.SZ,depth,unseen_q
20260529,0,0.6575623154640198,1.3151246309280396,0.1449640542268753,0.625,0.6422413793103449,conditional_mlp,20260923,0.5,9,1,000001.SZ,depth,unseen_q
20260529,1,0.8468917608261108,1.6937835216522217,-0.15160894393920898,0.5107296137339056,0.5107296137339056,conditional_mlp,20260923,0.5,9,1,000001.SZ,depth,unseen_q
20260506,0,0.8129648566246033,1.6259297132492065,0.2830906808376312,0.5918367346938775,0.5918367346938775,conditional_mlp,20260923,0.5,30,1,000001.SZ,depth,unseen_q
20260506,1,0.7908458113670349,1.5816916227340698,-0.28906720876693726,0.5474137931034483,0.5560344827586207,conditional_mlp,20260923,0.5,30,1,000001.SZ,depth,unseen_q
20260507,0,0.9813359975814819,1.9626719951629639,-0.11443304270505905,0.5278969957081545,0.5278969957081545,conditional_mlp,20260923,0.5,30,1,000001.SZ,depth,unseen_q
20260507,1,0.9376733899116516,1.8753467798233032,-0.10934115946292877,0.5493562231759657,0.5579399141630901,conditional_mlp,20260923,0.5,30,1,000001.SZ,depth,unseen_q
20260508,0,0.976753294467926,1.953506588935852,-0.10103549808263779,0.5176991150442478,0.5221238938053098,conditional_mlp,20260923,0.5,30,1,000001.SZ,depth,unseen_q
20260508,1,1.004550576210022,2.009101152420044,-0.2176646888256073,0.5726872246696035,0.5726872246696035,conditional_mlp,20260923,0.5,30,1,000001.SZ,depth,unseen_q
20260511,0,1.2030233144760132,2.4060466289520264,0.05883129686117172,0.5173913043478261,0.5173913043478261,conditional_mlp,20260923,0.5,30,1,000001.SZ,depth,unseen_q
20260511,1,1.1396665573120117,2.2793331146240234,-0.21598803997039795,0.5086206896551724,0.5086206896551724,conditional_mlp,20260923,0.5,30,1,000001.SZ,depth,unseen_q
20260512,0,1.1151272058486938,2.2302544116973877,-0.21823759377002716,0.4759825327510917,0.4759825327510917,conditional_mlp,20260923,0.5,30,1,000001.SZ,depth,unseen_q
20260512,1,0.9141870141029358,1.8283740282058716,0.15538260340690613,0.5695652173913044,0.5695652173913044,conditional_mlp,20260923,0.5,30,1,000001.SZ,depth,unseen_q
20260513,0,1.0692265033721924,2.1384530067443848,-0.32873213291168213,0.4870689655172414,0.4870689655172414,conditional_mlp,20260923,0.5,30,1,000001.SZ,depth,unseen_q
20260513,1,0.7085133194923401,1.4170266389846802,0.16716502606868744,0.6523605150214592,0.6523605150214592,conditional_mlp,20260923,0.5,30,1,000001.SZ,depth,unseen_q
20260514,0,1.1489115953445435,2.297823190689087,0.33612608909606934,0.5454545454545454,0.5454545454545454,conditional_mlp,20260923,0.5,30,1,000001.SZ,depth,unseen_q
20260514,1,1.0286216735839844,2.0572433471679688,-0.30500516295433044,0.4935064935064935,0.4935064935064935,conditional_mlp,20260923,0.5,30,1,000001.SZ,depth,unseen_q
20260515,0,1.0633785724639893,2.1267571449279785,-0.42151978611946106,0.5022026431718062,0.5022026431718062,conditional_mlp,20260923,0.5,30,1,000001.SZ,depth,unseen_q
20260515,1,0.7880426645278931,1.5760853290557861,0.23933322727680206,0.7296137339055794,0.7381974248927039,conditional_mlp,20260923,0.5,30,1,000001.SZ,depth,unseen_q
20260518,0,0.970770001411438,1.941540002822876,-0.22439786791801453,0.39712918660287083,0.39712918660287083,conditional_mlp,20260923,0.5,30,1,000001.SZ,depth,unseen_q
20260518,1,0.801225483417511,1.602450966835022,0.05733848363161087,0.6523605150214592,0.6523605150214592,conditional_mlp,20260923,0.5,30,1,000001.SZ,depth,unseen_q
20260519,0,0.9030954837799072,1.8061909675598145,0.02571902796626091,0.5151515151515151,0.5151515151515151,conditional_mlp,20260923,0.5,30,1,000001.SZ,depth,unseen_q
20260519,1,0.8173544406890869,1.6347088813781738,-0.2573789656162262,0.5301724137931034,0.5301724137931034,conditional_mlp,20260923,0.5,30,1,000001.SZ,depth,unseen_q
20260520,0,1.0063186883926392,2.0126373767852783,0.023532869294285774,0.48444444444444446,0.48444444444444446,conditional_mlp,20260923,0.5,30,1,000001.SZ,depth,unseen_q
20260520,1,0.8790348172187805,1.758069634437561,-0.03529029339551926,0.6608695652173913,0.6608695652173913,conditional_mlp,20260923,0.5,30,1,000001.SZ,depth,unseen_q
20260521,0,1.0709149837493896,2.1418299674987793,0.20739074051380157,0.5732758620689655,0.5732758620689655,conditional_mlp,20260923,0.5,30,1,000001.SZ,depth,unseen_q
20260521,1,0.8719273805618286,1.7438547611236572,-0.1813575178384781,0.5450643776824035,0.6223175965665236,conditional_mlp,20260923,0.5,30,1,000001.SZ,depth,unseen_q
20260522,0,1.066814661026001,2.133629322052002,0.2859054505825043,0.5887445887445888,0.5887445887445888,conditional_mlp,20260923,0.5,30,1,000001.SZ,depth,unseen_q
20260522,1,0.9241877198219299,1.8483754396438599,-0.2760835289955139,0.5321888412017167,0.5321888412017167,conditional_mlp,20260923,0.5,30,1,000001.SZ,depth,unseen_q
20260525,0,0.9069948196411133,1.8139896392822266,-0.09375160932540894,0.5260869565217391,0.5304347826086957,conditional_mlp,20260923,0.5,30,1,000001.SZ,depth,unseen_q
20260525,1,0.7849216461181641,1.5698432922363281,0.20551392436027527,0.5714285714285714,0.5714285714285714,conditional_mlp,20260923,0.5,30,1,000001.SZ,depth,unseen_q
20260526,0,1.2492001056671143,2.4984002113342285,-0.1103181391954422,0.5086206896551724,0.5086206896551724,conditional_mlp,20260923,0.5,30,1,000001.SZ,depth,unseen_q
20260526,1,1.0675004720687866,2.1350009441375732,0.17173214256763458,0.625,0.625,conditional_mlp,20260923,0.5,30,1,000001.SZ,depth,unseen_q
20260528,0,0.9902434349060059,1.9804868698120117,0.01740003563463688,0.5324675324675324,0.5324675324675324,conditional_mlp,20260923,0.5,30,1,000001.SZ,depth,unseen_q
20260528,1,0.8196849226951599,1.6393698453903198,0.002795265521854162,0.6781115879828327,0.6781115879828327,conditional_mlp,20260923,0.5,30,1,000001.SZ,depth,unseen_q
20260529,0,1.1203651428222656,2.2407302856445312,0.47576549649238586,0.646551724137931,0.646551724137931,conditional_mlp,20260923,0.5,30,1,000001.SZ,depth,unseen_q
20260529,1,1.474389910697937,2.948779821395874,-0.3525986671447754,0.5236051502145923,0.5236051502145923,conditional_mlp,20260923,0.5,30,1,000001.SZ,depth,unseen_q
20260506,0,0.2540709376335144,1.6280605792999268,1.399898648262024,0.9693877551020408,0.9693877551020408,conditional_mlp,20260923,0.8999999761581421,3,1,000001.SZ,depth,unseen_q
20260506,1,0.2621607780456543,1.4156328439712524,1.114139199256897,0.9525862068965517,0.9525862068965517,conditional_mlp,20260923,0.8999999761581421,3,1,000001.SZ,depth,unseen_q
20260507,0,0.2465757578611374,1.9057488441467285,1.765746831893921,0.9613733905579399,0.9613733905579399,conditional_mlp,20260923,0.8999999761581421,3,1,000001.SZ,depth,unseen_q
20260507,1,0.30387791991233826,1.7113391160964966,1.379479169845581,0.9699570815450643,0.9699570815450643,conditional_mlp,20260923,0.8999999761581421,3,1,000001.SZ,depth,unseen_q
20260508,0,0.3219708204269409,1.5625288486480713,1.1482341289520264,0.9557522123893806,0.9557522123893806,conditional_mlp,20260923,0.8999999761581421,3,1,000001.SZ,depth,unseen_q
20260508,1,0.2944301962852478,1.3741635084152222,0.9816288352012634,0.947136563876652,0.947136563876652,conditional_mlp,20260923,0.8999999761581421,3,1,000001.SZ,depth,unseen_q
20260511,0,0.3569503128528595,2.2427444458007812,1.9110549688339233,0.9521739130434783,0.9521739130434783,conditional_mlp,20260923,0.8999999761581421,3,1,000001.SZ,depth,unseen_q
20260511,1,0.2551571726799011,2.1190149784088135,2.010876178741455,0.9698275862068966,0.9698275862068966,conditional_mlp,20260923,0.8999999761581421,3,1,000001.SZ,depth,unseen_q
20260512,0,0.34273433685302734,1.8724656105041504,1.4837462902069092,0.9563318777292577,0.9563318777292577,conditional_mlp,20260923,0.8999999761581421,3,1,000001.SZ,depth,unseen_q
20260512,1,0.27291807532310486,1.6456834077835083,1.3748090267181396,0.9565217391304348,0.9565217391304348,conditional_mlp,20260923,0.8999999761581421,3,1,000001.SZ,depth,unseen_q
20260513,0,0.22909455001354218,1.5154849290847778,1.3216197490692139,0.9655172413793104,0.9655172413793104,conditional_mlp,20260923,0.8999999761581421,3,1,000001.SZ,depth,unseen_q
20260513,1,0.1582905352115631,0.9623832106590271,0.8072527050971985,0.9656652360515021,0.9656652360515021,conditional_mlp,20260923,0.8999999761581421,3,1,000001.SZ,depth,unseen_q
20260514,0,0.25686725974082947,1.919166088104248,1.7567896842956543,0.9783549783549783,0.9783549783549783,conditional_mlp,20260923,0.8999999761581421,3,1,000001.SZ,depth,unseen_q
20260514,1,0.3002362847328186,1.7157987356185913,1.3941577672958374,0.961038961038961,0.961038961038961,conditional_mlp,20260923,0.8999999761581421,3,1,000001.SZ,depth,unseen_q
20260515,0,0.40630078315734863,1.924572229385376,1.3899635076522827,0.8678414096916299,0.8678414096916299,conditional_mlp,20260923,0.8999999761581421,3,1,000001.SZ,depth,unseen_q
20260515,1,0.3166256248950958,1.6014244556427002,1.2102165222167969,0.9313304721030042,0.9484978540772532,conditional_mlp,20260923,0.8999999761581421,3,1,000001.SZ,depth,unseen_q
20260518,0,0.24544769525527954,1.9302096366882324,1.799142837524414,0.9712918660287081,0.9712918660287081,conditional_mlp,20260923,0.8999999761581421,3,1,000001.SZ,depth,unseen_q
20260518,1,0.3005167543888092,1.7114018201828003,1.387960433959961,0.944206008583691,0.944206008583691,conditional_mlp,20260923,0.8999999761581421,3,1,000001.SZ,depth,unseen_q
20260519,0,0.35459524393081665,2.469297409057617,2.2001335620880127,0.9523809523809523,0.9523809523809523,conditional_mlp,20260923,0.8999999761581421,3,1,000001.SZ,depth,unseen_q
20260519,1,0.3285132050514221,1.8788113594055176,1.5272314548492432,0.9612068965517241,0.9612068965517241,conditional_mlp,20260923,0.8999999761581421,3,1,000001.SZ,depth,unseen_q
20260520,0,0.26238271594047546,1.846101999282837,1.6516708135604858,0.9511111111111111,0.9511111111111111,conditional_mlp,20260923,0.8999999761581421,3,1,000001.SZ,depth,unseen_q
20260520,1,0.17501644790172577,1.469521164894104,1.3993604183197021,0.9826086956521739,0.9826086956521739,conditional_mlp,20260923,0.8999999761581421,3,1,000001.SZ,depth,unseen_q
20260521,0,0.24860060214996338,1.4579051733016968,1.2008801698684692,0.9612068965517241,0.9612068965517241,conditional_mlp,20260923,0.8999999761581421,3,1,000001.SZ,depth,unseen_q
20260521,1,0.2763831913471222,1.2483206987380981,0.8694429993629456,0.944206008583691,0.944206008583691,conditional_mlp,20260923,0.8999999761581421,3,1,000001.SZ,depth,unseen_q
20260522,0,0.27053675055503845,2.2023816108703613,2.0766353607177734,0.9696969696969697,0.9696969696969697,conditional_mlp,20260923,0.8999999761581421,3,1,000001.SZ,depth,unseen_q
20260522,1,0.26964476704597473,1.474156141281128,1.1685833930969238,0.9527896995708155,0.9527896995708155,conditional_mlp,20260923,0.8999999761581421,3,1,000001.SZ,depth,unseen_q
20260525,0,0.2646997272968292,2.0225839614868164,1.8664807081222534,0.9782608695652174,0.9782608695652174,conditional_mlp,20260923,0.8999999761581421,3,1,000001.SZ,depth,unseen_q
20260525,1,0.3002413213253021,1.9000962972640991,1.6245173215866089,0.9567099567099567,0.9567099567099567,conditional_mlp,20260923,0.8999999761581421,3,1,000001.SZ,depth,unseen_q
20260526,0,0.3147585391998291,2.159379005432129,1.912327527999878,0.9568965517241379,0.9568965517241379,conditional_mlp,20260923,0.8999999761581421,3,1,000001.SZ,depth,unseen_q
20260526,1,0.33769315481185913,1.969331979751587,1.6174321174621582,0.9612068965517241,0.9612068965517241,conditional_mlp,20260923,0.8999999761581421,3,1,000001.SZ,depth,unseen_q
20260528,0,0.2569950222969055,1.8210753202438354,1.6338565349578857,0.9567099567099567,0.9567099567099567,conditional_mlp,20260923,0.8999999761581421,3,1,000001.SZ,depth,unseen_q
20260528,1,0.25688406825065613,1.4788076877593994,1.2062994241714478,0.9656652360515021,0.9656652360515021,conditional_mlp,20260923,0.8999999761581421,3,1,000001.SZ,depth,unseen_q
20260529,0,0.24274380505084991,1.7840386629104614,1.6231889724731445,0.9741379310344828,0.9741379310344828,conditional_mlp,20260923,0.8999999761581421,3,1,000001.SZ,depth,unseen_q
20260529,1,0.4867132306098938,2.390482187271118,1.7713199853897095,0.9098712446351931,0.9098712446351931,conditional_mlp,20260923,0.8999999761581421,3,1,000001.SZ,depth,unseen_q
20260506,0,0.3733791410923004,2.0184290409088135,1.5895885229110718,0.9438775510204082,0.9438775510204082,conditional_mlp,20260923,0.8999999761581421,9,1,000001.SZ,depth,unseen_q
20260506,1,0.314309686422348,1.7054387331008911,1.3460243940353394,0.9051724137931034,0.9051724137931034,conditional_mlp,20260923,0.8999999761581421,9,1,000001.SZ,depth,unseen_q
20260507,0,0.44298335909843445,2.2910244464874268,1.7563225030899048,0.8969957081545065,0.8969957081545065,conditional_mlp,20260923,0.8999999761581421,9,1,000001.SZ,depth,unseen_q
20260507,1,0.3643501400947571,2.103381872177124,1.7183520793914795,0.9484978540772532,0.9484978540772532,conditional_mlp,20260923,0.8999999761581421,9,1,000001.SZ,depth,unseen_q
20260508,0,0.44615787267684937,1.9825950860977173,1.3628493547439575,0.915929203539823,0.915929203539823,conditional_mlp,20260923,0.8999999761581421,9,1,000001.SZ,depth,unseen_q
20260508,1,0.515579104423523,1.7119168043136597,0.8509480953216553,0.8810572687224669,0.8810572687224669,conditional_mlp,20260923,0.8999999761581421,9,1,000001.SZ,depth,unseen_q
20260511,0,0.43927472829818726,2.341416835784912,1.8285844326019287,0.8782608695652174,0.8782608695652174,conditional_mlp,20260923,0.8999999761581421,9,1,000001.SZ,depth,unseen_q
20260511,1,0.40096384286880493,2.6180074214935303,2.2701001167297363,0.9353448275862069,0.9353448275862069,conditional_mlp,20260923,0.8999999761581421,9,1,000001.SZ,depth,unseen_q
20260512,0,0.5646920800209045,2.362579822540283,1.5414947271347046,0.8951965065502183,0.8951965065502183,conditional_mlp,20260923,0.8999999761581421,9,1,000001.SZ,depth,unseen_q
20260512,1,0.4726460874080658,2.1344707012176514,1.4864732027053833,0.9173913043478261,0.9173913043478261,conditional_mlp,20260923,0.8999999761581421,9,1,000001.SZ,depth,unseen_q
20260513,0,0.42031726241111755,1.9118294715881348,1.338993787765503,0.8879310344827587,0.8879310344827587,conditional_mlp,20260923,0.8999999761581421,9,1,000001.SZ,depth,unseen_q
20260513,1,0.2563883662223816,1.3481837511062622,1.044258713722229,0.9399141630901288,0.9399141630901288,conditional_mlp,20260923,0.8999999761581421,9,1,000001.SZ,depth,unseen_q
20260514,0,0.3384777009487152,2.223440647125244,1.933106780052185,0.9437229437229437,0.9437229437229437,conditional_mlp,20260923,0.8999999761581421,9,1,000001.SZ,depth,unseen_q
20260514,1,0.4514898955821991,2.091132640838623,1.4851912260055542,0.9177489177489178,0.9177489177489178,conditional_mlp,20260923,0.8999999761581421,9,1,000001.SZ,depth,unseen_q
20260515,0,0.48336899280548096,2.1579997539520264,1.4890774488449097,0.8502202643171806,0.8502202643171806,conditional_mlp,20260923,0.8999999761581421,9,1,000001.SZ,depth,unseen_q
20260515,1,0.3720618188381195,1.800182580947876,1.3200736045837402,0.9184549356223176,0.927038626609442,conditional_mlp,20260923,0.8999999761581421,9,1,000001.SZ,depth,unseen_q
20260518,0,0.36475253105163574,2.284816265106201,1.9441391229629517,0.9425837320574163,0.9425837320574163,conditional_mlp,20260923,0.8999999761581421,9,1,000001.SZ,depth,unseen_q
20260518,1,0.40440863370895386,2.065882444381714,1.5713316202163696,0.9356223175965666,0.9356223175965666,conditional_mlp,20260923,0.8999999761581421,9,1,000001.SZ,depth,unseen_q
20260519,0,0.5054004788398743,2.659404993057251,2.0607552528381348,0.9177489177489178,0.9177489177489178,conditional_mlp,20260923,0.8999999761581421,9,1,000001.SZ,depth,unseen_q
20260519,1,0.3964683413505554,2.3125483989715576,1.8995147943496704,0.9310344827586207,0.9310344827586207,conditional_mlp,20260923,0.8999999761581421,9,1,000001.SZ,depth,unseen_q
20260520,0,0.4654058516025543,2.4043948650360107,1.841978907585144,0.9022222222222223,0.9022222222222223,conditional_mlp,20260923,0.8999999761581421,9,1,000001.SZ,depth,unseen_q
20260520,1,0.4055200219154358,1.944411039352417,1.4167137145996094,0.9217391304347826,0.9217391304347826,conditional_mlp,20260923,0.8999999761581421,9,1,000001.SZ,depth,unseen_q
20260521,0,0.36718782782554626,1.8785979747772217,1.430277943611145,0.8879310344827587,0.8879310344827587,conditional_mlp,20260923,0.8999999761581421,9,1,000001.SZ,depth,unseen_q
20260521,1,0.41903918981552124,1.5471247434616089,0.886307954788208,0.8755364806866953,0.8755364806866953,conditional_mlp,20260923,0.8999999761581421,9,1,000001.SZ,depth,unseen_q
20260522,0,0.40590304136276245,2.5509302616119385,2.173905372619629,0.922077922077922,0.922077922077922,conditional_mlp,20260923,0.8999999761581421,9,1,000001.SZ,depth,unseen_q
20260522,1,0.38868415355682373,1.8870947360992432,1.3871581554412842,0.927038626609442,0.927038626609442,conditional_mlp,20260923,0.8999999761581421,9,1,000001.SZ,depth,unseen_q
20260525,0,0.39313000440597534,2.371264696121216,1.9812560081481934,0.9391304347826087,0.9391304347826087,conditional_mlp,20260923,0.8999999761581421,9,1,000001.SZ,depth,unseen_q
20260525,1,0.3828677237033844,2.1728036403656006,1.7588353157043457,0.9307359307359307,0.9307359307359307,conditional_mlp,20260923,0.8999999761581421,9,1,000001.SZ,depth,unseen_q
20260526,0,0.4836899936199188,2.2758944034576416,1.6356430053710938,0.8577586206896551,0.8577586206896551,conditional_mlp,20260923,0.8999999761581421,9,1,000001.SZ,depth,unseen_q
20260526,1,0.393074095249176,2.3179821968078613,1.9147926568984985,0.9396551724137931,0.9396551724137931,conditional_mlp,20260923,0.8999999761581421,9,1,000001.SZ,depth,unseen_q
20260528,0,0.4119527041912079,2.135728359222412,1.6397788524627686,0.9177489177489178,0.9177489177489178,conditional_mlp,20260923,0.8999999761581421,9,1,000001.SZ,depth,unseen_q
20260528,1,0.29059845209121704,1.7324050664901733,1.4390102624893188,0.944206008583691,0.944206008583691,conditional_mlp,20260923,0.8999999761581421,9,1,000001.SZ,depth,unseen_q
20260529,0,0.44415950775146484,2.1816465854644775,1.61665940284729,0.8922413793103449,0.8922413793103449,conditional_mlp,20260923,0.8999999761581421,9,1,000001.SZ,depth,unseen_q
20260529,1,0.5921019911766052,2.7939088344573975,2.012131452560425,0.8669527896995708,0.8669527896995708,conditional_mlp,20260923,0.8999999761581421,9,1,000001.SZ,depth,unseen_q
20260506,0,0.5325019359588623,2.8444933891296387,2.2243618965148926,0.9132653061224489,0.9132653061224489,conditional_mlp,20260923,0.8999999761581421,30,1,000001.SZ,depth,unseen_q
20260506,1,0.5944021940231323,2.3596227169036865,1.463523030281067,0.8491379310344828,0.8491379310344828,conditional_mlp,20260923,0.8999999761581421,30,1,000001.SZ,depth,unseen_q
20260507,0,0.6083692312240601,2.962944507598877,2.18275785446167,0.871244635193133,0.871244635193133,conditional_mlp,20260923,0.8999999761581421,30,1,000001.SZ,depth,unseen_q
20260507,1,0.6781007051467896,2.781761407852173,1.7819499969482422,0.8540772532188842,0.8540772532188842,conditional_mlp,20260923,0.8999999761581421,30,1,000001.SZ,depth,unseen_q
20260508,0,0.7155442237854004,2.723559856414795,1.6155892610549927,0.8451327433628318,0.8451327433628318,conditional_mlp,20260923,0.8999999761581421,30,1,000001.SZ,depth,unseen_q
20260508,1,0.8031207919120789,2.6285293102264404,1.2778596878051758,0.7973568281938326,0.7973568281938326,conditional_mlp,20260923,0.8999999761581421,30,1,000001.SZ,depth,unseen_q
20260511,0,0.7102345824241638,3.6033902168273926,2.728651523590088,0.8434782608695652,0.8434782608695652,conditional_mlp,20260923,0.8999999761581421,30,1,000001.SZ,depth,unseen_q
20260511,1,0.7760612964630127,3.4156081676483154,2.3293569087982178,0.8362068965517241,0.8362068965517241,conditional_mlp,20260923,0.8999999761581421,30,1,000001.SZ,depth,unseen_q
20260512,0,0.7078046798706055,3.012681484222412,1.9963401556015015,0.8427947598253275,0.8427947598253275,conditional_mlp,20260923,0.8999999761581421,30,1,000001.SZ,depth,unseen_q
20260512,1,0.5634014010429382,2.795710563659668,2.086134910583496,0.8652173913043478,0.8652173913043478,conditional_mlp,20260923,0.8999999761581421,30,1,000001.SZ,depth,unseen_q
20260513,0,0.7601144909858704,2.7713654041290283,1.5639207363128662,0.7672413793103449,0.7672413793103449,conditional_mlp,20260923,0.8999999761581421,30,1,000001.SZ,depth,unseen_q
20260513,1,0.43406572937965393,2.0161352157592773,1.435004711151123,0.8669527896995708,0.8669527896995708,conditional_mlp,20260923,0.8999999761581421,30,1,000001.SZ,depth,unseen_q
20260514,0,0.7289127707481384,3.524503469467163,2.5833473205566406,0.8701298701298701,0.8701298701298701,conditional_mlp,20260923,0.8999999761581421,30,1,000001.SZ,depth,unseen_q
20260514,1,0.7094994187355042,2.8906219005584717,1.8395289182662964,0.8268398268398268,0.8268398268398268,conditional_mlp,20260923,0.8999999761581421,30,1,000001.SZ,depth,unseen_q
20260515,0,0.76545649766922,2.9574360847473145,1.7831541299819946,0.7973568281938326,0.7973568281938326,conditional_mlp,20260923,0.8999999761581421,30,1,000001.SZ,depth,unseen_q
20260515,1,0.5345162749290466,2.5082130432128906,1.7989757061004639,0.871244635193133,0.871244635193133,conditional_mlp,20260923,0.8999999761581421,30,1,000001.SZ,depth,unseen_q
20260518,0,0.5715633630752563,3.0379419326782227,2.3685190677642822,0.8851674641148325,0.8851674641148325,conditional_mlp,20260923,0.8999999761581421,30,1,000001.SZ,depth,unseen_q
20260518,1,0.6237208247184753,3.0020017623901367,2.1932003498077393,0.8969957081545065,0.8969957081545065,conditional_mlp,20260923,0.8999999761581421,30,1,000001.SZ,depth,unseen_q
20260519,0,0.5806853771209717,3.3834331035614014,2.7775778770446777,0.8961038961038961,0.8961038961038961,conditional_mlp,20260923,0.8999999761581421,30,1,000001.SZ,depth,unseen_q
20260519,1,0.5387555360794067,2.64632248878479,1.9610146284103394,0.8706896551724138,0.8706896551724138,conditional_mlp,20260923,0.8999999761581421,30,1,000001.SZ,depth,unseen_q
20260520,0,0.6098317503929138,3.1444385051727295,2.4059689044952393,0.8622222222222222,0.8622222222222222,conditional_mlp,20260923,0.8999999761581421,30,1,000001.SZ,depth,unseen_q
20260520,1,0.6089112162590027,2.658181667327881,1.800449252128601,0.8782608695652174,0.8782608695652174,conditional_mlp,20260923,0.8999999761581421,30,1,000001.SZ,depth,unseen_q
20260521,0,0.7169132828712463,2.9800963401794434,1.9328372478485107,0.8232758620689655,0.8232758620689655,conditional_mlp,20260923,0.8999999761581421,30,1,000001.SZ,depth,unseen_q
20260521,1,0.6092123985290527,2.251044511795044,1.2907745838165283,0.8283261802575107,0.8283261802575107,conditional_mlp,20260923,0.8999999761581421,30,1,000001.SZ,depth,unseen_q
20260522,0,0.6802858114242554,3.5033559799194336,2.678480386734009,0.8874458874458875,0.8874458874458875,conditional_mlp,20260923,0.8999999761581421,30,1,000001.SZ,depth,unseen_q
20260522,1,0.5817442536354065,2.5974767208099365,1.7924855947494507,0.8626609442060086,0.8626609442060086,conditional_mlp,20260923,0.8999999761581421,30,1,000001.SZ,depth,unseen_q
20260525,0,0.6030903458595276,3.0139365196228027,2.259694814682007,0.8739130434782608,0.8739130434782608,conditional_mlp,20260923,0.8999999761581421,30,1,000001.SZ,depth,unseen_q
20260525,1,0.48233675956726074,3.012775182723999,2.5601272583007812,0.9307359307359307,0.9307359307359307,conditional_mlp,20260923,0.8999999761581421,30,1,000001.SZ,depth,unseen_q
20260526,0,0.7656307220458984,3.3566126823425293,2.281689167022705,0.8362068965517241,0.8362068965517241,conditional_mlp,20260923,0.8999999761581421,30,1,000001.SZ,depth,unseen_q
20260526,1,0.7449923157691956,3.3553977012634277,2.3317666053771973,0.8620689655172413,0.8620689655172413,conditional_mlp,20260923,0.8999999761581421,30,1,000001.SZ,depth,unseen_q
20260528,0,0.6098589301109314,3.0116918087005615,2.2399675846099854,0.8268398268398268,0.8268398268398268,conditional_mlp,20260923,0.8999999761581421,30,1,000001.SZ,depth,unseen_q
20260528,1,0.5882620215415955,2.5782322883605957,1.7521356344223022,0.8454935622317596,0.8454935622317596,conditional_mlp,20260923,0.8999999761581421,30,1,000001.SZ,depth,unseen_q
20260529,0,0.7120879888534546,3.313138008117676,2.3612027168273926,0.8448275862068966,0.8448275862068966,conditional_mlp,20260923,0.8999999761581421,30,1,000001.SZ,depth,unseen_q
20260529,1,0.978964626789093,3.7454376220703125,2.2343857288360596,0.7896995708154506,0.7896995708154506,conditional_mlp,20260923,0.8999999761581421,30,1,000001.SZ,depth,unseen_q
20260506,0,0.22595185041427612,0.45190370082855225,0.04859374463558197,0.5918367346938775,0.5918367346938775,deeponet,20260921,0.5,3,1,000001.SZ,depth,unseen_q
20260506,1,0.29934436082839966,0.5986887216567993,-0.08163438737392426,0.5517241379310345,0.5689655172413793,deeponet,20260921,0.5,3,1,000001.SZ,depth,unseen_q
20260507,0,0.32773834466934204,0.6554766893386841,0.06149838864803314,0.5236051502145923,0.5236051502145923,deeponet,20260921,0.5,3,1,000001.SZ,depth,unseen_q
20260507,1,0.2881060242652893,0.5762120485305786,-0.04489920288324356,0.5579399141630901,0.6008583690987125,deeponet,20260921,0.5,3,1,000001.SZ,depth,unseen_q
20260508,0,0.35179299116134644,0.7035859823226929,0.001745214220136404,0.5619469026548672,0.5707964601769911,deeponet,20260921,0.5,3,1,000001.SZ,depth,unseen_q
20260508,1,0.2709803283214569,0.5419606566429138,-0.1444758176803589,0.46255506607929514,0.4933920704845815,deeponet,20260921,0.5,3,1,000001.SZ,depth,unseen_q
20260511,0,0.3388005197048187,0.6776010394096375,-0.23389078676700592,0.47391304347826085,0.47391304347826085,deeponet,20260921,0.5,3,1,000001.SZ,depth,unseen_q
20260511,1,0.25008735060691833,0.5001747012138367,0.08606402575969696,0.5431034482758621,0.5474137931034483,deeponet,20260921,0.5,3,1,000001.SZ,depth,unseen_q
20260512,0,0.3694670796394348,0.7389341592788696,-0.08931033313274384,0.48034934497816595,0.48034934497816595,deeponet,20260921,0.5,3,1,000001.SZ,depth,unseen_q
20260512,1,0.281325101852417,0.562650203704834,-0.10626432299613953,0.6565217391304348,0.6565217391304348,deeponet,20260921,0.5,3,1,000001.SZ,depth,unseen_q
20260513,0,0.2762144207954407,0.5524288415908813,0.08654920756816864,0.5991379310344828,0.5991379310344828,deeponet,20260921,0.5,3,1,000001.SZ,depth,unseen_q
20260513,1,0.148946613073349,0.297893226146698,-0.01986142061650753,0.6351931330472103,0.6995708154506438,deeponet,20260921,0.5,3,1,000001.SZ,depth,unseen_q
20260514,0,0.2907152771949768,0.5814305543899536,0.0766807273030281,0.49783549783549785,0.49783549783549785,deeponet,20260921,0.5,3,1,000001.SZ,depth,unseen_q
20260514,1,0.2792295515537262,0.5584591031074524,-0.1003764420747757,0.5887445887445888,0.6103896103896104,deeponet,20260921,0.5,3,1,000001.SZ,depth,unseen_q
20260515,0,0.5406611561775208,1.0813223123550415,-0.16832832992076874,0.44933920704845814,0.44933920704845814,deeponet,20260921,0.5,3,1,000001.SZ,depth,unseen_q
20260515,1,0.3805975317955017,0.7611950635910034,0.07935256510972977,0.6866952789699571,0.7339055793991416,deeponet,20260921,0.5,3,1,000001.SZ,depth,unseen_q
20260518,0,0.25624462962150574,0.5124892592430115,0.026058848947286606,0.5550239234449761,0.5550239234449761,deeponet,20260921,0.5,3,1,000001.SZ,depth,unseen_q
20260518,1,0.29338911175727844,0.5867782235145569,-0.11408697068691254,0.6609442060085837,0.6652360515021459,deeponet,20260921,0.5,3,1,000001.SZ,depth,unseen_q
20260519,0,0.40564975142478943,0.8112995028495789,0.1284978836774826,0.5627705627705628,0.5627705627705628,deeponet,20260921,0.5,3,1,000001.SZ,depth,unseen_q
20260519,1,0.34063220024108887,0.6812644004821777,0.0020200239960104227,0.603448275862069,0.625,deeponet,20260921,0.5,3,1,000001.SZ,depth,unseen_q
20260520,0,0.24136145412921906,0.4827229082584381,-0.07054994255304337,0.48444444444444446,0.48444444444444446,deeponet,20260921,0.5,3,1,000001.SZ,depth,unseen_q
20260520,1,0.16071870923042297,0.32143741846084595,0.023012632504105568,0.6086956521739131,0.6652173913043479,deeponet,20260921,0.5,3,1,000001.SZ,depth,unseen_q
20260521,0,0.3304392099380493,0.6608784198760986,0.05789117515087128,0.5560344827586207,0.5818965517241379,deeponet,20260921,0.5,3,1,000001.SZ,depth,unseen_q
20260521,1,0.29553985595703125,0.5910797119140625,-0.11228927969932556,0.6266094420600858,0.6995708154506438,deeponet,20260921,0.5,3,1,000001.SZ,depth,unseen_q
20260522,0,0.36794421076774597,0.7358884215354919,0.23227204382419586,0.6320346320346321,0.6320346320346321,deeponet,20260921,0.5,3,1,000001.SZ,depth,unseen_q
20260522,1,0.27328360080718994,0.5465672016143799,-0.19260290265083313,0.5450643776824035,0.5836909871244635,deeponet,20260921,0.5,3,1,000001.SZ,depth,unseen_q
20260525,0,0.2611379325389862,0.5222758650779724,0.09197958558797836,0.5869565217391305,0.5869565217391305,deeponet,20260921,0.5,3,1,000001.SZ,depth,unseen_q
20260525,1,0.2883426249027252,0.5766852498054504,-0.11162358522415161,0.45454545454545453,0.48484848484848486,deeponet,20260921,0.5,3,1,000001.SZ,depth,unseen_q
20260526,0,0.3863838016986847,0.7727676033973694,0.13791364431381226,0.6120689655172413,0.6120689655172413,deeponet,20260921,0.5,3,1,000001.SZ,depth,unseen_q
20260526,1,0.32761427760124207,0.6552285552024841,-0.007624486926943064,0.5818965517241379,0.6336206896551724,deeponet,20260921,0.5,3,1,000001.SZ,depth,unseen_q
20260528,0,0.3172582983970642,0.6345165967941284,0.13113272190093994,0.5930735930735931,0.5930735930735931,deeponet,20260921,0.5,3,1,000001.SZ,depth,unseen_q
20260528,1,0.2708826959133148,0.5417653918266296,-0.0016364724142476916,0.6866952789699571,0.7081545064377682,deeponet,20260921,0.5,3,1,000001.SZ,depth,unseen_q
20260529,0,0.3867654800415039,0.7735309600830078,0.26246878504753113,0.6810344827586207,0.6939655172413793,deeponet,20260921,0.5,3,1,000001.SZ,depth,unseen_q
20260529,1,0.5498787760734558,1.0997575521469116,-0.2077212780714035,0.5708154506437768,0.5708154506437768,deeponet,20260921,0.5,3,1,000001.SZ,depth,unseen_q
20260506,0,0.47375714778900146,0.9475142955780029,0.09296992421150208,0.5561224489795918,0.5561224489795918,deeponet,20260921,0.5,9,1,000001.SZ,depth,unseen_q
20260506,1,0.4590981900691986,0.9181963801383972,-0.007705602329224348,0.5818965517241379,0.5818965517241379,deeponet,20260921,0.5,9,1,000001.SZ,depth,unseen_q
20260507,0,0.6606376767158508,1.3212753534317017,-0.13734070956707,0.48497854077253216,0.48497854077253216,deeponet,20260921,0.5,9,1,000001.SZ,depth,unseen_q
20260507,1,0.5360023379325867,1.0720046758651733,0.11272960156202316,0.5407725321888412,0.5407725321888412,deeponet,20260921,0.5,9,1,000001.SZ,depth,unseen_q
20260508,0,0.5932832360267639,1.1865664720535278,0.04541083425283432,0.5486725663716814,0.5575221238938053,deeponet,20260921,0.5,9,1,000001.SZ,depth,unseen_q
20260508,1,0.5565004348754883,1.1130008697509766,-0.41248619556427,0.47577092511013214,0.47577092511013214,deeponet,20260921,0.5,9,1,000001.SZ,depth,unseen_q
20260511,0,0.5576704740524292,1.1153409481048584,-0.5049313306808472,0.43478260869565216,0.43478260869565216,deeponet,20260921,0.5,9,1,000001.SZ,depth,unseen_q
20260511,1,0.5375351905822754,1.0750703811645508,0.1267169564962387,0.5258620689655172,0.5258620689655172,deeponet,20260921,0.5,9,1,000001.SZ,depth,unseen_q
20260512,0,0.7489895820617676,1.4979791641235352,-0.20493370294570923,0.49344978165938863,0.49344978165938863,deeponet,20260921,0.5,9,1,000001.SZ,depth,unseen_q
20260512,1,0.5380359888076782,1.0760719776153564,-0.1527266651391983,0.6434782608695652,0.6434782608695652,deeponet,20260921,0.5,9,1,000001.SZ,depth,unseen_q
20260513,0,0.5467920899391174,1.0935841798782349,-0.043831922113895416,0.5818965517241379,0.5818965517241379,deeponet,20260921,0.5,9,1,000001.SZ,depth,unseen_q
20260513,1,0.3437213897705078,0.6874427795410156,0.09261097013950348,0.6952789699570815,0.6952789699570815,deeponet,20260921,0.5,9,1,000001.SZ,depth,unseen_q
20260514,0,0.5346428751945496,1.0692857503890991,0.07591039687395096,0.47186147186147187,0.47186147186147187,deeponet,20260921,0.5,9,1,000001.SZ,depth,unseen_q
20260514,1,0.5484219789505005,1.096843957901001,-0.2067386358976364,0.5021645021645021,0.5064935064935064,deeponet,20260921,0.5,9,1,000001.SZ,depth,unseen_q
20260515,0,0.7231795787811279,1.4463591575622559,-0.23946905136108398,0.45374449339207046,0.45374449339207046,deeponet,20260921,0.5,9,1,000001.SZ,depth,unseen_q
20260515,1,0.46918347477912903,0.9383669495582581,0.050702787935733795,0.7124463519313304,0.7339055793991416,deeponet,20260921,0.5,9,1,000001.SZ,depth,unseen_q
20260518,0,0.5115214586257935,1.023042917251587,-0.04050347954034805,0.5167464114832536,0.5167464114832536,deeponet,20260921,0.5,9,1,000001.SZ,depth,unseen_q
20260518,1,0.45210641622543335,0.9042128324508667,-0.12170806527137756,0.6051502145922747,0.6051502145922747,deeponet,20260921,0.5,9,1,000001.SZ,depth,unseen_q
20260519,0,0.6153266429901123,1.2306532859802246,-0.2032565176486969,0.49783549783549785,0.49783549783549785,deeponet,20260921,0.5,9,1,000001.SZ,depth,unseen_q
20260519,1,0.5921342372894287,1.1842684745788574,0.14849379658699036,0.5862068965517241,0.5862068965517241,deeponet,20260921,0.5,9,1,000001.SZ,depth,unseen_q
20260520,0,0.6193231344223022,1.2386462688446045,-0.06829801201820374,0.49777777777777776,0.49777777777777776,deeponet,20260921,0.5,9,1,000001.SZ,depth,unseen_q
20260520,1,0.5377579927444458,1.0755159854888916,-0.13412941992282867,0.6304347826086957,0.6434782608695652,deeponet,20260921,0.5,9,1,000001.SZ,depth,unseen_q
20260521,0,0.6142424941062927,1.2284849882125854,0.12869378924369812,0.5172413793103449,0.5172413793103449,deeponet,20260921,0.5,9,1,000001.SZ,depth,unseen_q
20260521,1,0.4827473759651184,0.9654947519302368,-0.24448610842227936,0.6266094420600858,0.6566523605150214,deeponet,20260921,0.5,9,1,000001.SZ,depth,unseen_q
20260522,0,0.6141430139541626,1.2282860279083252,0.16399550437927246,0.6017316017316018,0.6017316017316018,deeponet,20260921,0.5,9,1,000001.SZ,depth,unseen_q
20260522,1,0.560285747051239,1.120571494102478,-0.1851733773946762,0.5107296137339056,0.5236051502145923,deeponet,20260921,0.5,9,1,000001.SZ,depth,unseen_q
20260525,0,0.48749810457229614,0.9749962091445923,0.019330721348524094,0.5391304347826087,0.5391304347826087,deeponet,20260921,0.5,9,1,000001.SZ,depth,unseen_q
20260525,1,0.48783639073371887,0.9756727814674377,-0.1852606236934662,0.5064935064935064,0.5064935064935064,deeponet,20260921,0.5,9,1,000001.SZ,depth,unseen_q
20260526,0,0.6714032292366028,1.3428064584732056,-0.3230360150337219,0.4870689655172414,0.4870689655172414,deeponet,20260921,0.5,9,1,000001.SZ,depth,unseen_q
20260526,1,0.5910945534706116,1.1821891069412231,0.09800054877996445,0.6163793103448276,0.6163793103448276,deeponet,20260921,0.5,9,1,000001.SZ,depth,unseen_q
20260528,0,0.6032004356384277,1.2064008712768555,-0.031722310930490494,0.5497835497835498,0.5497835497835498,deeponet,20260921,0.5,9,1,000001.SZ,depth,unseen_q
20260528,1,0.3918673098087311,0.7837346196174622,0.06752566993236542,0.6909871244635193,0.6952789699570815,deeponet,20260921,0.5,9,1,000001.SZ,depth,unseen_q
20260529,0,0.6385866403579712,1.2771732807159424,0.06693705171346664,0.6163793103448276,0.6206896551724138,deeponet,20260921,0.5,9,1,000001.SZ,depth,unseen_q
20260529,1,0.8571224212646484,1.7142448425292969,-0.17670953273773193,0.5407725321888412,0.5407725321888412,deeponet,20260921,0.5,9,1,000001.SZ,depth,unseen_q
20260506,0,0.7974276542663574,1.5948553085327148,0.2667491137981415,0.6122448979591837,0.6122448979591837,deeponet,20260921,0.5,30,1,000001.SZ,depth,unseen_q
20260506,1,0.8055552244186401,1.6111104488372803,-0.37225541472435,0.5603448275862069,0.5603448275862069,deeponet,20260921,0.5,30,1,000001.SZ,depth,unseen_q
20260507,0,1.0016523599624634,2.0033047199249268,-0.24254266917705536,0.5321888412017167,0.5321888412017167,deeponet,20260921,0.5,30,1,000001.SZ,depth,unseen_q
20260507,1,0.9334344267845154,1.8668688535690308,-0.33697834610939026,0.5407725321888412,0.5407725321888412,deeponet,20260921,0.5,30,1,000001.SZ,depth,unseen_q
20260508,0,0.9775135517120361,1.9550271034240723,-0.21118290722370148,0.5132743362831859,0.5132743362831859,deeponet,20260921,0.5,30,1,000001.SZ,depth,unseen_q
20260508,1,1.014569878578186,2.029139757156372,-0.39710941910743713,0.5462555066079295,0.5462555066079295,deeponet,20260921,0.5,30,1,000001.SZ,depth,unseen_q
20260511,0,1.1714838743209839,2.3429677486419678,-0.13819007575511932,0.4826086956521739,0.4826086956521739,deeponet,20260921,0.5,30,1,000001.SZ,depth,unseen_q
20260511,1,1.1680258512496948,2.3360517024993896,-0.4202854335308075,0.4698275862068966,0.4698275862068966,deeponet,20260921,0.5,30,1,000001.SZ,depth,unseen_q
20260512,0,1.1054993867874146,2.210998773574829,-0.2658214867115021,0.4978165938864629,0.4978165938864629,deeponet,20260921,0.5,30,1,000001.SZ,depth,unseen_q
20260512,1,0.893690288066864,1.787380576133728,-0.03981413319706917,0.5521739130434783,0.5521739130434783,deeponet,20260921,0.5,30,1,000001.SZ,depth,unseen_q
20260513,0,1.0721648931503296,2.144329786300659,-0.3051854372024536,0.5,0.5,deeponet,20260921,0.5,30,1,000001.SZ,depth,unseen_q
20260513,1,0.6996601819992065,1.399320363998413,0.08490598201751709,0.648068669527897,0.648068669527897,deeponet,20260921,0.5,30,1,000001.SZ,depth,unseen_q
20260514,0,1.1349098682403564,2.269819736480713,0.22034284472465515,0.5627705627705628,0.5627705627705628,deeponet,20260921,0.5,30,1,000001.SZ,depth,unseen_q
20260514,1,1.0174449682235718,2.0348899364471436,-0.4205458462238312,0.46320346320346323,0.46320346320346323,deeponet,20260921,0.5,30,1,000001.SZ,depth,unseen_q
20260515,0,1.0595767498016357,2.1191534996032715,-0.4439699947834015,0.4845814977973568,0.4845814977973568,deeponet,20260921,0.5,30,1,000001.SZ,depth,unseen_q
20260515,1,0.7496074438095093,1.4992148876190186,0.10048913955688477,0.721030042918455,0.7339055793991416,deeponet,20260921,0.5,30,1,000001.SZ,depth,unseen_q
20260518,0,0.9646000266075134,1.9292000532150269,-0.2102774828672409,0.4258373205741627,0.4258373205741627,deeponet,20260921,0.5,30,1,000001.SZ,depth,unseen_q
20260518,1,0.775060772895813,1.550121545791626,-0.08747211843729019,0.6394849785407726,0.6394849785407726,deeponet,20260921,0.5,30,1,000001.SZ,depth,unseen_q
20260519,0,0.8944451808929443,1.7888903617858887,-0.028134549036622047,0.5194805194805194,0.5194805194805194,deeponet,20260921,0.5,30,1,000001.SZ,depth,unseen_q
20260519,1,0.8287777304649353,1.6575554609298706,-0.4186302125453949,0.5086206896551724,0.5086206896551724,deeponet,20260921,0.5,30,1,000001.SZ,depth,unseen_q
20260520,0,0.9769234657287598,1.9538469314575195,-0.045262303203344345,0.5333333333333333,0.5333333333333333,deeponet,20260921,0.5,30,1,000001.SZ,depth,unseen_q
20260520,1,0.8777262568473816,1.7554525136947632,-0.26333341002464294,0.6434782608695652,0.6434782608695652,deeponet,20260921,0.5,30,1,000001.SZ,depth,unseen_q
20260521,0,1.0613726377487183,2.1227452754974365,0.15532509982585907,0.5517241379310345,0.5517241379310345,deeponet,20260921,0.5,30,1,000001.SZ,depth,unseen_q
20260521,1,0.8839106559753418,1.7678213119506836,-0.29798969626426697,0.6137339055793991,0.6180257510729614,deeponet,20260921,0.5,30,1,000001.SZ,depth,unseen_q
20260522,0,1.068746566772461,2.137493133544922,0.18710994720458984,0.5887445887445888,0.5887445887445888,deeponet,20260921,0.5,30,1,000001.SZ,depth,unseen_q
20260522,1,0.9222745895385742,1.8445491790771484,-0.37513267993927,0.5150214592274678,0.5150214592274678,deeponet,20260921,0.5,30,1,000001.SZ,depth,unseen_q
20260525,0,0.8864309191703796,1.7728618383407593,-0.25252553820610046,0.5304347826086957,0.5304347826086957,deeponet,20260921,0.5,30,1,000001.SZ,depth,unseen_q
20260525,1,0.7799369096755981,1.5598738193511963,0.0036682793870568275,0.5584415584415584,0.5584415584415584,deeponet,20260921,0.5,30,1,000001.SZ,depth,unseen_q
20260526,0,1.2028872966766357,2.4057745933532715,-0.21824850142002106,0.5,0.5,deeponet,20260921,0.5,30,1,000001.SZ,depth,unseen_q
20260526,1,1.0620042085647583,2.1240084171295166,-0.0481393076479435,0.603448275862069,0.603448275862069,deeponet,20260921,0.5,30,1,000001.SZ,depth,unseen_q
20260528,0,0.9813094735145569,1.9626189470291138,0.044028159230947495,0.5411255411255411,0.5411255411255411,deeponet,20260921,0.5,30,1,000001.SZ,depth,unseen_q
20260528,1,0.7933050990104675,1.586610198020935,-0.14416289329528809,0.6609442060085837,0.6609442060085837,deeponet,20260921,0.5,30,1,000001.SZ,depth,unseen_q
20260529,0,1.0767229795455933,2.1534459590911865,0.25135451555252075,0.625,0.6293103448275862,deeponet,20260921,0.5,30,1,000001.SZ,depth,unseen_q
20260529,1,1.4698805809020996,2.939761161804199,-0.5470988154411316,0.48068669527896996,0.48068669527896996,deeponet,20260921,0.5,30,1,000001.SZ,depth,unseen_q
20260506,0,0.2659405469894409,2.0083982944488525,1.8456465005874634,0.9744897959183674,0.9744897959183674,deeponet,20260921,0.8999999761581421,3,1,000001.SZ,depth,unseen_q
20260506,1,0.2494623363018036,1.733859658241272,1.5436686277389526,0.9655172413793104,0.9655172413793104,deeponet,20260921,0.8999999761581421,3,1,000001.SZ,depth,unseen_q
20260507,0,0.2581479847431183,2.185455322265625,2.086449384689331,0.9527896995708155,0.9527896995708155,deeponet,20260921,0.8999999761581421,3,1,000001.SZ,depth,unseen_q
20260507,1,0.2745228707790375,2.0325188636779785,1.8543415069580078,0.9699570815450643,0.9699570815450643,deeponet,20260921,0.8999999761581421,3,1,000001.SZ,depth,unseen_q
20260508,0,0.2847154438495636,1.7940367460250854,1.5307574272155762,0.9469026548672567,0.9469026548672567,deeponet,20260921,0.8999999761581421,3,1,000001.SZ,depth,unseen_q
20260508,1,0.2649015486240387,1.6875801086425781,1.4472213983535767,0.947136563876652,0.947136563876652,deeponet,20260921,0.8999999761581421,3,1,000001.SZ,depth,unseen_q
20260511,0,0.36092111468315125,2.4779231548309326,2.195101022720337,0.9521739130434783,0.9521739130434783,deeponet,20260921,0.8999999761581421,3,1,000001.SZ,depth,unseen_q
20260511,1,0.27717486023902893,2.2629246711730957,2.135718822479248,0.9612068965517241,0.9612068965517241,deeponet,20260921,0.8999999761581421,3,1,000001.SZ,depth,unseen_q
20260512,0,0.32346150279045105,1.9396462440490723,1.6159042119979858,0.9606986899563319,0.9606986899563319,deeponet,20260921,0.8999999761581421,3,1,000001.SZ,depth,unseen_q
20260512,1,0.2600070536136627,1.7941011190414429,1.59260892868042,0.9304347826086956,0.9304347826086956,deeponet,20260921,0.8999999761581421,3,1,000001.SZ,depth,unseen_q
20260513,0,0.24096372723579407,1.7873265743255615,1.6317490339279175,0.9568965517241379,0.9568965517241379,deeponet,20260921,0.8999999761581421,3,1,000001.SZ,depth,unseen_q
20260513,1,0.16714228689670563,1.137367844581604,1.0038542747497559,0.9656652360515021,0.9656652360515021,deeponet,20260921,0.8999999761581421,3,1,000001.SZ,depth,unseen_q
20260514,0,0.2892533540725708,2.275280475616455,2.120967388153076,0.974025974025974,0.974025974025974,deeponet,20260921,0.8999999761581421,3,1,000001.SZ,depth,unseen_q
20260514,1,0.2764565646648407,1.9205902814865112,1.7095966339111328,0.9567099567099567,0.9567099567099567,deeponet,20260921,0.8999999761581421,3,1,000001.SZ,depth,unseen_q
20260515,0,0.3406130075454712,2.0112195014953613,1.662491798400879,0.8722466960352423,0.8722466960352423,deeponet,20260921,0.8999999761581421,3,1,000001.SZ,depth,unseen_q
20260515,1,0.3106447160243988,1.96316397190094,1.6773432493209839,0.9656652360515021,0.9656652360515021,deeponet,20260921,0.8999999761581421,3,1,000001.SZ,depth,unseen_q
20260518,0,0.2590812146663666,2.252182722091675,2.16752552986145,0.9760765550239234,0.9760765550239234,deeponet,20260921,0.8999999761581421,3,1,000001.SZ,depth,unseen_q
20260518,1,0.28412795066833496,2.074697971343994,1.8830527067184448,0.944206008583691,0.944206008583691,deeponet,20260921,0.8999999761581421,3,1,000001.SZ,depth,unseen_q
20260519,0,0.36633431911468506,3.106111526489258,2.966803789138794,0.9523809523809523,0.9523809523809523,deeponet,20260921,0.8999999761581421,3,1,000001.SZ,depth,unseen_q
20260519,1,0.3042827546596527,2.0881271362304688,1.8494521379470825,0.9525862068965517,0.9525862068965517,deeponet,20260921,0.8999999761581421,3,1,000001.SZ,depth,unseen_q
20260520,0,0.284579336643219,2.265695810317993,2.120671510696411,0.9644444444444444,0.9644444444444444,deeponet,20260921,0.8999999761581421,3,1,000001.SZ,depth,unseen_q
20260520,1,0.20251518487930298,1.8685057163238525,1.829344391822815,0.9782608695652174,0.9782608695652174,deeponet,20260921,0.8999999761581421,3,1,000001.SZ,depth,unseen_q
20260521,0,0.26177018880844116,1.9888180494308472,1.8315972089767456,0.978448275862069,0.978448275862069,deeponet,20260921,0.8999999761581421,3,1,000001.SZ,depth,unseen_q
20260521,1,0.2555803656578064,1.6611275672912598,1.4374587535858154,0.944206008583691,0.944206008583691,deeponet,20260921,0.8999999761581421,3,1,000001.SZ,depth,unseen_q
20260522,0,0.3078669309616089,2.773090124130249,2.696695327758789,0.974025974025974,0.974025974025974,deeponet,20260921,0.8999999761581421,3,1,000001.SZ,depth,unseen_q
20260522,1,0.2487540990114212,1.7840489149093628,1.6081759929656982,0.9527896995708155,0.9527896995708155,deeponet,20260921,0.8999999761581421,3,1,000001.SZ,depth,unseen_q
20260525,0,0.2614131569862366,2.2073442935943604,2.105647563934326,0.9782608695652174,0.9782608695652174,deeponet,20260921,0.8999999761581421,3,1,000001.SZ,depth,unseen_q
20260525,1,0.2649092674255371,1.9991800785064697,1.8367019891738892,0.9696969696969697,0.9696969696969697,deeponet,20260921,0.8999999761581421,3,1,000001.SZ,depth,unseen_q
20260526,0,0.3145217001438141,2.446957588195801,2.272392988204956,0.9612068965517241,0.9612068965517241,deeponet,20260921,0.8999999761581421,3,1,000001.SZ,depth,unseen_q
20260526,1,0.33287903666496277,2.109262228012085,1.8043802976608276,0.9525862068965517,0.9525862068965517,deeponet,20260921,0.8999999761581421,3,1,000001.SZ,depth,unseen_q
20260528,0,0.2627207636833191,2.1569809913635254,2.0394246578216553,0.974025974025974,0.974025974025974,deeponet,20260921,0.8999999761581421,3,1,000001.SZ,depth,unseen_q
20260528,1,0.23709528148174286,1.6349908113479614,1.4510003328323364,0.9613733905579399,0.9613733905579399,deeponet,20260921,0.8999999761581421,3,1,000001.SZ,depth,unseen_q
20260529,0,0.26792943477630615,2.2905983924865723,2.193424701690674,0.9827586206896551,0.9827586206896551,deeponet,20260921,0.8999999761581421,3,1,000001.SZ,depth,unseen_q
20260529,1,0.3893129825592041,2.5155699253082275,2.171180009841919,0.9141630901287554,0.9141630901287554,deeponet,20260921,0.8999999761581421,3,1,000001.SZ,depth,unseen_q
20260506,0,0.36123883724212646,2.3602302074432373,2.0471911430358887,0.9489795918367347,0.9489795918367347,deeponet,20260921,0.8999999761581421,9,1,000001.SZ,depth,unseen_q
20260506,1,0.2936204671859741,2.000126838684082,1.7661076784133911,0.9094827586206896,0.9094827586206896,deeponet,20260921,0.8999999761581421,9,1,000001.SZ,depth,unseen_q
20260507,0,0.41072070598602295,2.477240800857544,2.069749355316162,0.8669527896995708,0.8669527896995708,deeponet,20260921,0.8999999761581421,9,1,000001.SZ,depth,unseen_q
20260507,1,0.3553622364997864,2.4608659744262695,2.1876771450042725,0.9484978540772532,0.9484978540772532,deeponet,20260921,0.8999999761581421,9,1,000001.SZ,depth,unseen_q
20260508,0,0.39837610721588135,2.1661407947540283,1.7117359638214111,0.8982300884955752,0.8982300884955752,deeponet,20260921,0.8999999761581421,9,1,000001.SZ,depth,unseen_q
20260508,1,0.4237735867500305,1.9068633317947388,1.3241453170776367,0.8766519823788547,0.8766519823788547,deeponet,20260921,0.8999999761581421,9,1,000001.SZ,depth,unseen_q
20260511,0,0.43503326177597046,2.58132004737854,2.1390671730041504,0.8695652173913043,0.8695652173913043,deeponet,20260921,0.8999999761581421,9,1,000001.SZ,depth,unseen_q
20260511,1,0.3866967558860779,2.6664631366729736,2.366337299346924,0.9267241379310345,0.9267241379310345,deeponet,20260921,0.8999999761581421,9,1,000001.SZ,depth,unseen_q
20260512,0,0.49304264783859253,2.307776927947998,1.6521142721176147,0.8820960698689956,0.8820960698689956,deeponet,20260921,0.8999999761581421,9,1,000001.SZ,depth,unseen_q
20260512,1,0.4235348701477051,2.2068846225738525,1.6997687816619873,0.9043478260869565,0.9043478260869565,deeponet,20260921,0.8999999761581421,9,1,000001.SZ,depth,unseen_q
20260513,0,0.38277947902679443,2.075056552886963,1.6368720531463623,0.8793103448275862,0.8793103448275862,deeponet,20260921,0.8999999761581421,9,1,000001.SZ,depth,unseen_q
20260513,1,0.2642478942871094,1.496461272239685,1.2099570035934448,0.927038626609442,0.927038626609442,deeponet,20260921,0.8999999761581421,9,1,000001.SZ,depth,unseen_q
20260514,0,0.30040714144706726,2.4427714347839355,2.3024466037750244,0.9393939393939394,0.9393939393939394,deeponet,20260921,0.8999999761581421,9,1,000001.SZ,depth,unseen_q
20260514,1,0.44270455837249756,2.3018033504486084,1.7704929113388062,0.8961038961038961,0.8961038961038961,deeponet,20260921,0.8999999761581421,9,1,000001.SZ,depth,unseen_q
20260515,0,0.42321985960006714,2.249779462814331,1.754174828529358,0.8546255506607929,0.8546255506607929,deeponet,20260921,0.8999999761581421,9,1,000001.SZ,depth,unseen_q
20260515,1,0.3642115890979767,2.1636390686035156,1.7940200567245483,0.9399141630901288,0.9399141630901288,deeponet,20260921,0.8999999761581421,9,1,000001.SZ,depth,unseen_q
20260518,0,0.35905563831329346,2.552567958831787,2.2930707931518555,0.9425837320574163,0.9425837320574163,deeponet,20260921,0.8999999761581421,9,1,000001.SZ,depth,unseen_q
20260518,1,0.37830451130867004,2.4015419483184814,2.056166410446167,0.9141630901287554,0.9141630901287554,deeponet,20260921,0.8999999761581421,9,1,000001.SZ,depth,unseen_q
20260519,0,0.4869896173477173,3.282435655593872,2.885570526123047,0.9264069264069265,0.9264069264069265,deeponet,20260921,0.8999999761581421,9,1,000001.SZ,depth,unseen_q
20260519,1,0.3410218358039856,2.417848587036133,2.1697561740875244,0.9094827586206896,0.9094827586206896,deeponet,20260921,0.8999999761581421,9,1,000001.SZ,depth,unseen_q
20260520,0,0.4253315031528473,2.705354928970337,2.3183650970458984,0.9155555555555556,0.9155555555555556,deeponet,20260921,0.8999999761581421,9,1,000001.SZ,depth,unseen_q
20260520,1,0.36482366919517517,2.200655698776245,1.8387603759765625,0.9043478260869565,0.9043478260869565,deeponet,20260921,0.8999999761581421,9,1,000001.SZ,depth,unseen_q
20260521,0,0.3546486794948578,2.3578076362609863,2.060637950897217,0.9094827586206896,0.9094827586206896,deeponet,20260921,0.8999999761581421,9,1,000001.SZ,depth,unseen_q
20260521,1,0.32440218329429626,1.8065146207809448,1.4471379518508911,0.871244635193133,0.871244635193133,deeponet,20260921,0.8999999761581421,9,1,000001.SZ,depth,unseen_q
20260522,0,0.4445512890815735,3.165276527404785,2.845217704772949,0.9307359307359307,0.9307359307359307,deeponet,20260921,0.8999999761581421,9,1,000001.SZ,depth,unseen_q
20260522,1,0.3358131945133209,2.0991125106811523,1.7843576669692993,0.9098712446351931,0.9098712446351931,deeponet,20260921,0.8999999761581421,9,1,000001.SZ,depth,unseen_q
20260525,0,0.3707331120967865,2.511528968811035,2.212578773498535,0.9391304347826087,0.9391304347826087,deeponet,20260921,0.8999999761581421,9,1,000001.SZ,depth,unseen_q
20260525,1,0.3122330605983734,2.178157091140747,1.9421135187149048,0.935064935064935,0.935064935064935,deeponet,20260921,0.8999999761581421,9,1,000001.SZ,depth,unseen_q
20260526,0,0.4429258406162262,2.486391544342041,2.0006749629974365,0.8620689655172413,0.8620689655172413,deeponet,20260921,0.8999999761581421,9,1,000001.SZ,depth,unseen_q
20260526,1,0.35537368059158325,2.371927499771118,2.0764753818511963,0.9224137931034483,0.9224137931034483,deeponet,20260921,0.8999999761581421,9,1,000001.SZ,depth,unseen_q
20260528,0,0.3958684206008911,2.427785634994507,2.045060873031616,0.9264069264069265,0.9264069264069265,deeponet,20260921,0.8999999761581421,9,1,000001.SZ,depth,unseen_q
20260528,1,0.24916008114814758,1.8201743364334106,1.6523176431655884,0.9399141630901288,0.9399141630901288,deeponet,20260921,0.8999999761581421,9,1,000001.SZ,depth,unseen_q
20260529,0,0.4036741256713867,2.5436720848083496,2.1704049110412598,0.9181034482758621,0.9181034482758621,deeponet,20260921,0.8999999761581421,9,1,000001.SZ,depth,unseen_q
20260529,1,0.5087783336639404,2.9534144401550293,2.4198226928710938,0.8755364806866953,0.8755364806866953,deeponet,20260921,0.8999999761581421,9,1,000001.SZ,depth,unseen_q
20260506,0,0.536299467086792,3.1413888931274414,2.5859875679016113,0.8877551020408163,0.8877551020408163,deeponet,20260921,0.8999999761581421,30,1,000001.SZ,depth,unseen_q
20260506,1,0.5927309989929199,2.580273151397705,1.7435139417648315,0.8318965517241379,0.8318965517241379,deeponet,20260921,0.8999999761581421,30,1,000001.SZ,depth,unseen_q
20260507,0,0.5845322608947754,3.0801491737365723,2.3888559341430664,0.8540772532188842,0.8540772532188842,deeponet,20260921,0.8999999761581421,30,1,000001.SZ,depth,unseen_q
20260507,1,0.6408603191375732,2.996509552001953,2.143486261367798,0.8412017167381974,0.8412017167381974,deeponet,20260921,0.8999999761581421,30,1,000001.SZ,depth,unseen_q
20260508,0,0.6514085531234741,2.7223048210144043,1.774359941482544,0.7566371681415929,0.7566371681415929,deeponet,20260921,0.8999999761581421,30,1,000001.SZ,depth,unseen_q
20260508,1,0.7570749521255493,2.8532180786132812,1.6738351583480835,0.775330396475771,0.775330396475771,deeponet,20260921,0.8999999761581421,30,1,000001.SZ,depth,unseen_q
20260511,0,0.6322392821311951,3.6691243648529053,3.005807399749756,0.8391304347826087,0.8391304347826087,deeponet,20260921,0.8999999761581421,30,1,000001.SZ,depth,unseen_q
20260511,1,0.6713162064552307,3.1502838134765625,2.2595643997192383,0.8017241379310345,0.8017241379310345,deeponet,20260921,0.8999999761581421,30,1,000001.SZ,depth,unseen_q
20260512,0,0.6541875600814819,2.864010810852051,1.944544792175293,0.777292576419214,0.777292576419214,deeponet,20260921,0.8999999761581421,30,1,000001.SZ,depth,unseen_q
20260512,1,0.5047211050987244,2.743659257888794,2.167771339416504,0.8478260869565217,0.8478260869565217,deeponet,20260921,0.8999999761581421,30,1,000001.SZ,depth,unseen_q
20260513,0,0.6875771880149841,2.7274019718170166,1.6903094053268433,0.7327586206896551,0.7327586206896551,deeponet,20260921,0.8999999761581421,30,1,000001.SZ,depth,unseen_q
20260513,1,0.39808154106140137,1.931740403175354,1.4194717407226562,0.8497854077253219,0.8497854077253219,deeponet,20260921,0.8999999761581421,30,1,000001.SZ,depth,unseen_q
20260514,0,0.6732738614082336,3.643378257751465,2.8710381984710693,0.8354978354978355,0.8354978354978355,deeponet,20260921,0.8999999761581421,30,1,000001.SZ,depth,unseen_q
20260514,1,0.6513586640357971,2.857835531234741,1.9438979625701904,0.7878787878787878,0.7878787878787878,deeponet,20260921,0.8999999761581421,30,1,000001.SZ,depth,unseen_q
20260515,0,0.6967209577560425,2.936260938644409,1.9285238981246948,0.775330396475771,0.775330396475771,deeponet,20260921,0.8999999761581421,30,1,000001.SZ,depth,unseen_q
20260515,1,0.5388818383216858,2.8182713985443115,2.1756348609924316,0.8412017167381974,0.8412017167381974,deeponet,20260921,0.8999999761581421,30,1,000001.SZ,depth,unseen_q
20260518,0,0.5613458156585693,3.1792526245117188,2.5707015991210938,0.8373205741626795,0.8373205741626795,deeponet,20260921,0.8999999761581421,30,1,000001.SZ,depth,unseen_q
20260518,1,0.5801119804382324,3.1663553714752197,2.507664203643799,0.8798283261802575,0.8798283261802575,deeponet,20260921,0.8999999761581421,30,1,000001.SZ,depth,unseen_q
20260519,0,0.6215381622314453,4.157561779022217,3.6431069374084473,0.8744588744588745,0.8744588744588745,deeponet,20260921,0.8999999761581421,30,1,000001.SZ,depth,unseen_q
20260519,1,0.4825642704963684,2.5668790340423584,2.002188205718994,0.8146551724137931,0.8146551724137931,deeponet,20260921,0.8999999761581421,30,1,000001.SZ,depth,unseen_q
20260520,0,0.5346041321754456,3.3062386512756348,2.796288013458252,0.8488888888888889,0.8488888888888889,deeponet,20260921,0.8999999761581421,30,1,000001.SZ,depth,unseen_q
20260520,1,0.5829740166664124,2.838714599609375,2.0909583568573,0.8391304347826087,0.8391304347826087,deeponet,20260921,0.8999999761581421,30,1,000001.SZ,depth,unseen_q
20260521,0,0.6586323976516724,3.281698226928711,2.4555418491363525,0.8103448275862069,0.8103448275862069,deeponet,20260921,0.8999999761581421,30,1,000001.SZ,depth,unseen_q
20260521,1,0.4923160970211029,2.359454393386841,1.7185276746749878,0.7939914163090128,0.7939914163090128,deeponet,20260921,0.8999999761581421,30,1,000001.SZ,depth,unseen_q
20260522,0,0.6626502275466919,4.023034572601318,3.3721678256988525,0.8658008658008658,0.8658008658008658,deeponet,20260921,0.8999999761581421,30,1,000001.SZ,depth,unseen_q
20260522,1,0.5363923907279968,2.661381721496582,1.9857463836669922,0.7896995708154506,0.7896995708154506,deeponet,20260921,0.8999999761581421,30,1,000001.SZ,depth,unseen_q
20260525,0,0.5849480032920837,3.0568294525146484,2.3586673736572266,0.8521739130434782,0.8521739130434782,deeponet,20260921,0.8999999761581421,30,1,000001.SZ,depth,unseen_q
20260525,1,0.4265773594379425,2.8896121978759766,2.54557204246521,0.8874458874458875,0.8874458874458875,deeponet,20260921,0.8999999761581421,30,1,000001.SZ,depth,unseen_q
20260526,0,0.7298172116279602,3.4961159229278564,2.5456018447875977,0.8146551724137931,0.8146551724137931,deeponet,20260921,0.8999999761581421,30,1,000001.SZ,depth,unseen_q
20260526,1,0.673251748085022,3.199066400527954,2.3157036304473877,0.8232758620689655,0.8232758620689655,deeponet,20260921,0.8999999761581421,30,1,000001.SZ,depth,unseen_q
20260528,0,0.5870711207389832,3.1841702461242676,2.5125350952148438,0.8441558441558441,0.8441558441558441,deeponet,20260921,0.8999999761581421,30,1,000001.SZ,depth,unseen_q
20260528,1,0.5843566656112671,2.5658915042877197,1.746472716331482,0.8111587982832618,0.8111587982832618,deeponet,20260921,0.8999999761581421,30,1,000001.SZ,depth,unseen_q
20260529,0,0.6788395047187805,3.562300682067871,2.75577712059021,0.8362068965517241,0.8362068965517241,deeponet,20260921,0.8999999761581421,30,1,000001.SZ,depth,unseen_q
20260529,1,0.8435937166213989,3.7296693325042725,2.553102493286133,0.7854077253218884,0.7854077253218884,deeponet,20260921,0.8999999761581421,30,1,000001.SZ,depth,unseen_q
20260506,0,0.22502903640270233,0.45005807280540466,0.042693715542554855,0.5051020408163265,0.5612244897959183,deeponet,20260922,0.5,3,1,000001.SZ,depth,unseen_q
20260506,1,0.2998730540275574,0.5997461080551147,-0.08143112063407898,0.5689655172413793,0.5689655172413793,deeponet,20260922,0.5,3,1,000001.SZ,depth,unseen_q
20260507,0,0.32581332325935364,0.6516266465187073,0.06667892634868622,0.5107296137339056,0.5107296137339056,deeponet,20260922,0.5,3,1,000001.SZ,depth,unseen_q
20260507,1,0.28789421916007996,0.5757884383201599,-0.04308222234249115,0.6180257510729614,0.6180257510729614,deeponet,20260922,0.5,3,1,000001.SZ,depth,unseen_q
20260508,0,0.3502041697502136,0.7004083395004272,0.004917365964502096,0.4646017699115044,0.5176991150442478,deeponet,20260922,0.5,3,1,000001.SZ,depth,unseen_q
20260508,1,0.2711334824562073,0.5422669649124146,-0.14446768164634705,0.46255506607929514,0.4889867841409692,deeponet,20260922,0.5,3,1,000001.SZ,depth,unseen_q
20260511,0,0.337286114692688,0.674572229385376,-0.23324817419052124,0.4608695652173913,0.4608695652173913,deeponet,20260922,0.5,3,1,000001.SZ,depth,unseen_q
20260511,1,0.2510911524295807,0.5021823048591614,0.08506645262241364,0.5603448275862069,0.5603448275862069,deeponet,20260922,0.5,3,1,000001.SZ,depth,unseen_q
20260512,0,0.3685445785522461,0.7370891571044922,-0.08923984318971634,0.4585152838427948,0.4585152838427948,deeponet,20260922,0.5,3,1,000001.SZ,depth,unseen_q
20260512,1,0.2816772162914276,0.5633544325828552,-0.10569702833890915,0.6521739130434783,0.6565217391304348,deeponet,20260922,0.5,3,1,000001.SZ,depth,unseen_q
20260513,0,0.27523529529571533,0.5504705905914307,0.0808241218328476,0.5431034482758621,0.5603448275862069,deeponet,20260922,0.5,3,1,000001.SZ,depth,unseen_q
20260513,1,0.14862750470638275,0.2972550094127655,-0.020608970895409584,0.6652360515021459,0.6995708154506438,deeponet,20260922,0.5,3,1,000001.SZ,depth,unseen_q
20260514,0,0.2886296510696411,0.5772593021392822,0.07956380397081375,0.45021645021645024,0.45021645021645024,deeponet,20260922,0.5,3,1,000001.SZ,depth,unseen_q
20260514,1,0.28030720353126526,0.5606144070625305,-0.1002398356795311,0.5974025974025974,0.6103896103896104,deeponet,20260922,0.5,3,1,000001.SZ,depth,unseen_q
20260515,0,0.5405824184417725,1.081164836883545,-0.16874946653842926,0.43171806167400884,0.43171806167400884,deeponet,20260922,0.5,3,1,000001.SZ,depth,unseen_q
20260515,1,0.3806324601173401,0.7612649202346802,0.07934274524450302,0.6781115879828327,0.7424892703862661,deeponet,20260922,0.5,3,1,000001.SZ,depth,unseen_q
20260518,0,0.2529304623603821,0.5058609247207642,0.0269683375954628,0.5263157894736842,0.5263157894736842,deeponet,20260922,0.5,3,1,000001.SZ,depth,unseen_q
20260518,1,0.2940813899040222,0.5881627798080444,-0.11257541924715042,0.6609442060085837,0.6609442060085837,deeponet,20260922,0.5,3,1,000001.SZ,depth,unseen_q
20260519,0,0.40425044298171997,0.8085008859634399,0.12252655625343323,0.5108225108225108,0.5108225108225108,deeponet,20260922,0.5,3,1,000001.SZ,depth,unseen_q
20260519,1,0.34196555614471436,0.6839311122894287,-0.0007941616349853575,0.6163793103448276,0.6163793103448276,deeponet,20260922,0.5,3,1,000001.SZ,depth,unseen_q
20260520,0,0.23963525891304016,0.4792705178260803,-0.0713406652212143,0.4488888888888889,0.4533333333333333,deeponet,20260922,0.5,3,1,000001.SZ,depth,unseen_q
20260520,1,0.16208063066005707,0.32416126132011414,0.022246137261390686,0.5956521739130435,0.6695652173913044,deeponet,20260922,0.5,3,1,000001.SZ,depth,unseen_q
20260521,0,0.3285880982875824,0.6571761965751648,0.05589200556278229,0.4353448275862069,0.5387931034482759,deeponet,20260922,0.5,3,1,000001.SZ,depth,unseen_q
20260521,1,0.2956183850765228,0.5912367701530457,-0.11217964440584183,0.6824034334763949,0.6866952789699571,deeponet,20260922,0.5,3,1,000001.SZ,depth,unseen_q
20260522,0,0.3664604723453522,0.7329209446907043,0.2274986356496811,0.5497835497835498,0.5844155844155844,deeponet,20260922,0.5,3,1,000001.SZ,depth,unseen_q
20260522,1,0.27376583218574524,0.5475316643714905,-0.19480106234550476,0.4978540772532189,0.5793991416309013,deeponet,20260922,0.5,3,1,000001.SZ,depth,unseen_q
20260525,0,0.25931015610694885,0.5186203122138977,0.09485184401273727,0.5652173913043478,0.5739130434782609,deeponet,20260922,0.5,3,1,000001.SZ,depth,unseen_q
20260525,1,0.28824418783187866,0.5764883756637573,-0.10915621370077133,0.5021645021645021,0.5238095238095238,deeponet,20260922,0.5,3,1,000001.SZ,depth,unseen_q
20260526,0,0.3862212002277374,0.7724424004554749,0.13771459460258484,0.5646551724137931,0.5689655172413793,deeponet,20260922,0.5,3,1,000001.SZ,depth,unseen_q
20260526,1,0.32768312096595764,0.6553662419319153,-0.007001257501542568,0.6163793103448276,0.6551724137931034,deeponet,20260922,0.5,3,1,000001.SZ,depth,unseen_q
20260528,0,0.3163239359855652,0.6326478719711304,0.12639768421649933,0.5194805194805194,0.5281385281385281,deeponet,20260922,0.5,3,1,000001.SZ,depth,unseen_q
20260528,1,0.2720515727996826,0.5441031455993652,-0.0013413081178441644,0.6909871244635193,0.703862660944206,deeponet,20260922,0.5,3,1,000001.SZ,depth,unseen_q
20260529,0,0.38515403866767883,0.7703080773353577,0.2594098150730133,0.5344827586206896,0.6810344827586207,deeponet,20260922,0.5,3,1,000001.SZ,depth,unseen_q
20260529,1,0.5507156848907471,1.1014313697814941,-0.20799006521701813,0.5708154506437768,0.5708154506437768,deeponet,20260922,0.5,3,1,000001.SZ,depth,unseen_q
20260506,0,0.47424229979515076,0.9484845995903015,0.10408681631088257,0.5459183673469388,0.5459183673469388,deeponet,20260922,0.5,9,1,000001.SZ,depth,unseen_q
20260506,1,0.4586217701435089,0.9172435402870178,0.004654328804463148,0.5862068965517241,0.5862068965517241,deeponet,20260922,0.5,9,1,000001.SZ,depth,unseen_q
20260507,0,0.6579763293266296,1.3159526586532593,-0.09538955986499786,0.4978540772532189,0.4978540772532189,deeponet,20260922,0.5,9,1,000001.SZ,depth,unseen_q
20260507,1,0.5368512272834778,1.0737024545669556,0.1389475166797638,0.5407725321888412,0.5493562231759657,deeponet,20260922,0.5,9,1,000001.SZ,depth,unseen_q
20260508,0,0.5915140509605408,1.1830281019210815,0.07573647797107697,0.5663716814159292,0.5663716814159292,deeponet,20260922,0.5,9,1,000001.SZ,depth,unseen_q
20260508,1,0.5528225302696228,1.1056450605392456,-0.40435290336608887,0.46255506607929514,0.47577092511013214,deeponet,20260922,0.5,9,1,000001.SZ,depth,unseen_q
20260511,0,0.5515644550323486,1.1031289100646973,-0.4710940718650818,0.44782608695652176,0.44782608695652176,deeponet,20260922,0.5,9,1,000001.SZ,depth,unseen_q
20260511,1,0.537013590335846,1.074027180671692,0.15151675045490265,0.5344827586206896,0.5344827586206896,deeponet,20260922,0.5,9,1,000001.SZ,depth,unseen_q
20260512,0,0.7486701607704163,1.4973403215408325,-0.17948350310325623,0.49344978165938863,0.49344978165938863,deeponet,20260922,0.5,9,1,000001.SZ,depth,unseen_q
20260512,1,0.5394483208656311,1.0788966417312622,-0.1467621624469757,0.6478260869565218,0.6478260869565218,deeponet,20260922,0.5,9,1,000001.SZ,depth,unseen_q
20260513,0,0.5489143133163452,1.0978286266326904,-0.031736698001623154,0.5862068965517241,0.5862068965517241,deeponet,20260922,0.5,9,1,000001.SZ,depth,unseen_q
20260513,1,0.3441844880580902,0.6883689761161804,0.10065905749797821,0.6995708154506438,0.6995708154506438,deeponet,20260922,0.5,9,1,000001.SZ,depth,unseen_q
20260514,0,0.5328263640403748,1.0656527280807495,0.11106353998184204,0.48917748917748916,0.48917748917748916,deeponet,20260922,0.5,9,1,000001.SZ,depth,unseen_q
20260514,1,0.5469784736633301,1.0939569473266602,-0.18560896813869476,0.5064935064935064,0.5064935064935064,deeponet,20260922,0.5,9,1,000001.SZ,depth,unseen_q
20260515,0,0.7218580842018127,1.4437161684036255,-0.2137361317873001,0.46255506607929514,0.46255506607929514,deeponet,20260922,0.5,9,1,000001.SZ,depth,unseen_q
20260515,1,0.4706212878227234,0.9412425756454468,0.05585205554962158,0.6437768240343348,0.7339055793991416,deeponet,20260922,0.5,9,1,000001.SZ,depth,unseen_q
20260518,0,0.5058292746543884,1.0116585493087769,-0.00037064621574245393,0.5358851674641149,0.5358851674641149,deeponet,20260922,0.5,9,1,000001.SZ,depth,unseen_q
20260518,1,0.4524571895599365,0.904914379119873,-0.11187954992055893,0.6094420600858369,0.6094420600858369,deeponet,20260922,0.5,9,1,000001.SZ,depth,unseen_q
20260519,0,0.6138115525245667,1.2276231050491333,-0.17843858897686005,0.5021645021645021,0.5021645021645021,deeponet,20260922,0.5,9,1,000001.SZ,depth,unseen_q
20260519,1,0.591977596282959,1.183955192565918,0.1727561056613922,0.5905172413793104,0.5905172413793104,deeponet,20260922,0.5,9,1,000001.SZ,depth,unseen_q
20260520,0,0.619137167930603,1.238274335861206,-0.03454204648733139,0.5066666666666667,0.5066666666666667,deeponet,20260922,0.5,9,1,000001.SZ,depth,unseen_q
20260520,1,0.5347200036048889,1.0694400072097778,-0.1186617836356163,0.5565217391304348,0.6434782608695652,deeponet,20260922,0.5,9,1,000001.SZ,depth,unseen_q
20260521,0,0.6138705611228943,1.2277411222457886,0.1514996588230133,0.5301724137931034,0.5301724137931034,deeponet,20260922,0.5,9,1,000001.SZ,depth,unseen_q
20260521,1,0.48314785957336426,0.9662957191467285,-0.23541398346424103,0.6437768240343348,0.6695278969957081,deeponet,20260922,0.5,9,1,000001.SZ,depth,unseen_q
20260522,0,0.6124945282936096,1.2249890565872192,0.1853267401456833,0.6233766233766234,0.6320346320346321,deeponet,20260922,0.5,9,1,000001.SZ,depth,unseen_q
20260522,1,0.55803382396698,1.11606764793396,-0.1613624542951584,0.44635193133047213,0.5450643776824035,deeponet,20260922,0.5,9,1,000001.SZ,depth,unseen_q
20260525,0,0.4863963723182678,0.9727927446365356,0.0554012767970562,0.5565217391304348,0.5565217391304348,deeponet,20260922,0.5,9,1,000001.SZ,depth,unseen_q
20260525,1,0.48559457063674927,0.9711891412734985,-0.16086852550506592,0.5108225108225108,0.5108225108225108,deeponet,20260922,0.5,9,1,000001.SZ,depth,unseen_q
20260526,0,0.6717353463172913,1.3434706926345825,-0.2949661612510681,0.5086206896551724,0.5086206896551724,deeponet,20260922,0.5,9,1,000001.SZ,depth,unseen_q
20260526,1,0.5916192531585693,1.1832385063171387,0.11635595560073853,0.5948275862068966,0.6163793103448276,deeponet,20260922,0.5,9,1,000001.SZ,depth,unseen_q
20260528,0,0.6009659767150879,1.2019319534301758,-0.014391795732080936,0.5454545454545454,0.5454545454545454,deeponet,20260922,0.5,9,1,000001.SZ,depth,unseen_q
20260528,1,0.391081839799881,0.782163679599762,0.0765940323472023,0.6866952789699571,0.6995708154506438,deeponet,20260922,0.5,9,1,000001.SZ,depth,unseen_q
20260529,0,0.6421909928321838,1.2843819856643677,0.09807098656892776,0.625,0.625,deeponet,20260922,0.5,9,1,000001.SZ,depth,unseen_q
20260529,1,0.8591628074645996,1.7183256149291992,-0.15477536618709564,0.5364806866952789,0.5364806866952789,deeponet,20260922,0.5,9,1,000001.SZ,depth,unseen_q
20260506,0,0.8002488017082214,1.6004976034164429,0.27196165919303894,0.6071428571428571,0.6071428571428571,deeponet,20260922,0.5,30,1,000001.SZ,depth,unseen_q
20260506,1,0.8034939169883728,1.6069878339767456,-0.35515862703323364,0.5646551724137931,0.5646551724137931,deeponet,20260922,0.5,30,1,000001.SZ,depth,unseen_q
20260507,0,1.0098960399627686,2.019792079925537,-0.20023968815803528,0.5407725321888412,0.5407725321888412,deeponet,20260922,0.5,30,1,000001.SZ,depth,unseen_q
20260507,1,0.935574471950531,1.871148943901062,-0.29806146025657654,0.5364806866952789,0.5450643776824035,deeponet,20260922,0.5,30,1,000001.SZ,depth,unseen_q
20260508,0,0.9719212055206299,1.9438424110412598,-0.17981846630573273,0.5265486725663717,0.5265486725663717,deeponet,20260922,0.5,30,1,000001.SZ,depth,unseen_q
20260508,1,1.0123425722122192,2.0246851444244385,-0.39389505982398987,0.5418502202643172,0.5506607929515418,deeponet,20260922,0.5,30,1,000001.SZ,depth,unseen_q
20260511,0,1.1734187602996826,2.3468375205993652,-0.10662761330604553,0.48695652173913045,0.48695652173913045,deeponet,20260922,0.5,30,1,000001.SZ,depth,unseen_q
20260511,1,1.1743773221969604,2.348754644393921,-0.3872714340686798,0.47413793103448276,0.47413793103448276,deeponet,20260922,0.5,30,1,000001.SZ,depth,unseen_q
20260512,0,1.1051585674285889,2.2103171348571777,-0.24398380517959595,0.4978165938864629,0.4978165938864629,deeponet,20260922,0.5,30,1,000001.SZ,depth,unseen_q
20260512,1,0.8935638666152954,1.7871277332305908,-0.03650657832622528,0.5521739130434783,0.5521739130434783,deeponet,20260922,0.5,30,1,000001.SZ,depth,unseen_q
20260513,0,1.073861002922058,2.147722005844116,-0.2933337688446045,0.5,0.5,deeponet,20260922,0.5,30,1,000001.SZ,depth,unseen_q
20260513,1,0.6996539235115051,1.3993078470230103,0.09610313922166824,0.6566523605150214,0.6566523605150214,deeponet,20260922,0.5,30,1,000001.SZ,depth,unseen_q
20260514,0,1.1346694231033325,2.269338846206665,0.25479641556739807,0.5627705627705628,0.5627705627705628,deeponet,20260922,0.5,30,1,000001.SZ,depth,unseen_q
20260514,1,1.019192099571228,2.038384199142456,-0.39295080304145813,0.4805194805194805,0.4805194805194805,deeponet,20260922,0.5,30,1,000001.SZ,depth,unseen_q
20260515,0,1.058493733406067,2.116987466812134,-0.4229237139225006,0.5022026431718062,0.5022026431718062,deeponet,20260922,0.5,30,1,000001.SZ,depth,unseen_q
20260515,1,0.7457647323608398,1.4915294647216797,0.09719463437795639,0.6523605150214592,0.7339055793991416,deeponet,20260922,0.5,30,1,000001.SZ,depth,unseen_q
20260518,0,0.9577153325080872,1.9154306650161743,-0.16412678360939026,0.4354066985645933,0.4354066985645933,deeponet,20260922,0.5,30,1,000001.SZ,depth,unseen_q
20260518,1,0.7743223905563354,1.548644781112671,-0.07577048242092133,0.648068669527897,0.648068669527897,deeponet,20260922,0.5,30,1,000001.SZ,depth,unseen_q
20260519,0,0.8911190032958984,1.7822380065917969,-0.022351039573550224,0.5151515151515151,0.5151515151515151,deeponet,20260922,0.5,30,1,000001.SZ,depth,unseen_q
20260519,1,0.8216026425361633,1.6432052850723267,-0.3980478048324585,0.5172413793103449,0.5172413793103449,deeponet,20260922,0.5,30,1,000001.SZ,depth,unseen_q
20260520,0,0.9814854860305786,1.9629709720611572,-0.012125487439334393,0.5244444444444445,0.5244444444444445,deeponet,20260922,0.5,30,1,000001.SZ,depth,unseen_q
20260520,1,0.8764969706535339,1.7529939413070679,-0.24852685630321503,0.5695652173913044,0.6478260869565218,deeponet,20260922,0.5,30,1,000001.SZ,depth,unseen_q
20260521,0,1.0671650171279907,2.1343300342559814,0.1702003926038742,0.5560344827586207,0.5560344827586207,deeponet,20260922,0.5,30,1,000001.SZ,depth,unseen_q
20260521,1,0.8812324404716492,1.7624648809432983,-0.292460560798645,0.5879828326180258,0.6180257510729614,deeponet,20260922,0.5,30,1,000001.SZ,depth,unseen_q
20260522,0,1.0701595544815063,2.1403191089630127,0.19728703796863556,0.5887445887445888,0.5887445887445888,deeponet,20260922,0.5,30,1,000001.SZ,depth,unseen_q
20260522,1,0.9165611267089844,1.8331222534179688,-0.3517626225948334,0.4721030042918455,0.51931330472103,deeponet,20260922,0.5,30,1,000001.SZ,depth,unseen_q
20260525,0,0.8838124871253967,1.7676249742507935,-0.21284669637680054,0.5434782608695652,0.5434782608695652,deeponet,20260922,0.5,30,1,000001.SZ,depth,unseen_q
20260525,1,0.7836099863052368,1.5672199726104736,0.0451146624982357,0.5627705627705628,0.5627705627705628,deeponet,20260922,0.5,30,1,000001.SZ,depth,unseen_q
20260526,0,1.2091319561004639,2.4182639122009277,-0.19703032076358795,0.5086206896551724,0.5086206896551724,deeponet,20260922,0.5,30,1,000001.SZ,depth,unseen_q
20260526,1,1.0610085725784302,2.1220171451568604,-0.02226678840816021,0.6120689655172413,0.6120689655172413,deeponet,20260922,0.5,30,1,000001.SZ,depth,unseen_q
20260528,0,0.9846884608268738,1.9693769216537476,0.052128151059150696,0.5497835497835498,0.5497835497835498,deeponet,20260922,0.5,30,1,000001.SZ,depth,unseen_q
20260528,1,0.7964629530906677,1.5929259061813354,-0.13175153732299805,0.6523605150214592,0.6652360515021459,deeponet,20260922,0.5,30,1,000001.SZ,depth,unseen_q
20260529,0,1.086341142654419,2.172682285308838,0.29170066118240356,0.6336206896551724,0.6379310344827587,deeponet,20260922,0.5,30,1,000001.SZ,depth,unseen_q
20260529,1,1.4738173484802246,2.947634696960449,-0.5068607926368713,0.5021459227467812,0.5021459227467812,deeponet,20260922,0.5,30,1,000001.SZ,depth,unseen_q
20260506,0,0.2720537483692169,2.0518510341644287,1.8846793174743652,0.9795918367346939,0.9795918367346939,deeponet,20260922,0.8999999761581421,3,1,000001.SZ,depth,unseen_q
20260506,1,0.25119853019714355,1.8034149408340454,1.626272439956665,0.9655172413793104,0.9655172413793104,deeponet,20260922,0.8999999761581421,3,1,000001.SZ,depth,unseen_q
20260507,0,0.26024290919303894,2.1836438179016113,2.0789475440979004,0.9613733905579399,0.9613733905579399,deeponet,20260922,0.8999999761581421,3,1,000001.SZ,depth,unseen_q
20260507,1,0.28273195028305054,2.123967170715332,1.9481292963027954,0.9699570815450643,0.9699570815450643,deeponet,20260922,0.8999999761581421,3,1,000001.SZ,depth,unseen_q
20260508,0,0.297141969203949,1.863450527191162,1.5864583253860474,0.9601769911504425,0.9601769911504425,deeponet,20260922,0.8999999761581421,3,1,000001.SZ,depth,unseen_q
20260508,1,0.25745514035224915,1.7364362478256226,1.5269074440002441,0.9383259911894273,0.947136563876652,deeponet,20260922,0.8999999761581421,3,1,000001.SZ,depth,unseen_q
20260511,0,0.3617425262928009,2.4690499305725098,2.1819562911987305,0.9565217391304348,0.9565217391304348,deeponet,20260922,0.8999999761581421,3,1,000001.SZ,depth,unseen_q
20260511,1,0.29076412320137024,2.411698341369629,2.287712812423706,0.9698275862068966,0.9698275862068966,deeponet,20260922,0.8999999761581421,3,1,000001.SZ,depth,unseen_q
20260512,0,0.3310557007789612,1.9998923540115356,1.6722264289855957,0.9650655021834061,0.9650655021834061,deeponet,20260922,0.8999999761581421,3,1,000001.SZ,depth,unseen_q
20260512,1,0.2701238691806793,1.9087761640548706,1.7106605768203735,0.9434782608695652,0.9434782608695652,deeponet,20260922,0.8999999761581421,3,1,000001.SZ,depth,unseen_q
20260513,0,0.2479373961687088,1.861801266670227,1.7074081897735596,0.9655172413793104,0.9655172413793104,deeponet,20260922,0.8999999761581421,3,1,000001.SZ,depth,unseen_q
20260513,1,0.17254644632339478,1.2117433547973633,1.083313226699829,0.9699570815450643,0.9699570815450643,deeponet,20260922,0.8999999761581421,3,1,000001.SZ,depth,unseen_q
20260514,0,0.29169484972953796,2.303781032562256,2.150489091873169,0.9696969696969697,0.9696969696969697,deeponet,20260922,0.8999999761581421,3,1,000001.SZ,depth,unseen_q
20260514,1,0.27750256657600403,1.98069167137146,1.782108187675476,0.9653679653679653,0.9653679653679653,deeponet,20260922,0.8999999761581421,3,1,000001.SZ,depth,unseen_q
20260515,0,0.34842151403427124,2.0791003704071045,1.727821707725525,0.8854625550660793,0.8854625550660793,deeponet,20260922,0.8999999761581421,3,1,000001.SZ,depth,unseen_q
20260515,1,0.3224322497844696,2.0507700443267822,1.7573821544647217,0.9656652360515021,0.9656652360515021,deeponet,20260922,0.8999999761581421,3,1,000001.SZ,depth,unseen_q
20260518,0,0.2571831941604614,2.2901813983917236,2.219768762588501,0.9712918660287081,0.9712918660287081,deeponet,20260922,0.8999999761581421,3,1,000001.SZ,depth,unseen_q
20260518,1,0.28732094168663025,2.114389181137085,1.9246841669082642,0.9527896995708155,0.9527896995708155,deeponet,20260922,0.8999999761581421,3,1,000001.SZ,depth,unseen_q
20260519,0,0.36520716547966003,3.049781084060669,2.8992087841033936,0.9567099567099567,0.9567099567099567,deeponet,20260922,0.8999999761581421,3,1,000001.SZ,depth,unseen_q
20260519,1,0.3091598153114319,2.188047409057617,1.9621598720550537,0.9568965517241379,0.9568965517241379,deeponet,20260922,0.8999999761581421,3,1,000001.SZ,depth,unseen_q
20260520,0,0.28273436427116394,2.285923957824707,2.150569200515747,0.9644444444444444,0.9644444444444444,deeponet,20260922,0.8999999761581421,3,1,000001.SZ,depth,unseen_q
20260520,1,0.2172718346118927,1.9812699556350708,1.9334079027175903,0.9565217391304348,0.9782608695652174,deeponet,20260922,0.8999999761581421,3,1,000001.SZ,depth,unseen_q
20260521,0,0.25987836718559265,1.9697524309158325,1.8124947547912598,0.9827586206896551,0.9827586206896551,deeponet,20260922,0.8999999761581421,3,1,000001.SZ,depth,unseen_q
20260521,1,0.25946301221847534,1.7715505361557007,1.565780758857727,0.9527896995708155,0.9527896995708155,deeponet,20260922,0.8999999761581421,3,1,000001.SZ,depth,unseen_q
20260522,0,0.3030538856983185,2.719163179397583,2.641319751739502,0.974025974025974,0.974025974025974,deeponet,20260922,0.8999999761581421,3,1,000001.SZ,depth,unseen_q
20260522,1,0.2578469514846802,1.902302861213684,1.7332614660263062,0.9570815450643777,0.9570815450643777,deeponet,20260922,0.8999999761581421,3,1,000001.SZ,depth,unseen_q
20260525,0,0.2642679810523987,2.242950677871704,2.1430187225341797,0.9782608695652174,0.9782608695652174,deeponet,20260922,0.8999999761581421,3,1,000001.SZ,depth,unseen_q
20260525,1,0.2815339267253876,2.1756908893585205,2.0157787799835205,0.9653679653679653,0.9653679653679653,deeponet,20260922,0.8999999761581421,3,1,000001.SZ,depth,unseen_q
20260526,0,0.3137408494949341,2.428826332092285,2.251681089401245,0.9655172413793104,0.9655172413793104,deeponet,20260922,0.8999999761581421,3,1,000001.SZ,depth,unseen_q
20260526,1,0.3482095003128052,2.2301344871520996,1.917144536972046,0.9612068965517241,0.9612068965517241,deeponet,20260922,0.8999999761581421,3,1,000001.SZ,depth,unseen_q
20260528,0,0.26514506340026855,2.206848382949829,2.0956978797912598,0.9826839826839827,0.9826839826839827,deeponet,20260922,0.8999999761581421,3,1,000001.SZ,depth,unseen_q
20260528,1,0.24983525276184082,1.7583425045013428,1.5733401775360107,0.9613733905579399,0.9613733905579399,deeponet,20260922,0.8999999761581421,3,1,000001.SZ,depth,unseen_q
20260529,0,0.27441850304603577,2.2982966899871826,2.1868250370025635,0.9827586206896551,0.9827586206896551,deeponet,20260922,0.8999999761581421,3,1,000001.SZ,depth,unseen_q
20260529,1,0.38001295924186707,2.738283634185791,2.4728219509124756,0.9184549356223176,0.9184549356223176,deeponet,20260922,0.8999999761581421,3,1,000001.SZ,depth,unseen_q
20260506,0,0.368795782327652,2.431790351867676,2.117748737335205,0.9591836734693877,0.9591836734693877,deeponet,20260922,0.8999999761581421,9,1,000001.SZ,depth,unseen_q
20260506,1,0.2858315110206604,2.064396619796753,1.8659172058105469,0.9181034482758621,0.9181034482758621,deeponet,20260922,0.8999999761581421,9,1,000001.SZ,depth,unseen_q
20260507,0,0.39976099133491516,2.4864695072174072,2.108684778213501,0.9055793991416309,0.9055793991416309,deeponet,20260922,0.8999999761581421,9,1,000001.SZ,depth,unseen_q
20260507,1,0.35255688428878784,2.5539512634277344,2.311046838760376,0.944206008583691,0.944206008583691,deeponet,20260922,0.8999999761581421,9,1,000001.SZ,depth,unseen_q
20260508,0,0.3987208306789398,2.243652582168579,1.8077635765075684,0.9203539823008849,0.9203539823008849,deeponet,20260922,0.8999999761581421,9,1,000001.SZ,depth,unseen_q
20260508,1,0.41654160618782043,1.96686589717865,1.4172282218933105,0.8722466960352423,0.8810572687224669,deeponet,20260922,0.8999999761581421,9,1,000001.SZ,depth,unseen_q
20260511,0,0.4372902810573578,2.611643075942993,2.17132830619812,0.8782608695652174,0.8782608695652174,deeponet,20260922,0.8999999761581421,9,1,000001.SZ,depth,unseen_q
20260511,1,0.40364113450050354,2.8512237071990967,2.554926633834839,0.9310344827586207,0.9310344827586207,deeponet,20260922,0.8999999761581421,9,1,000001.SZ,depth,unseen_q
20260512,0,0.49952927231788635,2.397831439971924,1.74846613407135,0.9039301310043668,0.9039301310043668,deeponet,20260922,0.8999999761581421,9,1,000001.SZ,depth,unseen_q
20260512,1,0.42970365285873413,2.325068950653076,1.832077145576477,0.9043478260869565,0.9043478260869565,deeponet,20260922,0.8999999761581421,9,1,000001.SZ,depth,unseen_q
20260513,0,0.3845423460006714,2.166388750076294,1.7466301918029785,0.8879310344827587,0.8879310344827587,deeponet,20260922,0.8999999761581421,9,1,000001.SZ,depth,unseen_q
20260513,1,0.2666141986846924,1.57671320438385,1.3043559789657593,0.9356223175965666,0.9356223175965666,deeponet,20260922,0.8999999761581421,9,1,000001.SZ,depth,unseen_q
20260514,0,0.3061006963253021,2.514538288116455,2.3779215812683105,0.9437229437229437,0.9437229437229437,deeponet,20260922,0.8999999761581421,9,1,000001.SZ,depth,unseen_q
20260514,1,0.43726837635040283,2.3689541816711426,1.8680219650268555,0.9134199134199135,0.9134199134199135,deeponet,20260922,0.8999999761581421,9,1,000001.SZ,depth,unseen_q
20260515,0,0.4312494993209839,2.3520147800445557,1.8618947267532349,0.8766519823788547,0.8766519823788547,deeponet,20260922,0.8999999761581421,9,1,000001.SZ,depth,unseen_q
20260515,1,0.36866143345832825,2.24433970451355,1.8837710618972778,0.944206008583691,0.944206008583691,deeponet,20260922,0.8999999761581421,9,1,000001.SZ,depth,unseen_q
20260518,0,0.36217841506004333,2.6449339389801025,2.400721549987793,0.9473684210526315,0.9473684210526315,deeponet,20260922,0.8999999761581421,9,1,000001.SZ,depth,unseen_q
20260518,1,0.38106316328048706,2.4482152462005615,2.1076111793518066,0.9356223175965666,0.9356223175965666,deeponet,20260922,0.8999999761581421,9,1,000001.SZ,depth,unseen_q
20260519,0,0.4919317960739136,3.271336078643799,2.8593409061431885,0.9264069264069265,0.9264069264069265,deeponet,20260922,0.8999999761581421,9,1,000001.SZ,depth,unseen_q
20260519,1,0.3478454649448395,2.548841953277588,2.316438913345337,0.9353448275862069,0.9353448275862069,deeponet,20260922,0.8999999761581421,9,1,000001.SZ,depth,unseen_q
20260520,0,0.4286528527736664,2.775425910949707,2.3976502418518066,0.9288888888888889,0.9288888888888889,deeponet,20260922,0.8999999761581421,9,1,000001.SZ,depth,unseen_q
20260520,1,0.3748074471950531,2.3218915462493896,1.9653457403182983,0.8826086956521739,0.9173913043478261,deeponet,20260922,0.8999999761581421,9,1,000001.SZ,depth,unseen_q
20260521,0,0.3543582558631897,2.368654489517212,2.0749223232269287,0.9224137931034483,0.9224137931034483,deeponet,20260922,0.8999999761581421,9,1,000001.SZ,depth,unseen_q
20260521,1,0.32377469539642334,1.9222886562347412,1.5934239625930786,0.8969957081545065,0.9012875536480687,deeponet,20260922,0.8999999761581421,9,1,000001.SZ,depth,unseen_q
20260522,0,0.4366823434829712,3.1336700916290283,2.8253822326660156,0.935064935064935,0.935064935064935,deeponet,20260922,0.8999999761581421,9,1,000001.SZ,depth,unseen_q
20260522,1,0.3384769558906555,2.232163667678833,1.9440122842788696,0.927038626609442,0.927038626609442,deeponet,20260922,0.8999999761581421,9,1,000001.SZ,depth,unseen_q
20260525,0,0.3744151294231415,2.58671236038208,2.2973525524139404,0.9434782608695652,0.9434782608695652,deeponet,20260922,0.8999999761581421,9,1,000001.SZ,depth,unseen_q
20260525,1,0.3268459141254425,2.3786027431488037,2.1561386585235596,0.948051948051948,0.948051948051948,deeponet,20260922,0.8999999761581421,9,1,000001.SZ,depth,unseen_q
20260526,0,0.43851110339164734,2.491633415222168,2.0182642936706543,0.8663793103448276,0.8663793103448276,deeponet,20260922,0.8999999761581421,9,1,000001.SZ,depth,unseen_q
20260526,1,0.3713359832763672,2.514390707015991,2.214648485183716,0.9267241379310345,0.9267241379310345,deeponet,20260922,0.8999999761581421,9,1,000001.SZ,depth,unseen_q
20260528,0,0.3932338356971741,2.4983832836151123,2.139894723892212,0.9437229437229437,0.9437229437229437,deeponet,20260922,0.8999999761581421,9,1,000001.SZ,depth,unseen_q
20260528,1,0.25935059785842896,1.9529037475585938,1.7927533388137817,0.9356223175965666,0.9484978540772532,deeponet,20260922,0.8999999761581421,9,1,000001.SZ,depth,unseen_q
20260529,0,0.40717992186546326,2.5810747146606445,2.2083938121795654,0.9353448275862069,0.9353448275862069,deeponet,20260922,0.8999999761581421,9,1,000001.SZ,depth,unseen_q
20260529,1,0.5106474757194519,3.235239028930664,2.767430067062378,0.8969957081545065,0.8969957081545065,deeponet,20260922,0.8999999761581421,9,1,000001.SZ,depth,unseen_q
20260506,0,0.5323096513748169,3.2496676445007324,2.7313108444213867,0.9030612244897959,0.9030612244897959,deeponet,20260922,0.8999999761581421,30,1,000001.SZ,depth,unseen_q
20260506,1,0.5901534557342529,2.7103443145751953,1.9125468730926514,0.8663793103448276,0.8663793103448276,deeponet,20260922,0.8999999761581421,30,1,000001.SZ,depth,unseen_q
20260507,0,0.5810425877571106,3.165860652923584,2.5047197341918945,0.8841201716738197,0.8841201716738197,deeponet,20260922,0.8999999761581421,30,1,000001.SZ,depth,unseen_q
20260507,1,0.6374207735061646,3.1578586101531982,2.353771448135376,0.8583690987124464,0.8583690987124464,deeponet,20260922,0.8999999761581421,30,1,000001.SZ,depth,unseen_q
20260508,0,0.6238880753517151,2.8032383918762207,1.9443279504776,0.7964601769911505,0.7964601769911505,deeponet,20260922,0.8999999761581421,30,1,000001.SZ,depth,unseen_q
20260508,1,0.7473586201667786,2.955264091491699,1.8256837129592896,0.8061674008810573,0.8061674008810573,deeponet,20260922,0.8999999761581421,30,1,000001.SZ,depth,unseen_q
20260511,0,0.6323676705360413,3.7666327953338623,3.1273720264434814,0.8478260869565217,0.8478260869565217,deeponet,20260922,0.8999999761581421,30,1,000001.SZ,depth,unseen_q
20260511,1,0.6475592851638794,3.334326982498169,2.549010753631592,0.8448275862068966,0.8448275862068966,deeponet,20260922,0.8999999761581421,30,1,000001.SZ,depth,unseen_q
20260512,0,0.6346348524093628,2.963566303253174,2.117871046066284,0.7903930131004366,0.7903930131004366,deeponet,20260922,0.8999999761581421,30,1,000001.SZ,depth,unseen_q
20260512,1,0.49787381291389465,2.893279790878296,2.371915102005005,0.8608695652173913,0.8608695652173913,deeponet,20260922,0.8999999761581421,30,1,000001.SZ,depth,unseen_q
20260513,0,0.6639338135719299,2.8313136100769043,1.8793078660964966,0.7543103448275862,0.7543103448275862,deeponet,20260922,0.8999999761581421,30,1,000001.SZ,depth,unseen_q
20260513,1,0.3965723216533661,2.044485330581665,1.5641758441925049,0.8497854077253219,0.8497854077253219,deeponet,20260922,0.8999999761581421,30,1,000001.SZ,depth,unseen_q
20260514,0,0.6640329957008362,3.7539925575256348,3.0324087142944336,0.8484848484848485,0.8484848484848485,deeponet,20260922,0.8999999761581421,30,1,000001.SZ,depth,unseen_q
20260514,1,0.640331506729126,2.9727423191070557,2.1150994300842285,0.8095238095238095,0.8095238095238095,deeponet,20260922,0.8999999761581421,30,1,000001.SZ,depth,unseen_q
20260515,0,0.6863294839859009,3.06807804107666,2.1192739009857178,0.801762114537445,0.801762114537445,deeponet,20260922,0.8999999761581421,30,1,000001.SZ,depth,unseen_q
20260515,1,0.5343144536018372,2.9267425537109375,2.3226423263549805,0.8755364806866953,0.8798283261802575,deeponet,20260922,0.8999999761581421,30,1,000001.SZ,depth,unseen_q
20260518,0,0.552044153213501,3.3284168243408203,2.7804110050201416,0.8660287081339713,0.8660287081339713,deeponet,20260922,0.8999999761581421,30,1,000001.SZ,depth,unseen_q
20260518,1,0.5822209715843201,3.2648167610168457,2.6254689693450928,0.9098712446351931,0.9098712446351931,deeponet,20260922,0.8999999761581421,30,1,000001.SZ,depth,unseen_q
20260519,0,0.6149114370346069,4.1858367919921875,3.6950178146362305,0.8917748917748918,0.8917748917748918,deeponet,20260922,0.8999999761581421,30,1,000001.SZ,depth,unseen_q
20260519,1,0.4680469036102295,2.7171289920806885,2.2262938022613525,0.853448275862069,0.853448275862069,deeponet,20260922,0.8999999761581421,30,1,000001.SZ,depth,unseen_q
20260520,0,0.5336275696754456,3.441807270050049,2.9681904315948486,0.8666666666666667,0.8666666666666667,deeponet,20260922,0.8999999761581421,30,1,000001.SZ,depth,unseen_q
20260520,1,0.5778256058692932,2.990750312805176,2.2938740253448486,0.8304347826086956,0.8695652173913043,deeponet,20260922,0.8999999761581421,30,1,000001.SZ,depth,unseen_q
20260521,0,0.659715473651886,3.341721534729004,2.5278635025024414,0.8318965517241379,0.8318965517241379,deeponet,20260922,0.8999999761581421,30,1,000001.SZ,depth,unseen_q
20260521,1,0.4750750660896301,2.498891830444336,1.935927391052246,0.8240343347639485,0.8283261802575107,deeponet,20260922,0.8999999761581421,30,1,000001.SZ,depth,unseen_q
20260522,0,0.656756579875946,4.053987979888916,3.4255940914154053,0.8744588744588745,0.8744588744588745,deeponet,20260922,0.8999999761581421,30,1,000001.SZ,depth,unseen_q
20260522,1,0.5195750594139099,2.8194994926452637,2.2254366874694824,0.8540772532188842,0.8540772532188842,deeponet,20260922,0.8999999761581421,30,1,000001.SZ,depth,unseen_q
20260525,0,0.5756496787071228,3.1784558296203613,2.5339457988739014,0.8782608695652174,0.8782608695652174,deeponet,20260922,0.8999999761581421,30,1,000001.SZ,depth,unseen_q
20260525,1,0.4291244447231293,3.154987096786499,2.870922803878784,0.9264069264069265,0.9264069264069265,deeponet,20260922,0.8999999761581421,30,1,000001.SZ,depth,unseen_q
20260526,0,0.7230085730552673,3.5541841983795166,2.635209083557129,0.8318965517241379,0.8318965517241379,deeponet,20260922,0.8999999761581421,30,1,000001.SZ,depth,unseen_q
20260526,1,0.6681771278381348,3.3663551807403564,2.537501096725464,0.8491379310344828,0.8491379310344828,deeponet,20260922,0.8999999761581421,30,1,000001.SZ,depth,unseen_q
20260528,0,0.5776715874671936,3.305534601211548,2.687739372253418,0.8571428571428571,0.8571428571428571,deeponet,20260922,0.8999999761581421,30,1,000001.SZ,depth,unseen_q
20260528,1,0.5656591653823853,2.698418140411377,1.9588748216629028,0.8369098712446352,0.8497854077253219,deeponet,20260922,0.8999999761581421,30,1,000001.SZ,depth,unseen_q
20260529,0,0.6810059547424316,3.6642684936523438,2.8778209686279297,0.8491379310344828,0.8491379310344828,deeponet,20260922,0.8999999761581421,30,1,000001.SZ,depth,unseen_q
20260529,1,0.8099822402000427,4.063449859619141,3.054356813430786,0.8369098712446352,0.8369098712446352,deeponet,20260922,0.8999999761581421,30,1,000001.SZ,depth,unseen_q
20260506,0,0.22463911771774292,0.44927823543548584,0.040639739483594894,0.45918367346938777,0.5408163265306123,deeponet,20260923,0.5,3,1,000001.SZ,depth,unseen_q
20260506,1,0.30014681816101074,0.6002936363220215,-0.07064975798130035,0.6120689655172413,0.6120689655172413,deeponet,20260923,0.5,3,1,000001.SZ,depth,unseen_q
20260507,0,0.3267686367034912,0.6535372734069824,0.06109326332807541,0.5107296137339056,0.5107296137339056,deeponet,20260923,0.5,3,1,000001.SZ,depth,unseen_q
20260507,1,0.28990596532821655,0.5798119306564331,-0.028011752292513847,0.6523605150214592,0.6523605150214592,deeponet,20260923,0.5,3,1,000001.SZ,depth,unseen_q
20260508,0,0.3505147099494934,0.7010294198989868,0.0014098837273195386,0.5176991150442478,0.5442477876106194,deeponet,20260923,0.5,3,1,000001.SZ,depth,unseen_q
20260508,1,0.2706959545612335,0.541391909122467,-0.13079522550106049,0.5286343612334802,0.5286343612334802,deeponet,20260923,0.5,3,1,000001.SZ,depth,unseen_q
20260511,0,0.33830469846725464,0.6766093969345093,-0.24127443134784698,0.41304347826086957,0.41304347826086957,deeponet,20260923,0.5,3,1,000001.SZ,depth,unseen_q
20260511,1,0.2514832615852356,0.5029665231704712,0.09585785120725632,0.5646551724137931,0.5646551724137931,deeponet,20260923,0.5,3,1,000001.SZ,depth,unseen_q
20260512,0,0.3691716492176056,0.7383432984352112,-0.09377628564834595,0.4279475982532751,0.43231441048034935,deeponet,20260923,0.5,3,1,000001.SZ,depth,unseen_q
20260512,1,0.2829626798629761,0.5659253597259521,-0.09698939323425293,0.6478260869565218,0.6565217391304348,deeponet,20260923,0.5,3,1,000001.SZ,depth,unseen_q
20260513,0,0.2753978669643402,0.5507957339286804,0.0819602757692337,0.5775862068965517,0.5818965517241379,deeponet,20260923,0.5,3,1,000001.SZ,depth,unseen_q
20260513,1,0.14966778457164764,0.2993355691432953,-0.012569216080009937,0.7081545064377682,0.7167381974248928,deeponet,20260923,0.5,3,1,000001.SZ,depth,unseen_q
20260514,0,0.28972357511520386,0.5794471502304077,0.07241302728652954,0.4588744588744589,0.4588744588744589,deeponet,20260923,0.5,3,1,000001.SZ,depth,unseen_q
20260514,1,0.28051552176475525,0.5610310435295105,-0.08929524570703506,0.6103896103896104,0.6233766233766234,deeponet,20260923,0.5,3,1,000001.SZ,depth,unseen_q
20260515,0,0.5412572622299194,1.0825145244598389,-0.17403322458267212,0.41409691629955947,0.43171806167400884,deeponet,20260923,0.5,3,1,000001.SZ,depth,unseen_q
20260515,1,0.3832454979419708,0.7664909958839417,0.08903303742408752,0.7167381974248928,0.7553648068669528,deeponet,20260923,0.5,3,1,000001.SZ,depth,unseen_q
20260518,0,0.25416454672813416,0.5083290934562683,0.02050088532269001,0.49760765550239233,0.49760765550239233,deeponet,20260923,0.5,3,1,000001.SZ,depth,unseen_q
20260518,1,0.29532039165496826,0.5906407833099365,-0.10432225465774536,0.6652360515021459,0.6695278969957081,deeponet,20260923,0.5,3,1,000001.SZ,depth,unseen_q
20260519,0,0.40421509742736816,0.8084301948547363,0.11883576214313507,0.5151515151515151,0.5151515151515151,deeponet,20260923,0.5,3,1,000001.SZ,depth,unseen_q
20260519,1,0.34146082401275635,0.6829216480255127,0.017995472997426987,0.6077586206896551,0.6379310344827587,deeponet,20260923,0.5,3,1,000001.SZ,depth,unseen_q
20260520,0,0.24061310291290283,0.48122620582580566,-0.07510210573673248,0.4711111111111111,0.47555555555555556,deeponet,20260923,0.5,3,1,000001.SZ,depth,unseen_q
20260520,1,0.16212186217308044,0.3242437243461609,0.034351084381341934,0.6652173913043479,0.6695652173913044,deeponet,20260923,0.5,3,1,000001.SZ,depth,unseen_q
20260521,0,0.3297727108001709,0.6595454216003418,0.05538393184542656,0.49137931034482757,0.5646551724137931,deeponet,20260923,0.5,3,1,000001.SZ,depth,unseen_q
20260521,1,0.2975919544696808,0.5951839089393616,-0.09966569393873215,0.6781115879828327,0.703862660944206,deeponet,20260923,0.5,3,1,000001.SZ,depth,unseen_q
20260522,0,0.3662416338920593,0.7324832677841187,0.22406378388404846,0.5757575757575758,0.5974025974025974,deeponet,20260923,0.5,3,1,000001.SZ,depth,unseen_q
20260522,1,0.2735772728919983,0.5471545457839966,-0.17790952324867249,0.5665236051502146,0.5965665236051502,deeponet,20260923,0.5,3,1,000001.SZ,depth,unseen_q
20260525,0,0.2588907480239868,0.5177814960479736,0.08755271136760712,0.5217391304347826,0.5304347826086957,deeponet,20260923,0.5,3,1,000001.SZ,depth,unseen_q
20260525,1,0.28858327865600586,0.5771665573120117,-0.09968124330043793,0.5108225108225108,0.5151515151515151,deeponet,20260923,0.5,3,1,000001.SZ,depth,unseen_q
20260526,0,0.3864380121231079,0.7728760242462158,0.1322670578956604,0.5603448275862069,0.5646551724137931,deeponet,20260923,0.5,3,1,000001.SZ,depth,unseen_q
20260526,1,0.3298737704753876,0.6597475409507751,0.004714027047157288,0.6336206896551724,0.6767241379310345,deeponet,20260923,0.5,3,1,000001.SZ,depth,unseen_q
20260528,0,0.3161996901035309,0.6323993802070618,0.12522296607494354,0.5411255411255411,0.5541125541125541,deeponet,20260923,0.5,3,1,000001.SZ,depth,unseen_q
20260528,1,0.2719096839427948,0.5438193678855896,0.006932450924068689,0.6952789699570815,0.7167381974248928,deeponet,20260923,0.5,3,1,000001.SZ,depth,unseen_q
20260529,0,0.3851446807384491,0.7702893614768982,0.25775882601737976,0.5775862068965517,0.6853448275862069,deeponet,20260923,0.5,3,1,000001.SZ,depth,unseen_q
20260529,1,0.5505850911140442,1.1011701822280884,-0.19530589878559113,0.5793991416309013,0.5793991416309013,deeponet,20260923,0.5,3,1,000001.SZ,depth,unseen_q
20260506,0,0.4745078682899475,0.949015736579895,0.1063191294670105,0.5612244897959183,0.5612244897959183,deeponet,20260923,0.5,9,1,000001.SZ,depth,unseen_q
20260506,1,0.4598209857940674,0.9196419715881348,0.011500165797770023,0.5948275862068966,0.5948275862068966,deeponet,20260923,0.5,9,1,000001.SZ,depth,unseen_q
20260507,0,0.6574229598045349,1.3148459196090698,-0.09377549588680267,0.4978540772532189,0.4978540772532189,deeponet,20260923,0.5,9,1,000001.SZ,depth,unseen_q
20260507,1,0.5382646918296814,1.0765293836593628,0.1461881548166275,0.5579399141630901,0.5579399141630901,deeponet,20260923,0.5,9,1,000001.SZ,depth,unseen_q
20260508,0,0.5940094590187073,1.1880189180374146,0.07663339376449585,0.5663716814159292,0.5663716814159292,deeponet,20260923,0.5,9,1,000001.SZ,depth,unseen_q
20260508,1,0.55171138048172,1.10342276096344,-0.39454492926597595,0.4889867841409692,0.4889867841409692,deeponet,20260923,0.5,9,1,000001.SZ,depth,unseen_q
20260511,0,0.554364800453186,1.108729600906372,-0.47638875246047974,0.4391304347826087,0.4391304347826087,deeponet,20260923,0.5,9,1,000001.SZ,depth,unseen_q
20260511,1,0.5350919365882874,1.0701838731765747,0.14955578744411469,0.521551724137931,0.521551724137931,deeponet,20260923,0.5,9,1,000001.SZ,depth,unseen_q
20260512,0,0.7488764524459839,1.4977529048919678,-0.18131233751773834,0.5021834061135371,0.5021834061135371,deeponet,20260923,0.5,9,1,000001.SZ,depth,unseen_q
20260512,1,0.5405890345573425,1.081178069114685,-0.14318877458572388,0.6434782608695652,0.6478260869565218,deeponet,20260923,0.5,9,1,000001.SZ,depth,unseen_q
20260513,0,0.5494072437286377,1.0988144874572754,-0.024584751576185226,0.5905172413793104,0.5905172413793104,deeponet,20260923,0.5,9,1,000001.SZ,depth,unseen_q
20260513,1,0.3445766568183899,0.6891533136367798,0.10495254397392273,0.6995708154506438,0.6995708154506438,deeponet,20260923,0.5,9,1,000001.SZ,depth,unseen_q
20260514,0,0.533621072769165,1.06724214553833,0.10429641604423523,0.5108225108225108,0.5108225108225108,deeponet,20260923,0.5,9,1,000001.SZ,depth,unseen_q
20260514,1,0.5483446717262268,1.0966893434524536,-0.18808279931545258,0.5021645021645021,0.5064935064935064,deeponet,20260923,0.5,9,1,000001.SZ,depth,unseen_q
20260515,0,0.7210440635681152,1.4420881271362305,-0.21771396696567535,0.4713656387665198,0.4713656387665198,deeponet,20260923,0.5,9,1,000001.SZ,depth,unseen_q
20260515,1,0.4723777174949646,0.9447554349899292,0.05884893238544464,0.7167381974248928,0.7381974248927039,deeponet,20260923,0.5,9,1,000001.SZ,depth,unseen_q
20260518,0,0.508202850818634,1.016405701637268,-0.004336210899055004,0.5311004784688995,0.5311004784688995,deeponet,20260923,0.5,9,1,000001.SZ,depth,unseen_q
20260518,1,0.452450156211853,0.904900312423706,-0.1117723360657692,0.6094420600858369,0.6094420600858369,deeponet,20260923,0.5,9,1,000001.SZ,depth,unseen_q
20260519,0,0.6144508123397827,1.2289016246795654,-0.17263735830783844,0.5194805194805194,0.5194805194805194,deeponet,20260923,0.5,9,1,000001.SZ,depth,unseen_q
20260519,1,0.5912144184112549,1.1824288368225098,0.18689268827438354,0.5948275862068966,0.5948275862068966,deeponet,20260923,0.5,9,1,000001.SZ,depth,unseen_q
20260520,0,0.6208229064941406,1.2416458129882812,-0.03411747142672539,0.5155555555555555,0.5155555555555555,deeponet,20260923,0.5,9,1,000001.SZ,depth,unseen_q
20260520,1,0.5355124473571777,1.0710248947143555,-0.11506358534097672,0.6391304347826087,0.6391304347826087,deeponet,20260923,0.5,9,1,000001.SZ,depth,unseen_q
20260521,0,0.6147411465644836,1.2294822931289673,0.1558004468679428,0.5431034482758621,0.5431034482758621,deeponet,20260923,0.5,9,1,000001.SZ,depth,unseen_q
20260521,1,0.4844098389148712,0.9688196778297424,-0.23014162480831146,0.6609442060085837,0.6609442060085837,deeponet,20260923,0.5,9,1,000001.SZ,depth,unseen_q
20260522,0,0.6145377159118652,1.2290754318237305,0.18986070156097412,0.645021645021645,0.645021645021645,deeponet,20260923,0.5,9,1,000001.SZ,depth,unseen_q
20260522,1,0.5567538738250732,1.1135077476501465,-0.15294872224330902,0.5064377682403434,0.5450643776824035,deeponet,20260923,0.5,9,1,000001.SZ,depth,unseen_q
20260525,0,0.48789241909980774,0.9757848381996155,0.05101430043578148,0.5652173913043478,0.5652173913043478,deeponet,20260923,0.5,9,1,000001.SZ,depth,unseen_q
20260525,1,0.48626524209976196,0.9725304841995239,-0.16264066100120544,0.5064935064935064,0.5064935064935064,deeponet,20260923,0.5,9,1,000001.SZ,depth,unseen_q
20260526,0,0.6721325516700745,1.344265103340149,-0.2959098815917969,0.5043103448275862,0.5043103448275862,deeponet,20260923,0.5,9,1,000001.SZ,depth,unseen_q
20260526,1,0.5912176966667175,1.182435393333435,0.11804337799549103,0.6163793103448276,0.6163793103448276,deeponet,20260923,0.5,9,1,000001.SZ,depth,unseen_q
20260528,0,0.6018162965774536,1.2036325931549072,-0.010109170340001583,0.5454545454545454,0.5454545454545454,deeponet,20260923,0.5,9,1,000001.SZ,depth,unseen_q
20260528,1,0.39094245433807373,0.7818849086761475,0.07842294126749039,0.6824034334763949,0.6952789699570815,deeponet,20260923,0.5,9,1,000001.SZ,depth,unseen_q
20260529,0,0.6434206366539001,1.2868412733078003,0.09881097823381424,0.646551724137931,0.646551724137931,deeponet,20260923,0.5,9,1,000001.SZ,depth,unseen_q
20260529,1,0.8585713505744934,1.7171427011489868,-0.15237021446228027,0.5407725321888412,0.5407725321888412,deeponet,20260923,0.5,9,1,000001.SZ,depth,unseen_q
20260506,0,0.7998830080032349,1.5997660160064697,0.26162201166152954,0.5918367346938775,0.5918367346938775,deeponet,20260923,0.5,30,1,000001.SZ,depth,unseen_q
20260506,1,0.8075686693191528,1.6151373386383057,-0.31261327862739563,0.5818965517241379,0.5818965517241379,deeponet,20260923,0.5,30,1,000001.SZ,depth,unseen_q
20260507,0,1.00639808177948,2.01279616355896,-0.17689146101474762,0.5364806866952789,0.5364806866952789,deeponet,20260923,0.5,30,1,000001.SZ,depth,unseen_q
20260507,1,0.9349858164787292,1.8699716329574585,-0.24061541259288788,0.5536480686695279,0.5536480686695279,deeponet,20260923,0.5,30,1,000001.SZ,depth,unseen_q
20260508,0,0.9766190648078918,1.9532381296157837,-0.16814875602722168,0.5132743362831859,0.5132743362831859,deeponet,20260923,0.5,30,1,000001.SZ,depth,unseen_q
20260508,1,1.0120158195495605,2.024031639099121,-0.3438491225242615,0.5638766519823789,0.5638766519823789,deeponet,20260923,0.5,30,1,000001.SZ,depth,unseen_q
20260511,0,1.1768332719802856,2.3536665439605713,-0.11885203421115875,0.4826086956521739,0.4826086956521739,deeponet,20260923,0.5,30,1,000001.SZ,depth,unseen_q
20260511,1,1.1722148656845093,2.3444297313690186,-0.3431069552898407,0.49137931034482757,0.49137931034482757,deeponet,20260923,0.5,30,1,000001.SZ,depth,unseen_q
20260512,0,1.1069979667663574,2.213995933532715,-0.2446252405643463,0.4978165938864629,0.4978165938864629,deeponet,20260923,0.5,30,1,000001.SZ,depth,unseen_q
20260512,1,0.8988576531410217,1.7977153062820435,-0.0018543120240792632,0.5608695652173913,0.5652173913043478,deeponet,20260923,0.5,30,1,000001.SZ,depth,unseen_q
20260513,0,1.075080156326294,2.150160312652588,-0.2918439209461212,0.5043103448275862,0.5043103448275862,deeponet,20260923,0.5,30,1,000001.SZ,depth,unseen_q
20260513,1,0.702032208442688,1.404064416885376,0.1236032247543335,0.6609442060085837,0.6609442060085837,deeponet,20260923,0.5,30,1,000001.SZ,depth,unseen_q
20260514,0,1.1326863765716553,2.2653727531433105,0.2444164901971817,0.5584415584415584,0.5584415584415584,deeponet,20260923,0.5,30,1,000001.SZ,depth,unseen_q
20260514,1,1.01944899559021,2.03889799118042,-0.3624471426010132,0.48484848484848486,0.48484848484848486,deeponet,20260923,0.5,30,1,000001.SZ,depth,unseen_q
20260515,0,1.0608463287353516,2.121692657470703,-0.43218299746513367,0.4977973568281938,0.4977973568281938,deeponet,20260923,0.5,30,1,000001.SZ,depth,unseen_q
20260515,1,0.7532563209533691,1.5065126419067383,0.1279224306344986,0.7339055793991416,0.7339055793991416,deeponet,20260923,0.5,30,1,000001.SZ,depth,unseen_q
20260518,0,0.9569227695465088,1.9138455390930176,-0.16099587082862854,0.4258373205741627,0.4258373205741627,deeponet,20260923,0.5,30,1,000001.SZ,depth,unseen_q
20260518,1,0.7817577719688416,1.563515543937683,-0.049157023429870605,0.6652360515021459,0.6652360515021459,deeponet,20260923,0.5,30,1,000001.SZ,depth,unseen_q
20260519,0,0.8881056308746338,1.7762112617492676,-0.011512316763401031,0.49783549783549785,0.49783549783549785,deeponet,20260923,0.5,30,1,000001.SZ,depth,unseen_q
20260519,1,0.8090015053749084,1.618003010749817,-0.3101412057876587,0.5387931034482759,0.5387931034482759,deeponet,20260923,0.5,30,1,000001.SZ,depth,unseen_q
20260520,0,0.9863046407699585,1.972609281539917,-0.007628267165273428,0.5244444444444445,0.5244444444444445,deeponet,20260923,0.5,30,1,000001.SZ,depth,unseen_q
20260520,1,0.8782541155815125,1.756508231163025,-0.20542089641094208,0.6521739130434783,0.6521739130434783,deeponet,20260923,0.5,30,1,000001.SZ,depth,unseen_q
20260521,0,1.0695407390594482,2.1390814781188965,0.1827639639377594,0.5517241379310345,0.5517241379310345,deeponet,20260923,0.5,30,1,000001.SZ,depth,unseen_q
20260521,1,0.880416989326477,1.760833978652954,-0.2555420696735382,0.6180257510729614,0.6180257510729614,deeponet,20260923,0.5,30,1,000001.SZ,depth,unseen_q
20260522,0,1.0709209442138672,2.1418418884277344,0.1976805329322815,0.5800865800865801,0.5800865800865801,deeponet,20260923,0.5,30,1,000001.SZ,depth,unseen_q
20260522,1,0.9122471213340759,1.8244942426681519,-0.28166723251342773,0.5321888412017167,0.5407725321888412,deeponet,20260923,0.5,30,1,000001.SZ,depth,unseen_q
20260525,0,0.8854224681854248,1.7708449363708496,-0.21481098234653473,0.5260869565217391,0.5260869565217391,deeponet,20260923,0.5,30,1,000001.SZ,depth,unseen_q
20260525,1,0.7825160622596741,1.5650321245193481,0.0762638971209526,0.5627705627705628,0.5627705627705628,deeponet,20260923,0.5,30,1,000001.SZ,depth,unseen_q
20260526,0,1.2141239643096924,2.4282479286193848,-0.19720467925071716,0.5043103448275862,0.5043103448275862,deeponet,20260923,0.5,30,1,000001.SZ,depth,unseen_q
20260526,1,1.0671683549880981,2.1343367099761963,0.017960505560040474,0.6336206896551724,0.6336206896551724,deeponet,20260923,0.5,30,1,000001.SZ,depth,unseen_q
20260528,0,0.9849392175674438,1.9698784351348877,0.05422842502593994,0.5367965367965368,0.5367965367965368,deeponet,20260923,0.5,30,1,000001.SZ,depth,unseen_q
20260528,1,0.7988131046295166,1.5976262092590332,-0.10435852408409119,0.6523605150214592,0.6652360515021459,deeponet,20260923,0.5,30,1,000001.SZ,depth,unseen_q
20260529,0,1.0912407636642456,2.182481527328491,0.29356634616851807,0.6336206896551724,0.6336206896551724,deeponet,20260923,0.5,30,1,000001.SZ,depth,unseen_q
20260529,1,1.4727474451065063,2.9454948902130127,-0.45932117104530334,0.4978540772532189,0.4978540772532189,deeponet,20260923,0.5,30,1,000001.SZ,depth,unseen_q
20260506,0,0.268945574760437,2.0147523880004883,1.846076488494873,0.9795918367346939,0.9795918367346939,deeponet,20260923,0.8999999761581421,3,1,000001.SZ,depth,unseen_q
20260506,1,0.2467573583126068,1.7063493728637695,1.5160434246063232,0.9655172413793104,0.9655172413793104,deeponet,20260923,0.8999999761581421,3,1,000001.SZ,depth,unseen_q
20260507,0,0.26017454266548157,2.259969711303711,2.1745259761810303,0.9699570815450643,0.9699570815450643,deeponet,20260923,0.8999999761581421,3,1,000001.SZ,depth,unseen_q
20260507,1,0.27514007687568665,2.0542166233062744,1.879920482635498,0.9699570815450643,0.9699570815450643,deeponet,20260923,0.8999999761581421,3,1,000001.SZ,depth,unseen_q
20260508,0,0.28836899995803833,1.866918921470642,1.6127262115478516,0.9557522123893806,0.9557522123893806,deeponet,20260923,0.8999999761581421,3,1,000001.SZ,depth,unseen_q
20260508,1,0.2609657347202301,1.734447956085205,1.5156458616256714,0.9515418502202643,0.9515418502202643,deeponet,20260923,0.8999999761581421,3,1,000001.SZ,depth,unseen_q
20260511,0,0.358933687210083,2.476492166519165,2.1982810497283936,0.9565217391304348,0.9565217391304348,deeponet,20260923,0.8999999761581421,3,1,000001.SZ,depth,unseen_q
20260511,1,0.2755023241043091,2.2567338943481445,2.132161855697632,0.9612068965517241,0.9612068965517241,deeponet,20260923,0.8999999761581421,3,1,000001.SZ,depth,unseen_q
20260512,0,0.33123865723609924,2.0259814262390137,1.7043802738189697,0.9606986899563319,0.9606986899563319,deeponet,20260923,0.8999999761581421,3,1,000001.SZ,depth,unseen_q
20260512,1,0.2628914713859558,1.825459599494934,1.6245959997177124,0.9391304347826087,0.9391304347826087,deeponet,20260923,0.8999999761581421,3,1,000001.SZ,depth,unseen_q
20260513,0,0.24802306294441223,1.890480399131775,1.7430429458618164,0.9612068965517241,0.9612068965517241,deeponet,20260923,0.8999999761581421,3,1,000001.SZ,depth,unseen_q
20260513,1,0.17171454429626465,1.1604058742523193,1.0212210416793823,0.9656652360515021,0.9656652360515021,deeponet,20260923,0.8999999761581421,3,1,000001.SZ,depth,unseen_q
20260514,0,0.2947162687778473,2.3379063606262207,2.1855924129486084,0.974025974025974,0.974025974025974,deeponet,20260923,0.8999999761581421,3,1,000001.SZ,depth,unseen_q
20260514,1,0.27519404888153076,1.8986631631851196,1.685343861579895,0.9567099567099567,0.9567099567099567,deeponet,20260923,0.8999999761581421,3,1,000001.SZ,depth,unseen_q
20260515,0,0.3430880308151245,2.1208343505859375,1.7933229207992554,0.8898678414096917,0.8898678414096917,deeponet,20260923,0.8999999761581421,3,1,000001.SZ,depth,unseen_q
20260515,1,0.31993353366851807,1.9897598028182983,1.6873661279678345,0.9656652360515021,0.9656652360515021,deeponet,20260923,0.8999999761581421,3,1,000001.SZ,depth,unseen_q
20260518,0,0.2588752210140228,2.2911291122436523,2.216723680496216,0.9760765550239234,0.9760765550239234,deeponet,20260923,0.8999999761581421,3,1,000001.SZ,depth,unseen_q
20260518,1,0.27978193759918213,1.936015009880066,1.7205640077590942,0.944206008583691,0.944206008583691,deeponet,20260923,0.8999999761581421,3,1,000001.SZ,depth,unseen_q
20260519,0,0.3740813434123993,3.109868288040161,2.952131986618042,0.9567099567099567,0.9567099567099567,deeponet,20260923,0.8999999761581421,3,1,000001.SZ,depth,unseen_q
20260519,1,0.30431944131851196,2.087543249130249,1.848630428314209,0.9568965517241379,0.9568965517241379,deeponet,20260923,0.8999999761581421,3,1,000001.SZ,depth,unseen_q
20260520,0,0.2872524559497833,2.3476502895355225,2.2164318561553955,0.9644444444444444,0.9644444444444444,deeponet,20260923,0.8999999761581421,3,1,000001.SZ,depth,unseen_q
20260520,1,0.2028961330652237,1.864242434501648,1.823062777519226,0.9739130434782609,0.9739130434782609,deeponet,20260923,0.8999999761581421,3,1,000001.SZ,depth,unseen_q
20260521,0,0.26213619112968445,1.9826667308807373,1.8229929208755493,0.978448275862069,0.978448275862069,deeponet,20260923,0.8999999761581421,3,1,000001.SZ,depth,unseen_q
20260521,1,0.26359179615974426,1.7325669527053833,1.5067294836044312,0.9527896995708155,0.9527896995708155,deeponet,20260923,0.8999999761581421,3,1,000001.SZ,depth,unseen_q
20260522,0,0.30991628766059875,2.8016257286071777,2.7272415161132812,0.9783549783549783,0.9783549783549783,deeponet,20260923,0.8999999761581421,3,1,000001.SZ,depth,unseen_q
20260522,1,0.2503732442855835,1.7629753351211548,1.5777862071990967,0.9484978540772532,0.9484978540772532,deeponet,20260923,0.8999999761581421,3,1,000001.SZ,depth,unseen_q
20260525,0,0.2611076831817627,2.2288177013397217,2.1332530975341797,0.9782608695652174,0.9782608695652174,deeponet,20260923,0.8999999761581421,3,1,000001.SZ,depth,unseen_q
20260525,1,0.2690468728542328,1.998051404953003,1.8249471187591553,0.9696969696969697,0.9696969696969697,deeponet,20260923,0.8999999761581421,3,1,000001.SZ,depth,unseen_q
20260526,0,0.31084898114204407,2.459258794784546,2.2969510555267334,0.9612068965517241,0.9612068965517241,deeponet,20260923,0.8999999761581421,3,1,000001.SZ,depth,unseen_q
20260526,1,0.3359815776348114,2.1301088333129883,1.8226823806762695,0.9612068965517241,0.9612068965517241,deeponet,20260923,0.8999999761581421,3,1,000001.SZ,depth,unseen_q
20260528,0,0.26746106147766113,2.237450361251831,2.128160238265991,0.9783549783549783,0.9783549783549783,deeponet,20260923,0.8999999761581421,3,1,000001.SZ,depth,unseen_q
20260528,1,0.24511191248893738,1.6595302820205688,1.4616332054138184,0.9527896995708155,0.9656652360515021,deeponet,20260923,0.8999999761581421,3,1,000001.SZ,depth,unseen_q
20260529,0,0.26623237133026123,2.3082921504974365,2.219784736633301,0.9827586206896551,0.9827586206896551,deeponet,20260923,0.8999999761581421,3,1,000001.SZ,depth,unseen_q
20260529,1,0.39156877994537354,2.618319511413574,2.2939772605895996,0.9184549356223176,0.9184549356223176,deeponet,20260923,0.8999999761581421,3,1,000001.SZ,depth,unseen_q
20260506,0,0.36405158042907715,2.304267644882202,1.9702057838439941,0.9540816326530612,0.9540816326530612,deeponet,20260923,0.8999999761581421,9,1,000001.SZ,depth,unseen_q
20260506,1,0.28950151801109314,1.9040828943252563,1.6563496589660645,0.9137931034482759,0.9137931034482759,deeponet,20260923,0.8999999761581421,9,1,000001.SZ,depth,unseen_q
20260507,0,0.401882529258728,2.478010892868042,2.0928072929382324,0.9012875536480687,0.9012875536480687,deeponet,20260923,0.8999999761581421,9,1,000001.SZ,depth,unseen_q
20260507,1,0.348995566368103,2.3994717597961426,2.1268506050109863,0.9527896995708155,0.9527896995708155,deeponet,20260923,0.8999999761581421,9,1,000001.SZ,depth,unseen_q
20260508,0,0.3998758792877197,2.194514751434326,1.7434537410736084,0.915929203539823,0.915929203539823,deeponet,20260923,0.8999999761581421,9,1,000001.SZ,depth,unseen_q
20260508,1,0.42873919010162354,1.9076809883117676,1.3127533197402954,0.8854625550660793,0.8854625550660793,deeponet,20260923,0.8999999761581421,9,1,000001.SZ,depth,unseen_q
20260511,0,0.43884071707725525,2.513477325439453,2.0447452068328857,0.8695652173913043,0.8695652173913043,deeponet,20260923,0.8999999761581421,9,1,000001.SZ,depth,unseen_q
20260511,1,0.38990604877471924,2.590994119644165,2.263977527618408,0.9137931034482759,0.9137931034482759,deeponet,20260923,0.8999999761581421,9,1,000001.SZ,depth,unseen_q
20260512,0,0.49670544266700745,2.3356518745422363,1.6778011322021484,0.8864628820960698,0.8864628820960698,deeponet,20260923,0.8999999761581421,9,1,000001.SZ,depth,unseen_q
20260512,1,0.4325513541698456,2.1777024269104004,1.6407496929168701,0.9043478260869565,0.9043478260869565,deeponet,20260923,0.8999999761581421,9,1,000001.SZ,depth,unseen_q
20260513,0,0.38703733682632446,2.1261463165283203,1.6900898218154907,0.8836206896551724,0.8836206896551724,deeponet,20260923,0.8999999761581421,9,1,000001.SZ,depth,unseen_q
20260513,1,0.2643188536167145,1.4705559015274048,1.1773978471755981,0.9227467811158798,0.9227467811158798,deeponet,20260923,0.8999999761581421,9,1,000001.SZ,depth,unseen_q
20260514,0,0.3038475215435028,2.4393906593322754,2.2896196842193604,0.9437229437229437,0.9437229437229437,deeponet,20260923,0.8999999761581421,9,1,000001.SZ,depth,unseen_q
20260514,1,0.442495733499527,2.208967924118042,1.6549705266952515,0.9047619047619048,0.9047619047619048,deeponet,20260923,0.8999999761581421,9,1,000001.SZ,depth,unseen_q
20260515,0,0.4323151707649231,2.3176207542419434,1.8162379264831543,0.8766519823788547,0.8766519823788547,deeponet,20260923,0.8999999761581421,9,1,000001.SZ,depth,unseen_q
20260515,1,0.3622608184814453,2.097447395324707,1.7161574363708496,0.9356223175965666,0.9356223175965666,deeponet,20260923,0.8999999761581421,9,1,000001.SZ,depth,unseen_q
20260518,0,0.3577439486980438,2.529557704925537,2.267587184906006,0.9473684210526315,0.9473684210526315,deeponet,20260923,0.8999999761581421,9,1,000001.SZ,depth,unseen_q
20260518,1,0.3767857551574707,2.1776983737945557,1.7801587581634521,0.9098712446351931,0.9098712446351931,deeponet,20260923,0.8999999761581421,9,1,000001.SZ,depth,unseen_q
20260519,0,0.4909517467021942,3.1855244636535645,2.754526376724243,0.922077922077922,0.922077922077922,deeponet,20260923,0.8999999761581421,9,1,000001.SZ,depth,unseen_q
20260519,1,0.34432414174079895,2.360894203186035,2.0903074741363525,0.9224137931034483,0.9224137931034483,deeponet,20260923,0.8999999761581421,9,1,000001.SZ,depth,unseen_q
20260520,0,0.42955145239830017,2.727304458618164,2.335252046585083,0.9155555555555556,0.9155555555555556,deeponet,20260923,0.8999999761581421,9,1,000001.SZ,depth,unseen_q
20260520,1,0.37060555815696716,2.1342594623565674,1.741310477256775,0.908695652173913,0.908695652173913,deeponet,20260923,0.8999999761581421,9,1,000001.SZ,depth,unseen_q
20260521,0,0.3546298146247864,2.2963614463806152,1.983877420425415,0.9181034482758621,0.9181034482758621,deeponet,20260923,0.8999999761581421,9,1,000001.SZ,depth,unseen_q
20260521,1,0.34223029017448425,1.8338661193847656,1.43675696849823,0.8969957081545065,0.8969957081545065,deeponet,20260923,0.8999999761581421,9,1,000001.SZ,depth,unseen_q
20260522,0,0.4355832636356354,3.0912251472473145,2.775073289871216,0.935064935064935,0.935064935064935,deeponet,20260923,0.8999999761581421,9,1,000001.SZ,depth,unseen_q
20260522,1,0.34146541357040405,2.021606206893921,1.673344373703003,0.9055793991416309,0.9055793991416309,deeponet,20260923,0.8999999761581421,9,1,000001.SZ,depth,unseen_q
20260525,0,0.3714549243450165,2.475933074951172,2.1662793159484863,0.9347826086956522,0.9347826086956522,deeponet,20260923,0.8999999761581421,9,1,000001.SZ,depth,unseen_q
20260525,1,0.3194632828235626,2.1061527729034424,1.8340330123901367,0.935064935064935,0.935064935064935,deeponet,20260923,0.8999999761581421,9,1,000001.SZ,depth,unseen_q
20260526,0,0.44696515798568726,2.4470715522766113,1.9414265155792236,0.8620689655172413,0.8620689655172413,deeponet,20260923,0.8999999761581421,9,1,000001.SZ,depth,unseen_q
20260526,1,0.3610495328903198,2.326666831970215,2.005709648132324,0.9224137931034483,0.9224137931034483,deeponet,20260923,0.8999999761581421,9,1,000001.SZ,depth,unseen_q
20260528,0,0.3935164213180542,2.434281587600708,2.059061050415039,0.9393939393939394,0.9393939393939394,deeponet,20260923,0.8999999761581421,9,1,000001.SZ,depth,unseen_q
20260528,1,0.254961222410202,1.7796835899353027,1.5872015953063965,0.9313304721030042,0.944206008583691,deeponet,20260923,0.8999999761581421,9,1,000001.SZ,depth,unseen_q
20260529,0,0.3988973796367645,2.5001673698425293,2.1279659271240234,0.9310344827586207,0.9310344827586207,deeponet,20260923,0.8999999761581421,9,1,000001.SZ,depth,unseen_q
20260529,1,0.512994647026062,2.968301773071289,2.4278907775878906,0.8841201716738197,0.8841201716738197,deeponet,20260923,0.8999999761581421,9,1,000001.SZ,depth,unseen_q
20260506,0,0.5314387083053589,2.897163152694702,2.2928574085235596,0.8928571428571429,0.8928571428571429,deeponet,20260923,0.8999999761581421,30,1,000001.SZ,depth,unseen_q
20260506,1,0.6031789183616638,2.398958683013916,1.490751028060913,0.8362068965517241,0.8362068965517241,deeponet,20260923,0.8999999761581421,30,1,000001.SZ,depth,unseen_q
20260507,0,0.5810887217521667,2.9364013671875,2.2177798748016357,0.8583690987124464,0.8583690987124464,deeponet,20260923,0.8999999761581421,30,1,000001.SZ,depth,unseen_q
20260507,1,0.6476233005523682,2.8442134857177734,1.9362084865570068,0.8497854077253219,0.8497854077253219,deeponet,20260923,0.8999999761581421,30,1,000001.SZ,depth,unseen_q
20260508,0,0.6525851488113403,2.630415916442871,1.6565572023391724,0.7654867256637168,0.7654867256637168,deeponet,20260923,0.8999999761581421,30,1,000001.SZ,depth,unseen_q
20260508,1,0.7576823234558105,2.737635612487793,1.527838945388794,0.7973568281938326,0.7973568281938326,deeponet,20260923,0.8999999761581421,30,1,000001.SZ,depth,unseen_q
20260511,0,0.6658519506454468,3.440253257751465,2.6356868743896484,0.808695652173913,0.808695652173913,deeponet,20260923,0.8999999761581421,30,1,000001.SZ,depth,unseen_q
20260511,1,0.7076356410980225,3.0023910999298096,1.9838999509811401,0.7931034482758621,0.7931034482758621,deeponet,20260923,0.8999999761581421,30,1,000001.SZ,depth,unseen_q
20260512,0,0.6797140836715698,2.790205478668213,1.7884715795516968,0.7685589519650655,0.7685589519650655,deeponet,20260923,0.8999999761581421,30,1,000001.SZ,depth,unseen_q
20260512,1,0.531844973564148,2.625197410583496,1.951884388923645,0.8217391304347826,0.8217391304347826,deeponet,20260923,0.8999999761581421,30,1,000001.SZ,depth,unseen_q
20260513,0,0.6985687017440796,2.6587913036346436,1.5770676136016846,0.7370689655172413,0.7370689655172413,deeponet,20260923,0.8999999761581421,30,1,000001.SZ,depth,unseen_q
20260513,1,0.41472458839416504,1.870174765586853,1.3009072542190552,0.8497854077253219,0.8497854077253219,deeponet,20260923,0.8999999761581421,30,1,000001.SZ,depth,unseen_q
20260514,0,0.6920691728591919,3.4924843311309814,2.635432481765747,0.8311688311688312,0.8311688311688312,deeponet,20260923,0.8999999761581421,30,1,000001.SZ,depth,unseen_q
20260514,1,0.6925252079963684,2.7172248363494873,1.6652183532714844,0.7792207792207793,0.7792207792207793,deeponet,20260923,0.8999999761581421,30,1,000001.SZ,depth,unseen_q
20260515,0,0.7258319854736328,2.885087490081787,1.791779637336731,0.775330396475771,0.775330396475771,deeponet,20260923,0.8999999761581421,30,1,000001.SZ,depth,unseen_q
20260515,1,0.5341916084289551,2.6232750415802,1.9436149597167969,0.871244635193133,0.871244635193133,deeponet,20260923,0.8999999761581421,30,1,000001.SZ,depth,unseen_q
20260518,0,0.5678083300590515,2.996783494949341,2.3264589309692383,0.84688995215311,0.84688995215311,deeponet,20260923,0.8999999761581421,30,1,000001.SZ,depth,unseen_q
20260518,1,0.5847893953323364,2.7880513668060303,2.0230910778045654,0.8755364806866953,0.8755364806866953,deeponet,20260923,0.8999999761581421,30,1,000001.SZ,depth,unseen_q
20260519,0,0.5971331596374512,3.74200701713562,3.184675931930542,0.9004329004329005,0.9004329004329005,deeponet,20260923,0.8999999761581421,30,1,000001.SZ,depth,unseen_q
20260519,1,0.4870780110359192,2.4042348861694336,1.7875986099243164,0.8491379310344828,0.8491379310344828,deeponet,20260923,0.8999999761581421,30,1,000001.SZ,depth,unseen_q
20260520,0,0.5475642085075378,3.162212610244751,2.583855628967285,0.84,0.84,deeponet,20260923,0.8999999761581421,30,1,000001.SZ,depth,unseen_q
20260520,1,0.5964216589927673,2.6596648693084717,1.8335267305374146,0.8304347826086956,0.8304347826086956,deeponet,20260923,0.8999999761581421,30,1,000001.SZ,depth,unseen_q
20260521,0,0.6652103662490845,3.076653242111206,2.182790994644165,0.8189655172413793,0.8189655172413793,deeponet,20260923,0.8999999761581421,30,1,000001.SZ,depth,unseen_q
20260521,1,0.523247241973877,2.3044955730438232,1.572501540184021,0.7939914163090128,0.7939914163090128,deeponet,20260923,0.8999999761581421,30,1,000001.SZ,depth,unseen_q
20260522,0,0.6750971078872681,3.7648074626922607,3.0182666778564453,0.8658008658008658,0.8658008658008658,deeponet,20260923,0.8999999761581421,30,1,000001.SZ,depth,unseen_q
20260522,1,0.5449779033660889,2.475583791732788,1.7320349216461182,0.8111587982832618,0.8111587982832618,deeponet,20260923,0.8999999761581421,30,1,000001.SZ,depth,unseen_q
20260525,0,0.5854232311248779,2.8499574661254883,2.098889112472534,0.8434782608695652,0.8434782608695652,deeponet,20260923,0.8999999761581421,30,1,000001.SZ,depth,unseen_q
20260525,1,0.4155382215976715,2.646561622619629,2.2693562507629395,0.8917748917748918,0.8917748917748918,deeponet,20260923,0.8999999761581421,30,1,000001.SZ,depth,unseen_q
20260526,0,0.7611430883407593,3.320554256439209,2.247835397720337,0.8146551724137931,0.8146551724137931,deeponet,20260923,0.8999999761581421,30,1,000001.SZ,depth,unseen_q
20260526,1,0.6910316348075867,3.054926633834839,2.0910794734954834,0.8318965517241379,0.8318965517241379,deeponet,20260923,0.8999999761581421,30,1,000001.SZ,depth,unseen_q
20260528,0,0.5915114879608154,3.0335781574249268,2.3131940364837646,0.8441558441558441,0.8441558441558441,deeponet,20260923,0.8999999761581421,30,1,000001.SZ,depth,unseen_q
20260528,1,0.5786542296409607,2.3970608711242676,1.5496907234191895,0.8240343347639485,0.8283261802575107,deeponet,20260923,0.8999999761581421,30,1,000001.SZ,depth,unseen_q
20260529,0,0.6856990456581116,3.3821375370025635,2.5134243965148926,0.8318965517241379,0.8318965517241379,deeponet,20260923,0.8999999761581421,30,1,000001.SZ,depth,unseen_q
20260529,1,0.8663281202316284,3.6295835971832275,2.371159553527832,0.7939914163090128,0.7939914163090128,deeponet,20260923,0.8999999761581421,30,1,000001.SZ,depth,unseen_q
20260506,0,0.9679717709058219,1.9359435418116437,0.9653362367527563,0.6989795918367347,0.6989795918367347,state_tree_linear,-1,0.5,3,1,000001.SZ,depth,unseen_q
20260506,1,0.8349053843731888,1.6698107687463777,-0.27564335120620354,0.40948275862068967,0.43103448275862066,state_tree_linear,-1,0.5,3,1,000001.SZ,depth,unseen_q
20260507,0,0.9970146441892179,1.9940292883784358,-0.7771716246572546,0.3218884120171674,0.3218884120171674,state_tree_linear,-1,0.5,3,1,000001.SZ,depth,unseen_q
20260507,1,0.7518796321384236,1.5037592642768471,-0.16836929876419293,0.5021459227467812,0.5450643776824035,state_tree_linear,-1,0.5,3,1,000001.SZ,depth,unseen_q
20260508,0,0.8538271555559814,1.7076543111119629,-0.17557189500132636,0.4823008849557522,0.4911504424778761,state_tree_linear,-1,0.5,3,1,000001.SZ,depth,unseen_q
20260508,1,0.843429898539623,1.686859797079246,-0.9449319553249372,0.32158590308370044,0.3524229074889868,state_tree_linear,-1,0.5,3,1,000001.SZ,depth,unseen_q
20260511,0,0.9479983857615795,1.895996771523159,-1.017671991837329,0.28695652173913044,0.28695652173913044,state_tree_linear,-1,0.5,3,1,000001.SZ,depth,unseen_q
20260511,1,0.8893968227149023,1.7787936454298046,-0.30968814570785086,0.44396551724137934,0.44396551724137934,state_tree_linear,-1,0.5,3,1,000001.SZ,depth,unseen_q
20260512,0,1.0016142598372586,2.003228519674517,-0.4305989406334556,0.47161572052401746,0.47161572052401746,state_tree_linear,-1,0.5,3,1,000001.SZ,depth,unseen_q
20260512,1,1.0381233710352598,2.0762467420705195,-0.6782437898134038,0.43043478260869567,0.43043478260869567,state_tree_linear,-1,0.5,3,1,000001.SZ,depth,unseen_q
20260513,0,0.6799656650446895,1.359931330089379,0.3111759270257512,0.5948275862068966,0.5948275862068966,state_tree_linear,-1,0.5,3,1,000001.SZ,depth,unseen_q
20260513,1,0.6446602614589781,1.2893205229179563,-0.3975321843959218,0.3605150214592275,0.49356223175965663,state_tree_linear,-1,0.5,3,1,000001.SZ,depth,unseen_q
20260514,0,1.0918696870102647,2.1837393740205293,-0.8540245823834016,0.36363636363636365,0.36363636363636365,state_tree_linear,-1,0.5,3,1,000001.SZ,depth,unseen_q
20260514,1,0.712130826041673,1.424261652083346,-0.5739103312700262,0.38095238095238093,0.4155844155844156,state_tree_linear,-1,0.5,3,1,000001.SZ,depth,unseen_q
20260515,0,1.0989687826741348,2.1979375653482696,0.587376965126828,0.6387665198237885,0.6387665198237885,state_tree_linear,-1,0.5,3,1,000001.SZ,depth,unseen_q
20260515,1,0.8003974637291142,1.6007949274582285,0.02797992491816254,0.463519313304721,0.6008583690987125,state_tree_linear,-1,0.5,3,1,000001.SZ,depth,unseen_q
20260518,0,1.0058795952164532,2.0117591904329064,0.558538662183846,0.5789473684210527,0.5789473684210527,state_tree_linear,-1,0.5,3,1,000001.SZ,depth,unseen_q
20260518,1,0.6827297526472393,1.3654595052944787,-0.3889809492766003,0.48068669527896996,0.48497854077253216,state_tree_linear,-1,0.5,3,1,000001.SZ,depth,unseen_q
20260519,0,0.7500553960443069,1.5001107920886139,0.4372838284002856,0.5974025974025974,0.5974025974025974,state_tree_linear,-1,0.5,3,1,000001.SZ,depth,unseen_q
20260519,1,0.7354381496420536,1.4708762992841071,-0.12922942163450896,0.4698275862068966,0.4956896551724138,state_tree_linear,-1,0.5,3,1,000001.SZ,depth,unseen_q
20260520,0,0.6702090793549603,1.3404181587099206,0.1399106352408049,0.6266666666666667,0.6266666666666667,state_tree_linear,-1,0.5,3,1,000001.SZ,depth,unseen_q
20260520,1,0.5289953212132603,1.0579906424265206,-0.19496323842867785,0.4217391304347826,0.5869565217391305,state_tree_linear,-1,0.5,3,1,000001.SZ,depth,unseen_q
20260521,0,0.85302017080198,1.70604034160396,0.7813026921667057,0.6896551724137931,0.6896551724137931,state_tree_linear,-1,0.5,3,1,000001.SZ,depth,unseen_q
20260521,1,0.7837578835409443,1.5675157670818887,0.018669106878162377,0.5579399141630901,0.6437768240343348,state_tree_linear,-1,0.5,3,1,000001.SZ,depth,unseen_q
20260522,0,0.8724894781661207,1.7449789563322413,0.8772752173049927,0.5887445887445888,0.5887445887445888,state_tree_linear,-1,0.5,3,1,000001.SZ,depth,unseen_q
20260522,1,0.757371519041111,1.514743038082222,0.059786292790784554,0.6266094420600858,0.6266094420600858,state_tree_linear,-1,0.5,3,1,000001.SZ,depth,unseen_q
20260525,0,0.961462767742413,1.922925535484826,-0.27356510652820826,0.4434782608695652,0.4434782608695652,state_tree_linear,-1,0.5,3,1,000001.SZ,depth,unseen_q
20260525,1,0.7379043302088515,1.475808660417703,-0.0056574334210065585,0.5064935064935064,0.5064935064935064,state_tree_linear,-1,0.5,3,1,000001.SZ,depth,unseen_q
20260526,0,0.84753044167391,1.69506088334782,0.42063708128753163,0.6163793103448276,0.6163793103448276,state_tree_linear,-1,0.5,3,1,000001.SZ,depth,unseen_q
20260526,1,0.8557819509661048,1.7115639019322095,0.0005616341829248348,0.47844827586206895,0.47844827586206895,state_tree_linear,-1,0.5,3,1,000001.SZ,depth,unseen_q
20260528,0,0.9493871830279532,1.8987743660559064,1.1012666312372568,0.696969696969697,0.696969696969697,state_tree_linear,-1,0.5,3,1,000001.SZ,depth,unseen_q
20260528,1,0.7480953906160105,1.496190781232021,0.18546635798408811,0.592274678111588,0.6223175965665236,state_tree_linear,-1,0.5,3,1,000001.SZ,depth,unseen_q
20260529,0,0.8163696937002138,1.6327393874004277,0.20657856149192713,0.5517241379310345,0.5603448275862069,state_tree_linear,-1,0.5,3,1,000001.SZ,depth,unseen_q
20260529,1,1.1074094943062753,2.2148189886125507,0.7318564234953058,0.6952789699570815,0.6952789699570815,state_tree_linear,-1,0.5,3,1,000001.SZ,depth,unseen_q
20260506,0,1.0959759147363577,2.1919518294727154,1.0002971993453798,0.7193877551020408,0.7193877551020408,state_tree_linear,-1,0.5,9,1,000001.SZ,depth,unseen_q
20260506,1,0.8804826282660633,1.7609652565321265,-0.18951309168530256,0.44396551724137934,0.46551724137931033,state_tree_linear,-1,0.5,9,1,000001.SZ,depth,unseen_q
20260507,0,1.142069148194561,2.284138296389122,-0.9505815937547131,0.34334763948497854,0.34334763948497854,state_tree_linear,-1,0.5,9,1,000001.SZ,depth,unseen_q
20260507,1,0.8734773617835906,1.7469547235671812,0.02147484080398536,0.5321888412017167,0.575107296137339,state_tree_linear,-1,0.5,9,1,000001.SZ,depth,unseen_q
20260508,0,0.9812228235672401,1.9624456471344802,-0.1206832994965662,0.504424778761062,0.5132743362831859,state_tree_linear,-1,0.5,9,1,000001.SZ,depth,unseen_q
20260508,1,1.0280528297713447,2.0561056595426894,-1.2108836130355267,0.29515418502202645,0.32158590308370044,state_tree_linear,-1,0.5,9,1,000001.SZ,depth,unseen_q
20260511,0,1.092618210153709,2.185236420307418,-1.282592099918802,0.2608695652173913,0.2608695652173913,state_tree_linear,-1,0.5,9,1,000001.SZ,depth,unseen_q
20260511,1,1.0685418641373414,2.137083728274683,-0.2388543929104951,0.43103448275862066,0.43103448275862066,state_tree_linear,-1,0.5,9,1,000001.SZ,depth,unseen_q
20260512,0,1.2282356382102082,2.4564712764204164,-0.5375122893555184,0.4585152838427948,0.4585152838427948,state_tree_linear,-1,0.5,9,1,000001.SZ,depth,unseen_q
20260512,1,1.1352824845942213,2.2705649691884426,-0.7220341830476689,0.43043478260869567,0.43043478260869567,state_tree_linear,-1,0.5,9,1,000001.SZ,depth,unseen_q
20260513,0,0.8484825130978157,1.6969650261956315,0.1790310510988961,0.5732758620689655,0.5732758620689655,state_tree_linear,-1,0.5,9,1,000001.SZ,depth,unseen_q
20260513,1,0.7345412290137872,1.4690824580275743,-0.27347405008858866,0.38626609442060084,0.51931330472103,state_tree_linear,-1,0.5,9,1,000001.SZ,depth,unseen_q
20260514,0,1.196551040713293,2.393102081426586,-0.8493982054396345,0.3939393939393939,0.3939393939393939,state_tree_linear,-1,0.5,9,1,000001.SZ,depth,unseen_q
20260514,1,0.8993389589030315,1.798677917806063,-0.6587286523313692,0.3939393939393939,0.42857142857142855,state_tree_linear,-1,0.5,9,1,000001.SZ,depth,unseen_q
20260515,0,1.1602219687453468,2.3204439374906936,0.5199715958475664,0.6343612334801763,0.6343612334801763,state_tree_linear,-1,0.5,9,1,000001.SZ,depth,unseen_q
20260515,1,0.8736655930331295,1.747331186066259,-0.003650285269495654,0.49356223175965663,0.630901287553648,state_tree_linear,-1,0.5,9,1,000001.SZ,depth,unseen_q
20260518,0,1.0823439710954472,2.1646879421908944,0.5168963128424405,0.5645933014354066,0.5645933014354066,state_tree_linear,-1,0.5,9,1,000001.SZ,depth,unseen_q
20260518,1,0.7609232398382251,1.5218464796764501,-0.3864901458072827,0.4678111587982833,0.4721030042918455,state_tree_linear,-1,0.5,9,1,000001.SZ,depth,unseen_q
20260519,0,0.8528890572725291,1.7057781145450581,0.10500665747755125,0.5800865800865801,0.5800865800865801,state_tree_linear,-1,0.5,9,1,000001.SZ,depth,unseen_q
20260519,1,0.8527795598427468,1.7055591196854936,0.05401814380079289,0.49137931034482757,0.5172413793103449,state_tree_linear,-1,0.5,9,1,000001.SZ,depth,unseen_q
20260520,0,0.923729787205646,1.847459574411292,0.15697247438333442,0.6,0.6,state_tree_linear,-1,0.5,9,1,000001.SZ,depth,unseen_q
20260520,1,0.8061570320468517,1.6123140640937035,-0.3386466387757775,0.4217391304347826,0.5782608695652174,state_tree_linear,-1,0.5,9,1,000001.SZ,depth,unseen_q
20260521,0,1.0118832812458094,2.023766562491619,0.856556992526199,0.6810344827586207,0.6810344827586207,state_tree_linear,-1,0.5,9,1,000001.SZ,depth,unseen_q
20260521,1,0.8921510295211261,1.7843020590422523,-0.1126080051424868,0.5407725321888412,0.6223175965665236,state_tree_linear,-1,0.5,9,1,000001.SZ,depth,unseen_q
20260522,0,1.0019710749279465,2.003942149855893,0.8036370702131167,0.5800865800865801,0.5800865800865801,state_tree_linear,-1,0.5,9,1,000001.SZ,depth,unseen_q
20260522,1,0.9000201543367817,1.8000403086735635,0.08185702764730324,0.6266094420600858,0.6266094420600858,state_tree_linear,-1,0.5,9,1,000001.SZ,depth,unseen_q
20260525,0,1.0386822026769078,2.0773644053538156,-0.3304438197036664,0.45652173913043476,0.45652173913043476,state_tree_linear,-1,0.5,9,1,000001.SZ,depth,unseen_q
20260525,1,0.8555916308391992,1.7111832616783984,-0.04983782682275702,0.5194805194805194,0.5194805194805194,state_tree_linear,-1,0.5,9,1,000001.SZ,depth,unseen_q
20260526,0,1.0051226990246775,2.010245398049355,-0.040241180249051565,0.5258620689655172,0.5258620689655172,state_tree_linear,-1,0.5,9,1,000001.SZ,depth,unseen_q
20260526,1,0.9908097390281203,1.9816194780562406,0.1273683289764397,0.4827586206896552,0.4827586206896552,state_tree_linear,-1,0.5,9,1,000001.SZ,depth,unseen_q
20260528,0,1.165735521625369,2.331471043250738,0.9434354193407446,0.6883116883116883,0.6883116883116883,state_tree_linear,-1,0.5,9,1,000001.SZ,depth,unseen_q
20260528,1,0.7613038863750368,1.5226077727500735,0.2644950950601205,0.6223175965665236,0.6523605150214592,state_tree_linear,-1,0.5,9,1,000001.SZ,depth,unseen_q
20260529,0,0.9150538107131415,1.830107621426283,0.030472010717205244,0.5172413793103449,0.5258620689655172,state_tree_linear,-1,0.5,9,1,000001.SZ,depth,unseen_q
20260529,1,1.2541233086208854,2.508246617241771,0.7949002898597138,0.6824034334763949,0.6824034334763949,state_tree_linear,-1,0.5,9,1,000001.SZ,depth,unseen_q
20260506,0,1.2631973185188676,2.5263946370377353,1.08955798257237,0.7091836734693877,0.7091836734693877,state_tree_linear,-1,0.5,30,1,000001.SZ,depth,unseen_q
20260506,1,1.072537905603618,2.145075811207236,-0.6023020982482438,0.4267241379310345,0.4482758620689655,state_tree_linear,-1,0.5,30,1,000001.SZ,depth,unseen_q
20260507,0,1.4093639332263628,2.8187278664527256,-1.1284536199155744,0.3562231759656652,0.3562231759656652,state_tree_linear,-1,0.5,30,1,000001.SZ,depth,unseen_q
20260507,1,1.1622895312598693,2.3245790625197387,-0.4481604689921471,0.5064377682403434,0.5450643776824035,state_tree_linear,-1,0.5,30,1,000001.SZ,depth,unseen_q
20260508,0,1.2105453622947262,2.4210907245894524,-0.4633658531612895,0.46017699115044247,0.4690265486725664,state_tree_linear,-1,0.5,30,1,000001.SZ,depth,unseen_q
20260508,1,1.287395412228874,2.574790824457748,-1.2887295837872614,0.34801762114537443,0.3744493392070485,state_tree_linear,-1,0.5,30,1,000001.SZ,depth,unseen_q
20260511,0,1.4611161363218779,2.9222322726437557,-1.0403782766362262,0.3652173913043478,0.3652173913043478,state_tree_linear,-1,0.5,30,1,000001.SZ,depth,unseen_q
20260511,1,1.531601760443185,3.06320352088637,-0.8319843116118937,0.43103448275862066,0.43103448275862066,state_tree_linear,-1,0.5,30,1,000001.SZ,depth,unseen_q
20260512,0,1.3958879770775297,2.7917759541550593,-0.7034076374780964,0.4585152838427948,0.4585152838427948,state_tree_linear,-1,0.5,30,1,000001.SZ,depth,unseen_q
20260512,1,1.270978567268717,2.541957134537434,-0.662743258340947,0.45217391304347826,0.45217391304347826,state_tree_linear,-1,0.5,30,1,000001.SZ,depth,unseen_q
20260513,0,1.1150854955830019,2.2301709911660037,-0.14799529073450618,0.4956896551724138,0.4956896551724138,state_tree_linear,-1,0.5,30,1,000001.SZ,depth,unseen_q
20260513,1,0.9986824665359282,1.9973649330718564,-0.3113235190069784,0.40772532188841204,0.5407725321888412,state_tree_linear,-1,0.5,30,1,000001.SZ,depth,unseen_q
20260514,0,1.5557457838308206,3.1114915676616413,-0.8427240929219179,0.42424242424242425,0.42424242424242425,state_tree_linear,-1,0.5,30,1,000001.SZ,depth,unseen_q
20260514,1,1.3015513380740047,2.6031026761480094,-0.939048913426031,0.4069264069264069,0.44155844155844154,state_tree_linear,-1,0.5,30,1,000001.SZ,depth,unseen_q
20260515,0,1.3606443642604267,2.7212887285208534,0.20400378457952484,0.5947136563876652,0.5947136563876652,state_tree_linear,-1,0.5,30,1,000001.SZ,depth,unseen_q
20260515,1,0.9737574587520381,1.9475149175040762,-0.0009408930794900453,0.5278969957081545,0.6566523605150214,state_tree_linear,-1,0.5,30,1,000001.SZ,depth,unseen_q
20260518,0,1.3675404923712817,2.7350809847425634,0.2768375784570676,0.5358851674641149,0.5358851674641149,state_tree_linear,-1,0.5,30,1,000001.SZ,depth,unseen_q
20260518,1,0.9707707364465382,1.9415414728930764,-0.39089316260214924,0.48068669527896996,0.48497854077253216,state_tree_linear,-1,0.5,30,1,000001.SZ,depth,unseen_q
20260519,0,1.0376930500249268,2.0753861000498537,0.15752155858799816,0.5324675324675324,0.5324675324675324,state_tree_linear,-1,0.5,30,1,000001.SZ,depth,unseen_q
20260519,1,1.05245018248111,2.10490036496222,-0.5367980549481451,0.4224137931034483,0.4482758620689655,state_tree_linear,-1,0.5,30,1,000001.SZ,depth,unseen_q
20260520,0,1.0835450165890743,2.1670900331781486,0.08858529980078839,0.5511111111111111,0.5511111111111111,state_tree_linear,-1,0.5,30,1,000001.SZ,depth,unseen_q
20260520,1,1.03774837418289,2.07549674836578,-0.4953068052928904,0.39565217391304347,0.5521739130434783,state_tree_linear,-1,0.5,30,1,000001.SZ,depth,unseen_q
20260521,0,1.3271785524839628,2.6543571049679255,0.7873048639836921,0.646551724137931,0.646551724137931,state_tree_linear,-1,0.5,30,1,000001.SZ,depth,unseen_q
20260521,1,1.147644418126086,2.295288836252172,-0.22777035405308643,0.51931330472103,0.5965665236051502,state_tree_linear,-1,0.5,30,1,000001.SZ,depth,unseen_q
20260522,0,1.2570332478187098,2.5140664956374197,0.7031788050430204,0.5800865800865801,0.5800865800865801,state_tree_linear,-1,0.5,30,1,000001.SZ,depth,unseen_q
20260522,1,1.1938153673226524,2.3876307346453047,-0.17063285283878132,0.5493562231759657,0.5493562231759657,state_tree_linear,-1,0.5,30,1,000001.SZ,depth,unseen_q
20260525,0,1.2940320970166963,2.5880641940333926,-0.6781586314701993,0.43043478260869567,0.43043478260869567,state_tree_linear,-1,0.5,30,1,000001.SZ,depth,unseen_q
20260525,1,1.029848033852,2.059696067704,0.12489312881021641,0.5497835497835498,0.5497835497835498,state_tree_linear,-1,0.5,30,1,000001.SZ,depth,unseen_q
20260526,0,1.3287401051662604,2.657480210332521,-0.046059233769214475,0.5344827586206896,0.5344827586206896,state_tree_linear,-1,0.5,30,1,000001.SZ,depth,unseen_q
20260526,1,1.2198567639616993,2.4397135279233986,-0.053081185853529764,0.5301724137931034,0.5301724137931034,state_tree_linear,-1,0.5,30,1,000001.SZ,depth,unseen_q
20260528,0,1.2757533176233489,2.5515066352466977,0.9466688306686386,0.6666666666666666,0.6666666666666666,state_tree_linear,-1,0.5,30,1,000001.SZ,depth,unseen_q
20260528,1,0.9934988465174499,1.9869976930348998,0.028509682811427503,0.6094420600858369,0.6351931330472103,state_tree_linear,-1,0.5,30,1,000001.SZ,depth,unseen_q
20260529,0,1.2507800141678174,2.5015600283356347,0.19757685399329297,0.5646551724137931,0.5689655172413793,state_tree_linear,-1,0.5,30,1,000001.SZ,depth,unseen_q
20260529,1,1.7283769046569961,3.4567538093139922,0.37896240212047066,0.5836909871244635,0.5836909871244635,state_tree_linear,-1,0.5,30,1,000001.SZ,depth,unseen_q
20260506,0,0.5030853017456612,2.2993600279686497,1.6164868769467855,0.8214285714285714,0.8214285714285714,state_tree_linear,-1,0.8999999761581421,3,1,000001.SZ,depth,unseen_q
20260506,1,0.6539130300916294,1.6540969252577207,0.43283860714226885,0.5344827586206896,0.5344827586206896,state_tree_linear,-1,0.8999999761581421,3,1,000001.SZ,depth,unseen_q
20260507,0,0.8006987955699782,1.826910084985426,0.2818906341088281,0.4592274678111588,0.4592274678111588,state_tree_linear,-1,0.8999999761581421,3,1,000001.SZ,depth,unseen_q
20260507,1,0.500208659648253,1.6357821917923208,0.7942061379581433,0.6909871244635193,0.6909871244635193,state_tree_linear,-1,0.8999999761581421,3,1,000001.SZ,depth,unseen_q
20260508,0,0.6196435082315822,1.8041237219448256,0.7060459239356932,0.6415929203539823,0.6415929203539823,state_tree_linear,-1,0.8999999761581421,3,1,000001.SZ,depth,unseen_q
20260508,1,0.815417906876463,1.6398290671482165,0.01124156741416282,0.46255506607929514,0.46255506607929514,state_tree_linear,-1,0.8999999761581421,3,1,000001.SZ,depth,unseen_q
20260511,0,0.893536805045589,1.8870587387495779,0.12498141827247286,0.5695652173913044,0.5695652173913044,state_tree_linear,-1,0.8999999761581421,3,1,000001.SZ,depth,unseen_q
20260511,1,0.719495551458717,1.9460338991549082,0.6338035330744772,0.5560344827586207,0.5560344827586207,state_tree_linear,-1,0.8999999761581421,3,1,000001.SZ,depth,unseen_q
20260512,0,0.8722601662808522,2.063343779034942,0.39852933184574607,0.6157205240174672,0.6157205240174672,state_tree_linear,-1,0.8999999761581421,3,1,000001.SZ,depth,unseen_q
20260512,1,0.9171413747429459,1.898908034321555,0.08078161085953826,0.4652173913043478,0.4652173913043478,state_tree_linear,-1,0.8999999761581421,3,1,000001.SZ,depth,unseen_q
20260513,0,0.36915963697993104,1.5274497315644202,0.9864131308005022,0.7241379310344828,0.7241379310344828,state_tree_linear,-1,0.8999999761581421,3,1,000001.SZ,depth,unseen_q
20260513,1,0.5812746208090454,1.2538682279301396,0.11414873969385611,0.5708154506437768,0.5708154506437768,state_tree_linear,-1,0.8999999761581421,3,1,000001.SZ,depth,unseen_q
20260514,0,1.0307124795720526,2.1350457613256424,0.0920260082120994,0.4805194805194805,0.4805194805194805,state_tree_linear,-1,0.8999999761581421,3,1,000001.SZ,depth,unseen_q
20260514,1,0.6190839155065332,1.4696011795559114,0.2892917029216853,0.5800865800865801,0.5800865800865801,state_tree_linear,-1,0.8999999761581421,3,1,000001.SZ,depth,unseen_q
20260515,0,0.6209713491970548,2.4385771880223297,1.4957932011914974,0.7533039647577092,0.7533039647577092,state_tree_linear,-1,0.8999999761581421,3,1,000001.SZ,depth,unseen_q
20260515,1,0.5659482595878179,1.7697440069592836,0.7973094072529034,0.6952789699570815,0.6952789699570815,state_tree_linear,-1,0.8999999761581421,3,1,000001.SZ,depth,unseen_q
20260518,0,0.5691754598266517,2.166943338095523,1.2857405996888864,0.6650717703349283,0.6650717703349283,state_tree_linear,-1,0.8999999761581421,3,1,000001.SZ,depth,unseen_q
20260518,1,0.6010034207371042,1.5747834931802511,0.4659708424065798,0.5836909871244635,0.5836909871244635,state_tree_linear,-1,0.8999999761581421,3,1,000001.SZ,depth,unseen_q
20260519,0,0.40332889873876526,2.015442078064797,1.5109804407955354,0.7922077922077922,0.7922077922077922,state_tree_linear,-1,0.8999999761581421,3,1,000001.SZ,depth,unseen_q
20260519,1,0.5182903338232623,1.7395163693184303,0.8786696794626764,0.6594827586206896,0.6594827586206896,state_tree_linear,-1,0.8999999761581421,3,1,000001.SZ,depth,unseen_q
20260520,0,0.45402859805567486,1.9095752875540208,1.251897688922256,0.8133333333333334,0.8133333333333334,state_tree_linear,-1,0.8999999761581421,3,1,000001.SZ,depth,unseen_q
20260520,1,0.4265986322385846,1.4178512887156793,0.7058175723681434,0.7043478260869566,0.7043478260869566,state_tree_linear,-1,0.8999999761581421,3,1,000001.SZ,depth,unseen_q
20260521,0,0.3877642472491335,1.9780966941003835,1.503210339100964,0.8405172413793104,0.8405172413793104,state_tree_linear,-1,0.8999999761581421,3,1,000001.SZ,depth,unseen_q
20260521,1,0.5723103480389793,1.7838162278665448,0.7989944623595141,0.721030042918455,0.721030042918455,state_tree_linear,-1,0.8999999761581421,3,1,000001.SZ,depth,unseen_q
20260522,0,0.38588605296127865,2.3190304612619954,1.9340730594540352,0.7662337662337663,0.7662337662337663,state_tree_linear,-1,0.8999999761581421,3,1,000001.SZ,depth,unseen_q
20260522,1,0.4857796542801927,1.7149073792828018,0.929185143786771,0.7339055793991416,0.7339055793991416,state_tree_linear,-1,0.8999999761581421,3,1,000001.SZ,depth,unseen_q
20260525,0,0.7237207261924998,1.9868827404790983,0.6743016503091335,0.6043478260869565,0.6043478260869565,state_tree_linear,-1,0.8999999761581421,3,1,000001.SZ,depth,unseen_q
20260525,1,0.4469701269198042,1.6129802400572004,0.8988000363446471,0.6623376623376623,0.6623376623376623,state_tree_linear,-1,0.8999999761581421,3,1,000001.SZ,depth,unseen_q
20260526,0,0.4965307315982312,2.140125964850786,1.4338307125308754,0.7844827586206896,0.7844827586206896,state_tree_linear,-1,0.8999999761581421,3,1,000001.SZ,depth,unseen_q
20260526,1,0.563664848967629,1.9310345877732753,1.0046311721782055,0.6120689655172413,0.6120689655172413,state_tree_linear,-1,0.8999999761581421,3,1,000001.SZ,depth,unseen_q
20260528,0,0.38897610285816886,2.2673069448714442,1.8616935349094654,0.8441558441558441,0.8441558441558441,state_tree_linear,-1,0.8999999761581421,3,1,000001.SZ,depth,unseen_q
20260528,1,0.475559456155458,1.5933610473266304,0.8028027166204137,0.6952789699570815,0.6952789699570815,state_tree_linear,-1,0.8999999761581421,3,1,000001.SZ,depth,unseen_q
20260529,0,0.5075253732123899,1.7642688776665783,0.9365227198733521,0.6379310344827587,0.6379310344827587,state_tree_linear,-1,0.8999999761581421,3,1,000001.SZ,depth,unseen_q
20260529,1,0.5662005712907889,2.4898811651399764,1.6968501293381473,0.7811158798283262,0.7811158798283262,state_tree_linear,-1,0.8999999761581421,3,1,000001.SZ,depth,unseen_q
20260506,0,0.5791677991521853,3.208444664282153,2.5626364852172654,0.8520408163265306,0.8520408163265306,state_tree_linear,-1,0.8999999761581421,9,1,000001.SZ,depth,unseen_q
20260506,1,0.5399829548449788,2.057236813540665,1.2215887026257448,0.6637931034482759,0.6637931034482759,state_tree_linear,-1,0.8999999761581421,9,1,000001.SZ,depth,unseen_q
20260507,0,0.7240387220890672,2.3337333694579288,1.1070699725862552,0.6523605150214592,0.6523605150214592,state_tree_linear,-1,0.8999999761581421,9,1,000001.SZ,depth,unseen_q
20260507,1,0.4984610560976748,2.500449854427796,1.879409789812111,0.8025751072961373,0.8025751072961373,state_tree_linear,-1,0.8999999761581421,9,1,000001.SZ,depth,unseen_q
20260508,0,0.6214862492915652,2.5605457831113387,1.646966703827126,0.7212389380530974,0.7212389380530974,state_tree_linear,-1,0.8999999761581421,9,1,000001.SZ,depth,unseen_q
20260508,1,0.747114179770542,1.9697140837243718,0.5943571906555594,0.5550660792951542,0.5550660792951542,state_tree_linear,-1,0.8999999761581421,9,1,000001.SZ,depth,unseen_q
20260511,0,0.7851403832812873,2.4315253594727917,1.076555805305498,0.6260869565217392,0.6260869565217392,state_tree_linear,-1,0.8999999761581421,9,1,000001.SZ,depth,unseen_q
20260511,1,0.6695829918932551,2.6791685355729467,1.6750032895710218,0.6853448275862069,0.6853448275862069,state_tree_linear,-1,0.8999999761581421,9,1,000001.SZ,depth,unseen_q
20260512,0,0.8127442255565206,2.5682192743618217,1.1784135992998999,0.7074235807860262,0.7074235807860262,state_tree_linear,-1,0.8999999761581421,9,1,000001.SZ,depth,unseen_q
20260512,1,0.7533506336041303,2.185224396142217,0.8481539617213613,0.5782608695652174,0.5782608695652174,state_tree_linear,-1,0.8999999761581421,9,1,000001.SZ,depth,unseen_q
20260513,0,0.4361062804608379,2.217613741320967,1.6817515757393198,0.7801724137931034,0.7801724137931034,state_tree_linear,-1,0.8999999761581421,9,1,000001.SZ,depth,unseen_q
20260513,1,0.5447645252767193,1.6535602518444312,0.7050390436373428,0.6351931330472103,0.6351931330472103,state_tree_linear,-1,0.8999999761581421,9,1,000001.SZ,depth,unseen_q
20260514,0,0.7354589566297524,2.4039376104273353,1.166274690975177,0.6147186147186147,0.6147186147186147,state_tree_linear,-1,0.8999999761581421,9,1,000001.SZ,depth,unseen_q
20260514,1,0.6336894074408709,2.2358112384116593,1.2105406015662392,0.7445887445887446,0.7445887445887446,state_tree_linear,-1,0.8999999761581421,9,1,000001.SZ,depth,unseen_q
20260515,0,0.5605216728936216,3.000400390977356,2.3491964465106605,0.8105726872246696,0.8105726872246696,state_tree_linear,-1,0.8999999761581421,9,1,000001.SZ,depth,unseen_q
20260515,1,0.5760656255969903,2.401769887478714,1.5620483884612562,0.7510729613733905,0.7510729613733905,state_tree_linear,-1,0.8999999761581421,9,1,000001.SZ,depth,unseen_q
20260518,0,0.5094906177206281,2.747375488838954,2.1604929455225363,0.7751196172248804,0.7751196172248804,state_tree_linear,-1,0.8999999761581421,9,1,000001.SZ,depth,unseen_q
20260518,1,0.5615710632633044,2.2482493597193423,1.4063841253179432,0.7167381974248928,0.7167381974248928,state_tree_linear,-1,0.8999999761581421,9,1,000001.SZ,depth,unseen_q
20260519,0,0.5015484877671457,2.9544823047312696,2.4392318068857683,0.8831168831168831,0.8831168831168831,state_tree_linear,-1,0.8999999761581421,9,1,000001.SZ,depth,unseen_q
20260519,1,0.4635673690784799,2.5292878263629404,2.0026914796271895,0.7887931034482759,0.7887931034482759,state_tree_linear,-1,0.8999999761581421,9,1,000001.SZ,depth,unseen_q
20260520,0,0.531013600584839,2.9186639610388845,2.3207960881667344,0.8577777777777778,0.8577777777777778,state_tree_linear,-1,0.8999999761581421,9,1,000001.SZ,depth,unseen_q
20260520,1,0.547383446771038,2.224968480902193,1.412752068406731,0.7478260869565218,0.7478260869565218,state_tree_linear,-1,0.8999999761581421,9,1,000001.SZ,depth,unseen_q
20260521,0,0.46156953394678124,2.893028645437493,2.462362118698133,0.8836206896551724,0.8836206896551724,state_tree_linear,-1,0.8999999761581421,9,1,000001.SZ,depth,unseen_q
20260521,1,0.5752249616205827,2.31132876999543,1.4510986449350505,0.7424892703862661,0.7424892703862661,state_tree_linear,-1,0.8999999761581421,9,1,000001.SZ,depth,unseen_q
20260522,0,0.5239696661852384,3.606995136185516,3.198819945433326,0.8268398268398268,0.8268398268398268,state_tree_linear,-1,0.8999999761581421,9,1,000001.SZ,depth,unseen_q
20260522,1,0.4691290614386575,2.3978883127106303,1.8245378460425745,0.8326180257510729,0.8326180257510729,state_tree_linear,-1,0.8999999761581421,9,1,000001.SZ,depth,unseen_q
20260525,0,0.6325806179691419,2.5182401880836034,1.5663487835433119,0.6739130434782609,0.6739130434782609,state_tree_linear,-1,0.8999999761581421,9,1,000001.SZ,depth,unseen_q
20260525,1,0.4346796706784374,2.3060186361952777,1.7958242255874688,0.7878787878787878,0.7878787878787878,state_tree_linear,-1,0.8999999761581421,9,1,000001.SZ,depth,unseen_q
20260526,0,0.5366090567819993,2.6910651966538257,2.022308974401292,0.7887931034482759,0.7887931034482759,state_tree_linear,-1,0.8999999761581421,9,1,000001.SZ,depth,unseen_q
20260526,1,0.4579339267173706,2.5896414594833788,2.092217132266656,0.7543103448275862,0.7543103448275862,state_tree_linear,-1,0.8999999761581421,9,1,000001.SZ,depth,unseen_q
20260528,0,0.5552352766668068,3.267339923088993,2.6960868728935243,0.8614718614718615,0.8614718614718615,state_tree_linear,-1,0.8999999761581421,9,1,000001.SZ,depth,unseen_q
20260528,1,0.40313450341825685,2.0695264041489296,1.5790718407605357,0.776824034334764,0.776824034334764,state_tree_linear,-1,0.8999999761581421,9,1,000001.SZ,depth,unseen_q
20260529,0,0.5751330870737443,2.389994649708186,1.5496606868178464,0.6724137931034483,0.6724137931034483,state_tree_linear,-1,0.8999999761581421,9,1,000001.SZ,depth,unseen_q
20260529,1,0.6053743171099112,3.4776016229485953,2.8335664048046856,0.8497854077253219,0.8497854077253219,state_tree_linear,-1,0.8999999761581421,9,1,000001.SZ,depth,unseen_q
20260506,0,0.6701170197084549,4.72621327021743,4.232474290775777,0.9030612244897959,0.9030612244897959,state_tree_linear,-1,0.8999999761581421,30,1,000001.SZ,depth,unseen_q
20260506,1,0.6033932937571862,2.9474772815092707,2.175863497185194,0.7974137931034483,0.7974137931034483,state_tree_linear,-1,0.8999999761581421,30,1,000001.SZ,depth,unseen_q
20260507,0,0.674944502334218,3.333033509769457,2.478930779132064,0.8240343347639485,0.8240343347639485,state_tree_linear,-1,0.8999999761581421,30,1,000001.SZ,depth,unseen_q
20260507,1,0.6774652697998932,3.6233340401160694,2.835504544654594,0.8798283261802575,0.8798283261802575,state_tree_linear,-1,0.8999999761581421,30,1,000001.SZ,depth,unseen_q
20260508,0,0.662736301583713,3.5124946444375387,2.7337777145334905,0.8008849557522124,0.8008849557522124,state_tree_linear,-1,0.8999999761581421,30,1,000001.SZ,depth,unseen_q
20260508,1,0.8281161043635691,3.1050093479242564,1.8109715319387125,0.7004405286343612,0.7004405286343612,state_tree_linear,-1,0.8999999761581421,30,1,000001.SZ,depth,unseen_q
20260511,0,0.6910528920654789,3.7992522324279263,3.0214332404626654,0.8173913043478261,0.8173913043478261,state_tree_linear,-1,0.8999999761581421,30,1,000001.SZ,depth,unseen_q
20260511,1,0.7800470285741978,3.696608135639583,2.670642757296697,0.7801724137931034,0.7801724137931034,state_tree_linear,-1,0.8999999761581421,30,1,000001.SZ,depth,unseen_q
20260512,0,0.7963366330503043,3.6460972492339625,2.5667801319087102,0.8253275109170306,0.8253275109170306,state_tree_linear,-1,0.8999999761581421,30,1,000001.SZ,depth,unseen_q
20260512,1,0.5692515507756404,2.99206948598003,2.3169581186374018,0.7695652173913043,0.7695652173913043,state_tree_linear,-1,0.8999999761581421,30,1,000001.SZ,depth,unseen_q
20260513,0,0.5549216877286904,3.426845539552618,2.8962528777491707,0.8793103448275862,0.8793103448275862,state_tree_linear,-1,0.8999999761581421,30,1,000001.SZ,depth,unseen_q
20260513,1,0.5610705794722324,2.5995003407328383,1.8466990873073101,0.759656652360515,0.759656652360515,state_tree_linear,-1,0.8999999761581421,30,1,000001.SZ,depth,unseen_q
20260514,0,0.842911835683195,3.9897536510331455,2.8799126462396143,0.8051948051948052,0.8051948051948052,state_tree_linear,-1,0.8999999761581421,30,1,000001.SZ,depth,unseen_q
20260514,1,0.7160947253959346,3.461741551919627,2.536940277623121,0.7792207792207793,0.7792207792207793,state_tree_linear,-1,0.8999999761581421,30,1,000001.SZ,depth,unseen_q
20260515,0,0.7009376870145455,4.2442948326655525,3.553024535072342,0.8634361233480177,0.8634361233480177,state_tree_linear,-1,0.8999999761581421,30,1,000001.SZ,depth,unseen_q
20260515,1,0.6004005096871398,3.5014043859470125,2.8757543796242344,0.8326180257510729,0.8326180257510729,state_tree_linear,-1,0.8999999761581421,30,1,000001.SZ,depth,unseen_q
20260518,0,0.6630225235306026,4.161036151306533,3.543739091529968,0.8660287081339713,0.8660287081339713,state_tree_linear,-1,0.8999999761581421,30,1,000001.SZ,depth,unseen_q
20260518,1,0.5877020605845293,3.5180503971979276,2.928308019576845,0.8669527896995708,0.8669527896995708,state_tree_linear,-1,0.8999999761581421,30,1,000001.SZ,depth,unseen_q
20260519,0,0.6393743766698878,4.684404062128198,4.257069389726638,0.935064935064935,0.935064935064935,state_tree_linear,-1,0.8999999761581421,30,1,000001.SZ,depth,unseen_q
20260519,1,0.5417641616813769,3.389279634058979,2.8821893101621514,0.8577586206896551,0.8577586206896551,state_tree_linear,-1,0.8999999761581421,30,1,000001.SZ,depth,unseen_q
20260520,0,0.557431176937273,4.1868422650919666,3.8399751179021293,0.9244444444444444,0.9244444444444444,state_tree_linear,-1,0.8999999761581421,30,1,000001.SZ,depth,unseen_q
20260520,1,0.5895242222943912,3.295112275650121,2.645079946485724,0.808695652173913,0.808695652173913,state_tree_linear,-1,0.8999999761581421,30,1,000001.SZ,depth,unseen_q
20260521,0,0.6231647726373181,4.482163598601052,4.044792807746458,0.9051724137931034,0.9051724137931034,state_tree_linear,-1,0.8999999761581421,30,1,000001.SZ,depth,unseen_q
20260521,1,0.5513561262460829,3.2058203348377914,2.628885259625804,0.7982832618025751,0.7982832618025751,state_tree_linear,-1,0.8999999761581421,30,1,000001.SZ,depth,unseen_q
20260522,0,0.6587796855345144,5.222728914394372,4.8814622201145,0.9090909090909091,0.9090909090909091,state_tree_linear,-1,0.8999999761581421,30,1,000001.SZ,depth,unseen_q
20260522,1,0.6135644881172477,3.6407094337247976,3.016975751688646,0.8540772532188842,0.8540772532188842,state_tree_linear,-1,0.8999999761581421,30,1,000001.SZ,depth,unseen_q
20260525,0,0.655540201692202,3.5726229970311323,2.826928410556474,0.8434782608695652,0.8434782608695652,state_tree_linear,-1,0.8999999761581421,30,1,000001.SZ,depth,unseen_q
20260525,1,0.5024218239034433,3.901567955557717,3.6209056005113305,0.9393939393939394,0.9393939393939394,state_tree_linear,-1,0.8999999761581421,30,1,000001.SZ,depth,unseen_q
20260526,0,0.6925080890796319,4.31985719880489,3.6685514944697406,0.8706896551724138,0.8706896551724138,state_tree_linear,-1,0.8999999761581421,30,1,000001.SZ,depth,unseen_q
20260526,1,0.5899438645406379,3.9258018819357163,3.4323928956546097,0.8706896551724138,0.8706896551724138,state_tree_linear,-1,0.8999999761581421,30,1,000001.SZ,depth,unseen_q
20260528,0,0.5860950305841003,4.639385955131482,4.3339951257803415,0.9134199134199135,0.9134199134199135,state_tree_linear,-1,0.8999999761581421,30,1,000001.SZ,depth,unseen_q
20260528,1,0.5810577379494486,3.382170565752414,2.7750690277239,0.8841201716738197,0.8841201716738197,state_tree_linear,-1,0.8999999761581421,30,1,000001.SZ,depth,unseen_q
20260529,0,0.6718703051863433,3.873031964652078,3.1616143812961415,0.8017241379310345,0.8017241379310345,state_tree_linear,-1,0.8999999761581421,30,1,000001.SZ,depth,unseen_q
20260529,1,0.8263016689518389,4.899829322907975,4.059032723192575,0.8454935622317596,0.8454935622317596,state_tree_linear,-1,0.8999999761581421,30,1,000001.SZ,depth,unseen_q
20260506,0,0.22453785609807922,0.44907571219615844,0.038897288231203704,0.5459183673469388,0.5459183673469388,state_tree_residual_linear,-1,0.5,3,1,000001.SZ,depth,unseen_q
20260506,1,0.2999081808200018,0.5998163616400036,-0.09036056190372044,0.521551724137931,0.5431034482758621,state_tree_residual_linear,-1,0.5,3,1,000001.SZ,depth,unseen_q
20260507,0,0.32625118695268085,0.6525023739053617,0.05428255934630814,0.51931330472103,0.51931330472103,state_tree_residual_linear,-1,0.5,3,1,000001.SZ,depth,unseen_q
20260507,1,0.2886770641088951,0.5773541282177902,-0.04862775394566016,0.5450643776824035,0.592274678111588,state_tree_residual_linear,-1,0.5,3,1,000001.SZ,depth,unseen_q
20260508,0,0.3502948277238752,0.7005896554477504,-0.009996363654107058,0.5530973451327433,0.5619469026548672,state_tree_residual_linear,-1,0.5,3,1,000001.SZ,depth,unseen_q
20260508,1,0.27041712988619726,0.5408342597723945,-0.1537054090714482,0.4581497797356828,0.4933920704845815,state_tree_residual_linear,-1,0.5,3,1,000001.SZ,depth,unseen_q
20260511,0,0.3375657404431317,0.6751314808862634,-0.2459219423955512,0.43478260869565216,0.43478260869565216,state_tree_residual_linear,-1,0.5,3,1,000001.SZ,depth,unseen_q
20260511,1,0.24661615667354742,0.49323231334709483,0.08024942957179508,0.49137931034482757,0.49137931034482757,state_tree_residual_linear,-1,0.5,3,1,000001.SZ,depth,unseen_q
20260512,0,0.36594671283416735,0.7318934256683347,-0.09579122796590948,0.4759825327510917,0.4759825327510917,state_tree_residual_linear,-1,0.5,3,1,000001.SZ,depth,unseen_q
20260512,1,0.28056113026632035,0.5611222605326407,-0.11778700092744243,0.6304347826086957,0.6304347826086957,state_tree_residual_linear,-1,0.5,3,1,000001.SZ,depth,unseen_q
20260513,0,0.2754505504673787,0.5509011009347574,0.07901637856882365,0.5948275862068966,0.5948275862068966,state_tree_residual_linear,-1,0.5,3,1,000001.SZ,depth,unseen_q
20260513,1,0.14807665554474236,0.2961533110894847,-0.024666033855009335,0.5493562231759657,0.6824034334763949,state_tree_residual_linear,-1,0.5,3,1,000001.SZ,depth,unseen_q
20260514,0,0.2880951383304188,0.5761902766608376,0.06687140907658519,0.47186147186147187,0.47186147186147187,state_tree_residual_linear,-1,0.5,3,1,000001.SZ,depth,unseen_q
20260514,1,0.27987723757055627,0.5597544751411125,-0.10727567350943712,0.5757575757575758,0.6103896103896104,state_tree_residual_linear,-1,0.5,3,1,000001.SZ,depth,unseen_q
20260515,0,0.5403304681003226,1.0806609362006452,-0.17837495623450986,0.44933920704845814,0.44933920704845814,state_tree_residual_linear,-1,0.5,3,1,000001.SZ,depth,unseen_q
20260515,1,0.37629844816388774,0.7525968963277755,0.05578857567051859,0.5793991416309013,0.721030042918455,state_tree_residual_linear,-1,0.5,3,1,000001.SZ,depth,unseen_q
20260518,0,0.2528508833562507,0.5057017667125014,0.024050716803249335,0.5550239234449761,0.5550239234449761,state_tree_residual_linear,-1,0.5,3,1,000001.SZ,depth,unseen_q
20260518,1,0.2906957479785964,0.5813914959571927,-0.12336799650396958,0.630901287553648,0.6351931330472103,state_tree_residual_linear,-1,0.5,3,1,000001.SZ,depth,unseen_q
20260519,0,0.4019978448208663,0.8039956896417326,0.11034411189422072,0.48917748917748916,0.48917748917748916,state_tree_residual_linear,-1,0.5,3,1,000001.SZ,depth,unseen_q
20260519,1,0.339404009177485,0.67880801835497,-0.000658828693012629,0.5775862068965517,0.603448275862069,state_tree_residual_linear,-1,0.5,3,1,000001.SZ,depth,unseen_q
20260520,0,0.2408448392507384,0.4816896785014768,-0.08465746062717544,0.48444444444444446,0.48444444444444446,state_tree_residual_linear,-1,0.5,3,1,000001.SZ,depth,unseen_q
20260520,1,0.1636193550108324,0.3272387100216648,0.006016854962139226,0.4826086956521739,0.6478260869565218,state_tree_residual_linear,-1,0.5,3,1,000001.SZ,depth,unseen_q
20260521,0,0.3277157892903633,0.6554315785807266,0.045600399038760925,0.5948275862068966,0.5948275862068966,state_tree_residual_linear,-1,0.5,3,1,000001.SZ,depth,unseen_q
20260521,1,0.2945002194295221,0.5890004388590442,-0.12099678427281611,0.5836909871244635,0.6695278969957081,state_tree_residual_linear,-1,0.5,3,1,000001.SZ,depth,unseen_q
20260522,0,0.3659495873936993,0.7318991747873986,0.21289847811363238,0.5930735930735931,0.5930735930735931,state_tree_residual_linear,-1,0.5,3,1,000001.SZ,depth,unseen_q
20260522,1,0.27189978070246423,0.5437995614049285,-0.19929655974737326,0.575107296137339,0.575107296137339,state_tree_residual_linear,-1,0.5,3,1,000001.SZ,depth,unseen_q
20260525,0,0.25827837566287665,0.5165567513257533,0.08508826254311194,0.5739130434782609,0.5739130434782609,state_tree_residual_linear,-1,0.5,3,1,000001.SZ,depth,unseen_q
20260525,1,0.288521271210554,0.577042542421108,-0.11639284463730305,0.45021645021645024,0.45021645021645024,state_tree_residual_linear,-1,0.5,3,1,000001.SZ,depth,unseen_q
20260526,0,0.3845980593248953,0.7691961186497906,0.1269109191797308,0.5646551724137931,0.5646551724137931,state_tree_residual_linear,-1,0.5,3,1,000001.SZ,depth,unseen_q
20260526,1,0.3260853989935751,0.6521707979871502,-0.016342052978429892,0.6163793103448276,0.6163793103448276,state_tree_residual_linear,-1,0.5,3,1,000001.SZ,depth,unseen_q
20260528,0,0.3162433029895455,0.632486605979091,0.1222508919535856,0.5800865800865801,0.5800865800865801,state_tree_residual_linear,-1,0.5,3,1,000001.SZ,depth,unseen_q
20260528,1,0.2701173136888643,0.5402346273777286,-0.009137329501738612,0.6695278969957081,0.6995708154506438,state_tree_residual_linear,-1,0.5,3,1,000001.SZ,depth,unseen_q
20260529,0,0.3817141461424597,0.7634282922849194,0.24633963868756423,0.6637931034482759,0.6724137931034483,state_tree_residual_linear,-1,0.5,3,1,000001.SZ,depth,unseen_q
20260529,1,0.5456575660450625,1.091315132090125,-0.20569916222194934,0.5665236051502146,0.5665236051502146,state_tree_residual_linear,-1,0.5,3,1,000001.SZ,depth,unseen_q
20260506,0,0.4723034928474793,0.9446069856949586,0.07385825082382722,0.4897959183673469,0.4897959183673469,state_tree_residual_linear,-1,0.5,9,1,000001.SZ,depth,unseen_q
20260506,1,0.4623663039324734,0.9247326078649468,-0.00423030238281961,0.5689655172413793,0.5905172413793104,state_tree_residual_linear,-1,0.5,9,1,000001.SZ,depth,unseen_q
20260507,0,0.6561515245376928,1.3123030490753855,-0.11912740975115016,0.4592274678111588,0.4592274678111588,state_tree_residual_linear,-1,0.5,9,1,000001.SZ,depth,unseen_q
20260507,1,0.5400347386233639,1.0800694772467279,0.14119214499834767,0.49356223175965663,0.5407725321888412,state_tree_residual_linear,-1,0.5,9,1,000001.SZ,depth,unseen_q
20260508,0,0.5910384327690354,1.182076865538071,0.04489223185065303,0.5088495575221239,0.5176991150442478,state_tree_residual_linear,-1,0.5,9,1,000001.SZ,depth,unseen_q
20260508,1,0.5520906710194794,1.1041813420389588,-0.41964445977750514,0.42290748898678415,0.45374449339207046,state_tree_residual_linear,-1,0.5,9,1,000001.SZ,depth,unseen_q
20260511,0,0.5511901701018938,1.1023803402037875,-0.5108420504770244,0.3782608695652174,0.3782608695652174,state_tree_residual_linear,-1,0.5,9,1,000001.SZ,depth,unseen_q
20260511,1,0.5383232342677589,1.0766464685355177,0.1510831823691508,0.49137931034482757,0.49137931034482757,state_tree_residual_linear,-1,0.5,9,1,000001.SZ,depth,unseen_q
20260512,0,0.7472271506259662,1.4944543012519325,-0.2027045766879723,0.4672489082969432,0.4672489082969432,state_tree_residual_linear,-1,0.5,9,1,000001.SZ,depth,unseen_q
20260512,1,0.537847262172422,1.075694524344844,-0.16157739416170752,0.6260869565217392,0.6260869565217392,state_tree_residual_linear,-1,0.5,9,1,000001.SZ,depth,unseen_q
20260513,0,0.5469124310470297,1.0938248620940594,-0.053128497358031546,0.5775862068965517,0.5775862068965517,state_tree_residual_linear,-1,0.5,9,1,000001.SZ,depth,unseen_q
20260513,1,0.34230456316800895,0.6846091263360179,0.09939210045232379,0.5450643776824035,0.6781115879828327,state_tree_residual_linear,-1,0.5,9,1,000001.SZ,depth,unseen_q
20260514,0,0.5327941287717143,1.0655882575434286,0.07149778602035232,0.44155844155844154,0.44155844155844154,state_tree_residual_linear,-1,0.5,9,1,000001.SZ,depth,unseen_q
20260514,1,0.5470458900245277,1.0940917800490555,-0.1920939945707801,0.45021645021645024,0.48484848484848486,state_tree_residual_linear,-1,0.5,9,1,000001.SZ,depth,unseen_q
20260515,0,0.7257032609876345,1.451406521975269,-0.24578032551377152,0.45374449339207046,0.45374449339207046,state_tree_residual_linear,-1,0.5,9,1,000001.SZ,depth,unseen_q
20260515,1,0.4675229619478582,0.9350459238957164,0.024153040690620138,0.5965665236051502,0.7339055793991416,state_tree_residual_linear,-1,0.5,9,1,000001.SZ,depth,unseen_q
20260518,0,0.5034526634159842,1.0069053268319683,-0.01759163253815614,0.49760765550239233,0.49760765550239233,state_tree_residual_linear,-1,0.5,9,1,000001.SZ,depth,unseen_q
20260518,1,0.4502003187846437,0.9004006375692875,-0.12087719303465203,0.5836909871244635,0.5879828326180258,state_tree_residual_linear,-1,0.5,9,1,000001.SZ,depth,unseen_q
20260519,0,0.6152373190975414,1.2304746381950828,-0.22193305902851343,0.43722943722943725,0.43722943722943725,state_tree_residual_linear,-1,0.5,9,1,000001.SZ,depth,unseen_q
20260519,1,0.5958868515453332,1.1917737030906663,0.18258873674228931,0.5646551724137931,0.5905172413793104,state_tree_residual_linear,-1,0.5,9,1,000001.SZ,depth,unseen_q
20260520,0,0.6218140245915171,1.2436280491830343,-0.06759562148464582,0.4622222222222222,0.4622222222222222,state_tree_residual_linear,-1,0.5,9,1,000001.SZ,depth,unseen_q
20260520,1,0.5344896164293617,1.0689792328587233,-0.1376665453849605,0.47391304347826085,0.6304347826086957,state_tree_residual_linear,-1,0.5,9,1,000001.SZ,depth,unseen_q
20260521,0,0.6138240370879204,1.2276480741758409,0.12085469939825436,0.5,0.5,state_tree_residual_linear,-1,0.5,9,1,000001.SZ,depth,unseen_q
20260521,1,0.4843927663300403,0.9687855326600806,-0.25227389629346536,0.575107296137339,0.6566523605150214,state_tree_residual_linear,-1,0.5,9,1,000001.SZ,depth,unseen_q
20260522,0,0.614295826435014,1.228591652870028,0.13926033102175644,0.5541125541125541,0.5541125541125541,state_tree_residual_linear,-1,0.5,9,1,000001.SZ,depth,unseen_q
20260522,1,0.5593212500168634,1.1186425000337268,-0.17722582489085464,0.5278969957081545,0.5278969957081545,state_tree_residual_linear,-1,0.5,9,1,000001.SZ,depth,unseen_q
20260525,0,0.4814069771601582,0.9628139543203164,0.02820954936765382,0.4956521739130435,0.4956521739130435,state_tree_residual_linear,-1,0.5,9,1,000001.SZ,depth,unseen_q
20260525,1,0.4865065979341734,0.9730131958683468,-0.16057323803905357,0.4935064935064935,0.4935064935064935,state_tree_residual_linear,-1,0.5,9,1,000001.SZ,depth,unseen_q
20260526,0,0.6730050910995906,1.3460101821991812,-0.3339673423568525,0.4827586206896552,0.4827586206896552,state_tree_residual_linear,-1,0.5,9,1,000001.SZ,depth,unseen_q
20260526,1,0.5908627357995138,1.1817254715990275,0.11046464181508493,0.5862068965517241,0.5862068965517241,state_tree_residual_linear,-1,0.5,9,1,000001.SZ,depth,unseen_q
20260528,0,0.6002661888527882,1.2005323777055763,-0.035580319942926666,0.5238095238095238,0.5238095238095238,state_tree_residual_linear,-1,0.5,9,1,000001.SZ,depth,unseen_q
20260528,1,0.38890273291728256,0.7778054658345651,0.06989140757429377,0.6695278969957081,0.6995708154506438,state_tree_residual_linear,-1,0.5,9,1,000001.SZ,depth,unseen_q
20260529,0,0.6396828239475941,1.2793656478951883,0.07023308791284219,0.5991379310344828,0.6077586206896551,state_tree_residual_linear,-1,0.5,9,1,000001.SZ,depth,unseen_q
20260529,1,0.8602699067038524,1.7205398134077048,-0.1426552958575412,0.5536480686695279,0.5536480686695279,state_tree_residual_linear,-1,0.5,9,1,000001.SZ,depth,unseen_q
20260506,0,0.8006812317730408,1.6013624635460817,0.16311903405081737,0.5357142857142857,0.5357142857142857,state_tree_residual_linear,-1,0.5,30,1,000001.SZ,depth,unseen_q
20260506,1,0.8094379631577993,1.6188759263155985,-0.4170193089457608,0.5129310344827587,0.5344827586206896,state_tree_residual_linear,-1,0.5,30,1,000001.SZ,depth,unseen_q
20260507,0,1.0266616780450861,2.0533233560901722,-0.2969994359120115,0.48497854077253216,0.48497854077253216,state_tree_residual_linear,-1,0.5,30,1,000001.SZ,depth,unseen_q
20260507,1,0.9572413504187586,1.9144827008375171,-0.3284735846796466,0.48497854077253216,0.5236051502145923,state_tree_residual_linear,-1,0.5,30,1,000001.SZ,depth,unseen_q
20260508,0,0.981977264684869,1.963954529369738,-0.2977903218140702,0.42920353982300885,0.43805309734513276,state_tree_residual_linear,-1,0.5,30,1,000001.SZ,depth,unseen_q
20260508,1,1.0155163239444105,2.031032647888821,-0.497542703644815,0.47577092511013214,0.5022026431718062,state_tree_residual_linear,-1,0.5,30,1,000001.SZ,depth,unseen_q
20260511,0,1.1871028168863347,2.3742056337726694,-0.2686282271944485,0.43043478260869567,0.43043478260869567,state_tree_residual_linear,-1,0.5,30,1,000001.SZ,depth,unseen_q
20260511,1,1.199843800096629,2.399687600193258,-0.4420467363322478,0.4353448275862069,0.4353448275862069,state_tree_residual_linear,-1,0.5,30,1,000001.SZ,depth,unseen_q
20260512,0,1.1158565230530917,2.2317130461061834,-0.3685999248105502,0.4585152838427948,0.4585152838427948,state_tree_residual_linear,-1,0.5,30,1,000001.SZ,depth,unseen_q
20260512,1,0.9057237706110365,1.811447541222073,-0.10228646945498553,0.5347826086956522,0.5347826086956522,state_tree_residual_linear,-1,0.5,30,1,000001.SZ,depth,unseen_q
20260513,0,1.075399182553354,2.150798365106708,-0.3801548391914338,0.4870689655172414,0.4870689655172414,state_tree_residual_linear,-1,0.5,30,1,000001.SZ,depth,unseen_q
20260513,1,0.7049866008045643,1.4099732016091286,0.06154263153393401,0.5021459227467812,0.6351931330472103,state_tree_residual_linear,-1,0.5,30,1,000001.SZ,depth,unseen_q
20260514,0,1.13305268270347,2.26610536540694,0.07817189853806909,0.47619047619047616,0.47619047619047616,state_tree_residual_linear,-1,0.5,30,1,000001.SZ,depth,unseen_q
20260514,1,1.0366967702325116,2.073393540465023,-0.4724142556654419,0.4199134199134199,0.45454545454545453,state_tree_residual_linear,-1,0.5,30,1,000001.SZ,depth,unseen_q
20260515,0,1.0685243913530151,2.1370487827060303,-0.5617481367818131,0.44052863436123346,0.44052863436123346,state_tree_residual_linear,-1,0.5,30,1,000001.SZ,depth,unseen_q
20260515,1,0.7390153940602414,1.4780307881204828,0.026862432880625814,0.5793991416309013,0.7081545064377682,state_tree_residual_linear,-1,0.5,30,1,000001.SZ,depth,unseen_q
20260518,0,0.9655360382832855,1.931072076566571,-0.2576503669235292,0.37320574162679426,0.37320574162679426,state_tree_residual_linear,-1,0.5,30,1,000001.SZ,depth,unseen_q
20260518,1,0.7780967980483446,1.5561935960966893,-0.12528020982951857,0.6180257510729614,0.6223175965665236,state_tree_residual_linear,-1,0.5,30,1,000001.SZ,depth,unseen_q
20260519,0,0.890854061833383,1.781708123666766,-0.16941815791806658,0.4329004329004329,0.4329004329004329,state_tree_residual_linear,-1,0.5,30,1,000001.SZ,depth,unseen_q
20260519,1,0.8259009494259419,1.6518018988518839,-0.40822746200664883,0.4870689655172414,0.5129310344827587,state_tree_residual_linear,-1,0.5,30,1,000001.SZ,depth,unseen_q
20260520,0,0.986165685738388,1.972331371476776,-0.135982796067192,0.48,0.48,state_tree_residual_linear,-1,0.5,30,1,000001.SZ,depth,unseen_q
20260520,1,0.8748241028394095,1.749648205678819,-0.2943267119020734,0.47391304347826085,0.6304347826086957,state_tree_residual_linear,-1,0.5,30,1,000001.SZ,depth,unseen_q
20260521,0,1.086034072949559,2.172068145899118,0.051602570855747425,0.5258620689655172,0.5258620689655172,state_tree_residual_linear,-1,0.5,30,1,000001.SZ,depth,unseen_q
20260521,1,0.8887924955972769,1.7775849911945538,-0.3674362452040649,0.5278969957081545,0.6051502145922747,state_tree_residual_linear,-1,0.5,30,1,000001.SZ,depth,unseen_q
20260522,0,1.0740624625488844,2.1481249250977688,0.03880206585166,0.5411255411255411,0.5411255411255411,state_tree_residual_linear,-1,0.5,30,1,000001.SZ,depth,unseen_q
20260522,1,0.9356131885391207,1.8712263770782414,-0.42971570537693904,0.5107296137339056,0.5107296137339056,state_tree_residual_linear,-1,0.5,30,1,000001.SZ,depth,unseen_q
20260525,0,0.8862304675774267,1.7724609351548535,-0.31950526239887905,0.4608695652173913,0.4608695652173913,state_tree_residual_linear,-1,0.5,30,1,000001.SZ,depth,unseen_q
20260525,1,0.7882736857637107,1.5765473715274214,0.01415771759391984,0.5108225108225108,0.5108225108225108,state_tree_residual_linear,-1,0.5,30,1,000001.SZ,depth,unseen_q
20260526,0,1.2195126112001493,2.4390252224002986,-0.3397853958770153,0.4482758620689655,0.4482758620689655,state_tree_residual_linear,-1,0.5,30,1,000001.SZ,depth,unseen_q
20260526,1,1.0581596974900584,2.116319394980117,-0.0699848730148846,0.5818965517241379,0.5818965517241379,state_tree_residual_linear,-1,0.5,30,1,000001.SZ,depth,unseen_q
20260528,0,0.9824201662393928,1.9648403324787855,-0.032346908615032456,0.5281385281385281,0.5281385281385281,state_tree_residual_linear,-1,0.5,30,1,000001.SZ,depth,unseen_q
20260528,1,0.8007829552572809,1.6015659105145619,-0.16609400467439925,0.6223175965665236,0.648068669527897,state_tree_residual_linear,-1,0.5,30,1,000001.SZ,depth,unseen_q
20260529,0,1.0881580542037006,2.176316108407401,0.2373379311889299,0.6120689655172413,0.6163793103448276,state_tree_residual_linear,-1,0.5,30,1,000001.SZ,depth,unseen_q
20260529,1,1.4960806061256267,2.9921612122512533,-0.5585931835967844,0.48068669527896996,0.48068669527896996,state_tree_residual_linear,-1,0.5,30,1,000001.SZ,depth,unseen_q
20260506,0,0.212743984822293,0.9775262794807231,0.6900479284252329,0.9591836734693877,0.9591836734693877,state_tree_residual_linear,-1,0.8999999761581421,3,1,000001.SZ,depth,unseen_q
20260506,1,0.24668682302448214,0.9867609681629466,0.6167341894027001,0.9008620689655172,0.9008620689655172,state_tree_residual_linear,-1,0.8999999761581421,3,1,000001.SZ,depth,unseen_q
20260507,0,0.20704940338888084,1.3047746081792566,1.1133448181123913,0.944206008583691,0.944206008583691,state_tree_residual_linear,-1,0.8999999761581421,3,1,000001.SZ,depth,unseen_q
20260507,1,0.23419377516947754,1.1986507723568545,0.9128290819312275,0.944206008583691,0.944206008583691,state_tree_residual_linear,-1,0.8999999761581421,3,1,000001.SZ,depth,unseen_q
20260508,0,0.2515489015467618,1.2003362243040852,0.8715480784615155,0.9424778761061947,0.9424778761061947,state_tree_residual_linear,-1,0.8999999761581421,3,1,000001.SZ,depth,unseen_q
20260508,1,0.21911399377677995,1.0779804095392862,0.7996905751474306,0.920704845814978,0.920704845814978,state_tree_residual_linear,-1,0.8999999761581421,3,1,000001.SZ,depth,unseen_q
20260511,0,0.3404017123188418,1.3981885560495957,0.8967314677142507,0.8913043478260869,0.8913043478260869,state_tree_residual_linear,-1,0.8999999761581421,3,1,000001.SZ,depth,unseen_q
20260511,1,0.1826165695278972,1.184225976923313,1.0237411083541232,0.9224137931034483,0.9224137931034483,state_tree_residual_linear,-1,0.8999999761581421,3,1,000001.SZ,depth,unseen_q
20260512,0,0.323208307188701,1.2330862150198005,0.7333370445132923,0.8951965065502183,0.8951965065502183,state_tree_residual_linear,-1,0.8999999761581421,3,1,000001.SZ,depth,unseen_q
20260512,1,0.2283418899878399,0.969685192216177,0.6412518035222075,0.8956521739130435,0.8956521739130435,state_tree_residual_linear,-1,0.8999999761581421,3,1,000001.SZ,depth,unseen_q
20260513,0,0.1981944914399275,0.9997918127891012,0.7542535823435748,0.9224137931034483,0.9224137931034483,state_tree_residual_linear,-1,0.8999999761581421,3,1,000001.SZ,depth,unseen_q
20260513,1,0.15016958791526724,0.6885669196770058,0.48528470873331186,0.9484978540772532,0.9484978540772532,state_tree_residual_linear,-1,0.8999999761581421,3,1,000001.SZ,depth,unseen_q
20260514,0,0.22847829600047856,1.2672941434387415,1.0129219996720864,0.9047619047619048,0.9047619047619048,state_tree_residual_linear,-1,0.8999999761581421,3,1,000001.SZ,depth,unseen_q
20260514,1,0.23010576904468852,1.0649525905898187,0.7559263606822744,0.922077922077922,0.922077922077922,state_tree_residual_linear,-1,0.8999999761581421,3,1,000001.SZ,depth,unseen_q
20260515,0,0.41049430664630066,1.4050216023456479,0.7300412798301595,0.8149779735682819,0.8149779735682819,state_tree_residual_linear,-1,0.8999999761581421,3,1,000001.SZ,depth,unseen_q
20260515,1,0.27549170703911785,1.2107365563689112,0.8246914770187868,0.927038626609442,0.927038626609442,state_tree_residual_linear,-1,0.8999999761581421,3,1,000001.SZ,depth,unseen_q
20260518,0,0.18143760625669203,0.9638773001374976,0.7512526543082895,0.9186602870813397,0.9186602870813397,state_tree_residual_linear,-1,0.8999999761581421,3,1,000001.SZ,depth,unseen_q
20260518,1,0.2789747430058155,1.144294785457734,0.7329316679937606,0.8927038626609443,0.8927038626609443,state_tree_residual_linear,-1,0.8999999761581421,3,1,000001.SZ,depth,unseen_q
20260519,0,0.3122498069129475,1.57173213679801,1.1840407242894706,0.922077922077922,0.922077922077922,state_tree_residual_linear,-1,0.8999999761581421,3,1,000001.SZ,depth,unseen_q
20260519,1,0.2715398324436647,1.3424633644922683,0.999229684064904,0.9396551724137931,0.9396551724137931,state_tree_residual_linear,-1,0.8999999761581421,3,1,000001.SZ,depth,unseen_q
20260520,0,0.23249255208797143,1.286848729632471,1.0273295930542756,0.9377777777777778,0.9377777777777778,state_tree_residual_linear,-1,0.8999999761581421,3,1,000001.SZ,depth,unseen_q
20260520,1,0.12857093043932233,0.979854684879985,0.90339108384798,0.9565217391304348,0.9565217391304348,state_tree_residual_linear,-1,0.8999999761581421,3,1,000001.SZ,depth,unseen_q
20260521,0,0.21985841994976277,1.0537232400803052,0.767508045973019,0.9396551724137931,0.9396551724137931,state_tree_residual_linear,-1,0.8999999761581421,3,1,000001.SZ,depth,unseen_q
20260521,1,0.21725414031654536,0.9542949018856467,0.6497333152928185,0.9055793991416309,0.9055793991416309,state_tree_residual_linear,-1,0.8999999761581421,3,1,000001.SZ,depth,unseen_q
20260522,0,0.23088713772411365,1.4776047257584597,1.2697881385730612,0.9177489177489178,0.9177489177489178,state_tree_residual_linear,-1,0.8999999761581421,3,1,000001.SZ,depth,unseen_q
20260522,1,0.23202497774449152,1.0002045126437065,0.6701932363900343,0.8927038626609443,0.8927038626609443,state_tree_residual_linear,-1,0.8999999761581421,3,1,000001.SZ,depth,unseen_q
20260525,0,0.16742063234326002,1.1612052309357497,1.0329550193804538,0.9565217391304348,0.9565217391304348,state_tree_residual_linear,-1,0.8999999761581421,3,1,000001.SZ,depth,unseen_q
20260525,1,0.2071313383067339,1.0447143391382987,0.7880646251283505,0.948051948051948,0.948051948051948,state_tree_residual_linear,-1,0.8999999761581421,3,1,000001.SZ,depth,unseen_q
20260526,0,0.28122196264968286,1.474527511273404,1.1401045504230747,0.9310344827586207,0.9310344827586207,state_tree_residual_linear,-1,0.8999999761581421,3,1,000001.SZ,depth,unseen_q
20260526,1,0.25503885927694414,1.3002596594688522,0.9877274850168507,0.9525862068965517,0.9525862068965517,state_tree_residual_linear,-1,0.8999999761581421,3,1,000001.SZ,depth,unseen_q
20260528,0,0.23346215132514386,1.173066497061566,0.8826777956257943,0.9134199134199135,0.9134199134199135,state_tree_residual_linear,-1,0.8999999761581421,3,1,000001.SZ,depth,unseen_q
20260528,1,0.19522921829431386,0.8773762307337539,0.6086472789596126,0.9184549356223176,0.9184549356223176,state_tree_residual_linear,-1,0.8999999761581421,3,1,000001.SZ,depth,unseen_q
20260529,0,0.21978392268076757,1.2186795032168387,0.973889630367475,0.9224137931034483,0.9224137931034483,state_tree_residual_linear,-1,0.8999999761581421,3,1,000001.SZ,depth,unseen_q
20260529,1,0.4400095167368106,1.4874546321643498,0.7592945436208923,0.8798283261802575,0.8798283261802575,state_tree_residual_linear,-1,0.8999999761581421,3,1,000001.SZ,depth,unseen_q
20260506,0,0.3779390516401679,2.0648360546169275,1.6361975366957127,0.9438775510204082,0.9438775510204082,state_tree_residual_linear,-1,0.8999999761581421,9,1,000001.SZ,depth,unseen_q
20260506,1,0.2983037752769471,1.7210675843957977,1.4055751260811855,0.896551724137931,0.896551724137931,state_tree_residual_linear,-1,0.8999999761581421,9,1,000001.SZ,depth,unseen_q
20260507,0,0.4095157716099144,2.3698507760556486,1.9385241565898184,0.9098712446351931,0.9098712446351931,state_tree_residual_linear,-1,0.8999999761581421,9,1,000001.SZ,depth,unseen_q
20260507,1,0.35356061469867034,2.305629130369791,1.99813499531369,0.9484978540772532,0.9484978540772532,state_tree_residual_linear,-1,0.8999999761581421,9,1,000001.SZ,depth,unseen_q
20260508,0,0.37899109370775236,2.208075133024261,1.812616290051295,0.915929203539823,0.915929203539823,state_tree_residual_linear,-1,0.8999999761581421,9,1,000001.SZ,depth,unseen_q
20260508,1,0.3635550325896552,1.8334296877554874,1.3828996106474614,0.8810572687224669,0.8810572687224669,state_tree_residual_linear,-1,0.8999999761581421,9,1,000001.SZ,depth,unseen_q
20260511,0,0.47949222134093283,2.437629038345595,1.8483058547472757,0.8608695652173913,0.8608695652173913,state_tree_residual_linear,-1,0.8999999761581421,9,1,000001.SZ,depth,unseen_q
20260511,1,0.3879449026232778,2.4278423986630364,2.0649408648506675,0.9224137931034483,0.9224137931034483,state_tree_residual_linear,-1,0.8999999761581421,9,1,000001.SZ,depth,unseen_q
20260512,0,0.5509595725827217,2.312496122583385,1.5132213119674462,0.868995633187773,0.868995633187773,state_tree_residual_linear,-1,0.8999999761581421,9,1,000001.SZ,depth,unseen_q
20260512,1,0.38087003539867403,1.8886393271361386,1.4086241543840305,0.8869565217391304,0.8869565217391304,state_tree_residual_linear,-1,0.8999999761581421,9,1,000001.SZ,depth,unseen_q
20260513,0,0.3917970633406079,1.9432676793851953,1.4495920272823921,0.8922413793103449,0.8922413793103449,state_tree_residual_linear,-1,0.8999999761581421,9,1,000001.SZ,depth,unseen_q
20260513,1,0.2629955280835381,1.3869945737911844,1.0762544611798999,0.9313304721030042,0.9313304721030042,state_tree_residual_linear,-1,0.8999999761581421,9,1,000001.SZ,depth,unseen_q
20260514,0,0.29836423237443327,2.2664649111729442,2.0871706824351643,0.9177489177489178,0.9177489177489178,state_tree_residual_linear,-1,0.8999999761581421,9,1,000001.SZ,depth,unseen_q
20260514,1,0.4325299389998132,2.2068000054871404,1.677175259326828,0.9047619047619048,0.9047619047619048,state_tree_residual_linear,-1,0.8999999761581421,9,1,000001.SZ,depth,unseen_q
20260515,0,0.4357973724635875,2.1383502895421143,1.5834445251493225,0.8854625550660793,0.8854625550660793,state_tree_residual_linear,-1,0.8999999761581421,9,1,000001.SZ,depth,unseen_q
20260515,1,0.35972291270805734,1.9909551781676604,1.589386785674267,0.9227467811158798,0.9227467811158798,state_tree_residual_linear,-1,0.8999999761581421,9,1,000001.SZ,depth,unseen_q
20260518,0,0.33820156193026535,1.9772070464401221,1.6260050001419397,0.9186602870813397,0.9186602870813397,state_tree_residual_linear,-1,0.8999999761581421,9,1,000001.SZ,depth,unseen_q
20260518,1,0.3891662067798111,2.1169571717964244,1.6732810475313251,0.9012875536480687,0.9012875536480687,state_tree_residual_linear,-1,0.8999999761581421,9,1,000001.SZ,depth,unseen_q
20260519,0,0.49893815719407875,2.687709885969985,2.1122920903797042,0.9264069264069265,0.9264069264069265,state_tree_residual_linear,-1,0.8999999761581421,9,1,000001.SZ,depth,unseen_q
20260519,1,0.33489395467547883,2.3686603799895694,2.123590714874135,0.9310344827586207,0.9310344827586207,state_tree_residual_linear,-1,0.8999999761581421,9,1,000001.SZ,depth,unseen_q
20260520,0,0.4398115489427454,2.5566053917685543,2.096227992298754,0.8933333333333333,0.8933333333333333,state_tree_residual_linear,-1,0.8999999761581421,9,1,000001.SZ,depth,unseen_q
20260520,1,0.3634119248095485,2.015201568195625,1.6104722442122859,0.9130434782608695,0.9130434782608695,state_tree_residual_linear,-1,0.8999999761581421,9,1,000001.SZ,depth,unseen_q
20260521,0,0.35617537644996744,2.093678531022529,1.7266598255701882,0.9181034482758621,0.9181034482758621,state_tree_residual_linear,-1,0.8999999761581421,9,1,000001.SZ,depth,unseen_q
20260521,1,0.2946108399651667,1.6311260353376493,1.3023805218870734,0.8884120171673819,0.8884120171673819,state_tree_residual_linear,-1,0.8999999761581421,9,1,000001.SZ,depth,unseen_q
20260522,0,0.44847894021596746,2.924585779217769,2.534535024552352,0.9264069264069265,0.9264069264069265,state_tree_residual_linear,-1,0.8999999761581421,9,1,000001.SZ,depth,unseen_q
20260522,1,0.33314651175147275,1.918729699768568,1.5655459386458377,0.8927038626609443,0.8927038626609443,state_tree_residual_linear,-1,0.8999999761581421,9,1,000001.SZ,depth,unseen_q
20260525,0,0.34410874731621255,2.228219124932875,1.9250021526146321,0.9391304347826087,0.9391304347826087,state_tree_residual_linear,-1,0.8999999761581421,9,1,000001.SZ,depth,unseen_q
20260525,1,0.3198798525074882,1.987830676160618,1.6850888143711722,0.9437229437229437,0.9437229437229437,state_tree_residual_linear,-1,0.8999999761581421,9,1,000001.SZ,depth,unseen_q
20260526,0,0.4628573293315015,2.3085808260725442,1.7285828122934912,0.853448275862069,0.853448275862069,state_tree_residual_linear,-1,0.8999999761581421,9,1,000001.SZ,depth,unseen_q
20260526,1,0.33344422345926994,2.3271391040441247,2.0753134451053015,0.9353448275862069,0.9353448275862069,state_tree_residual_linear,-1,0.8999999761581421,9,1,000001.SZ,depth,unseen_q
20260528,0,0.43526577486202517,2.2441883747356006,1.7170711336098534,0.922077922077922,0.922077922077922,state_tree_residual_linear,-1,0.8999999761581421,9,1,000001.SZ,depth,unseen_q
20260528,1,0.2487259319588507,1.605348910655336,1.3848713909668107,0.9141630901287554,0.9141630901287554,state_tree_residual_linear,-1,0.8999999761581421,9,1,000001.SZ,depth,unseen_q
20260529,0,0.45463505248515795,2.178875197694799,1.58700646049856,0.853448275862069,0.853448275862069,state_tree_residual_linear,-1,0.8999999761581421,9,1,000001.SZ,depth,unseen_q
20260529,1,0.5546480707380449,2.6261047063371934,1.8960108190874305,0.8626609442060086,0.8626609442060086,state_tree_residual_linear,-1,0.8999999761581421,9,1,000001.SZ,depth,unseen_q
20260506,0,0.5738822367791601,3.79259258971765,3.3060353422542246,0.9387755102040817,0.9387755102040817,state_tree_residual_linear,-1,0.8999999761581421,30,1,000001.SZ,depth,unseen_q
20260506,1,0.5779239337505747,3.043727691487244,2.359849920640634,0.8836206896551724,0.8836206896551724,state_tree_residual_linear,-1,0.8999999761581421,30,1,000001.SZ,depth,unseen_q
20260507,0,0.5689369433860586,3.786181699429163,3.3103849631356272,0.9184549356223176,0.9184549356223176,state_tree_residual_linear,-1,0.8999999761581421,30,1,000001.SZ,depth,unseen_q
20260507,1,0.6145991088996599,3.5925818770556064,2.9542297501561734,0.9184549356223176,0.9184549356223176,state_tree_residual_linear,-1,0.8999999761581421,30,1,000001.SZ,depth,unseen_q
20260508,0,0.5992471118213861,3.518035925993433,2.89942730075766,0.8849557522123894,0.8849557522123894,state_tree_residual_linear,-1,0.8999999761581421,30,1,000001.SZ,depth,unseen_q
20260508,1,0.6770376029743699,3.4336862435387467,2.5995139519306143,0.8766519823788547,0.8766519823788547,state_tree_residual_linear,-1,0.8999999761581421,30,1,000001.SZ,depth,unseen_q
20260511,0,0.6240096437834054,4.282565738617291,3.793183289904443,0.8869565217391304,0.8869565217391304,state_tree_residual_linear,-1,0.8999999761581421,30,1,000001.SZ,depth,unseen_q
20260511,1,0.6781934055921294,3.80485093130549,3.0605803325763428,0.875,0.875,state_tree_residual_linear,-1,0.8999999761581421,30,1,000001.SZ,depth,unseen_q
20260512,0,0.6567209161915979,3.6347119696857106,2.9015878445762566,0.8864628820960698,0.8864628820960698,state_tree_residual_linear,-1,0.8999999761581421,30,1,000001.SZ,depth,unseen_q
20260512,1,0.4867830578748292,3.2755086275832412,2.877428311300071,0.908695652173913,0.908695652173913,state_tree_residual_linear,-1,0.8999999761581421,30,1,000001.SZ,depth,unseen_q
20260513,0,0.6183904606954568,3.3680554577908386,2.664093329292243,0.8189655172413793,0.8189655172413793,state_tree_residual_linear,-1,0.8999999761581421,30,1,000001.SZ,depth,unseen_q
20260513,1,0.418478065991008,2.611287630103505,2.217914504849867,0.9055793991416309,0.9055793991416309,state_tree_residual_linear,-1,0.8999999761581421,30,1,000001.SZ,depth,unseen_q
20260514,0,0.6744667205693404,4.389580170061683,3.8008086376996015,0.9090909090909091,0.9090909090909091,state_tree_residual_linear,-1,0.8999999761581421,30,1,000001.SZ,depth,unseen_q
20260514,1,0.5617895241100329,3.5264388533054207,3.00357493538371,0.8614718614718615,0.8614718614718615,state_tree_residual_linear,-1,0.8999999761581421,30,1,000001.SZ,depth,unseen_q
20260515,0,0.6595997820865588,3.549017522234405,2.7872726137110044,0.8590308370044053,0.8590308370044053,state_tree_residual_linear,-1,0.8999999761581421,30,1,000001.SZ,depth,unseen_q
20260515,1,0.5212742904694978,3.3650226639785408,2.903092776837245,0.9184549356223176,0.9184549356223176,state_tree_residual_linear,-1,0.8999999761581421,30,1,000001.SZ,depth,unseen_q
20260518,0,0.5586908438594361,3.5247824611460934,3.0092511461493716,0.9138755980861244,0.9138755980861244,state_tree_residual_linear,-1,0.8999999761581421,30,1,000001.SZ,depth,unseen_q
20260518,1,0.5820389045308185,3.720241610134575,3.195204941790227,0.9098712446351931,0.9098712446351931,state_tree_residual_linear,-1,0.8999999761581421,30,1,000001.SZ,depth,unseen_q
20260519,0,0.6100023310674239,4.36410821330812,3.930129673220573,0.935064935064935,0.935064935064935,state_tree_residual_linear,-1,0.8999999761581421,30,1,000001.SZ,depth,unseen_q
20260519,1,0.46798056463000554,3.338431822388868,3.0030885454090965,0.9181034482758621,0.9181034482758621,state_tree_residual_linear,-1,0.8999999761581421,30,1,000001.SZ,depth,unseen_q
20260520,0,0.5380055066851378,3.968336458601554,3.615407022034149,0.9244444444444444,0.9244444444444444,state_tree_residual_linear,-1,0.8999999761581421,30,1,000001.SZ,depth,unseen_q
20260520,1,0.5392672327859039,3.3527744278495577,2.8428001222912784,0.9,0.9,state_tree_residual_linear,-1,0.8999999761581421,30,1,000001.SZ,depth,unseen_q
20260521,0,0.6093497847758026,3.865971823456684,3.3090905146185134,0.8922413793103449,0.8922413793103449,state_tree_residual_linear,-1,0.8999999761581421,30,1,000001.SZ,depth,unseen_q
20260521,1,0.4204316755507496,2.824996942100176,2.480167136577827,0.8798283261802575,0.8798283261802575,state_tree_residual_linear,-1,0.8999999761581421,30,1,000001.SZ,depth,unseen_q
20260522,0,0.6680160518369355,4.709773741970008,4.2171772992335255,0.9264069264069265,0.9264069264069265,state_tree_residual_linear,-1,0.8999999761581421,30,1,000001.SZ,depth,unseen_q
20260522,1,0.5150840280264405,3.2365549999754903,2.7579838442919096,0.9055793991416309,0.9055793991416309,state_tree_residual_linear,-1,0.8999999761581421,30,1,000001.SZ,depth,unseen_q
20260525,0,0.5509528582408416,3.6503709882835422,3.1855817796277948,0.9304347826086956,0.9304347826086956,state_tree_residual_linear,-1,0.8999999761581421,30,1,000001.SZ,depth,unseen_q
20260525,1,0.4750385945977113,3.758213173253492,3.510170189295034,0.9523809523809523,0.9523809523809523,state_tree_residual_linear,-1,0.8999999761581421,30,1,000001.SZ,depth,unseen_q
20260526,0,0.7199140158628808,4.139688136691102,3.37482533236194,0.853448275862069,0.853448275862069,state_tree_residual_linear,-1,0.8999999761581421,30,1,000001.SZ,depth,unseen_q
20260526,1,0.6262574699906529,3.984906143912693,3.415489208493255,0.896551724137931,0.896551724137931,state_tree_residual_linear,-1,0.8999999761581421,30,1,000001.SZ,depth,unseen_q
20260528,0,0.5601258639483818,3.8042350771162163,3.3549793864966704,0.9047619047619048,0.9047619047619048,state_tree_residual_linear,-1,0.8999999761581421,30,1,000001.SZ,depth,unseen_q
20260528,1,0.5655493918674616,3.1957935230136587,2.5808685779301745,0.9055793991416309,0.9055793991416309,state_tree_residual_linear,-1,0.8999999761581421,30,1,000001.SZ,depth,unseen_q
20260529,0,0.6573786701417272,3.873925311726632,3.198960154976855,0.8577586206896551,0.8577586206896551,state_tree_residual_linear,-1,0.8999999761581421,30,1,000001.SZ,depth,unseen_q
20260529,1,0.8599899786882105,4.217161518513048,3.12147713747532,0.8326180257510729,0.8326180257510729,state_tree_residual_linear,-1,0.8999999761581421,30,1,000001.SZ,depth,unseen_q
20260506,0,0.9884822368621826,1.9769644737243652,1.0655683279037476,0.7244897959183674,0.7244897959183674,conditional_mlp_linear,20260921,0.5,3,1,000001.SZ,depth,unseen_q
20260506,1,0.8241903781890869,1.6483807563781738,-0.1709621399641037,0.46120689655172414,0.46120689655172414,conditional_mlp_linear,20260921,0.5,3,1,000001.SZ,depth,unseen_q
20260507,0,0.9802748560905457,1.9605497121810913,-0.6970677971839905,0.3218884120171674,0.3218884120171674,conditional_mlp_linear,20260921,0.5,3,1,000001.SZ,depth,unseen_q
20260507,1,0.7467293739318848,1.4934587478637695,-0.09491220116615295,0.5493562231759657,0.5536480686695279,conditional_mlp_linear,20260921,0.5,3,1,000001.SZ,depth,unseen_q
20260508,0,0.8461136817932129,1.6922273635864258,-0.14087644219398499,0.504424778761062,0.504424778761062,conditional_mlp_linear,20260921,0.5,3,1,000001.SZ,depth,unseen_q
20260508,1,0.8407713770866394,1.6815427541732788,-0.8369605541229248,0.3568281938325991,0.36123348017621143,conditional_mlp_linear,20260921,0.5,3,1,000001.SZ,depth,unseen_q
20260511,0,0.9319450259208679,1.8638900518417358,-0.881434440612793,0.32608695652173914,0.32608695652173914,conditional_mlp_linear,20260921,0.5,3,1,000001.SZ,depth,unseen_q
20260511,1,0.8876091241836548,1.7752182483673096,-0.2277645468711853,0.44396551724137934,0.44396551724137934,conditional_mlp_linear,20260921,0.5,3,1,000001.SZ,depth,unseen_q
20260512,0,1.0127912759780884,2.0255825519561768,-0.35572993755340576,0.4672489082969432,0.4672489082969432,conditional_mlp_linear,20260921,0.5,3,1,000001.SZ,depth,unseen_q
20260512,1,0.9964491724967957,1.9928983449935913,-0.5603724718093872,0.43043478260869567,0.43043478260869567,conditional_mlp_linear,20260921,0.5,3,1,000001.SZ,depth,unseen_q
20260513,0,0.6838148236274719,1.3676296472549438,0.3499815762042999,0.5948275862068966,0.5948275862068966,conditional_mlp_linear,20260921,0.5,3,1,000001.SZ,depth,unseen_q
20260513,1,0.6511725783348083,1.3023451566696167,-0.37113964557647705,0.4978540772532189,0.5064377682403434,conditional_mlp_linear,20260921,0.5,3,1,000001.SZ,depth,unseen_q
20260514,0,1.0732533931732178,2.1465067863464355,-0.7909820079803467,0.37662337662337664,0.37662337662337664,conditional_mlp_linear,20260921,0.5,3,1,000001.SZ,depth,unseen_q
20260514,1,0.7248116731643677,1.4496233463287354,-0.581986665725708,0.4025974025974026,0.4025974025974026,conditional_mlp_linear,20260921,0.5,3,1,000001.SZ,depth,unseen_q
20260515,0,1.0858761072158813,2.1717522144317627,0.6341428756713867,0.6563876651982379,0.6563876651982379,conditional_mlp_linear,20260921,0.5,3,1,000001.SZ,depth,unseen_q
20260515,1,0.7888438701629639,1.5776877403259277,0.13196955621242523,0.5879828326180258,0.6094420600858369,conditional_mlp_linear,20260921,0.5,3,1,000001.SZ,depth,unseen_q
20260518,0,1.0230892896652222,2.0461785793304443,0.5952714085578918,0.5598086124401914,0.5598086124401914,conditional_mlp_linear,20260921,0.5,3,1,000001.SZ,depth,unseen_q
20260518,1,0.6828302145004272,1.3656604290008545,-0.26742151379585266,0.5064377682403434,0.5064377682403434,conditional_mlp_linear,20260921,0.5,3,1,000001.SZ,depth,unseen_q
20260519,0,0.7693543434143066,1.5387086868286133,0.5402282476425171,0.6103896103896104,0.6103896103896104,conditional_mlp_linear,20260921,0.5,3,1,000001.SZ,depth,unseen_q
20260519,1,0.7504737377166748,1.5009474754333496,-0.12186876684427261,0.4956896551724138,0.4956896551724138,conditional_mlp_linear,20260921,0.5,3,1,000001.SZ,depth,unseen_q
20260520,0,0.694786787033081,1.389573574066162,0.23029418289661407,0.64,0.64,conditional_mlp_linear,20260921,0.5,3,1,000001.SZ,depth,unseen_q
20260520,1,0.5198870897293091,1.0397741794586182,-0.0733223557472229,0.5956521739130435,0.6,conditional_mlp_linear,20260921,0.5,3,1,000001.SZ,depth,unseen_q
20260521,0,0.851365864276886,1.702731728553772,0.8141924142837524,0.6896551724137931,0.6896551724137931,conditional_mlp_linear,20260921,0.5,3,1,000001.SZ,depth,unseen_q
20260521,1,0.7821440696716309,1.5642881393432617,0.05363298952579498,0.6223175965665236,0.6394849785407726,conditional_mlp_linear,20260921,0.5,3,1,000001.SZ,depth,unseen_q
20260522,0,0.9013991355895996,1.8027982711791992,0.993018627166748,0.6363636363636364,0.6363636363636364,conditional_mlp_linear,20260921,0.5,3,1,000001.SZ,depth,unseen_q
20260522,1,0.7427441477775574,1.4854882955551147,0.059472180902957916,0.6094420600858369,0.6094420600858369,conditional_mlp_linear,20260921,0.5,3,1,000001.SZ,depth,unseen_q
20260525,0,0.9717816710472107,1.9435633420944214,-0.17931129038333893,0.4608695652173913,0.4608695652173913,conditional_mlp_linear,20260921,0.5,3,1,000001.SZ,depth,unseen_q
20260525,1,0.7306369543075562,1.4612739086151123,0.050417300313711166,0.5064935064935064,0.5064935064935064,conditional_mlp_linear,20260921,0.5,3,1,000001.SZ,depth,unseen_q
20260526,0,0.8795453310012817,1.7590906620025635,0.5256527066230774,0.5991379310344828,0.5991379310344828,conditional_mlp_linear,20260921,0.5,3,1,000001.SZ,depth,unseen_q
20260526,1,0.866033136844635,1.73206627368927,0.09076590090990067,0.49137931034482757,0.49137931034482757,conditional_mlp_linear,20260921,0.5,3,1,000001.SZ,depth,unseen_q
20260528,0,0.9452679753303528,1.8905359506607056,1.1441454887390137,0.7056277056277056,0.7056277056277056,conditional_mlp_linear,20260921,0.5,3,1,000001.SZ,depth,unseen_q
20260528,1,0.7601944804191589,1.5203889608383179,0.24260692298412323,0.6266094420600858,0.6266094420600858,conditional_mlp_linear,20260921,0.5,3,1,000001.SZ,depth,unseen_q
20260529,0,0.7990543842315674,1.5981087684631348,0.2949780821800232,0.5474137931034483,0.5474137931034483,conditional_mlp_linear,20260921,0.5,3,1,000001.SZ,depth,unseen_q
20260529,1,1.1171209812164307,2.2342419624328613,0.8137715458869934,0.6952789699570815,0.6952789699570815,conditional_mlp_linear,20260921,0.5,3,1,000001.SZ,depth,unseen_q
20260506,0,1.1346043348312378,2.2692086696624756,1.1455714702606201,0.75,0.75,conditional_mlp_linear,20260921,0.5,9,1,000001.SZ,depth,unseen_q
20260506,1,0.8739668726921082,1.7479337453842163,-0.04394344612956047,0.4827586206896552,0.4827586206896552,conditional_mlp_linear,20260921,0.5,9,1,000001.SZ,depth,unseen_q
20260507,0,1.1157852411270142,2.2315704822540283,-0.8212084174156189,0.3605150214592275,0.3605150214592275,conditional_mlp_linear,20260921,0.5,9,1,000001.SZ,depth,unseen_q
20260507,1,0.862326443195343,1.724652886390686,0.13711246848106384,0.5836909871244635,0.5879828326180258,conditional_mlp_linear,20260921,0.5,9,1,000001.SZ,depth,unseen_q
20260508,0,1.0007050037384033,2.0014100074768066,-0.03730768710374832,0.5265486725663717,0.5265486725663717,conditional_mlp_linear,20260921,0.5,9,1,000001.SZ,depth,unseen_q
20260508,1,0.9875213503837585,1.975042700767517,-1.066267490386963,0.34801762114537443,0.34801762114537443,conditional_mlp_linear,20260921,0.5,9,1,000001.SZ,depth,unseen_q
20260511,0,1.0661734342575073,2.1323468685150146,-1.0982463359832764,0.2956521739130435,0.2956521739130435,conditional_mlp_linear,20260921,0.5,9,1,000001.SZ,depth,unseen_q
20260511,1,1.0631844997406006,2.126368999481201,-0.10857940465211868,0.4482758620689655,0.4482758620689655,conditional_mlp_linear,20260921,0.5,9,1,000001.SZ,depth,unseen_q
20260512,0,1.2208702564239502,2.4417405128479004,-0.43151015043258667,0.45414847161572053,0.45414847161572053,conditional_mlp_linear,20260921,0.5,9,1,000001.SZ,depth,unseen_q
20260512,1,1.1075164079666138,2.2150328159332275,-0.5716341733932495,0.4391304347826087,0.4391304347826087,conditional_mlp_linear,20260921,0.5,9,1,000001.SZ,depth,unseen_q
20260513,0,0.84699547290802,1.69399094581604,0.2511378228664398,0.5905172413793104,0.5905172413793104,conditional_mlp_linear,20260921,0.5,9,1,000001.SZ,depth,unseen_q
20260513,1,0.7480817437171936,1.4961634874343872,-0.2312631905078888,0.5021459227467812,0.5236051502145923,conditional_mlp_linear,20260921,0.5,9,1,000001.SZ,depth,unseen_q
20260514,0,1.1620943546295166,2.324188709259033,-0.7367823719978333,0.4155844155844156,0.4155844155844156,conditional_mlp_linear,20260921,0.5,9,1,000001.SZ,depth,unseen_q
20260514,1,0.8942705988883972,1.7885411977767944,-0.6227098107337952,0.42424242424242425,0.42424242424242425,conditional_mlp_linear,20260921,0.5,9,1,000001.SZ,depth,unseen_q
20260515,0,1.1496684551239014,2.2993369102478027,0.615844190120697,0.6519823788546255,0.6519823788546255,conditional_mlp_linear,20260921,0.5,9,1,000001.SZ,depth,unseen_q
20260515,1,0.8733240365982056,1.7466480731964111,0.14945796132087708,0.630901287553648,0.6394849785407726,conditional_mlp_linear,20260921,0.5,9,1,000001.SZ,depth,unseen_q
20260518,0,1.105726718902588,2.211453437805176,0.5964069962501526,0.5741626794258373,0.5741626794258373,conditional_mlp_linear,20260921,0.5,9,1,000001.SZ,depth,unseen_q
20260518,1,0.7696970701217651,1.5393941402435303,-0.21500681340694427,0.5021459227467812,0.5021459227467812,conditional_mlp_linear,20260921,0.5,9,1,000001.SZ,depth,unseen_q
20260519,0,0.8687900900840759,1.7375801801681519,0.275478720664978,0.6017316017316018,0.6017316017316018,conditional_mlp_linear,20260921,0.5,9,1,000001.SZ,depth,unseen_q
20260519,1,0.8546766042709351,1.7093532085418701,0.11966334283351898,0.5258620689655172,0.5258620689655172,conditional_mlp_linear,20260921,0.5,9,1,000001.SZ,depth,unseen_q
20260520,0,0.943690836429596,1.887381672859192,0.3009428381919861,0.6177777777777778,0.6177777777777778,conditional_mlp_linear,20260921,0.5,9,1,000001.SZ,depth,unseen_q
20260520,1,0.7861111164093018,1.5722222328186035,-0.16026605665683746,0.5826086956521739,0.5869565217391305,conditional_mlp_linear,20260921,0.5,9,1,000001.SZ,depth,unseen_q
20260521,0,1.0309704542160034,2.061940908432007,0.9386671781539917,0.6896551724137931,0.6896551724137931,conditional_mlp_linear,20260921,0.5,9,1,000001.SZ,depth,unseen_q
20260521,1,0.8884830474853516,1.7769660949707031,-0.025101566687226295,0.6223175965665236,0.630901287553648,conditional_mlp_linear,20260921,0.5,9,1,000001.SZ,depth,unseen_q
20260522,0,1.0338358879089355,2.067671775817871,0.9789051413536072,0.6233766233766234,0.6233766233766234,conditional_mlp_linear,20260921,0.5,9,1,000001.SZ,depth,unseen_q
20260522,1,0.9004976749420166,1.8009953498840332,0.1547393947839737,0.6223175965665236,0.6223175965665236,conditional_mlp_linear,20260921,0.5,9,1,000001.SZ,depth,unseen_q
20260525,0,1.0764390230178833,2.1528780460357666,-0.19897563755512238,0.4652173913043478,0.4652173913043478,conditional_mlp_linear,20260921,0.5,9,1,000001.SZ,depth,unseen_q
20260525,1,0.8405909538269043,1.6811819076538086,0.047665923833847046,0.5108225108225108,0.5108225108225108,conditional_mlp_linear,20260921,0.5,9,1,000001.SZ,depth,unseen_q
20260526,0,1.0372134447097778,2.0744268894195557,0.11478708684444427,0.5344827586206896,0.5344827586206896,conditional_mlp_linear,20260921,0.5,9,1,000001.SZ,depth,unseen_q
20260526,1,0.9668703675270081,1.9337407350540161,0.2579217553138733,0.5086206896551724,0.5086206896551724,conditional_mlp_linear,20260921,0.5,9,1,000001.SZ,depth,unseen_q
20260528,0,1.1583133935928345,2.316626787185669,1.0178653001785278,0.7012987012987013,0.7012987012987013,conditional_mlp_linear,20260921,0.5,9,1,000001.SZ,depth,unseen_q
20260528,1,0.779754102230072,1.559508204460144,0.35723841190338135,0.6523605150214592,0.6523605150214592,conditional_mlp_linear,20260921,0.5,9,1,000001.SZ,depth,unseen_q
20260529,0,0.9184198975563049,1.8368397951126099,0.16771994531154633,0.5387931034482759,0.5387931034482759,conditional_mlp_linear,20260921,0.5,9,1,000001.SZ,depth,unseen_q
20260529,1,1.239498496055603,2.478996992111206,0.9219364523887634,0.6738197424892703,0.6738197424892703,conditional_mlp_linear,20260921,0.5,9,1,000001.SZ,depth,unseen_q
20260506,0,1.3495630025863647,2.6991260051727295,1.4393311738967896,0.7551020408163265,0.7551020408163265,conditional_mlp_linear,20260921,0.5,30,1,000001.SZ,depth,unseen_q
20260506,1,1.0470221042633057,2.0940442085266113,-0.26069313287734985,0.4870689655172414,0.4870689655172414,conditional_mlp_linear,20260921,0.5,30,1,000001.SZ,depth,unseen_q
20260507,0,1.3103245496749878,2.6206490993499756,-0.7594460844993591,0.3948497854077253,0.3948497854077253,conditional_mlp_linear,20260921,0.5,30,1,000001.SZ,depth,unseen_q
20260507,1,1.15009343624115,2.3001868724823,-0.12638022005558014,0.5793991416309013,0.6008583690987125,conditional_mlp_linear,20260921,0.5,30,1,000001.SZ,depth,unseen_q
20260508,0,1.2234506607055664,2.446901321411133,-0.14048777520656586,0.5088495575221239,0.5088495575221239,conditional_mlp_linear,20260921,0.5,30,1,000001.SZ,depth,unseen_q
20260508,1,1.2435311079025269,2.4870622158050537,-0.954554557800293,0.4185022026431718,0.4185022026431718,conditional_mlp_linear,20260921,0.5,30,1,000001.SZ,depth,unseen_q
20260511,0,1.4353333711624146,2.870666742324829,-0.6023713946342468,0.4217391304347826,0.4217391304347826,conditional_mlp_linear,20260921,0.5,30,1,000001.SZ,depth,unseen_q
20260511,1,1.4554240703582764,2.9108481407165527,-0.47070610523223877,0.44396551724137934,0.44396551724137934,conditional_mlp_linear,20260921,0.5,30,1,000001.SZ,depth,unseen_q
20260512,0,1.371207594871521,2.742415189743042,-0.40007999539375305,0.49344978165938863,0.49344978165938863,conditional_mlp_linear,20260921,0.5,30,1,000001.SZ,depth,unseen_q
20260512,1,1.238135576248169,2.476271152496338,-0.34691739082336426,0.47391304347826085,0.47391304347826085,conditional_mlp_linear,20260921,0.5,30,1,000001.SZ,depth,unseen_q
20260513,0,1.0991830825805664,2.198366165161133,0.10199564695358276,0.5344827586206896,0.5344827586206896,conditional_mlp_linear,20260921,0.5,30,1,000001.SZ,depth,unseen_q
20260513,1,0.9889373779296875,1.977874755859375,-0.16037370264530182,0.5622317596566524,0.5622317596566524,conditional_mlp_linear,20260921,0.5,30,1,000001.SZ,depth,unseen_q
20260514,0,1.5028071403503418,3.0056142807006836,-0.4730890989303589,0.4805194805194805,0.4805194805194805,conditional_mlp_linear,20260921,0.5,30,1,000001.SZ,depth,unseen_q
20260514,1,1.283422827720642,2.566845655441284,-0.6771143674850464,0.4675324675324675,0.4675324675324675,conditional_mlp_linear,20260921,0.5,30,1,000001.SZ,depth,unseen_q
20260515,0,1.3775699138641357,2.7551398277282715,0.5405541062355042,0.6255506607929515,0.6255506607929515,conditional_mlp_linear,20260921,0.5,30,1,000001.SZ,depth,unseen_q
20260515,1,1.0280959606170654,2.056191921234131,0.3297010660171509,0.6824034334763949,0.6824034334763949,conditional_mlp_linear,20260921,0.5,30,1,000001.SZ,depth,unseen_q
20260518,0,1.400441288948059,2.800882577896118,0.5791631937026978,0.5502392344497608,0.5502392344497608,conditional_mlp_linear,20260921,0.5,30,1,000001.SZ,depth,unseen_q
20260518,1,1.0031914710998535,2.006382942199707,0.00575426546856761,0.5536480686695279,0.5536480686695279,conditional_mlp_linear,20260921,0.5,30,1,000001.SZ,depth,unseen_q
20260519,0,1.0996012687683105,2.199202537536621,0.6051419973373413,0.6147186147186147,0.6147186147186147,conditional_mlp_linear,20260921,0.5,30,1,000001.SZ,depth,unseen_q
20260519,1,1.045936107635498,2.091872215270996,-0.23043009638786316,0.49137931034482757,0.49137931034482757,conditional_mlp_linear,20260921,0.5,30,1,000001.SZ,depth,unseen_q
20260520,0,1.1315380334854126,2.263076066970825,0.4814891219139099,0.6088888888888889,0.6088888888888889,conditional_mlp_linear,20260921,0.5,30,1,000001.SZ,depth,unseen_q
20260520,1,1.0396350622177124,2.079270124435425,-0.10763870179653168,0.5869565217391305,0.5869565217391305,conditional_mlp_linear,20260921,0.5,30,1,000001.SZ,depth,unseen_q
20260521,0,1.3523390293121338,2.7046780586242676,1.0941715240478516,0.6681034482758621,0.6681034482758621,conditional_mlp_linear,20260921,0.5,30,1,000001.SZ,depth,unseen_q
20260521,1,1.1439650058746338,2.2879300117492676,0.06463825702667236,0.6223175965665236,0.6223175965665236,conditional_mlp_linear,20260921,0.5,30,1,000001.SZ,depth,unseen_q
20260522,0,1.3480838537216187,2.6961677074432373,1.1363816261291504,0.6623376623376623,0.6623376623376623,conditional_mlp_linear,20260921,0.5,30,1,000001.SZ,depth,unseen_q
20260522,1,1.2042144536972046,2.408428907394409,0.15921542048454285,0.6094420600858369,0.6094420600858369,conditional_mlp_linear,20260921,0.5,30,1,000001.SZ,depth,unseen_q
20260525,0,1.3123435974121094,2.6246871948242188,-0.35083743929862976,0.47391304347826085,0.47391304347826085,conditional_mlp_linear,20260921,0.5,30,1,000001.SZ,depth,unseen_q
20260525,1,1.0229520797729492,2.0459041595458984,0.42672625184059143,0.5887445887445888,0.5887445887445888,conditional_mlp_linear,20260921,0.5,30,1,000001.SZ,depth,unseen_q
20260526,0,1.3765127658843994,2.753025531768799,0.3368128538131714,0.5732758620689655,0.5732758620689655,conditional_mlp_linear,20260921,0.5,30,1,000001.SZ,depth,unseen_q
20260526,1,1.2239446640014648,2.4478893280029297,0.2772197127342224,0.5474137931034483,0.5474137931034483,conditional_mlp_linear,20260921,0.5,30,1,000001.SZ,depth,unseen_q
20260528,0,1.3134874105453491,2.6269748210906982,1.1983540058135986,0.6926406926406926,0.6926406926406926,conditional_mlp_linear,20260921,0.5,30,1,000001.SZ,depth,unseen_q
20260528,1,1.0191768407821655,2.038353681564331,0.2979545295238495,0.6566523605150214,0.6566523605150214,conditional_mlp_linear,20260921,0.5,30,1,000001.SZ,depth,unseen_q
20260529,0,1.2943028211593628,2.5886056423187256,0.5245571732521057,0.6077586206896551,0.6077586206896551,conditional_mlp_linear,20260921,0.5,30,1,000001.SZ,depth,unseen_q
20260529,1,1.7270959615707397,3.4541919231414795,0.7430737018585205,0.6008583690987125,0.6008583690987125,conditional_mlp_linear,20260921,0.5,30,1,000001.SZ,depth,unseen_q
20260506,0,0.5134036540985107,2.89957857131958,2.3409643173217773,0.8571428571428571,0.8571428571428571,conditional_mlp_linear,20260921,0.8999999761581421,3,1,000001.SZ,depth,unseen_q
20260506,1,0.49506673216819763,1.8940225839614868,1.1298614740371704,0.6767241379310345,0.6767241379310345,conditional_mlp_linear,20260921,0.8999999761581421,3,1,000001.SZ,depth,unseen_q
20260507,0,0.6091018319129944,1.9601764678955078,0.9274661540985107,0.6266094420600858,0.6266094420600858,conditional_mlp_linear,20260921,0.8999999761581421,3,1,000001.SZ,depth,unseen_q
20260507,1,0.4492884874343872,1.9610692262649536,1.3281155824661255,0.8154506437768241,0.8154506437768241,conditional_mlp_linear,20260921,0.8999999761581421,3,1,000001.SZ,depth,unseen_q
20260508,0,0.6360199451446533,2.036431312561035,0.9554890990257263,0.7079646017699115,0.7079646017699115,conditional_mlp_linear,20260921,0.8999999761581421,3,1,000001.SZ,depth,unseen_q
20260508,1,0.6936802864074707,1.5824507474899292,0.2438625693321228,0.5594713656387665,0.5594713656387665,conditional_mlp_linear,20260921,0.8999999761581421,3,1,000001.SZ,depth,unseen_q
20260511,0,0.653741717338562,2.1948721408843994,1.1092360019683838,0.717391304347826,0.717391304347826,conditional_mlp_linear,20260921,0.8999999761581421,3,1,000001.SZ,depth,unseen_q
20260511,1,0.481519490480423,2.29036808013916,1.6591615676879883,0.7672413793103449,0.7672413793103449,conditional_mlp_linear,20260921,0.8999999761581421,3,1,000001.SZ,depth,unseen_q
20260512,0,0.607641339302063,2.1205570697784424,1.131593108177185,0.7336244541484717,0.7336244541484717,conditional_mlp_linear,20260921,0.8999999761581421,3,1,000001.SZ,depth,unseen_q
20260512,1,0.5854076743125916,1.8168394565582275,0.8075302839279175,0.5956521739130435,0.5956521739130435,conditional_mlp_linear,20260921,0.8999999761581421,3,1,000001.SZ,depth,unseen_q
20260513,0,0.31849727034568787,1.8648388385772705,1.5348055362701416,0.8189655172413793,0.8189655172413793,conditional_mlp_linear,20260921,0.8999999761581421,3,1,000001.SZ,depth,unseen_q
20260513,1,0.5327475666999817,1.4051364660263062,0.4245516061782837,0.6223175965665236,0.6223175965665236,conditional_mlp_linear,20260921,0.8999999761581421,3,1,000001.SZ,depth,unseen_q
20260514,0,0.6886100172996521,2.0064585208892822,0.7865483164787292,0.5974025974025974,0.5974025974025974,conditional_mlp_linear,20260921,0.8999999761581421,3,1,000001.SZ,depth,unseen_q
20260514,1,0.48242923617362976,1.7334235906600952,0.9607064127922058,0.7792207792207793,0.7792207792207793,conditional_mlp_linear,20260921,0.8999999761581421,3,1,000001.SZ,depth,unseen_q
20260515,0,0.5170633792877197,2.7341039180755615,2.124971866607666,0.8370044052863436,0.8370044052863436,conditional_mlp_linear,20260921,0.8999999761581421,3,1,000001.SZ,depth,unseen_q
20260515,1,0.5179296135902405,2.0401883125305176,1.2554112672805786,0.7939914163090128,0.7939914163090128,conditional_mlp_linear,20260921,0.8999999761581421,3,1,000001.SZ,depth,unseen_q
20260518,0,0.4080163240432739,2.7566633224487305,2.425788402557373,0.7942583732057417,0.7942583732057417,conditional_mlp_linear,20260921,0.8999999761581421,3,1,000001.SZ,depth,unseen_q
20260518,1,0.42680591344833374,1.8461002111434937,1.2406105995178223,0.7467811158798283,0.7467811158798283,conditional_mlp_linear,20260921,0.8999999761581421,3,1,000001.SZ,depth,unseen_q
20260519,0,0.3647961914539337,2.789720058441162,2.575159788131714,0.9134199134199135,0.9134199134199135,conditional_mlp_linear,20260921,0.8999999761581421,3,1,000001.SZ,depth,unseen_q
20260519,1,0.4613344073295593,2.067542552947998,1.431092381477356,0.7801724137931034,0.7801724137931034,conditional_mlp_linear,20260921,0.8999999761581421,3,1,000001.SZ,depth,unseen_q
20260520,0,0.3560478985309601,2.2532689571380615,1.926466703414917,0.8977777777777778,0.8977777777777778,conditional_mlp_linear,20260921,0.8999999761581421,3,1,000001.SZ,depth,unseen_q
20260520,1,0.35397857427597046,1.7280348539352417,1.2750972509384155,0.8,0.8,conditional_mlp_linear,20260921,0.8999999761581421,3,1,000001.SZ,depth,unseen_q
20260521,0,0.36717280745506287,2.2764604091644287,1.9276432991027832,0.8620689655172413,0.8620689655172413,conditional_mlp_linear,20260921,0.8999999761581421,3,1,000001.SZ,depth,unseen_q
20260521,1,0.5852837562561035,2.012723445892334,1.0526950359344482,0.7296137339055794,0.7296137339055794,conditional_mlp_linear,20260921,0.8999999761581421,3,1,000001.SZ,depth,unseen_q
20260522,0,0.43557092547416687,3.0520997047424316,2.7261977195739746,0.8311688311688312,0.8311688311688312,conditional_mlp_linear,20260921,0.8999999761581421,3,1,000001.SZ,depth,unseen_q
20260522,1,0.3824532628059387,1.969518780708313,1.505765438079834,0.8626609442060086,0.8626609442060086,conditional_mlp_linear,20260921,0.8999999761581421,3,1,000001.SZ,depth,unseen_q
20260525,0,0.5270225405693054,2.205138921737671,1.4388675689697266,0.7,0.7,conditional_mlp_linear,20260921,0.8999999761581421,3,1,000001.SZ,depth,unseen_q
20260525,1,0.38257524371147156,2.2383012771606445,1.8414385318756104,0.8398268398268398,0.8398268398268398,conditional_mlp_linear,20260921,0.8999999761581421,3,1,000001.SZ,depth,unseen_q
20260526,0,0.4183815121650696,2.568181037902832,2.1642725467681885,0.8577586206896551,0.8577586206896551,conditional_mlp_linear,20260921,0.8999999761581421,3,1,000001.SZ,depth,unseen_q
20260526,1,0.44278469681739807,2.21248722076416,1.6586472988128662,0.7629310344827587,0.7629310344827587,conditional_mlp_linear,20260921,0.8999999761581421,3,1,000001.SZ,depth,unseen_q
20260528,0,0.36215728521347046,2.834951162338257,2.638295888900757,0.9307359307359307,0.9307359307359307,conditional_mlp_linear,20260921,0.8999999761581421,3,1,000001.SZ,depth,unseen_q
20260528,1,0.4220142960548401,1.9819973707199097,1.4224611520767212,0.8412017167381974,0.8412017167381974,conditional_mlp_linear,20260921,0.8999999761581421,3,1,000001.SZ,depth,unseen_q
20260529,0,0.4300115406513214,2.1072890758514404,1.5590825080871582,0.7370689655172413,0.7370689655172413,conditional_mlp_linear,20260921,0.8999999761581421,3,1,000001.SZ,depth,unseen_q
20260529,1,0.4857907295227051,3.2357380390167236,2.830195665359497,0.8798283261802575,0.8798283261802575,conditional_mlp_linear,20260921,0.8999999761581421,3,1,000001.SZ,depth,unseen_q
20260506,0,0.5946523547172546,3.289232015609741,2.6249091625213623,0.8469387755102041,0.8469387755102041,conditional_mlp_linear,20260921,0.8999999761581421,9,1,000001.SZ,depth,unseen_q
20260506,1,0.48554304242134094,2.1209568977355957,1.4373387098312378,0.7112068965517241,0.7112068965517241,conditional_mlp_linear,20260921,0.8999999761581421,9,1,000001.SZ,depth,unseen_q
20260507,0,0.7532560229301453,2.309844732284546,1.0041660070419312,0.6266094420600858,0.6266094420600858,conditional_mlp_linear,20260921,0.8999999761581421,9,1,000001.SZ,depth,unseen_q
20260507,1,0.4846178889274597,2.355861186981201,1.7332818508148193,0.8583690987124464,0.8583690987124464,conditional_mlp_linear,20260921,0.8999999761581421,9,1,000001.SZ,depth,unseen_q
20260508,0,0.7021853923797607,2.397306203842163,1.2411694526672363,0.6991150442477876,0.6991150442477876,conditional_mlp_linear,20260921,0.8999999761581421,9,1,000001.SZ,depth,unseen_q
20260508,1,0.8692405819892883,1.875704050064087,0.171528622508049,0.5682819383259912,0.5682819383259912,conditional_mlp_linear,20260921,0.8999999761581421,9,1,000001.SZ,depth,unseen_q
20260511,0,0.7471596598625183,2.3875622749328613,1.1165540218353271,0.6739130434782609,0.6739130434782609,conditional_mlp_linear,20260921,0.8999999761581421,9,1,000001.SZ,depth,unseen_q
20260511,1,0.5913549065589905,2.7804112434387207,1.997126817703247,0.7672413793103449,0.7672413793103449,conditional_mlp_linear,20260921,0.8999999761581421,9,1,000001.SZ,depth,unseen_q
20260512,0,0.7225173115730286,2.4590327739715576,1.2674977779388428,0.74235807860262,0.74235807860262,conditional_mlp_linear,20260921,0.8999999761581421,9,1,000001.SZ,depth,unseen_q
20260512,1,0.6805411577224731,2.1535792350769043,0.9906210899353027,0.6739130434782609,0.6739130434782609,conditional_mlp_linear,20260921,0.8999999761581421,9,1,000001.SZ,depth,unseen_q
20260513,0,0.44977352023124695,2.207411050796509,1.634830117225647,0.7758620689655172,0.7758620689655172,conditional_mlp_linear,20260921,0.8999999761581421,9,1,000001.SZ,depth,unseen_q
20260513,1,0.5443511605262756,1.6585770845413208,0.7123434543609619,0.6566523605150214,0.6566523605150214,conditional_mlp_linear,20260921,0.8999999761581421,9,1,000001.SZ,depth,unseen_q
20260514,0,0.6748919486999512,2.1789495944976807,1.0364573001861572,0.6190476190476191,0.6190476190476191,conditional_mlp_linear,20260921,0.8999999761581421,9,1,000001.SZ,depth,unseen_q
20260514,1,0.588963508605957,2.074540138244629,1.120766282081604,0.7878787878787878,0.7878787878787878,conditional_mlp_linear,20260921,0.8999999761581421,9,1,000001.SZ,depth,unseen_q
20260515,0,0.5269675254821777,2.9004087448120117,2.3080923557281494,0.8370044052863436,0.8370044052863436,conditional_mlp_linear,20260921,0.8999999761581421,9,1,000001.SZ,depth,unseen_q
20260515,1,0.565907895565033,2.2747902870178223,1.428718090057373,0.7896995708154506,0.7896995708154506,conditional_mlp_linear,20260921,0.8999999761581421,9,1,000001.SZ,depth,unseen_q
20260518,0,0.462829053401947,3.0662307739257812,2.6757161617279053,0.8277511961722488,0.8277511961722488,conditional_mlp_linear,20260921,0.8999999761581421,9,1,000001.SZ,depth,unseen_q
20260518,1,0.49282529950141907,2.203815460205078,1.5227062702178955,0.7939914163090128,0.7939914163090128,conditional_mlp_linear,20260921,0.8999999761581421,9,1,000001.SZ,depth,unseen_q
20260519,0,0.48013800382614136,2.994178295135498,2.5423779487609863,0.9134199134199135,0.9134199134199135,conditional_mlp_linear,20260921,0.8999999761581421,9,1,000001.SZ,depth,unseen_q
20260519,1,0.4924071729183197,2.491739273071289,1.8836560249328613,0.8232758620689655,0.8232758620689655,conditional_mlp_linear,20260921,0.8999999761581421,9,1,000001.SZ,depth,unseen_q
20260520,0,0.5059452056884766,2.778139352798462,2.207811117172241,0.8533333333333334,0.8533333333333334,conditional_mlp_linear,20260921,0.8999999761581421,9,1,000001.SZ,depth,unseen_q
20260520,1,0.5252026915550232,2.1408193111419678,1.3630176782608032,0.7869565217391304,0.7869565217391304,conditional_mlp_linear,20260921,0.8999999761581421,9,1,000001.SZ,depth,unseen_q
20260521,0,0.4688119888305664,2.721412181854248,2.2297353744506836,0.8491379310344828,0.8491379310344828,conditional_mlp_linear,20260921,0.8999999761581421,9,1,000001.SZ,depth,unseen_q
20260521,1,0.6554864048957825,2.2239842414855957,1.1412646770477295,0.7253218884120172,0.7253218884120172,conditional_mlp_linear,20260921,0.8999999761581421,9,1,000001.SZ,depth,unseen_q
20260522,0,0.5184786915779114,3.37593412399292,2.9237208366394043,0.8225108225108225,0.8225108225108225,conditional_mlp_linear,20260921,0.8999999761581421,9,1,000001.SZ,depth,unseen_q
20260522,1,0.44183439016342163,2.3223674297332764,1.7983734607696533,0.8669527896995708,0.8669527896995708,conditional_mlp_linear,20260921,0.8999999761581421,9,1,000001.SZ,depth,unseen_q
20260525,0,0.5729338526725769,2.451174736022949,1.63163423538208,0.7043478260869566,0.7043478260869566,conditional_mlp_linear,20260921,0.8999999761581421,9,1,000001.SZ,depth,unseen_q
20260525,1,0.4382936358451843,2.5243890285491943,2.0597522258758545,0.8744588744588745,0.8744588744588745,conditional_mlp_linear,20260921,0.8999999761581421,9,1,000001.SZ,depth,unseen_q
20260526,0,0.5577453374862671,2.6938982009887695,1.9730095863342285,0.7931034482758621,0.7931034482758621,conditional_mlp_linear,20260921,0.8999999761581421,9,1,000001.SZ,depth,unseen_q
20260526,1,0.468248188495636,2.566500663757324,2.0375053882598877,0.7974137931034483,0.7974137931034483,conditional_mlp_linear,20260921,0.8999999761581421,9,1,000001.SZ,depth,unseen_q
20260528,0,0.5031999349594116,3.1941328048706055,2.734666347503662,0.8831168831168831,0.8831168831168831,conditional_mlp_linear,20260921,0.8999999761581421,9,1,000001.SZ,depth,unseen_q
20260528,1,0.38399606943130493,2.152590036392212,1.7307474613189697,0.8583690987124464,0.8583690987124464,conditional_mlp_linear,20260921,0.8999999761581421,9,1,000001.SZ,depth,unseen_q
20260529,0,0.5189692378044128,2.3387181758880615,1.6259750127792358,0.7370689655172413,0.7370689655172413,conditional_mlp_linear,20260921,0.8999999761581421,9,1,000001.SZ,depth,unseen_q
20260529,1,0.5796728134155273,3.6902220249176025,3.16359543800354,0.8841201716738197,0.8841201716738197,conditional_mlp_linear,20260921,0.8999999761581421,9,1,000001.SZ,depth,unseen_q
20260506,0,0.6787518858909607,4.2020673751831055,3.5557045936584473,0.8826530612244898,0.8826530612244898,conditional_mlp_linear,20260921,0.8999999761581421,30,1,000001.SZ,depth,unseen_q
20260506,1,0.631924569606781,2.6820740699768066,1.772781252861023,0.7629310344827587,0.7629310344827587,conditional_mlp_linear,20260921,0.8999999761581421,30,1,000001.SZ,depth,unseen_q
20260507,0,0.7837029695510864,2.8967437744140625,1.6616723537445068,0.7124463519313304,0.7124463519313304,conditional_mlp_linear,20260921,0.8999999761581421,30,1,000001.SZ,depth,unseen_q
20260507,1,0.7580935955047607,3.1093223094940186,1.9914193153381348,0.8240343347639485,0.8240343347639485,conditional_mlp_linear,20260921,0.8999999761581421,30,1,000001.SZ,depth,unseen_q
20260508,0,0.8097473978996277,2.989598274230957,1.712629795074463,0.7389380530973452,0.7389380530973452,conditional_mlp_linear,20260921,0.8999999761581421,30,1,000001.SZ,depth,unseen_q
20260508,1,1.012876033782959,2.6487741470336914,0.7787777185440063,0.6343612334801763,0.6343612334801763,conditional_mlp_linear,20260921,0.8999999761581421,30,1,000001.SZ,depth,unseen_q
20260511,0,0.8517037630081177,3.5021610260009766,2.248441696166992,0.7478260869565218,0.7478260869565218,conditional_mlp_linear,20260921,0.8999999761581421,30,1,000001.SZ,depth,unseen_q
20260511,1,0.8360837697982788,3.4769041538238525,2.255920886993408,0.75,0.75,conditional_mlp_linear,20260921,0.8999999761581421,30,1,000001.SZ,depth,unseen_q
20260512,0,0.8026717901229858,3.160694122314453,1.9441882371902466,0.7816593886462883,0.7816593886462883,conditional_mlp_linear,20260921,0.8999999761581421,30,1,000001.SZ,depth,unseen_q
20260512,1,0.6046730279922485,2.6538970470428467,1.8056886196136475,0.7217391304347827,0.7217391304347827,conditional_mlp_linear,20260921,0.8999999761581421,30,1,000001.SZ,depth,unseen_q
20260513,0,0.5976269245147705,2.8922674655914307,2.121267318725586,0.8146551724137931,0.8146551724137931,conditional_mlp_linear,20260921,0.8999999761581421,30,1,000001.SZ,depth,unseen_q
20260513,1,0.6125035881996155,2.2531800270080566,1.285216212272644,0.7296137339055794,0.7296137339055794,conditional_mlp_linear,20260921,0.8999999761581421,30,1,000001.SZ,depth,unseen_q
20260514,0,0.9428557753562927,3.394894599914551,1.8864790201187134,0.7445887445887446,0.7445887445887446,conditional_mlp_linear,20260921,0.8999999761581421,30,1,000001.SZ,depth,unseen_q
20260514,1,0.819625973701477,2.970201015472412,1.6636865139007568,0.7532467532467533,0.7532467532467533,conditional_mlp_linear,20260921,0.8999999761581421,30,1,000001.SZ,depth,unseen_q
20260515,0,0.7093632221221924,3.6941213607788086,2.8442437648773193,0.8149779735682819,0.8149779735682819,conditional_mlp_linear,20260921,0.8999999761581421,30,1,000001.SZ,depth,unseen_q
20260515,1,0.6377525329589844,2.9648642539978027,2.111699104309082,0.7982832618025751,0.7982832618025751,conditional_mlp_linear,20260921,0.8999999761581421,30,1,000001.SZ,depth,unseen_q
20260518,0,0.6625680923461914,4.028875350952148,3.379673957824707,0.8660287081339713,0.8660287081339713,conditional_mlp_linear,20260921,0.8999999761581421,30,1,000001.SZ,depth,unseen_q
20260518,1,0.6058832406997681,3.163212776184082,2.439307928085327,0.8583690987124464,0.8583690987124464,conditional_mlp_linear,20260921,0.8999999761581421,30,1,000001.SZ,depth,unseen_q
20260519,0,0.6116180419921875,4.0481085777282715,3.5310909748077393,0.9090909090909091,0.9090909090909091,conditional_mlp_linear,20260921,0.8999999761581421,30,1,000001.SZ,depth,unseen_q
20260519,1,0.5893536806106567,2.9156877994537354,2.1712255477905273,0.7844827586206896,0.7844827586206896,conditional_mlp_linear,20260921,0.8999999761581421,30,1,000001.SZ,depth,unseen_q
20260520,0,0.5758999586105347,3.5659806728363037,3.017726182937622,0.8844444444444445,0.8844444444444445,conditional_mlp_linear,20260921,0.8999999761581421,30,1,000001.SZ,depth,unseen_q
20260520,1,0.6278400421142578,2.822483777999878,1.958504557609558,0.8217391304347826,0.8217391304347826,conditional_mlp_linear,20260921,0.8999999761581421,30,1,000001.SZ,depth,unseen_q
20260521,0,0.6808250546455383,3.729154586791992,2.959380865097046,0.8491379310344828,0.8491379310344828,conditional_mlp_linear,20260921,0.8999999761581421,30,1,000001.SZ,depth,unseen_q
20260521,1,0.6993788480758667,2.816248893737793,1.7718639373779297,0.7424892703862661,0.7424892703862661,conditional_mlp_linear,20260921,0.8999999761581421,30,1,000001.SZ,depth,unseen_q
20260522,0,0.6843414306640625,4.327217102050781,3.6981682777404785,0.8528138528138528,0.8528138528138528,conditional_mlp_linear,20260921,0.8999999761581421,30,1,000001.SZ,depth,unseen_q
20260522,1,0.6091794967651367,3.140538454055786,2.4027247428894043,0.8540772532188842,0.8540772532188842,conditional_mlp_linear,20260921,0.8999999761581421,30,1,000001.SZ,depth,unseen_q
20260525,0,0.7089989185333252,3.1226367950439453,2.1307990550994873,0.7739130434782608,0.7739130434782608,conditional_mlp_linear,20260921,0.8999999761581421,30,1,000001.SZ,depth,unseen_q
20260525,1,0.4967850148677826,3.4650678634643555,3.089372396469116,0.922077922077922,0.922077922077922,conditional_mlp_linear,20260921,0.8999999761581421,30,1,000001.SZ,depth,unseen_q
20260526,0,0.7172300815582275,3.7179372310638428,2.854346513748169,0.8060344827586207,0.8060344827586207,conditional_mlp_linear,20260921,0.8999999761581421,30,1,000001.SZ,depth,unseen_q
20260526,1,0.6887186169624329,3.5291025638580322,2.689581871032715,0.8275862068965517,0.8275862068965517,conditional_mlp_linear,20260921,0.8999999761581421,30,1,000001.SZ,depth,unseen_q
20260528,0,0.5880635380744934,4.061674118041992,3.6069343090057373,0.8744588744588745,0.8744588744588745,conditional_mlp_linear,20260921,0.8999999761581421,30,1,000001.SZ,depth,unseen_q
20260528,1,0.5688578486442566,2.972428798675537,2.293391466140747,0.8626609442060086,0.8626609442060086,conditional_mlp_linear,20260921,0.8999999761581421,30,1,000001.SZ,depth,unseen_q
20260529,0,0.7048178911209106,3.4850869178771973,2.5943140983581543,0.7931034482758621,0.7931034482758621,conditional_mlp_linear,20260921,0.8999999761581421,30,1,000001.SZ,depth,unseen_q
20260529,1,0.8312280774116516,4.568575859069824,3.632650136947632,0.8326180257510729,0.8326180257510729,conditional_mlp_linear,20260921,0.8999999761581421,30,1,000001.SZ,depth,unseen_q
20260506,0,0.25966694951057434,0.5193338990211487,0.13914740085601807,0.6887755102040817,0.6887755102040817,conditional_mlp_residual_linear,20260921,0.5,3,1,000001.SZ,depth,unseen_q
20260506,1,0.31732913851737976,0.6346582770347595,0.014348515309393406,0.646551724137931,0.6551724137931034,conditional_mlp_residual_linear,20260921,0.5,3,1,000001.SZ,depth,unseen_q
20260507,0,0.35602161288261414,0.7120432257652283,0.13438665866851807,0.4892703862660944,0.4892703862660944,conditional_mlp_residual_linear,20260921,0.5,3,1,000001.SZ,depth,unseen_q
20260507,1,0.32031887769699097,0.6406377553939819,0.02482166886329651,0.6652360515021459,0.6738197424892703,conditional_mlp_residual_linear,20260921,0.5,3,1,000001.SZ,depth,unseen_q
20260508,0,0.35863351821899414,0.7172670364379883,0.024800918996334076,0.5398230088495575,0.5486725663716814,conditional_mlp_residual_linear,20260921,0.5,3,1,000001.SZ,depth,unseen_q
20260508,1,0.305062472820282,0.610124945640564,-0.045653894543647766,0.5991189427312775,0.6123348017621145,conditional_mlp_residual_linear,20260921,0.5,3,1,000001.SZ,depth,unseen_q
20260511,0,0.36694014072418213,0.7338802814483643,-0.10968411713838577,0.5347826086956522,0.5347826086956522,conditional_mlp_residual_linear,20260921,0.5,3,1,000001.SZ,depth,unseen_q
20260511,1,0.2958352863788605,0.591670572757721,0.16217325627803802,0.5862068965517241,0.5862068965517241,conditional_mlp_residual_linear,20260921,0.5,3,1,000001.SZ,depth,unseen_q
20260512,0,0.40933069586753845,0.8186613917350769,-0.02058723010122776,0.4672489082969432,0.4847161572052402,conditional_mlp_residual_linear,20260921,0.5,3,1,000001.SZ,depth,unseen_q
20260512,1,0.2983437776565552,0.5966875553131104,0.0017623261082917452,0.5130434782608696,0.6086956521739131,conditional_mlp_residual_linear,20260921,0.5,3,1,000001.SZ,depth,unseen_q
20260513,0,0.2884534001350403,0.5769068002700806,0.11812030524015427,0.6293103448275862,0.6293103448275862,conditional_mlp_residual_linear,20260921,0.5,3,1,000001.SZ,depth,unseen_q
20260513,1,0.17045477032661438,0.34090954065322876,0.002004849025979638,0.6952789699570815,0.7167381974248928,conditional_mlp_residual_linear,20260921,0.5,3,1,000001.SZ,depth,unseen_q
20260514,0,0.3309277594089508,0.6618555188179016,0.13001203536987305,0.48917748917748916,0.48917748917748916,conditional_mlp_residual_linear,20260921,0.5,3,1,000001.SZ,depth,unseen_q
20260514,1,0.2971777319908142,0.5943554639816284,-0.11435511708259583,0.48917748917748916,0.5151515151515151,conditional_mlp_residual_linear,20260921,0.5,3,1,000001.SZ,depth,unseen_q
20260515,0,0.5499834418296814,1.0999668836593628,-0.13151831924915314,0.4801762114537445,0.4933920704845815,conditional_mlp_residual_linear,20260921,0.5,3,1,000001.SZ,depth,unseen_q
20260515,1,0.399293452501297,0.798586905002594,0.16013599932193756,0.7167381974248928,0.7639484978540773,conditional_mlp_residual_linear,20260921,0.5,3,1,000001.SZ,depth,unseen_q
20260518,0,0.29709237813949585,0.5941847562789917,0.06078376621007919,0.5741626794258373,0.5741626794258373,conditional_mlp_residual_linear,20260921,0.5,3,1,000001.SZ,depth,unseen_q
20260518,1,0.3154290020465851,0.6308580040931702,-0.001798871555365622,0.7339055793991416,0.7381974248927039,conditional_mlp_residual_linear,20260921,0.5,3,1,000001.SZ,depth,unseen_q
20260519,0,0.44178205728530884,0.8835641145706177,0.21328873932361603,0.6363636363636364,0.6363636363636364,conditional_mlp_residual_linear,20260921,0.5,3,1,000001.SZ,depth,unseen_q
20260519,1,0.3796271085739136,0.7592542171478271,0.006758216302841902,0.603448275862069,0.6163793103448276,conditional_mlp_residual_linear,20260921,0.5,3,1,000001.SZ,depth,unseen_q
20260520,0,0.2931537330150604,0.5863074660301208,0.005726309027522802,0.5288888888888889,0.5288888888888889,conditional_mlp_residual_linear,20260921,0.5,3,1,000001.SZ,depth,unseen_q
20260520,1,0.1925845593214035,0.385169118642807,0.12773792445659637,0.717391304347826,0.7565217391304347,conditional_mlp_residual_linear,20260921,0.5,3,1,000001.SZ,depth,unseen_q
20260521,0,0.34416311979293823,0.6883262395858765,0.07849607616662979,0.5948275862068966,0.5991379310344828,conditional_mlp_residual_linear,20260921,0.5,3,1,000001.SZ,depth,unseen_q
20260521,1,0.308334082365036,0.616668164730072,-0.08249135315418243,0.47639484978540775,0.6781115879828327,conditional_mlp_residual_linear,20260921,0.5,3,1,000001.SZ,depth,unseen_q
20260522,0,0.4099487364292145,0.819897472858429,0.32864663004875183,0.6233766233766234,0.6233766233766234,conditional_mlp_residual_linear,20260921,0.5,3,1,000001.SZ,depth,unseen_q
20260522,1,0.2874823212623596,0.5749646425247192,-0.19685569405555725,0.4034334763948498,0.5493562231759657,conditional_mlp_residual_linear,20260921,0.5,3,1,000001.SZ,depth,unseen_q
20260525,0,0.31513527035713196,0.6302705407142639,0.17935842275619507,0.5826086956521739,0.5826086956521739,conditional_mlp_residual_linear,20260921,0.5,3,1,000001.SZ,depth,unseen_q
20260525,1,0.31856968998908997,0.6371393799781799,-0.05933695659041405,0.5021645021645021,0.5800865800865801,conditional_mlp_residual_linear,20260921,0.5,3,1,000001.SZ,depth,unseen_q
20260526,0,0.43807536363601685,0.8761507272720337,0.23192673921585083,0.5991379310344828,0.5991379310344828,conditional_mlp_residual_linear,20260921,0.5,3,1,000001.SZ,depth,unseen_q
20260526,1,0.3653312027454376,0.7306624054908752,0.07430033385753632,0.6422413793103449,0.6724137931034483,conditional_mlp_residual_linear,20260921,0.5,3,1,000001.SZ,depth,unseen_q
20260528,0,0.3444331884384155,0.688866376876831,0.16512994468212128,0.5541125541125541,0.5541125541125541,conditional_mlp_residual_linear,20260921,0.5,3,1,000001.SZ,depth,unseen_q
20260528,1,0.2965077757835388,0.5930155515670776,0.04894509166479111,0.6394849785407726,0.7253218884120172,conditional_mlp_residual_linear,20260921,0.5,3,1,000001.SZ,depth,unseen_q
20260529,0,0.3975381851196289,0.7950763702392578,0.3363867402076721,0.6853448275862069,0.6939655172413793,conditional_mlp_residual_linear,20260921,0.5,3,1,000001.SZ,depth,unseen_q
20260529,1,0.5792450308799744,1.1584900617599487,-0.12378385663032532,0.6394849785407726,0.6394849785407726,conditional_mlp_residual_linear,20260921,0.5,3,1,000001.SZ,depth,unseen_q
20260506,0,0.5050803422927856,1.0101606845855713,0.21913261711597443,0.6122448979591837,0.6122448979591837,conditional_mlp_residual_linear,20260921,0.5,9,1,000001.SZ,depth,unseen_q
20260506,1,0.4696473479270935,0.939294695854187,0.14133943617343903,0.6336206896551724,0.6336206896551724,conditional_mlp_residual_linear,20260921,0.5,9,1,000001.SZ,depth,unseen_q
20260507,0,0.6564126014709473,1.3128252029418945,0.01024598814547062,0.4978540772532189,0.4978540772532189,conditional_mlp_residual_linear,20260921,0.5,9,1,000001.SZ,depth,unseen_q
20260507,1,0.5466533303260803,1.0933066606521606,0.2567158043384552,0.648068669527897,0.6609442060085837,conditional_mlp_residual_linear,20260921,0.5,9,1,000001.SZ,depth,unseen_q
20260508,0,0.6132023930549622,1.2264047861099243,0.12826800346374512,0.5752212389380531,0.5752212389380531,conditional_mlp_residual_linear,20260921,0.5,9,1,000001.SZ,depth,unseen_q
20260508,1,0.5407651662826538,1.0815303325653076,-0.2749404311180115,0.5198237885462555,0.5286343612334802,conditional_mlp_residual_linear,20260921,0.5,9,1,000001.SZ,depth,unseen_q
20260511,0,0.5758184194564819,1.1516368389129639,-0.3264959156513214,0.508695652173913,0.508695652173913,conditional_mlp_residual_linear,20260921,0.5,9,1,000001.SZ,depth,unseen_q
20260511,1,0.5683403611183167,1.1366807222366333,0.28135836124420166,0.5991379310344828,0.5991379310344828,conditional_mlp_residual_linear,20260921,0.5,9,1,000001.SZ,depth,unseen_q
20260512,0,0.758686900138855,1.51737380027771,-0.0965568944811821,0.4890829694323144,0.5021834061135371,conditional_mlp_residual_linear,20260921,0.5,9,1,000001.SZ,depth,unseen_q
20260512,1,0.5546504855155945,1.109300971031189,-0.009423941373825073,0.5478260869565217,0.6347826086956522,conditional_mlp_residual_linear,20260921,0.5,9,1,000001.SZ,depth,unseen_q
20260513,0,0.5565539598464966,1.1131079196929932,0.018978416919708252,0.5818965517241379,0.5818965517241379,conditional_mlp_residual_linear,20260921,0.5,9,1,000001.SZ,depth,unseen_q
20260513,1,0.35585513710975647,0.7117102742195129,0.14171487092971802,0.6351931330472103,0.6952789699570815,conditional_mlp_residual_linear,20260921,0.5,9,1,000001.SZ,depth,unseen_q
20260514,0,0.545599639415741,1.091199278831482,0.18412289023399353,0.5064935064935064,0.5064935064935064,conditional_mlp_residual_linear,20260921,0.5,9,1,000001.SZ,depth,unseen_q
20260514,1,0.5493693351745605,1.098738670349121,-0.1559523046016693,0.5151515151515151,0.5194805194805194,conditional_mlp_residual_linear,20260921,0.5,9,1,000001.SZ,depth,unseen_q
20260515,0,0.7140001058578491,1.4280002117156982,-0.14990746974945068,0.4933920704845815,0.4933920704845815,conditional_mlp_residual_linear,20260921,0.5,9,1,000001.SZ,depth,unseen_q
20260515,1,0.49205541610717773,0.9841108322143555,0.17726720869541168,0.7424892703862661,0.7553648068669528,conditional_mlp_residual_linear,20260921,0.5,9,1,000001.SZ,depth,unseen_q
20260518,0,0.5190336108207703,1.0380672216415405,0.06191937252879143,0.583732057416268,0.583732057416268,conditional_mlp_residual_linear,20260921,0.5,9,1,000001.SZ,depth,unseen_q
20260518,1,0.4814687669277191,0.9629375338554382,0.050606243312358856,0.6995708154506438,0.6995708154506438,conditional_mlp_residual_linear,20260921,0.5,9,1,000001.SZ,depth,unseen_q
20260519,0,0.6342762112617493,1.2685524225234985,-0.051460739225149155,0.5800865800865801,0.5800865800865801,conditional_mlp_residual_linear,20260921,0.5,9,1,000001.SZ,depth,unseen_q
20260519,1,0.5976956486701965,1.195391297340393,0.24824582040309906,0.6077586206896551,0.6120689655172413,conditional_mlp_residual_linear,20260921,0.5,9,1,000001.SZ,depth,unseen_q
20260520,0,0.6421436071395874,1.2842872142791748,0.07637495547533035,0.5422222222222223,0.5422222222222223,conditional_mlp_residual_linear,20260921,0.5,9,1,000001.SZ,depth,unseen_q
20260520,1,0.5307545065879822,1.0615090131759644,0.04087032377719879,0.6521739130434783,0.7,conditional_mlp_residual_linear,20260921,0.5,9,1,000001.SZ,depth,unseen_q
20260521,0,0.6216933727264404,1.2433867454528809,0.20296506583690643,0.5517241379310345,0.5517241379310345,conditional_mlp_residual_linear,20260921,0.5,9,1,000001.SZ,depth,unseen_q
20260521,1,0.4928790330886841,0.9857580661773682,-0.16196709871292114,0.5364806866952789,0.6781115879828327,conditional_mlp_residual_linear,20260921,0.5,9,1,000001.SZ,depth,unseen_q
20260522,0,0.642066478729248,1.284132957458496,0.31452861428260803,0.6147186147186147,0.6147186147186147,conditional_mlp_residual_linear,20260921,0.5,9,1,000001.SZ,depth,unseen_q
20260522,1,0.557171642780304,1.114343285560608,-0.1026468575000763,0.4978540772532189,0.5536480686695279,conditional_mlp_residual_linear,20260921,0.5,9,1,000001.SZ,depth,unseen_q
20260525,0,0.5368242263793945,1.073648452758789,0.15967796742916107,0.5565217391304348,0.5565217391304348,conditional_mlp_residual_linear,20260921,0.5,9,1,000001.SZ,depth,unseen_q
20260525,1,0.4901975393295288,0.9803950786590576,-0.06238333135843277,0.49783549783549785,0.5627705627705628,conditional_mlp_residual_linear,20260921,0.5,9,1,000001.SZ,depth,unseen_q
20260526,0,0.7053097486495972,1.4106194972991943,-0.17893877625465393,0.4827586206896552,0.4827586206896552,conditional_mlp_residual_linear,20260921,0.5,9,1,000001.SZ,depth,unseen_q
20260526,1,0.5872779488563538,1.1745558977127075,0.2413397878408432,0.6336206896551724,0.6594827586206896,conditional_mlp_residual_linear,20260921,0.5,9,1,000001.SZ,depth,unseen_q
20260528,0,0.601675271987915,1.20335054397583,0.0388498418033123,0.5541125541125541,0.5541125541125541,conditional_mlp_residual_linear,20260921,0.5,9,1,000001.SZ,depth,unseen_q
20260528,1,0.4072857201099396,0.8145714402198792,0.16287560760974884,0.7081545064377682,0.7296137339055794,conditional_mlp_residual_linear,20260921,0.5,9,1,000001.SZ,depth,unseen_q
20260529,0,0.6593769192695618,1.3187538385391235,0.20833247900009155,0.6508620689655172,0.6551724137931034,conditional_mlp_residual_linear,20260921,0.5,9,1,000001.SZ,depth,unseen_q
20260529,1,0.8413247466087341,1.6826494932174683,-0.015618830919265747,0.5708154506437768,0.5708154506437768,conditional_mlp_residual_linear,20260921,0.5,9,1,000001.SZ,depth,unseen_q
20260506,0,0.8505097031593323,1.7010194063186646,0.5128925442695618,0.673469387755102,0.673469387755102,conditional_mlp_residual_linear,20260921,0.5,30,1,000001.SZ,depth,unseen_q
20260506,1,0.8003948926925659,1.6007897853851318,-0.07541023194789886,0.6163793103448276,0.6163793103448276,conditional_mlp_residual_linear,20260921,0.5,30,1,000001.SZ,depth,unseen_q
20260507,0,0.9901760220527649,1.9803520441055298,0.07200837135314941,0.575107296137339,0.575107296137339,conditional_mlp_residual_linear,20260921,0.5,30,1,000001.SZ,depth,unseen_q
20260507,1,0.9426303505897522,1.8852607011795044,-0.006803508382290602,0.575107296137339,0.5965665236051502,conditional_mlp_residual_linear,20260921,0.5,30,1,000001.SZ,depth,unseen_q
20260508,0,0.9867646098136902,1.9735292196273804,0.02508794702589512,0.5707964601769911,0.5707964601769911,conditional_mlp_residual_linear,20260921,0.5,30,1,000001.SZ,depth,unseen_q
20260508,1,1.0070210695266724,2.0140421390533447,-0.1633255034685135,0.5638766519823789,0.5726872246696035,conditional_mlp_residual_linear,20260921,0.5,30,1,000001.SZ,depth,unseen_q
20260511,0,1.203243374824524,2.406486749649048,0.1693788319826126,0.5304347826086957,0.5304347826086957,conditional_mlp_residual_linear,20260921,0.5,30,1,000001.SZ,depth,unseen_q
20260511,1,1.1382756233215332,2.2765512466430664,-0.08076833933591843,0.5344827586206896,0.5344827586206896,conditional_mlp_residual_linear,20260921,0.5,30,1,000001.SZ,depth,unseen_q
20260512,0,1.1078650951385498,2.2157301902770996,-0.06527203321456909,0.519650655021834,0.519650655021834,conditional_mlp_residual_linear,20260921,0.5,30,1,000001.SZ,depth,unseen_q
20260512,1,0.904456377029419,1.808912754058838,0.21380487084388733,0.5826086956521739,0.6173913043478261,conditional_mlp_residual_linear,20260921,0.5,30,1,000001.SZ,depth,unseen_q
20260513,0,1.069450855255127,2.138901710510254,-0.1301637589931488,0.5431034482758621,0.5431034482758621,conditional_mlp_residual_linear,20260921,0.5,30,1,000001.SZ,depth,unseen_q
20260513,1,0.7041217088699341,1.4082434177398682,0.21249255537986755,0.6566523605150214,0.6566523605150214,conditional_mlp_residual_linear,20260921,0.5,30,1,000001.SZ,depth,unseen_q
20260514,0,1.1666005849838257,2.3332011699676514,0.44780707359313965,0.5844155844155844,0.5844155844155844,conditional_mlp_residual_linear,20260921,0.5,30,1,000001.SZ,depth,unseen_q
20260514,1,1.0255528688430786,2.0511057376861572,-0.2104794979095459,0.5064935064935064,0.5064935064935064,conditional_mlp_residual_linear,20260921,0.5,30,1,000001.SZ,depth,unseen_q
20260515,0,1.062724232673645,2.12544846534729,-0.22519747912883759,0.5418502202643172,0.5418502202643172,conditional_mlp_residual_linear,20260921,0.5,30,1,000001.SZ,depth,unseen_q
20260515,1,0.8170720934867859,1.6341441869735718,0.357391357421875,0.7510729613733905,0.7510729613733905,conditional_mlp_residual_linear,20260921,0.5,30,1,000001.SZ,depth,unseen_q
20260518,0,0.9564160704612732,1.9128321409225464,0.04467545449733734,0.5023923444976076,0.5023923444976076,conditional_mlp_residual_linear,20260921,0.5,30,1,000001.SZ,depth,unseen_q
20260518,1,0.8463220000267029,1.6926440000534058,0.2713673412799835,0.7296137339055794,0.7296137339055794,conditional_mlp_residual_linear,20260921,0.5,30,1,000001.SZ,depth,unseen_q
20260519,0,0.9356740117073059,1.8713480234146118,0.27820247411727905,0.5930735930735931,0.5930735930735931,conditional_mlp_residual_linear,20260921,0.5,30,1,000001.SZ,depth,unseen_q
20260519,1,0.8317998051643372,1.6635996103286743,-0.10187274217605591,0.5646551724137931,0.5646551724137931,conditional_mlp_residual_linear,20260921,0.5,30,1,000001.SZ,depth,unseen_q
20260520,0,1.0179240703582764,2.0358481407165527,0.25692126154899597,0.5688888888888889,0.5688888888888889,conditional_mlp_residual_linear,20260921,0.5,30,1,000001.SZ,depth,unseen_q
20260520,1,0.8923075199127197,1.7846150398254395,0.09333860129117966,0.6782608695652174,0.6782608695652174,conditional_mlp_residual_linear,20260921,0.5,30,1,000001.SZ,depth,unseen_q
20260521,0,1.0872471332550049,2.1744942665100098,0.3584694266319275,0.5991379310344828,0.5991379310344828,conditional_mlp_residual_linear,20260921,0.5,30,1,000001.SZ,depth,unseen_q
20260521,1,0.8712170720100403,1.7424341440200806,-0.0745641365647316,0.5708154506437768,0.6394849785407726,conditional_mlp_residual_linear,20260921,0.5,30,1,000001.SZ,depth,unseen_q
20260522,0,1.1005667448043823,2.2011334896087646,0.47200503945350647,0.6320346320346321,0.6320346320346321,conditional_mlp_residual_linear,20260921,0.5,30,1,000001.SZ,depth,unseen_q
20260522,1,0.9157155156135559,1.8314310312271118,-0.09956789761781693,0.5536480686695279,0.5665236051502146,conditional_mlp_residual_linear,20260921,0.5,30,1,000001.SZ,depth,unseen_q
20260525,0,0.9162704944610596,1.8325409889221191,0.007816150784492493,0.5521739130434783,0.5521739130434783,conditional_mlp_residual_linear,20260921,0.5,30,1,000001.SZ,depth,unseen_q
20260525,1,0.7900351285934448,1.5800702571868896,0.31599101424217224,0.6363636363636364,0.6363636363636364,conditional_mlp_residual_linear,20260921,0.5,30,1,000001.SZ,depth,unseen_q
20260526,0,1.2492653131484985,2.498530626296997,0.043086938560009,0.5431034482758621,0.5431034482758621,conditional_mlp_residual_linear,20260921,0.5,30,1,000001.SZ,depth,unseen_q
20260526,1,1.0832990407943726,2.166598081588745,0.2603161931037903,0.6551724137931034,0.6551724137931034,conditional_mlp_residual_linear,20260921,0.5,30,1,000001.SZ,depth,unseen_q
20260528,0,1.0095624923706055,2.019124984741211,0.21933844685554504,0.5670995670995671,0.5670995670995671,conditional_mlp_residual_linear,20260921,0.5,30,1,000001.SZ,depth,unseen_q
20260528,1,0.8224877715110779,1.6449755430221558,0.10341469943523407,0.6866952789699571,0.6866952789699571,conditional_mlp_residual_linear,20260921,0.5,30,1,000001.SZ,depth,unseen_q
20260529,0,1.1338224411010742,2.2676448822021484,0.5643183588981628,0.6551724137931034,0.6551724137931034,conditional_mlp_residual_linear,20260921,0.5,30,1,000001.SZ,depth,unseen_q
20260529,1,1.4533625841140747,2.9067251682281494,-0.19448168575763702,0.5364806866952789,0.5364806866952789,conditional_mlp_residual_linear,20260921,0.5,30,1,000001.SZ,depth,unseen_q
20260506,0,0.2508009672164917,1.6332223415374756,1.4145253896713257,0.9744897959183674,0.9744897959183674,conditional_mlp_residual_linear,20260921,0.8999999761581421,3,1,000001.SZ,depth,unseen_q
20260506,1,0.2517760097980499,1.5556674003601074,1.315144419670105,0.9525862068965517,0.9525862068965517,conditional_mlp_residual_linear,20260921,0.8999999761581421,3,1,000001.SZ,depth,unseen_q
20260507,0,0.24648821353912354,1.9001128673553467,1.7589205503463745,0.9527896995708155,0.9527896995708155,conditional_mlp_residual_linear,20260921,0.8999999761581421,3,1,000001.SZ,depth,unseen_q
20260507,1,0.30266186594963074,1.7635295391082764,1.447757363319397,0.9613733905579399,0.9613733905579399,conditional_mlp_residual_linear,20260921,0.8999999761581421,3,1,000001.SZ,depth,unseen_q
20260508,0,0.3264439105987549,1.5497395992279053,1.1210647821426392,0.9292035398230089,0.9292035398230089,conditional_mlp_residual_linear,20260921,0.8999999761581421,3,1,000001.SZ,depth,unseen_q
20260508,1,0.28779858350753784,1.403544306755066,1.0349339246749878,0.947136563876652,0.947136563876652,conditional_mlp_residual_linear,20260921,0.8999999761581421,3,1,000001.SZ,depth,unseen_q
20260511,0,0.3544459939002991,2.2136809825897217,1.8809863328933716,0.9478260869565217,0.9478260869565217,conditional_mlp_residual_linear,20260921,0.8999999761581421,3,1,000001.SZ,depth,unseen_q
20260511,1,0.26441991329193115,2.168119192123413,2.0490994453430176,0.9741379310344828,0.9741379310344828,conditional_mlp_residual_linear,20260921,0.8999999761581421,3,1,000001.SZ,depth,unseen_q
20260512,0,0.3415502905845642,1.856221318244934,1.4664009809494019,0.9563318777292577,0.9563318777292577,conditional_mlp_residual_linear,20260921,0.8999999761581421,3,1,000001.SZ,depth,unseen_q
20260512,1,0.26949623227119446,1.6333820819854736,1.3679871559143066,0.9347826086956522,0.9347826086956522,conditional_mlp_residual_linear,20260921,0.8999999761581421,3,1,000001.SZ,depth,unseen_q
20260513,0,0.22455431520938873,1.4912253618240356,1.3026461601257324,0.9568965517241379,0.9568965517241379,conditional_mlp_residual_linear,20260921,0.8999999761581421,3,1,000001.SZ,depth,unseen_q
20260513,1,0.156250461935997,0.950435221195221,0.7974178791046143,0.9699570815450643,0.9699570815450643,conditional_mlp_residual_linear,20260921,0.8999999761581421,3,1,000001.SZ,depth,unseen_q
20260514,0,0.25346967577934265,1.8728950023651123,1.7074445486068726,0.9696969696969697,0.9696969696969697,conditional_mlp_residual_linear,20260921,0.8999999761581421,3,1,000001.SZ,depth,unseen_q
20260514,1,0.2921150028705597,1.7261030673980713,1.4273412227630615,0.961038961038961,0.961038961038961,conditional_mlp_residual_linear,20260921,0.8999999761581421,3,1,000001.SZ,depth,unseen_q
20260515,0,0.3962268531322479,1.87982976436615,1.3592201471328735,0.8678414096916299,0.8678414096916299,conditional_mlp_residual_linear,20260921,0.8999999761581421,3,1,000001.SZ,depth,unseen_q
20260515,1,0.31274744868278503,1.6520358324050903,1.2831761837005615,0.9570815450643777,0.9570815450643777,conditional_mlp_residual_linear,20260921,0.8999999761581421,3,1,000001.SZ,depth,unseen_q
20260518,0,0.24198175966739655,1.9970040321350098,1.8913007974624634,0.9712918660287081,0.9712918660287081,conditional_mlp_residual_linear,20260921,0.8999999761581421,3,1,000001.SZ,depth,unseen_q
20260518,1,0.2985082268714905,1.8019952774047852,1.5062236785888672,0.9527896995708155,0.9527896995708155,conditional_mlp_residual_linear,20260921,0.8999999761581421,3,1,000001.SZ,depth,unseen_q
20260519,0,0.3487936854362488,2.496163845062256,2.248220443725586,0.948051948051948,0.948051948051948,conditional_mlp_residual_linear,20260921,0.8999999761581421,3,1,000001.SZ,depth,unseen_q
20260519,1,0.3206636309623718,1.8890576362609863,1.55966317653656,0.9568965517241379,0.9568965517241379,conditional_mlp_residual_linear,20260921,0.8999999761581421,3,1,000001.SZ,depth,unseen_q
20260520,0,0.2624250054359436,1.886368989944458,1.7018988132476807,0.9555555555555556,0.9555555555555556,conditional_mlp_residual_linear,20260921,0.8999999761581421,3,1,000001.SZ,depth,unseen_q
20260520,1,0.18646107614040375,1.5537304878234863,1.4760104417800903,0.9782608695652174,0.9782608695652174,conditional_mlp_residual_linear,20260921,0.8999999761581421,3,1,000001.SZ,depth,unseen_q
20260521,0,0.24151557683944702,1.4365841150283813,1.1919413805007935,0.9568965517241379,0.9568965517241379,conditional_mlp_residual_linear,20260921,0.8999999761581421,3,1,000001.SZ,depth,unseen_q
20260521,1,0.26698988676071167,1.2644031047821045,0.9130292534828186,0.9399141630901288,0.9399141630901288,conditional_mlp_residual_linear,20260921,0.8999999761581421,3,1,000001.SZ,depth,unseen_q
20260522,0,0.2653655707836151,2.180204391479492,2.0618414878845215,0.961038961038961,0.961038961038961,conditional_mlp_residual_linear,20260921,0.8999999761581421,3,1,000001.SZ,depth,unseen_q
20260522,1,0.25640368461608887,1.51023530960083,1.2467849254608154,0.9527896995708155,0.9527896995708155,conditional_mlp_residual_linear,20260921,0.8999999761581421,3,1,000001.SZ,depth,unseen_q
20260525,0,0.2530055642127991,1.9440280199050903,1.7975212335586548,0.9782608695652174,0.9782608695652174,conditional_mlp_residual_linear,20260921,0.8999999761581421,3,1,000001.SZ,depth,unseen_q
20260525,1,0.2961016893386841,1.9767661094665527,1.730703353881836,0.9523809523809523,0.9523809523809523,conditional_mlp_residual_linear,20260921,0.8999999761581421,3,1,000001.SZ,depth,unseen_q
20260526,0,0.3048560619354248,2.106149196624756,1.870546579360962,0.9525862068965517,0.9525862068965517,conditional_mlp_residual_linear,20260921,0.8999999761581421,3,1,000001.SZ,depth,unseen_q
20260526,1,0.34365302324295044,2.0007009506225586,1.6417438983917236,0.9568965517241379,0.9568965517241379,conditional_mlp_residual_linear,20260921,0.8999999761581421,3,1,000001.SZ,depth,unseen_q
20260528,0,0.2551603317260742,1.837744951248169,1.6592803001403809,0.9567099567099567,0.9567099567099567,conditional_mlp_residual_linear,20260921,0.8999999761581421,3,1,000001.SZ,depth,unseen_q
20260528,1,0.24708226323127747,1.4765002727508545,1.2279198169708252,0.9656652360515021,0.9656652360515021,conditional_mlp_residual_linear,20260921,0.8999999761581421,3,1,000001.SZ,depth,unseen_q
20260529,0,0.24193839728832245,1.762987494468689,1.5988883972167969,0.9655172413793104,0.9655172413793104,conditional_mlp_residual_linear,20260921,0.8999999761581421,3,1,000001.SZ,depth,unseen_q
20260529,1,0.4569037854671478,2.427919864654541,1.8926403522491455,0.9055793991416309,0.9055793991416309,conditional_mlp_residual_linear,20260921,0.8999999761581421,3,1,000001.SZ,depth,unseen_q
20260506,0,0.37011590600013733,2.0990078449249268,1.6984702348709106,0.9438775510204082,0.9438775510204082,conditional_mlp_residual_linear,20260921,0.8999999761581421,9,1,000001.SZ,depth,unseen_q
20260506,1,0.3027002513408661,1.903497576713562,1.6226216554641724,0.9181034482758621,0.9181034482758621,conditional_mlp_residual_linear,20260921,0.8999999761581421,9,1,000001.SZ,depth,unseen_q
20260507,0,0.4223913550376892,2.313279151916504,1.8356205224990845,0.8927038626609443,0.8927038626609443,conditional_mlp_residual_linear,20260921,0.8999999761581421,9,1,000001.SZ,depth,unseen_q
20260507,1,0.36278507113456726,2.2079219818115234,1.8529399633407593,0.9484978540772532,0.9484978540772532,conditional_mlp_residual_linear,20260921,0.8999999761581421,9,1,000001.SZ,depth,unseen_q
20260508,0,0.44423580169677734,2.0138676166534424,1.406745195388794,0.9070796460176991,0.9070796460176991,conditional_mlp_residual_linear,20260921,0.8999999761581421,9,1,000001.SZ,depth,unseen_q
20260508,1,0.49782630801200867,1.7657685279846191,0.9626449942588806,0.8810572687224669,0.8810572687224669,conditional_mlp_residual_linear,20260921,0.8999999761581421,9,1,000001.SZ,depth,unseen_q
20260511,0,0.4497470259666443,2.410137414932251,1.888304352760315,0.8739130434782608,0.8739130434782608,conditional_mlp_residual_linear,20260921,0.8999999761581421,9,1,000001.SZ,depth,unseen_q
20260511,1,0.41278383135795593,2.7352192401885986,2.3870646953582764,0.9396551724137931,0.9396551724137931,conditional_mlp_residual_linear,20260921,0.8999999761581421,9,1,000001.SZ,depth,unseen_q
20260512,0,0.5495480298995972,2.3809406757354736,1.6023057699203491,0.8951965065502183,0.8951965065502183,conditional_mlp_residual_linear,20260921,0.8999999761581421,9,1,000001.SZ,depth,unseen_q
20260512,1,0.46483561396598816,2.1705336570739746,1.551077961921692,0.9130434782608695,0.9130434782608695,conditional_mlp_residual_linear,20260921,0.8999999761581421,9,1,000001.SZ,depth,unseen_q
20260513,0,0.41140905022621155,1.9449546337127686,1.4026707410812378,0.8922413793103449,0.8922413793103449,conditional_mlp_residual_linear,20260921,0.8999999761581421,9,1,000001.SZ,depth,unseen_q
20260513,1,0.25847187638282776,1.3851115703582764,1.085209608078003,0.9399141630901288,0.9399141630901288,conditional_mlp_residual_linear,20260921,0.8999999761581421,9,1,000001.SZ,depth,unseen_q
20260514,0,0.31945013999938965,2.2047832012176514,1.9573535919189453,0.9264069264069265,0.9264069264069265,conditional_mlp_residual_linear,20260921,0.8999999761581421,9,1,000001.SZ,depth,unseen_q
20260514,1,0.4383544623851776,2.146629810333252,1.5874011516571045,0.9177489177489178,0.9177489177489178,conditional_mlp_residual_linear,20260921,0.8999999761581421,9,1,000001.SZ,depth,unseen_q
20260515,0,0.46960651874542236,2.1730854511260986,1.5423405170440674,0.8502202643171806,0.8502202643171806,conditional_mlp_residual_linear,20260921,0.8999999761581421,9,1,000001.SZ,depth,unseen_q
20260515,1,0.3674395978450775,1.9000418186187744,1.4564533233642578,0.9313304721030042,0.9313304721030042,conditional_mlp_residual_linear,20260921,0.8999999761581421,9,1,000001.SZ,depth,unseen_q
20260518,0,0.3627668023109436,2.438516139984131,2.141228437423706,0.9425837320574163,0.9425837320574163,conditional_mlp_residual_linear,20260921,0.8999999761581421,9,1,000001.SZ,depth,unseen_q
20260518,1,0.4064682424068451,2.243591785430908,1.7883193492889404,0.9356223175965666,0.9356223175965666,conditional_mlp_residual_linear,20260921,0.8999999761581421,9,1,000001.SZ,depth,unseen_q
20260519,0,0.495749294757843,2.7638494968414307,2.2154386043548584,0.922077922077922,0.922077922077922,conditional_mlp_residual_linear,20260921,0.8999999761581421,9,1,000001.SZ,depth,unseen_q
20260519,1,0.3831911087036133,2.3761637210845947,2.0122268199920654,0.9310344827586207,0.9310344827586207,conditional_mlp_residual_linear,20260921,0.8999999761581421,9,1,000001.SZ,depth,unseen_q
20260520,0,0.4548814296722412,2.4963574409484863,1.9832432270050049,0.9155555555555556,0.9155555555555556,conditional_mlp_residual_linear,20260921,0.8999999761581421,9,1,000001.SZ,depth,unseen_q
20260520,1,0.4026893079280853,2.0565271377563477,1.56393563747406,0.9217391304347826,0.9217391304347826,conditional_mlp_residual_linear,20260921,0.8999999761581421,9,1,000001.SZ,depth,unseen_q
20260521,0,0.36248916387557983,1.920204997062683,1.4940333366394043,0.8793103448275862,0.8793103448275862,conditional_mlp_residual_linear,20260921,0.8999999761581421,9,1,000001.SZ,depth,unseen_q
20260521,1,0.40064987540245056,1.6025787591934204,1.001598834991455,0.8798283261802575,0.8798283261802575,conditional_mlp_residual_linear,20260921,0.8999999761581421,9,1,000001.SZ,depth,unseen_q
20260522,0,0.4151149392127991,2.637712240219116,2.2593531608581543,0.922077922077922,0.922077922077922,conditional_mlp_residual_linear,20260921,0.8999999761581421,9,1,000001.SZ,depth,unseen_q
20260522,1,0.3706783652305603,1.9728429317474365,1.5393579006195068,0.927038626609442,0.927038626609442,conditional_mlp_residual_linear,20260921,0.8999999761581421,9,1,000001.SZ,depth,unseen_q
20260525,0,0.3831123411655426,2.358454942703247,1.9902878999710083,0.9434782608695652,0.9434782608695652,conditional_mlp_residual_linear,20260921,0.8999999761581421,9,1,000001.SZ,depth,unseen_q
20260525,1,0.3692757785320282,2.297765016555786,1.9490169286727905,0.9393939393939394,0.9393939393939394,conditional_mlp_residual_linear,20260921,0.8999999761581421,9,1,000001.SZ,depth,unseen_q
20260526,0,0.466746985912323,2.276920795440674,1.679283618927002,0.8663793103448276,0.8663793103448276,conditional_mlp_residual_linear,20260921,0.8999999761581421,9,1,000001.SZ,depth,unseen_q
20260526,1,0.40352925658226013,2.423539876937866,2.020601749420166,0.9396551724137931,0.9396551724137931,conditional_mlp_residual_linear,20260921,0.8999999761581421,9,1,000001.SZ,depth,unseen_q
20260528,0,0.40627217292785645,2.21706485748291,1.7556508779525757,0.922077922077922,0.922077922077922,conditional_mlp_residual_linear,20260921,0.8999999761581421,9,1,000001.SZ,depth,unseen_q
20260528,1,0.27374333143234253,1.7764350175857544,1.536185622215271,0.9484978540772532,0.9484978540772532,conditional_mlp_residual_linear,20260921,0.8999999761581421,9,1,000001.SZ,depth,unseen_q
20260529,0,0.42344018816947937,2.1794939041137695,1.665766954421997,0.896551724137931,0.896551724137931,conditional_mlp_residual_linear,20260921,0.8999999761581421,9,1,000001.SZ,depth,unseen_q
20260529,1,0.5644927620887756,2.9098174571990967,2.2260398864746094,0.8669527896995708,0.8669527896995708,conditional_mlp_residual_linear,20260921,0.8999999761581421,9,1,000001.SZ,depth,unseen_q
20260506,0,0.528439998626709,3.160292387008667,2.629265546798706,0.923469387755102,0.923469387755102,conditional_mlp_residual_linear,20260921,0.8999999761581421,30,1,000001.SZ,depth,unseen_q
20260506,1,0.5703094005584717,2.7070698738098145,1.9580641984939575,0.875,0.875,conditional_mlp_residual_linear,20260921,0.8999999761581421,30,1,000001.SZ,depth,unseen_q
20260507,0,0.590265691280365,3.175032615661621,2.49312686920166,0.8884120171673819,0.8884120171673819,conditional_mlp_residual_linear,20260921,0.8999999761581421,30,1,000001.SZ,depth,unseen_q
20260507,1,0.6591147780418396,3.0071146488189697,2.1111063957214355,0.8841201716738197,0.8841201716738197,conditional_mlp_residual_linear,20260921,0.8999999761581421,30,1,000001.SZ,depth,unseen_q
20260508,0,0.690908670425415,2.8843815326690674,1.8782055377960205,0.8451327433628318,0.8451327433628318,conditional_mlp_residual_linear,20260921,0.8999999761581421,30,1,000001.SZ,depth,unseen_q
20260508,1,0.7731542587280273,2.8022801876068115,1.5699647665023804,0.8237885462555066,0.8237885462555066,conditional_mlp_residual_linear,20260921,0.8999999761581421,30,1,000001.SZ,depth,unseen_q
20260511,0,0.6845073103904724,3.785168170928955,3.0201923847198486,0.8608695652173913,0.8608695652173913,conditional_mlp_residual_linear,20260921,0.8999999761581421,30,1,000001.SZ,depth,unseen_q
20260511,1,0.730590283870697,3.5778675079345703,2.6458587646484375,0.8362068965517241,0.8362068965517241,conditional_mlp_residual_linear,20260921,0.8999999761581421,30,1,000001.SZ,depth,unseen_q
20260512,0,0.6672436594963074,3.157684087753296,2.278996229171753,0.8558951965065502,0.8558951965065502,conditional_mlp_residual_linear,20260921,0.8999999761581421,30,1,000001.SZ,depth,unseen_q
20260512,1,0.5347315073013306,2.962379217147827,2.366145610809326,0.8739130434782608,0.8739130434782608,conditional_mlp_residual_linear,20260921,0.8999999761581421,30,1,000001.SZ,depth,unseen_q
20260513,0,0.7119557857513428,2.9351978302001953,1.8891079425811768,0.7844827586206896,0.7844827586206896,conditional_mlp_residual_linear,20260921,0.8999999761581421,30,1,000001.SZ,depth,unseen_q
20260513,1,0.41295528411865234,2.152376413345337,1.6580824851989746,0.8841201716738197,0.8841201716738197,conditional_mlp_residual_linear,20260921,0.8999999761581421,30,1,000001.SZ,depth,unseen_q
20260514,0,0.7061942219734192,3.6582884788513184,2.807375192642212,0.8614718614718615,0.8614718614718615,conditional_mlp_residual_linear,20260921,0.8999999761581421,30,1,000001.SZ,depth,unseen_q
20260514,1,0.655139148235321,3.014535427093506,2.1303212642669678,0.8311688311688312,0.8311688311688312,conditional_mlp_residual_linear,20260921,0.8999999761581421,30,1,000001.SZ,depth,unseen_q
20260515,0,0.7246797680854797,3.1121530532836914,2.0784919261932373,0.8061674008810573,0.8061674008810573,conditional_mlp_residual_linear,20260921,0.8999999761581421,30,1,000001.SZ,depth,unseen_q
20260515,1,0.5235989093780518,2.758784532546997,2.139483690261841,0.8884120171673819,0.8884120171673819,conditional_mlp_residual_linear,20260921,0.8999999761581421,30,1,000001.SZ,depth,unseen_q
20260518,0,0.5590904951095581,3.3943300247192383,2.845186233520508,0.8947368421052632,0.8947368421052632,conditional_mlp_residual_linear,20260921,0.8999999761581421,30,1,000001.SZ,depth,unseen_q
20260518,1,0.6123518347740173,3.3886404037475586,2.704921245574951,0.9055793991416309,0.9055793991416309,conditional_mlp_residual_linear,20260921,0.8999999761581421,30,1,000001.SZ,depth,unseen_q
20260519,0,0.5846002697944641,3.7325217723846436,3.2041513919830322,0.9090909090909091,0.9090909090909091,conditional_mlp_residual_linear,20260921,0.8999999761581421,30,1,000001.SZ,depth,unseen_q
20260519,1,0.5036479830741882,2.847132682800293,2.2997963428497314,0.8836206896551724,0.8836206896551724,conditional_mlp_residual_linear,20260921,0.8999999761581421,30,1,000001.SZ,depth,unseen_q
20260520,0,0.5831433534622192,3.400813341140747,2.7931582927703857,0.8844444444444445,0.8844444444444445,conditional_mlp_residual_linear,20260921,0.8999999761581421,30,1,000001.SZ,depth,unseen_q
20260520,1,0.5903182029724121,2.9082205295562744,2.159480333328247,0.8826086956521739,0.8826086956521739,conditional_mlp_residual_linear,20260921,0.8999999761581421,30,1,000001.SZ,depth,unseen_q
20260521,0,0.6860113739967346,3.150965690612793,2.2236788272857666,0.8318965517241379,0.8318965517241379,conditional_mlp_residual_linear,20260921,0.8999999761581421,30,1,000001.SZ,depth,unseen_q
20260521,1,0.5595968961715698,2.424952507019043,1.6321982145309448,0.8497854077253219,0.8497854077253219,conditional_mlp_residual_linear,20260921,0.8999999761581421,30,1,000001.SZ,depth,unseen_q
20260522,0,0.6767369508743286,3.7805070877075195,3.0337915420532227,0.8874458874458875,0.8874458874458875,conditional_mlp_residual_linear,20260921,0.8999999761581421,30,1,000001.SZ,depth,unseen_q
20260522,1,0.5479596853256226,2.8108327388763428,2.143641710281372,0.8841201716738197,0.8841201716738197,conditional_mlp_residual_linear,20260921,0.8999999761581421,30,1,000001.SZ,depth,unseen_q
20260525,0,0.5762031674385071,3.143968343734741,2.489452600479126,0.8913043478260869,0.8913043478260869,conditional_mlp_residual_linear,20260921,0.8999999761581421,30,1,000001.SZ,depth,unseen_q
20260525,1,0.4782927334308624,3.3394949436187744,2.9786369800567627,0.9437229437229437,0.9437229437229437,conditional_mlp_residual_linear,20260921,0.8999999761581421,30,1,000001.SZ,depth,unseen_q
20260526,0,0.727026641368866,3.502549648284912,2.5606205463409424,0.853448275862069,0.853448275862069,conditional_mlp_residual_linear,20260921,0.8999999761581421,30,1,000001.SZ,depth,unseen_q
20260526,1,0.7193166017532349,3.576775550842285,2.672678232192993,0.8663793103448276,0.8663793103448276,conditional_mlp_residual_linear,20260921,0.8999999761581421,30,1,000001.SZ,depth,unseen_q
20260528,0,0.5928668975830078,3.2880687713623047,2.6279189586639404,0.8484848484848485,0.8484848484848485,conditional_mlp_residual_linear,20260921,0.8999999761581421,30,1,000001.SZ,depth,unseen_q
20260528,1,0.553877592086792,2.786785364151001,2.098787784576416,0.8755364806866953,0.8755364806866953,conditional_mlp_residual_linear,20260921,0.8999999761581421,30,1,000001.SZ,depth,unseen_q
20260529,0,0.6934018731117249,3.4940638542175293,2.6340749263763428,0.8663793103448276,0.8663793103448276,conditional_mlp_residual_linear,20260921,0.8999999761581421,30,1,000001.SZ,depth,unseen_q
20260529,1,0.8832417726516724,3.9225592613220215,2.695094585418701,0.8240343347639485,0.8240343347639485,conditional_mlp_residual_linear,20260921,0.8999999761581421,30,1,000001.SZ,depth,unseen_q
20260506,0,0.9784027934074402,1.9568055868148804,1.0636966228485107,0.7397959183673469,0.7397959183673469,conditional_mlp_linear,20260922,0.5,3,1,000001.SZ,depth,unseen_q
20260506,1,0.8300796151161194,1.6601592302322388,-0.2412457913160324,0.4396551724137931,0.4396551724137931,conditional_mlp_linear,20260922,0.5,3,1,000001.SZ,depth,unseen_q
20260507,0,0.9740931391716003,1.9481862783432007,-0.6997981667518616,0.33047210300429186,0.33047210300429186,conditional_mlp_linear,20260922,0.5,3,1,000001.SZ,depth,unseen_q
20260507,1,0.746394157409668,1.492788314819336,-0.13513170182704926,0.5107296137339056,0.5450643776824035,conditional_mlp_linear,20260922,0.5,3,1,000001.SZ,depth,unseen_q
20260508,0,0.843498170375824,1.686996340751648,-0.13220681250095367,0.4911504424778761,0.5,conditional_mlp_linear,20260922,0.5,3,1,000001.SZ,depth,unseen_q
20260508,1,0.8379664421081543,1.6759328842163086,-0.8653450012207031,0.3524229074889868,0.3524229074889868,conditional_mlp_linear,20260922,0.5,3,1,000001.SZ,depth,unseen_q
20260511,0,0.9216415882110596,1.8432831764221191,-0.8793256282806396,0.3217391304347826,0.3217391304347826,conditional_mlp_linear,20260922,0.5,3,1,000001.SZ,depth,unseen_q
20260511,1,0.8812947869300842,1.7625895738601685,-0.29727232456207275,0.4353448275862069,0.4353448275862069,conditional_mlp_linear,20260922,0.5,3,1,000001.SZ,depth,unseen_q
20260512,0,1.0082051753997803,2.0164103507995605,-0.3480854332447052,0.47161572052401746,0.47161572052401746,conditional_mlp_linear,20260922,0.5,3,1,000001.SZ,depth,unseen_q
20260512,1,1.0031617879867554,2.0063235759735107,-0.6055755019187927,0.4391304347826087,0.4391304347826087,conditional_mlp_linear,20260922,0.5,3,1,000001.SZ,depth,unseen_q
20260513,0,0.6795023679733276,1.3590047359466553,0.3353064954280853,0.5991379310344828,0.5991379310344828,conditional_mlp_linear,20260922,0.5,3,1,000001.SZ,depth,unseen_q
20260513,1,0.645618736743927,1.291237473487854,-0.3763214349746704,0.4678111587982833,0.5064377682403434,conditional_mlp_linear,20260922,0.5,3,1,000001.SZ,depth,unseen_q
20260514,0,1.0866353511810303,2.1732707023620605,-0.8047637939453125,0.3722943722943723,0.3722943722943723,conditional_mlp_linear,20260922,0.5,3,1,000001.SZ,depth,unseen_q
20260514,1,0.7200083136558533,1.4400166273117065,-0.6084412932395935,0.354978354978355,0.38961038961038963,conditional_mlp_linear,20260922,0.5,3,1,000001.SZ,depth,unseen_q
20260515,0,1.1001955270767212,2.2003910541534424,0.6796838641166687,0.6475770925110133,0.6475770925110133,conditional_mlp_linear,20260922,0.5,3,1,000001.SZ,depth,unseen_q
20260515,1,0.7944101095199585,1.588820219039917,0.06742382794618607,0.5364806866952789,0.6051502145922747,conditional_mlp_linear,20260922,0.5,3,1,000001.SZ,depth,unseen_q
20260518,0,1.004953145980835,2.00990629196167,0.6520655751228333,0.5789473684210527,0.5789473684210527,conditional_mlp_linear,20260922,0.5,3,1,000001.SZ,depth,unseen_q
20260518,1,0.679867148399353,1.359734296798706,-0.3314932882785797,0.4978540772532189,0.4978540772532189,conditional_mlp_linear,20260922,0.5,3,1,000001.SZ,depth,unseen_q
20260519,0,0.7590146660804749,1.5180293321609497,0.49677425622940063,0.6147186147186147,0.6147186147186147,conditional_mlp_linear,20260922,0.5,3,1,000001.SZ,depth,unseen_q
20260519,1,0.7369679808616638,1.4739359617233276,-0.14950957894325256,0.47413793103448276,0.4827586206896552,conditional_mlp_linear,20260922,0.5,3,1,000001.SZ,depth,unseen_q
20260520,0,0.6815739870071411,1.3631479740142822,0.223448246717453,0.6355555555555555,0.6355555555555555,conditional_mlp_linear,20260922,0.5,3,1,000001.SZ,depth,unseen_q
20260520,1,0.5150253176689148,1.0300506353378296,-0.1305161714553833,0.44782608695652176,0.5782608695652174,conditional_mlp_linear,20260922,0.5,3,1,000001.SZ,depth,unseen_q
20260521,0,0.8472278714179993,1.6944557428359985,0.8290538787841797,0.6982758620689655,0.6982758620689655,conditional_mlp_linear,20260922,0.5,3,1,000001.SZ,depth,unseen_q
20260521,1,0.7770537734031677,1.5541075468063354,0.03568437695503235,0.5665236051502146,0.6394849785407726,conditional_mlp_linear,20260922,0.5,3,1,000001.SZ,depth,unseen_q
20260522,0,0.8814613819122314,1.762922763824463,0.9247650504112244,0.6147186147186147,0.6147186147186147,conditional_mlp_linear,20260922,0.5,3,1,000001.SZ,depth,unseen_q
20260522,1,0.753620445728302,1.507240891456604,0.023767739534378052,0.6094420600858369,0.6094420600858369,conditional_mlp_linear,20260922,0.5,3,1,000001.SZ,depth,unseen_q
20260525,0,0.9541902542114258,1.9083805084228516,-0.1941317319869995,0.4608695652173913,0.4608695652173913,conditional_mlp_linear,20260922,0.5,3,1,000001.SZ,depth,unseen_q
20260525,1,0.7308802008628845,1.461760401725769,5.967689139652066e-05,0.49783549783549785,0.49783549783549785,conditional_mlp_linear,20260922,0.5,3,1,000001.SZ,depth,unseen_q
20260526,0,0.8720626831054688,1.7441253662109375,0.5189087390899658,0.6163793103448276,0.6163793103448276,conditional_mlp_linear,20260922,0.5,3,1,000001.SZ,depth,unseen_q
20260526,1,0.8603367209434509,1.7206734418869019,0.03577735647559166,0.4827586206896552,0.4827586206896552,conditional_mlp_linear,20260922,0.5,3,1,000001.SZ,depth,unseen_q
20260528,0,0.9401130080223083,1.8802260160446167,1.1390711069107056,0.7056277056277056,0.7056277056277056,conditional_mlp_linear,20260922,0.5,3,1,000001.SZ,depth,unseen_q
20260528,1,0.7531720995903015,1.506344199180603,0.20767028629779816,0.5965665236051502,0.6266094420600858,conditional_mlp_linear,20260922,0.5,3,1,000001.SZ,depth,unseen_q
20260529,0,0.7950485944747925,1.590097188949585,0.22925983369350433,0.5387931034482759,0.5431034482758621,conditional_mlp_linear,20260922,0.5,3,1,000001.SZ,depth,unseen_q
20260529,1,1.116291880607605,2.23258376121521,0.8234795928001404,0.7081545064377682,0.7081545064377682,conditional_mlp_linear,20260922,0.5,3,1,000001.SZ,depth,unseen_q
20260506,0,1.117042899131775,2.23408579826355,1.120082974433899,0.7602040816326531,0.7602040816326531,conditional_mlp_linear,20260922,0.5,9,1,000001.SZ,depth,unseen_q
20260506,1,0.8667036294937134,1.7334072589874268,-0.1378961056470871,0.46551724137931033,0.4698275862068966,conditional_mlp_linear,20260922,0.5,9,1,000001.SZ,depth,unseen_q
20260507,0,1.1124612092971802,2.2249224185943604,-0.8481200337409973,0.3562231759656652,0.3562231759656652,conditional_mlp_linear,20260922,0.5,9,1,000001.SZ,depth,unseen_q
20260507,1,0.8673362731933594,1.7346725463867188,0.07636311650276184,0.51931330472103,0.5536480686695279,conditional_mlp_linear,20260922,0.5,9,1,000001.SZ,depth,unseen_q
20260508,0,0.9906657338142395,1.981331467628479,-0.04855027794837952,0.5176991150442478,0.5221238938053098,conditional_mlp_linear,20260922,0.5,9,1,000001.SZ,depth,unseen_q
20260508,1,0.9962570667266846,1.9925141334533691,-1.1082971096038818,0.3303964757709251,0.33480176211453744,conditional_mlp_linear,20260922,0.5,9,1,000001.SZ,depth,unseen_q
20260511,0,1.0587972402572632,2.1175944805145264,-1.116111159324646,0.2782608695652174,0.2782608695652174,conditional_mlp_linear,20260922,0.5,9,1,000001.SZ,depth,unseen_q
20260511,1,1.0581610202789307,2.1163220405578613,-0.2032654583454132,0.4353448275862069,0.4353448275862069,conditional_mlp_linear,20260922,0.5,9,1,000001.SZ,depth,unseen_q
20260512,0,1.2197141647338867,2.4394283294677734,-0.44449546933174133,0.45414847161572053,0.45414847161572053,conditional_mlp_linear,20260922,0.5,9,1,000001.SZ,depth,unseen_q
20260512,1,1.1192829608917236,2.2385659217834473,-0.6353998780250549,0.43043478260869567,0.43043478260869567,conditional_mlp_linear,20260922,0.5,9,1,000001.SZ,depth,unseen_q
20260513,0,0.8425527811050415,1.685105562210083,0.21680700778961182,0.5775862068965517,0.5775862068965517,conditional_mlp_linear,20260922,0.5,9,1,000001.SZ,depth,unseen_q
20260513,1,0.7445504069328308,1.4891008138656616,-0.24570295214653015,0.44206008583690987,0.5236051502145923,conditional_mlp_linear,20260922,0.5,9,1,000001.SZ,depth,unseen_q
20260514,0,1.188787817955017,2.377575635910034,-0.7701719999313354,0.41125541125541126,0.41125541125541126,conditional_mlp_linear,20260922,0.5,9,1,000001.SZ,depth,unseen_q
20260514,1,0.8964360952377319,1.7928721904754639,-0.6700882911682129,0.37662337662337664,0.41125541125541126,conditional_mlp_linear,20260922,0.5,9,1,000001.SZ,depth,unseen_q
20260515,0,1.1637861728668213,2.3275723457336426,0.6379399299621582,0.6475770925110133,0.6475770925110133,conditional_mlp_linear,20260922,0.5,9,1,000001.SZ,depth,unseen_q
20260515,1,0.8736850619316101,1.7473701238632202,0.06101752445101738,0.5879828326180258,0.630901287553648,conditional_mlp_linear,20260922,0.5,9,1,000001.SZ,depth,unseen_q
20260518,0,1.084040880203247,2.168081760406494,0.6248463988304138,0.5645933014354066,0.5645933014354066,conditional_mlp_linear,20260922,0.5,9,1,000001.SZ,depth,unseen_q
20260518,1,0.7676259279251099,1.5352518558502197,-0.3140452206134796,0.48068669527896996,0.48068669527896996,conditional_mlp_linear,20260922,0.5,9,1,000001.SZ,depth,unseen_q
20260519,0,0.8569654822349548,1.7139309644699097,0.2033088356256485,0.6017316017316018,0.6017316017316018,conditional_mlp_linear,20260922,0.5,9,1,000001.SZ,depth,unseen_q
20260519,1,0.8458268642425537,1.6916537284851074,0.06517020612955093,0.5043103448275862,0.5043103448275862,conditional_mlp_linear,20260922,0.5,9,1,000001.SZ,depth,unseen_q
20260520,0,0.9343976378440857,1.8687952756881714,0.26743313670158386,0.6088888888888889,0.6088888888888889,conditional_mlp_linear,20260922,0.5,9,1,000001.SZ,depth,unseen_q
20260520,1,0.7897145748138428,1.5794291496276855,-0.23979803919792175,0.4434782608695652,0.5826086956521739,conditional_mlp_linear,20260922,0.5,9,1,000001.SZ,depth,unseen_q
20260521,0,1.0207693576812744,2.041538715362549,0.9367572665214539,0.6896551724137931,0.6896551724137931,conditional_mlp_linear,20260922,0.5,9,1,000001.SZ,depth,unseen_q
20260521,1,0.8811118602752686,1.762223720550537,-0.06485270708799362,0.5579399141630901,0.6266094420600858,conditional_mlp_linear,20260922,0.5,9,1,000001.SZ,depth,unseen_q
20260522,0,1.0126644372940063,2.0253288745880127,0.8792721033096313,0.5887445887445888,0.5887445887445888,conditional_mlp_linear,20260922,0.5,9,1,000001.SZ,depth,unseen_q
20260522,1,0.902823269367218,1.805646538734436,0.09121506661176682,0.6094420600858369,0.6094420600858369,conditional_mlp_linear,20260922,0.5,9,1,000001.SZ,depth,unseen_q
20260525,0,1.0607025623321533,2.1214051246643066,-0.23313897848129272,0.4608695652173913,0.4608695652173913,conditional_mlp_linear,20260922,0.5,9,1,000001.SZ,depth,unseen_q
20260525,1,0.8429539203643799,1.6859078407287598,-0.028251776471734047,0.5021645021645021,0.5021645021645021,conditional_mlp_linear,20260922,0.5,9,1,000001.SZ,depth,unseen_q
20260526,0,1.0297974348068237,2.0595948696136475,0.08394534885883331,0.5387931034482759,0.5387931034482759,conditional_mlp_linear,20260922,0.5,9,1,000001.SZ,depth,unseen_q
20260526,1,0.9727571606636047,1.9455143213272095,0.17933544516563416,0.4827586206896552,0.4827586206896552,conditional_mlp_linear,20260922,0.5,9,1,000001.SZ,depth,unseen_q
20260528,0,1.1542387008666992,2.3084774017333984,0.9950482249259949,0.696969696969697,0.696969696969697,conditional_mlp_linear,20260922,0.5,9,1,000001.SZ,depth,unseen_q
20260528,1,0.7672107219696045,1.534421443939209,0.2996218502521515,0.6223175965665236,0.6523605150214592,conditional_mlp_linear,20260922,0.5,9,1,000001.SZ,depth,unseen_q
20260529,0,0.9177625179290771,1.8355250358581543,0.0809098333120346,0.5172413793103449,0.5172413793103449,conditional_mlp_linear,20260922,0.5,9,1,000001.SZ,depth,unseen_q
20260529,1,1.2381495237350464,2.4762990474700928,0.9106994867324829,0.6909871244635193,0.6909871244635193,conditional_mlp_linear,20260922,0.5,9,1,000001.SZ,depth,unseen_q
20260506,0,1.3202569484710693,2.6405138969421387,1.3722566366195679,0.7602040816326531,0.7602040816326531,conditional_mlp_linear,20260922,0.5,30,1,000001.SZ,depth,unseen_q
20260506,1,1.0317199230194092,2.0634398460388184,-0.41806289553642273,0.4827586206896552,0.4827586206896552,conditional_mlp_linear,20260922,0.5,30,1,000001.SZ,depth,unseen_q
20260507,0,1.3135080337524414,2.627016067504883,-0.8133946657180786,0.3776824034334764,0.3776824034334764,conditional_mlp_linear,20260922,0.5,30,1,000001.SZ,depth,unseen_q
20260507,1,1.1423563957214355,2.284712791442871,-0.23407234251499176,0.5493562231759657,0.575107296137339,conditional_mlp_linear,20260922,0.5,30,1,000001.SZ,depth,unseen_q
20260508,0,1.2124427556991577,2.4248855113983154,-0.19750019907951355,0.504424778761062,0.504424778761062,conditional_mlp_linear,20260922,0.5,30,1,000001.SZ,depth,unseen_q
20260508,1,1.252524733543396,2.505049467086792,-1.0311914682388306,0.40969162995594716,0.40969162995594716,conditional_mlp_linear,20260922,0.5,30,1,000001.SZ,depth,unseen_q
20260511,0,1.423675775527954,2.847351551055908,-0.6256356835365295,0.41304347826086957,0.41304347826086957,conditional_mlp_linear,20260922,0.5,30,1,000001.SZ,depth,unseen_q
20260511,1,1.471621036529541,2.943242073059082,-0.5998584628105164,0.4396551724137931,0.4396551724137931,conditional_mlp_linear,20260922,0.5,30,1,000001.SZ,depth,unseen_q
20260512,0,1.3697196245193481,2.7394392490386963,-0.43775665760040283,0.4890829694323144,0.4890829694323144,conditional_mlp_linear,20260922,0.5,30,1,000001.SZ,depth,unseen_q
20260512,1,1.250601887702942,2.501203775405884,-0.45125141739845276,0.4652173913043478,0.4652173913043478,conditional_mlp_linear,20260922,0.5,30,1,000001.SZ,depth,unseen_q
20260513,0,1.0984587669372559,2.1969175338745117,0.020919356495141983,0.5301724137931034,0.5301724137931034,conditional_mlp_linear,20260922,0.5,30,1,000001.SZ,depth,unseen_q
20260513,1,0.9920371174812317,1.9840742349624634,-0.20360834896564484,0.5021459227467812,0.5493562231759657,conditional_mlp_linear,20260922,0.5,30,1,000001.SZ,depth,unseen_q
20260514,0,1.5213907957077026,3.0427815914154053,-0.529646098613739,0.4588744588744589,0.4588744588744589,conditional_mlp_linear,20260922,0.5,30,1,000001.SZ,depth,unseen_q
20260514,1,1.2775574922561646,2.555114984512329,-0.7662855982780457,0.45021645021645024,0.4588744588744589,conditional_mlp_linear,20260922,0.5,30,1,000001.SZ,depth,unseen_q
20260515,0,1.3834333419799805,2.766866683959961,0.5346131920814514,0.6255506607929515,0.6255506607929515,conditional_mlp_linear,20260922,0.5,30,1,000001.SZ,depth,unseen_q
20260515,1,1.0019749402999878,2.0039498805999756,0.17542478442192078,0.6180257510729614,0.6652360515021459,conditional_mlp_linear,20260922,0.5,30,1,000001.SZ,depth,unseen_q
20260518,0,1.37894868850708,2.75789737701416,0.5833240151405334,0.569377990430622,0.569377990430622,conditional_mlp_linear,20260922,0.5,30,1,000001.SZ,depth,unseen_q
20260518,1,0.9854316115379333,1.9708632230758667,-0.18142743408679962,0.5064377682403434,0.5064377682403434,conditional_mlp_linear,20260922,0.5,30,1,000001.SZ,depth,unseen_q
20260519,0,1.0755574703216553,2.1511149406433105,0.5034692287445068,0.5930735930735931,0.5930735930735931,conditional_mlp_linear,20260922,0.5,30,1,000001.SZ,depth,unseen_q
20260519,1,1.031860589981079,2.063721179962158,-0.3343804180622101,0.47844827586206895,0.47844827586206895,conditional_mlp_linear,20260922,0.5,30,1,000001.SZ,depth,unseen_q
20260520,0,1.1110587120056152,2.2221174240112305,0.4133967459201813,0.6088888888888889,0.6088888888888889,conditional_mlp_linear,20260922,0.5,30,1,000001.SZ,depth,unseen_q
20260520,1,1.0418620109558105,2.083724021911621,-0.24226926267147064,0.47391304347826085,0.5782608695652174,conditional_mlp_linear,20260922,0.5,30,1,000001.SZ,depth,unseen_q
20260521,0,1.3432576656341553,2.6865153312683105,1.0581334829330444,0.6767241379310345,0.6767241379310345,conditional_mlp_linear,20260922,0.5,30,1,000001.SZ,depth,unseen_q
20260521,1,1.136173963546753,2.272347927093506,-0.03786807134747505,0.5879828326180258,0.6008583690987125,conditional_mlp_linear,20260922,0.5,30,1,000001.SZ,depth,unseen_q
20260522,0,1.305297613143921,2.610595226287842,0.9854400157928467,0.6406926406926406,0.6406926406926406,conditional_mlp_linear,20260922,0.5,30,1,000001.SZ,depth,unseen_q
20260522,1,1.2020659446716309,2.4041318893432617,0.03630080074071884,0.5793991416309013,0.5793991416309013,conditional_mlp_linear,20260922,0.5,30,1,000001.SZ,depth,unseen_q
20260525,0,1.298585295677185,2.59717059135437,-0.39875200390815735,0.4652173913043478,0.4652173913043478,conditional_mlp_linear,20260922,0.5,30,1,000001.SZ,depth,unseen_q
20260525,1,1.0237114429473877,2.0474228858947754,0.3027346134185791,0.5627705627705628,0.5627705627705628,conditional_mlp_linear,20260922,0.5,30,1,000001.SZ,depth,unseen_q
20260526,0,1.367659330368042,2.735318660736084,0.27708032727241516,0.5560344827586207,0.5560344827586207,conditional_mlp_linear,20260922,0.5,30,1,000001.SZ,depth,unseen_q
20260526,1,1.2254999876022339,2.4509999752044678,0.14557403326034546,0.5474137931034483,0.5474137931034483,conditional_mlp_linear,20260922,0.5,30,1,000001.SZ,depth,unseen_q
20260528,0,1.2955782413482666,2.591156482696533,1.1524243354797363,0.6883116883116883,0.6883116883116883,conditional_mlp_linear,20260922,0.5,30,1,000001.SZ,depth,unseen_q
20260528,1,0.9953224062919617,1.9906448125839233,0.1736392080783844,0.6437768240343348,0.6437768240343348,conditional_mlp_linear,20260922,0.5,30,1,000001.SZ,depth,unseen_q
20260529,0,1.2780483961105347,2.5560967922210693,0.39518770575523376,0.5862068965517241,0.5862068965517241,conditional_mlp_linear,20260922,0.5,30,1,000001.SZ,depth,unseen_q
20260529,1,1.7332077026367188,3.4664154052734375,0.7188010811805725,0.6051502145922747,0.6051502145922747,conditional_mlp_linear,20260922,0.5,30,1,000001.SZ,depth,unseen_q
20260506,0,0.5083571076393127,2.9453845024108887,2.4108381271362305,0.8673469387755102,0.8673469387755102,conditional_mlp_linear,20260922,0.8999999761581421,3,1,000001.SZ,depth,unseen_q
20260506,1,0.525357723236084,1.834181308746338,0.9793323278427124,0.6637931034482759,0.6637931034482759,conditional_mlp_linear,20260922,0.8999999761581421,3,1,000001.SZ,depth,unseen_q
20260507,0,0.575222373008728,1.913650631904602,0.9540073871612549,0.6609442060085837,0.6609442060085837,conditional_mlp_linear,20260922,0.8999999761581421,3,1,000001.SZ,depth,unseen_q
20260507,1,0.44907572865486145,1.8772904872894287,1.2239238023757935,0.8283261802575107,0.8283261802575107,conditional_mlp_linear,20260922,0.8999999761581421,3,1,000001.SZ,depth,unseen_q
20260508,0,0.6190821528434753,2.032397508621216,0.9927915930747986,0.7079646017699115,0.7079646017699115,conditional_mlp_linear,20260922,0.8999999761581421,3,1,000001.SZ,depth,unseen_q
20260508,1,0.7033475041389465,1.5152292251586914,0.13566768169403076,0.5462555066079295,0.5462555066079295,conditional_mlp_linear,20260922,0.8999999761581421,3,1,000001.SZ,depth,unseen_q
20260511,0,0.6101557612419128,2.1709446907043457,1.188291311264038,0.7217391304347827,0.7217391304347827,conditional_mlp_linear,20260922,0.8999999761581421,3,1,000001.SZ,depth,unseen_q
20260511,1,0.46751517057418823,2.187162160873413,1.5651648044586182,0.7543103448275862,0.7543103448275862,conditional_mlp_linear,20260922,0.8999999761581421,3,1,000001.SZ,depth,unseen_q
20260512,0,0.5865303874015808,2.162576913833618,1.2368953227996826,0.7510917030567685,0.7510917030567685,conditional_mlp_linear,20260922,0.8999999761581421,3,1,000001.SZ,depth,unseen_q
20260512,1,0.583270788192749,1.7672455310821533,0.7508798837661743,0.5695652173913044,0.5695652173913044,conditional_mlp_linear,20260922,0.8999999761581421,3,1,000001.SZ,depth,unseen_q
20260513,0,0.30802565813064575,1.8697500228881836,1.5671234130859375,0.8318965517241379,0.8318965517241379,conditional_mlp_linear,20260922,0.8999999761581421,3,1,000001.SZ,depth,unseen_q
20260513,1,0.5242295861244202,1.3833281993865967,0.4185861349105835,0.6394849785407726,0.6394849785407726,conditional_mlp_linear,20260922,0.8999999761581421,3,1,000001.SZ,depth,unseen_q
20260514,0,0.6341847777366638,1.9429057836532593,0.8431702852249146,0.6060606060606061,0.6060606060606061,conditional_mlp_linear,20260922,0.8999999761581421,3,1,000001.SZ,depth,unseen_q
20260514,1,0.4706750214099884,1.6690082550048828,0.9095727205276489,0.7878787878787878,0.7878787878787878,conditional_mlp_linear,20260922,0.8999999761581421,3,1,000001.SZ,depth,unseen_q
20260515,0,0.5000301003456116,2.8297531604766846,2.287116050720215,0.8502202643171806,0.8502202643171806,conditional_mlp_linear,20260922,0.8999999761581421,3,1,000001.SZ,depth,unseen_q
20260515,1,0.5264329314231873,1.9698835611343384,1.1462724208831787,0.7939914163090128,0.7939914163090128,conditional_mlp_linear,20260922,0.8999999761581421,3,1,000001.SZ,depth,unseen_q
20260518,0,0.3853336572647095,2.8239777088165283,2.566638469696045,0.8851674641148325,0.8851674641148325,conditional_mlp_linear,20260922,0.8999999761581421,3,1,000001.SZ,depth,unseen_q
20260518,1,0.4267989695072174,1.7642478942871094,1.1383124589920044,0.759656652360515,0.759656652360515,conditional_mlp_linear,20260922,0.8999999761581421,3,1,000001.SZ,depth,unseen_q
20260519,0,0.3650650680065155,2.7840659618377686,2.56742000579834,0.935064935064935,0.935064935064935,conditional_mlp_linear,20260922,0.8999999761581421,3,1,000001.SZ,depth,unseen_q
20260519,1,0.44798514246940613,2.053222179412842,1.4465649127960205,0.8103448275862069,0.8103448275862069,conditional_mlp_linear,20260922,0.8999999761581421,3,1,000001.SZ,depth,unseen_q
20260520,0,0.3506404161453247,2.2773149013519287,1.9700427055358887,0.8888888888888888,0.8888888888888888,conditional_mlp_linear,20260922,0.8999999761581421,3,1,000001.SZ,depth,unseen_q
20260520,1,0.33683475852012634,1.601182222366333,1.1593910455703735,0.8043478260869565,0.8043478260869565,conditional_mlp_linear,20260922,0.8999999761581421,3,1,000001.SZ,depth,unseen_q
20260521,0,0.37119653820991516,2.3049004077911377,1.9531340599060059,0.8706896551724138,0.8706896551724138,conditional_mlp_linear,20260922,0.8999999761581421,3,1,000001.SZ,depth,unseen_q
20260521,1,0.5943611264228821,1.98685622215271,0.9976674914360046,0.7296137339055794,0.7296137339055794,conditional_mlp_linear,20260922,0.8999999761581421,3,1,000001.SZ,depth,unseen_q
20260522,0,0.4138440489768982,2.994889497756958,2.7090017795562744,0.8528138528138528,0.8528138528138528,conditional_mlp_linear,20260922,0.8999999761581421,3,1,000001.SZ,depth,unseen_q
20260522,1,0.3938269019126892,1.9801162481307983,1.4905781745910645,0.8626609442060086,0.8626609442060086,conditional_mlp_linear,20260922,0.8999999761581421,3,1,000001.SZ,depth,unseen_q
20260525,0,0.4973795413970947,2.196471691131592,1.502140998840332,0.7260869565217392,0.7260869565217392,conditional_mlp_linear,20260922,0.8999999761581421,3,1,000001.SZ,depth,unseen_q
20260525,1,0.39135104417800903,2.1536731719970703,1.7137138843536377,0.8398268398268398,0.8398268398268398,conditional_mlp_linear,20260922,0.8999999761581421,3,1,000001.SZ,depth,unseen_q
20260526,0,0.4168964624404907,2.641251564025879,2.2593235969543457,0.8793103448275862,0.8793103448275862,conditional_mlp_linear,20260922,0.8999999761581421,3,1,000001.SZ,depth,unseen_q
20260526,1,0.438325434923172,2.144627571105957,1.5849709510803223,0.7758620689655172,0.7758620689655172,conditional_mlp_linear,20260922,0.8999999761581421,3,1,000001.SZ,depth,unseen_q
20260528,0,0.3692850172519684,2.873081684112549,2.668139696121216,0.935064935064935,0.935064935064935,conditional_mlp_linear,20260922,0.8999999761581421,3,1,000001.SZ,depth,unseen_q
20260528,1,0.4276793599128723,1.9599034786224365,1.380681037902832,0.8412017167381974,0.8412017167381974,conditional_mlp_linear,20260922,0.8999999761581421,3,1,000001.SZ,depth,unseen_q
20260529,0,0.42030948400497437,2.049839496612549,1.5115257501602173,0.7456896551724138,0.7456896551724138,conditional_mlp_linear,20260922,0.8999999761581421,3,1,000001.SZ,depth,unseen_q
20260529,1,0.5063126087188721,3.2185444831848145,2.757399082183838,0.8841201716738197,0.8841201716738197,conditional_mlp_linear,20260922,0.8999999761581421,3,1,000001.SZ,depth,unseen_q
20260506,0,0.588581919670105,3.284608840942383,2.6343061923980713,0.8571428571428571,0.8571428571428571,conditional_mlp_linear,20260922,0.8999999761581421,9,1,000001.SZ,depth,unseen_q
20260506,1,0.503978967666626,1.989241361618042,1.2266044616699219,0.6810344827586207,0.6810344827586207,conditional_mlp_linear,20260922,0.8999999761581421,9,1,000001.SZ,depth,unseen_q
20260507,0,0.7510327696800232,2.275137424468994,0.9663397669792175,0.6351931330472103,0.6351931330472103,conditional_mlp_linear,20260922,0.8999999761581421,9,1,000001.SZ,depth,unseen_q
20260507,1,0.49845999479293823,2.2549216747283936,1.5725020170211792,0.8497854077253219,0.8497854077253219,conditional_mlp_linear,20260922,0.8999999761581421,9,1,000001.SZ,depth,unseen_q
20260508,0,0.6951144337654114,2.371339797973633,1.2263888120651245,0.7168141592920354,0.7168141592920354,conditional_mlp_linear,20260922,0.8999999761581421,9,1,000001.SZ,depth,unseen_q
20260508,1,0.9005051851272583,1.8158701658248901,0.018574664369225502,0.5506607929515418,0.5506607929515418,conditional_mlp_linear,20260922,0.8999999761581421,9,1,000001.SZ,depth,unseen_q
20260511,0,0.7055705189704895,2.3158490657806396,1.130885124206543,0.7,0.7,conditional_mlp_linear,20260922,0.8999999761581421,9,1,000001.SZ,depth,unseen_q
20260511,1,0.5899579524993896,2.6453475952148438,1.8317897319793701,0.7543103448275862,0.7543103448275862,conditional_mlp_linear,20260922,0.8999999761581421,9,1,000001.SZ,depth,unseen_q
20260512,0,0.7270999550819397,2.5070791244506836,1.316098928451538,0.74235807860262,0.74235807860262,conditional_mlp_linear,20260922,0.8999999761581421,9,1,000001.SZ,depth,unseen_q
20260512,1,0.7043055891990662,2.1101856231689453,0.8769681453704834,0.6434782608695652,0.6434782608695652,conditional_mlp_linear,20260922,0.8999999761581421,9,1,000001.SZ,depth,unseen_q
20260513,0,0.4500141739845276,2.1922500133514404,1.6152772903442383,0.7758620689655172,0.7758620689655172,conditional_mlp_linear,20260922,0.8999999761581421,9,1,000001.SZ,depth,unseen_q
20260513,1,0.548223078250885,1.633840560913086,0.6717430353164673,0.6566523605150214,0.6566523605150214,conditional_mlp_linear,20260922,0.8999999761581421,9,1,000001.SZ,depth,unseen_q
20260514,0,0.6545798182487488,2.141385078430176,1.040281891822815,0.6320346320346321,0.6320346320346321,conditional_mlp_linear,20260922,0.8999999761581421,9,1,000001.SZ,depth,unseen_q
20260514,1,0.5914716124534607,1.9893550872802734,1.0080147981643677,0.7878787878787878,0.7878787878787878,conditional_mlp_linear,20260922,0.8999999761581421,9,1,000001.SZ,depth,unseen_q
20260515,0,0.5357490181922913,3.0030300617218018,2.414414882659912,0.8458149779735683,0.8458149779735683,conditional_mlp_linear,20260922,0.8999999761581421,9,1,000001.SZ,depth,unseen_q
20260515,1,0.5867636799812317,2.189392328262329,1.2698310613632202,0.7896995708154506,0.7896995708154506,conditional_mlp_linear,20260922,0.8999999761581421,9,1,000001.SZ,depth,unseen_q
20260518,0,0.4503917098045349,3.0968968868255615,2.7451422214508057,0.8708133971291866,0.8708133971291866,conditional_mlp_linear,20260922,0.8999999761581421,9,1,000001.SZ,depth,unseen_q
20260518,1,0.5005279183387756,2.0729775428771973,1.3399022817611694,0.7982832618025751,0.7982832618025751,conditional_mlp_linear,20260922,0.8999999761581421,9,1,000001.SZ,depth,unseen_q
20260519,0,0.4841126501560211,2.937826633453369,2.4620018005371094,0.9090909090909091,0.9090909090909091,conditional_mlp_linear,20260922,0.8999999761581421,9,1,000001.SZ,depth,unseen_q
20260519,1,0.49719229340553284,2.4597864151000977,1.8317525386810303,0.8318965517241379,0.8318965517241379,conditional_mlp_linear,20260922,0.8999999761581421,9,1,000001.SZ,depth,unseen_q
20260520,0,0.5111992359161377,2.77349853515625,2.188875198364258,0.8577777777777778,0.8577777777777778,conditional_mlp_linear,20260922,0.8999999761581421,9,1,000001.SZ,depth,unseen_q
20260520,1,0.5313674807548523,2.0159759521484375,1.1915514469146729,0.7869565217391304,0.7869565217391304,conditional_mlp_linear,20260922,0.8999999761581421,9,1,000001.SZ,depth,unseen_q
20260521,0,0.4686436057090759,2.703836441040039,2.208186388015747,0.8577586206896551,0.8577586206896551,conditional_mlp_linear,20260922,0.8999999761581421,9,1,000001.SZ,depth,unseen_q
20260521,1,0.6807505488395691,2.185614824295044,1.0301421880722046,0.7253218884120172,0.7253218884120172,conditional_mlp_linear,20260922,0.8999999761581421,9,1,000001.SZ,depth,unseen_q
20260522,0,0.48899316787719727,3.244490623474121,2.833130359649658,0.8354978354978355,0.8354978354978355,conditional_mlp_linear,20260922,0.8999999761581421,9,1,000001.SZ,depth,unseen_q
20260522,1,0.46977269649505615,2.3137996196746826,1.717817783355713,0.8583690987124464,0.8583690987124464,conditional_mlp_linear,20260922,0.8999999761581421,9,1,000001.SZ,depth,unseen_q
20260525,0,0.5627389550209045,2.4375827312469482,1.6401312351226807,0.7260869565217392,0.7260869565217392,conditional_mlp_linear,20260922,0.8999999761581421,9,1,000001.SZ,depth,unseen_q
20260525,1,0.4621914029121399,2.4133012294769287,1.8611482381820679,0.8658008658008658,0.8658008658008658,conditional_mlp_linear,20260922,0.8999999761581421,9,1,000001.SZ,depth,unseen_q
20260526,0,0.5628643035888672,2.7319512367248535,2.0077784061431885,0.8017241379310345,0.8017241379310345,conditional_mlp_linear,20260922,0.8999999761581421,9,1,000001.SZ,depth,unseen_q
20260526,1,0.48447826504707336,2.487300395965576,1.8979301452636719,0.8017241379310345,0.8017241379310345,conditional_mlp_linear,20260922,0.8999999761581421,9,1,000001.SZ,depth,unseen_q
20260528,0,0.5103532075881958,3.187959909439087,2.7090671062469482,0.8787878787878788,0.8787878787878788,conditional_mlp_linear,20260922,0.8999999761581421,9,1,000001.SZ,depth,unseen_q
20260528,1,0.39547309279441833,2.094285726547241,1.6291745901107788,0.8454935622317596,0.8454935622317596,conditional_mlp_linear,20260922,0.8999999761581421,9,1,000001.SZ,depth,unseen_q
20260529,0,0.5260193943977356,2.271149158477783,1.523888111114502,0.7456896551724138,0.7456896551724138,conditional_mlp_linear,20260922,0.8999999761581421,9,1,000001.SZ,depth,unseen_q
20260529,1,0.5993760824203491,3.6180953979492188,3.024179458618164,0.8755364806866953,0.8755364806866953,conditional_mlp_linear,20260922,0.8999999761581421,9,1,000001.SZ,depth,unseen_q
20260506,0,0.6822023987770081,4.070924282073975,3.3831498622894287,0.8826530612244898,0.8826530612244898,conditional_mlp_linear,20260922,0.8999999761581421,30,1,000001.SZ,depth,unseen_q
20260506,1,0.6740127205848694,2.450925350189209,1.3786249160766602,0.728448275862069,0.728448275862069,conditional_mlp_linear,20260922,0.8999999761581421,30,1,000001.SZ,depth,unseen_q
20260507,0,0.8191003799438477,2.801042079925537,1.4535518884658813,0.703862660944206,0.703862660944206,conditional_mlp_linear,20260922,0.8999999761581421,30,1,000001.SZ,depth,unseen_q
20260507,1,0.7931215167045593,2.915968894958496,1.662157416343689,0.8111587982832618,0.8111587982832618,conditional_mlp_linear,20260922,0.8999999761581421,30,1,000001.SZ,depth,unseen_q
20260508,0,0.8383044600486755,2.9037418365478516,1.5339162349700928,0.7212389380530974,0.7212389380530974,conditional_mlp_linear,20260922,0.8999999761581421,30,1,000001.SZ,depth,unseen_q
20260508,1,1.0753527879714966,2.540278196334839,0.4869654178619385,0.5991189427312775,0.5991189427312775,conditional_mlp_linear,20260922,0.8999999761581421,30,1,000001.SZ,depth,unseen_q
20260511,0,0.8683751225471497,3.417384386062622,2.1007931232452393,0.7260869565217392,0.7260869565217392,conditional_mlp_linear,20260922,0.8999999761581421,30,1,000001.SZ,depth,unseen_q
20260511,1,0.9070560932159424,3.3381428718566895,1.905038595199585,0.7155172413793104,0.7155172413793104,conditional_mlp_linear,20260922,0.8999999761581421,30,1,000001.SZ,depth,unseen_q
20260512,0,0.8371203541755676,3.1375298500061035,1.8291115760803223,0.7729257641921398,0.7729257641921398,conditional_mlp_linear,20260922,0.8999999761581421,30,1,000001.SZ,depth,unseen_q
20260512,1,0.6632466316223145,2.543215751647949,1.52090322971344,0.691304347826087,0.691304347826087,conditional_mlp_linear,20260922,0.8999999761581421,30,1,000001.SZ,depth,unseen_q
20260513,0,0.6223006844520569,2.7901580333709717,1.9319456815719604,0.8017241379310345,0.8017241379310345,conditional_mlp_linear,20260922,0.8999999761581421,30,1,000001.SZ,depth,unseen_q
20260513,1,0.6566161513328552,2.2053489685058594,1.1151459217071533,0.7124463519313304,0.7124463519313304,conditional_mlp_linear,20260922,0.8999999761581421,30,1,000001.SZ,depth,unseen_q
20260514,0,0.9586955308914185,3.313764810562134,1.7454674243927002,0.7272727272727273,0.7272727272727273,conditional_mlp_linear,20260922,0.8999999761581421,30,1,000001.SZ,depth,unseen_q
20260514,1,0.8707411289215088,2.839512586593628,1.3725380897521973,0.7489177489177489,0.7489177489177489,conditional_mlp_linear,20260922,0.8999999761581421,30,1,000001.SZ,depth,unseen_q
20260515,0,0.7235063910484314,3.6831018924713135,2.795111656188965,0.8149779735682819,0.8149779735682819,conditional_mlp_linear,20260922,0.8999999761581421,30,1,000001.SZ,depth,unseen_q
20260515,1,0.6701220870018005,2.770991802215576,1.7884348630905151,0.776824034334764,0.776824034334764,conditional_mlp_linear,20260922,0.8999999761581421,30,1,000001.SZ,depth,unseen_q
20260518,0,0.6668182611465454,3.946194648742676,3.265697956085205,0.8708133971291866,0.8708133971291866,conditional_mlp_linear,20260922,0.8999999761581421,30,1,000001.SZ,depth,unseen_q
20260518,1,0.6305500268936157,2.872617244720459,2.0143966674804688,0.8240343347639485,0.8240343347639485,conditional_mlp_linear,20260922,0.8999999761581421,30,1,000001.SZ,depth,unseen_q
20260519,0,0.6048387885093689,3.8244316577911377,3.2684428691864014,0.9177489177489178,0.9177489177489178,conditional_mlp_linear,20260922,0.8999999761581421,30,1,000001.SZ,depth,unseen_q
20260519,1,0.6222944855690002,2.7834441661834717,1.9235690832138062,0.7758620689655172,0.7758620689655172,conditional_mlp_linear,20260922,0.8999999761581421,30,1,000001.SZ,depth,unseen_q
20260520,0,0.59391188621521,3.4534242153167725,2.832000494003296,0.8711111111111111,0.8711111111111111,conditional_mlp_linear,20260922,0.8999999761581421,30,1,000001.SZ,depth,unseen_q
20260520,1,0.6611950397491455,2.6187565326690674,1.6204583644866943,0.782608695652174,0.782608695652174,conditional_mlp_linear,20260922,0.8999999761581421,30,1,000001.SZ,depth,unseen_q
20260521,0,0.6951552629470825,3.622164011001587,2.7898170948028564,0.8405172413793104,0.8405172413793104,conditional_mlp_linear,20260922,0.8999999761581421,30,1,000001.SZ,depth,unseen_q
20260521,1,0.757524311542511,2.7001430988311768,1.4813685417175293,0.7253218884120172,0.7253218884120172,conditional_mlp_linear,20260922,0.8999999761581421,30,1,000001.SZ,depth,unseen_q
20260522,0,0.6869903802871704,4.106300354003906,3.4154000282287598,0.8484848484848485,0.8484848484848485,conditional_mlp_linear,20260922,0.8999999761581421,30,1,000001.SZ,depth,unseen_q
20260522,1,0.6548805236816406,3.0137174129486084,2.129945755004883,0.8326180257510729,0.8326180257510729,conditional_mlp_linear,20260922,0.8999999761581421,30,1,000001.SZ,depth,unseen_q
20260525,0,0.7364626526832581,3.0644712448120117,1.9894323348999023,0.7608695652173914,0.7608695652173914,conditional_mlp_linear,20260922,0.8999999761581421,30,1,000001.SZ,depth,unseen_q
20260525,1,0.5158243179321289,3.187666177749634,2.6950223445892334,0.9090909090909091,0.9090909090909091,conditional_mlp_linear,20260922,0.8999999761581421,30,1,000001.SZ,depth,unseen_q
20260526,0,0.7431259751319885,3.6644413471221924,2.7227368354797363,0.8017241379310345,0.8017241379310345,conditional_mlp_linear,20260922,0.8999999761581421,30,1,000001.SZ,depth,unseen_q
20260526,1,0.7291566133499146,3.341029405593872,2.353395462036133,0.8146551724137931,0.8146551724137931,conditional_mlp_linear,20260922,0.8999999761581421,30,1,000001.SZ,depth,unseen_q
20260528,0,0.5941834449768066,3.9209342002868652,3.4157094955444336,0.8658008658008658,0.8658008658008658,conditional_mlp_linear,20260922,0.8999999761581421,30,1,000001.SZ,depth,unseen_q
20260528,1,0.5954862833023071,2.7849836349487305,1.9925141334533691,0.8283261802575107,0.8283261802575107,conditional_mlp_linear,20260922,0.8999999761581421,30,1,000001.SZ,depth,unseen_q
20260529,0,0.730040431022644,3.322317361831665,2.32779598236084,0.7801724137931034,0.7801724137931034,conditional_mlp_linear,20260922,0.8999999761581421,30,1,000001.SZ,depth,unseen_q
20260529,1,0.8815174698829651,4.426208972930908,3.328967809677124,0.8197424892703863,0.8197424892703863,conditional_mlp_linear,20260922,0.8999999761581421,30,1,000001.SZ,depth,unseen_q
20260506,0,0.2507627010345459,0.5015254020690918,0.13741441071033478,0.7551020408163265,0.7653061224489796,conditional_mlp_residual_linear,20260922,0.5,3,1,000001.SZ,depth,unseen_q
20260506,1,0.3187195956707001,0.6374391913414001,-0.055432114750146866,0.5560344827586207,0.5689655172413793,conditional_mlp_residual_linear,20260922,0.5,3,1,000001.SZ,depth,unseen_q
20260507,0,0.3448595106601715,0.689719021320343,0.1316561996936798,0.5278969957081545,0.5278969957081545,conditional_mlp_residual_linear,20260922,0.5,3,1,000001.SZ,depth,unseen_q
20260507,1,0.31049156188964844,0.6209831237792969,-0.012888599187135696,0.5493562231759657,0.6266094420600858,conditional_mlp_residual_linear,20260922,0.5,3,1,000001.SZ,depth,unseen_q
20260508,0,0.3574376404285431,0.7148752808570862,0.03465518727898598,0.5530973451327433,0.6194690265486725,conditional_mlp_residual_linear,20260922,0.5,3,1,000001.SZ,depth,unseen_q
20260508,1,0.2880798578262329,0.5761597156524658,-0.07409898191690445,0.5947136563876652,0.6123348017621145,conditional_mlp_residual_linear,20260922,0.5,3,1,000001.SZ,depth,unseen_q
20260511,0,0.35207027196884155,0.7041405439376831,-0.10757531225681305,0.6043478260869565,0.6043478260869565,conditional_mlp_residual_linear,20260922,0.5,3,1,000001.SZ,depth,unseen_q
20260511,1,0.27417847514152527,0.5483569502830505,0.09418283402919769,0.4525862068965517,0.47844827586206895,conditional_mlp_residual_linear,20260922,0.5,3,1,000001.SZ,depth,unseen_q
20260512,0,0.400285005569458,0.800570011138916,-0.012335758656263351,0.519650655021834,0.5414847161572053,conditional_mlp_residual_linear,20260922,0.5,3,1,000001.SZ,depth,unseen_q
20260512,1,0.2829116880893707,0.5658233761787415,-0.04248669743537903,0.5260869565217391,0.6478260869565218,conditional_mlp_residual_linear,20260922,0.5,3,1,000001.SZ,depth,unseen_q
20260513,0,0.28226497769355774,0.5645299553871155,0.10334116220474243,0.6120689655172413,0.6206896551724138,conditional_mlp_residual_linear,20260922,0.5,3,1,000001.SZ,depth,unseen_q
20260513,1,0.16126388311386108,0.32252776622772217,-0.0028837169520556927,0.6952789699570815,0.7639484978540773,conditional_mlp_residual_linear,20260922,0.5,3,1,000001.SZ,depth,unseen_q
20260514,0,0.3109998404979706,0.6219996809959412,0.11614400148391724,0.5281385281385281,0.5281385281385281,conditional_mlp_residual_linear,20260922,0.5,3,1,000001.SZ,depth,unseen_q
20260514,1,0.2905728816986084,0.5811457633972168,-0.13851673901081085,0.37662337662337664,0.5021645021645021,conditional_mlp_residual_linear,20260922,0.5,3,1,000001.SZ,depth,unseen_q
20260515,0,0.5497631430625916,1.099526286125183,-0.08594227582216263,0.5903083700440529,0.5903083700440529,conditional_mlp_residual_linear,20260922,0.5,3,1,000001.SZ,depth,unseen_q
20260515,1,0.38784825801849365,0.7756965160369873,0.10000235587358475,0.48497854077253216,0.7424892703862661,conditional_mlp_residual_linear,20260922,0.5,3,1,000001.SZ,depth,unseen_q
20260518,0,0.2826058864593506,0.5652117729187012,0.1175779327750206,0.6889952153110048,0.6889952153110048,conditional_mlp_residual_linear,20260922,0.5,3,1,000001.SZ,depth,unseen_q
20260518,1,0.30420777201652527,0.6084155440330505,-0.06540995091199875,0.6008583690987125,0.6266094420600858,conditional_mlp_residual_linear,20260922,0.5,3,1,000001.SZ,depth,unseen_q
20260519,0,0.4242495596408844,0.8484991192817688,0.16983474791049957,0.6147186147186147,0.6147186147186147,conditional_mlp_residual_linear,20260922,0.5,3,1,000001.SZ,depth,unseen_q
20260519,1,0.3585679233074188,0.7171358466148376,-0.01966308057308197,0.4698275862068966,0.5905172413793104,conditional_mlp_residual_linear,20260922,0.5,3,1,000001.SZ,depth,unseen_q
20260520,0,0.2733926475048065,0.546785295009613,-0.0010974755277857184,0.5822222222222222,0.5866666666666667,conditional_mlp_residual_linear,20260922,0.5,3,1,000001.SZ,depth,unseen_q
20260520,1,0.17300932109355927,0.34601864218711853,0.07237417995929718,0.4826086956521739,0.7260869565217392,conditional_mlp_residual_linear,20260922,0.5,3,1,000001.SZ,depth,unseen_q
20260521,0,0.33303025364875793,0.6660605072975159,0.09339714050292969,0.6637931034482759,0.6767241379310345,conditional_mlp_residual_linear,20260922,0.5,3,1,000001.SZ,depth,unseen_q
20260521,1,0.3031238615512848,0.6062477231025696,-0.09851142019033432,0.4034334763948498,0.6995708154506438,conditional_mlp_residual_linear,20260922,0.5,3,1,000001.SZ,depth,unseen_q
20260522,0,0.3827536702156067,0.7655073404312134,0.26088786125183105,0.6320346320346321,0.6536796536796536,conditional_mlp_residual_linear,20260922,0.5,3,1,000001.SZ,depth,unseen_q
20260522,1,0.2828448414802551,0.5656896829605103,-0.22777852416038513,0.2918454935622318,0.5364806866952789,conditional_mlp_residual_linear,20260922,0.5,3,1,000001.SZ,depth,unseen_q
20260525,0,0.29945850372314453,0.5989170074462891,0.16465894877910614,0.5652173913043478,0.5695652173913044,conditional_mlp_residual_linear,20260922,0.5,3,1,000001.SZ,depth,unseen_q
20260525,1,0.3058367371559143,0.6116734743118286,-0.10834342986345291,0.37662337662337664,0.4805194805194805,conditional_mlp_residual_linear,20260922,0.5,3,1,000001.SZ,depth,unseen_q
20260526,0,0.42626863718032837,0.8525372743606567,0.22518281638622284,0.5603448275862069,0.5603448275862069,conditional_mlp_residual_linear,20260922,0.5,3,1,000001.SZ,depth,unseen_q
20260526,1,0.3462955951690674,0.6925911903381348,0.024587687104940414,0.4827586206896552,0.603448275862069,conditional_mlp_residual_linear,20260922,0.5,3,1,000001.SZ,depth,unseen_q
20260528,0,0.3287448287010193,0.6574896574020386,0.16017131507396698,0.5757575757575758,0.5887445887445888,conditional_mlp_residual_linear,20260922,0.5,3,1,000001.SZ,depth,unseen_q
20260528,1,0.29313454031944275,0.5862690806388855,0.018502289429306984,0.4678111587982833,0.6652360515021459,conditional_mlp_residual_linear,20260922,0.5,3,1,000001.SZ,depth,unseen_q
20260529,0,0.38397541642189026,0.7679508328437805,0.27141740918159485,0.5646551724137931,0.6422413793103449,conditional_mlp_residual_linear,20260922,0.5,3,1,000001.SZ,depth,unseen_q
20260529,1,0.5680955648422241,1.1361911296844482,-0.1138719990849495,0.6094420600858369,0.6394849785407726,conditional_mlp_residual_linear,20260922,0.5,3,1,000001.SZ,depth,unseen_q
20260506,0,0.4884355962276459,0.9768711924552917,0.19364674389362335,0.6377551020408163,0.6377551020408163,conditional_mlp_residual_linear,20260922,0.5,9,1,000001.SZ,depth,unseen_q
20260506,1,0.4499099850654602,0.8998199701309204,0.0475921630859375,0.5862068965517241,0.5948275862068966,conditional_mlp_residual_linear,20260922,0.5,9,1,000001.SZ,depth,unseen_q
20260507,0,0.6473525166511536,1.2947050333023071,-0.016665657982230186,0.4892703862660944,0.4892703862660944,conditional_mlp_residual_linear,20260922,0.5,9,1,000001.SZ,depth,unseen_q
20260507,1,0.540698766708374,1.081397533416748,0.19765107333660126,0.4592274678111588,0.5708154506437768,conditional_mlp_residual_linear,20260922,0.5,9,1,000001.SZ,depth,unseen_q
20260508,0,0.6033195853233337,1.2066391706466675,0.11718372255563736,0.5486725663716814,0.5796460176991151,conditional_mlp_residual_linear,20260922,0.5,9,1,000001.SZ,depth,unseen_q
20260508,1,0.534621000289917,1.069242000579834,-0.3171992301940918,0.46255506607929514,0.4845814977973568,conditional_mlp_residual_linear,20260922,0.5,9,1,000001.SZ,depth,unseen_q
20260511,0,0.5595369935035706,1.1190739870071411,-0.3443608582019806,0.5,0.5,conditional_mlp_residual_linear,20260922,0.5,9,1,000001.SZ,depth,unseen_q
20260511,1,0.5482795238494873,1.0965590476989746,0.18774515390396118,0.47844827586206895,0.5043103448275862,conditional_mlp_residual_linear,20260922,0.5,9,1,000001.SZ,depth,unseen_q
20260512,0,0.7536235451698303,1.5072470903396606,-0.10893501341342926,0.4847161572052402,0.4978165938864629,conditional_mlp_residual_linear,20260922,0.5,9,1,000001.SZ,depth,unseen_q
20260512,1,0.543259859085083,1.086519718170166,-0.07258477061986923,0.5565217391304348,0.6434782608695652,conditional_mlp_residual_linear,20260922,0.5,9,1,000001.SZ,depth,unseen_q
20260513,0,0.5499559640884399,1.0999119281768799,-0.015352332964539528,0.5991379310344828,0.5991379310344828,conditional_mlp_residual_linear,20260922,0.5,9,1,000001.SZ,depth,unseen_q
20260513,1,0.34997692704200745,0.6999538540840149,0.12760993838310242,0.575107296137339,0.7253218884120172,conditional_mlp_residual_linear,20260922,0.5,9,1,000001.SZ,depth,unseen_q
20260514,0,0.540944516658783,1.081889033317566,0.15072430670261383,0.48917748917748916,0.48917748917748916,conditional_mlp_residual_linear,20260922,0.5,9,1,000001.SZ,depth,unseen_q
20260514,1,0.5475879311561584,1.095175862312317,-0.2017538845539093,0.354978354978355,0.47186147186147187,conditional_mlp_residual_linear,20260922,0.5,9,1,000001.SZ,depth,unseen_q
20260515,0,0.7174428701400757,1.4348857402801514,-0.12780606746673584,0.5154185022026432,0.5154185022026432,conditional_mlp_residual_linear,20260922,0.5,9,1,000001.SZ,depth,unseen_q
20260515,1,0.48172733187675476,0.9634546637535095,0.09220453351736069,0.5278969957081545,0.7339055793991416,conditional_mlp_residual_linear,20260922,0.5,9,1,000001.SZ,depth,unseen_q
20260518,0,0.5134755373001099,1.0269510746002197,0.0903586894273758,0.5933014354066986,0.5933014354066986,conditional_mlp_residual_linear,20260922,0.5,9,1,000001.SZ,depth,unseen_q
20260518,1,0.46449294686317444,0.9289858937263489,-0.04810178279876709,0.6180257510729614,0.6180257510729614,conditional_mlp_residual_linear,20260922,0.5,9,1,000001.SZ,depth,unseen_q
20260519,0,0.6161749958992004,1.2323499917984009,-0.12363062798976898,0.5627705627705628,0.5627705627705628,conditional_mlp_residual_linear,20260922,0.5,9,1,000001.SZ,depth,unseen_q
20260519,1,0.5898340344429016,1.1796680688858032,0.19446712732315063,0.5129310344827587,0.5732758620689655,conditional_mlp_residual_linear,20260922,0.5,9,1,000001.SZ,depth,unseen_q
20260520,0,0.6321314573287964,1.2642629146575928,0.042865216732025146,0.5377777777777778,0.5377777777777778,conditional_mlp_residual_linear,20260922,0.5,9,1,000001.SZ,depth,unseen_q
20260520,1,0.5201700329780579,1.0403400659561157,-0.037421371787786484,0.4391304347826087,0.6565217391304348,conditional_mlp_residual_linear,20260922,0.5,9,1,000001.SZ,depth,unseen_q
20260521,0,0.6076194047927856,1.2152388095855713,0.2010551393032074,0.5474137931034483,0.5474137931034483,conditional_mlp_residual_linear,20260922,0.5,9,1,000001.SZ,depth,unseen_q
20260521,1,0.4839366674423218,0.9678733348846436,-0.1994776874780655,0.3905579399141631,0.6738197424892703,conditional_mlp_residual_linear,20260922,0.5,9,1,000001.SZ,depth,unseen_q
20260522,0,0.6191807389259338,1.2383614778518677,0.21531511843204498,0.5930735930735931,0.6060606060606061,conditional_mlp_residual_linear,20260922,0.5,9,1,000001.SZ,depth,unseen_q
20260522,1,0.5487284064292908,1.0974568128585815,-0.16396868228912354,0.33905579399141633,0.5236051502145923,conditional_mlp_residual_linear,20260922,0.5,9,1,000001.SZ,depth,unseen_q
20260525,0,0.521162211894989,1.042324423789978,0.12557971477508545,0.5,0.5043478260869565,conditional_mlp_residual_linear,20260922,0.5,9,1,000001.SZ,depth,unseen_q
20260525,1,0.4856441617012024,0.9712883234024048,-0.13679581880569458,0.4025974025974026,0.48917748917748916,conditional_mlp_residual_linear,20260922,0.5,9,1,000001.SZ,depth,unseen_q
20260526,0,0.6990242600440979,1.3980485200881958,-0.20978055894374847,0.4956896551724138,0.4956896551724138,conditional_mlp_residual_linear,20260922,0.5,9,1,000001.SZ,depth,unseen_q
20260526,1,0.5804789066314697,1.1609578132629395,0.1667810082435608,0.47844827586206895,0.5862068965517241,conditional_mlp_residual_linear,20260922,0.5,9,1,000001.SZ,depth,unseen_q
20260528,0,0.5921997427940369,1.1843994855880737,0.016032693907618523,0.5194805194805194,0.5194805194805194,conditional_mlp_residual_linear,20260922,0.5,9,1,000001.SZ,depth,unseen_q
20260528,1,0.39766332507133484,0.7953266501426697,0.11061927676200867,0.5236051502145923,0.6995708154506438,conditional_mlp_residual_linear,20260922,0.5,9,1,000001.SZ,depth,unseen_q
20260529,0,0.6472963690757751,1.2945927381515503,0.12148724496364594,0.5905172413793104,0.6293103448275862,conditional_mlp_residual_linear,20260922,0.5,9,1,000001.SZ,depth,unseen_q
20260529,1,0.8323879241943359,1.6647758483886719,-0.02682608552277088,0.5708154506437768,0.5793991416309013,conditional_mlp_residual_linear,20260922,0.5,9,1,000001.SZ,depth,unseen_q
20260506,0,0.8315116763114929,1.6630233526229858,0.4458179473876953,0.6581632653061225,0.6581632653061225,conditional_mlp_residual_linear,20260922,0.5,30,1,000001.SZ,depth,unseen_q
20260506,1,0.7820410132408142,1.5640820264816284,-0.23277997970581055,0.5603448275862069,0.5603448275862069,conditional_mlp_residual_linear,20260922,0.5,30,1,000001.SZ,depth,unseen_q
20260507,0,0.9914511442184448,1.9829022884368896,0.01805983856320381,0.5622317596566524,0.5622317596566524,conditional_mlp_residual_linear,20260922,0.5,30,1,000001.SZ,depth,unseen_q
20260507,1,0.9269909262657166,1.853981852531433,-0.11234662681818008,0.45493562231759654,0.575107296137339,conditional_mlp_residual_linear,20260922,0.5,30,1,000001.SZ,depth,unseen_q
20260508,0,0.9827861785888672,1.9655723571777344,-0.031924501061439514,0.5398230088495575,0.5398230088495575,conditional_mlp_residual_linear,20260922,0.5,30,1,000001.SZ,depth,unseen_q
20260508,1,1.0026469230651855,2.005293846130371,-0.23954704403877258,0.5550660792951542,0.5638766519823789,conditional_mlp_residual_linear,20260922,0.5,30,1,000001.SZ,depth,unseen_q
20260511,0,1.2005137205123901,2.4010274410247803,0.1461145579814911,0.5391304347826087,0.5391304347826087,conditional_mlp_residual_linear,20260922,0.5,30,1,000001.SZ,depth,unseen_q
20260511,1,1.1462732553482056,2.292546510696411,-0.20992067456245422,0.4956896551724138,0.4956896551724138,conditional_mlp_residual_linear,20260922,0.5,30,1,000001.SZ,depth,unseen_q
20260512,0,1.1063182353973389,2.2126364707946777,-0.1027887761592865,0.5021834061135371,0.5152838427947598,conditional_mlp_residual_linear,20260922,0.5,30,1,000001.SZ,depth,unseen_q
20260512,1,0.8986086249351501,1.7972172498703003,0.11074107140302658,0.5130434782608696,0.5739130434782609,conditional_mlp_residual_linear,20260922,0.5,30,1,000001.SZ,depth,unseen_q
20260513,0,1.0730602741241455,2.146120548248291,-0.2112400084733963,0.5043103448275862,0.5043103448275862,conditional_mlp_residual_linear,20260922,0.5,30,1,000001.SZ,depth,unseen_q
20260513,1,0.7033892273902893,1.4067784547805786,0.1694764792919159,0.575107296137339,0.6523605150214592,conditional_mlp_residual_linear,20260922,0.5,30,1,000001.SZ,depth,unseen_q
20260514,0,1.1571040153503418,2.3142080307006836,0.3912500739097595,0.5670995670995671,0.5670995670995671,conditional_mlp_residual_linear,20260922,0.5,30,1,000001.SZ,depth,unseen_q
20260514,1,1.0178816318511963,2.0357632637023926,-0.29965081810951233,0.48484848484848486,0.4935064935064935,conditional_mlp_residual_linear,20260922,0.5,30,1,000001.SZ,depth,unseen_q
20260515,0,1.0742613077163696,2.1485226154327393,-0.23113834857940674,0.5550660792951542,0.5550660792951542,conditional_mlp_residual_linear,20260922,0.5,30,1,000001.SZ,depth,unseen_q
20260515,1,0.7821674942970276,1.5643349885940552,0.2056744396686554,0.6051502145922747,0.7381974248927039,conditional_mlp_residual_linear,20260922,0.5,30,1,000001.SZ,depth,unseen_q
20260518,0,0.9545971155166626,1.9091942310333252,0.048836369067430496,0.4784688995215311,0.4784688995215311,conditional_mlp_residual_linear,20260922,0.5,30,1,000001.SZ,depth,unseen_q
20260518,1,0.8081862330436707,1.6163724660873413,0.08440407365560532,0.6609442060085837,0.6609442060085837,conditional_mlp_residual_linear,20260922,0.5,30,1,000001.SZ,depth,unseen_q
20260519,0,0.9133442044258118,1.8266884088516235,0.17652972042560577,0.5584415584415584,0.5584415584415584,conditional_mlp_residual_linear,20260922,0.5,30,1,000001.SZ,depth,unseen_q
20260519,1,0.8110103011131287,1.6220206022262573,-0.20596326887607574,0.5387931034482759,0.5387931034482759,conditional_mlp_residual_linear,20260922,0.5,30,1,000001.SZ,depth,unseen_q
20260520,0,1.0145260095596313,2.0290520191192627,0.18882891535758972,0.5733333333333334,0.5733333333333334,conditional_mlp_residual_linear,20260922,0.5,30,1,000001.SZ,depth,unseen_q
20260520,1,0.883161187171936,1.766322374343872,-0.04057915136218071,0.5260869565217391,0.6608695652173913,conditional_mlp_residual_linear,20260922,0.5,30,1,000001.SZ,depth,unseen_q
20260521,0,1.0828408002853394,2.1656816005706787,0.32243138551712036,0.5991379310344828,0.5991379310344828,conditional_mlp_residual_linear,20260922,0.5,30,1,000001.SZ,depth,unseen_q
20260521,1,0.8664790987968445,1.732958197593689,-0.1743428260087967,0.4721030042918455,0.6266094420600858,conditional_mlp_residual_linear,20260922,0.5,30,1,000001.SZ,depth,unseen_q
20260522,0,1.075505256652832,2.151010513305664,0.3211444318294525,0.6017316017316018,0.6060606060606061,conditional_mlp_residual_linear,20260922,0.5,30,1,000001.SZ,depth,unseen_q
20260522,1,0.9076352119445801,1.8152704238891602,-0.22196167707443237,0.4892703862660944,0.5321888412017167,conditional_mlp_residual_linear,20260922,0.5,30,1,000001.SZ,depth,unseen_q
20260525,0,0.9079123735427856,1.8158247470855713,-0.04009843245148659,0.5304347826086957,0.5304347826086957,conditional_mlp_residual_linear,20260922,0.5,30,1,000001.SZ,depth,unseen_q
20260525,1,0.7825079560279846,1.5650159120559692,0.19237345457077026,0.5411255411255411,0.5627705627705628,conditional_mlp_residual_linear,20260922,0.5,30,1,000001.SZ,depth,unseen_q
20260526,0,1.2455999851226807,2.4911999702453613,-0.01664559729397297,0.5301724137931034,0.5301724137931034,conditional_mlp_residual_linear,20260922,0.5,30,1,000001.SZ,depth,unseen_q
20260526,1,1.070707082748413,2.141414165496826,0.12968651950359344,0.5603448275862069,0.6120689655172413,conditional_mlp_residual_linear,20260922,0.5,30,1,000001.SZ,depth,unseen_q
20260528,0,1.0030572414398193,2.0061144828796387,0.17340880632400513,0.5584415584415584,0.5584415584415584,conditional_mlp_residual_linear,20260922,0.5,30,1,000001.SZ,depth,unseen_q
20260528,1,0.8027908205986023,1.6055816411972046,-0.01814715377986431,0.6094420600858369,0.6824034334763949,conditional_mlp_residual_linear,20260922,0.5,30,1,000001.SZ,depth,unseen_q
20260529,0,1.1158013343811035,2.231602668762207,0.434996098279953,0.6336206896551724,0.6379310344827587,conditional_mlp_residual_linear,20260922,0.5,30,1,000001.SZ,depth,unseen_q
20260529,1,1.4635707139968872,2.9271414279937744,-0.21875429153442383,0.5364806866952789,0.5364806866952789,conditional_mlp_residual_linear,20260922,0.5,30,1,000001.SZ,depth,unseen_q
20260506,0,0.26113787293434143,1.7097951173782349,1.4843993186950684,0.9693877551020408,0.9693877551020408,conditional_mlp_residual_linear,20260922,0.8999999761581421,3,1,000001.SZ,depth,unseen_q
20260506,1,0.2695310711860657,1.4707542657852173,1.164615273475647,0.9525862068965517,0.9525862068965517,conditional_mlp_residual_linear,20260922,0.8999999761581421,3,1,000001.SZ,depth,unseen_q
20260507,0,0.2546531558036804,1.9376755952835083,1.7854617834091187,0.9613733905579399,0.9613733905579399,conditional_mlp_residual_linear,20260922,0.8999999761581421,3,1,000001.SZ,depth,unseen_q
20260507,1,0.3109339475631714,1.6967564821243286,1.3436108827590942,0.9613733905579399,0.9613733905579399,conditional_mlp_residual_linear,20260922,0.8999999761581421,3,1,000001.SZ,depth,unseen_q
20260508,0,0.33123502135276794,1.589163899421692,1.1583672761917114,0.9557522123893806,0.9557522123893806,conditional_mlp_residual_linear,20260922,0.8999999761581421,3,1,000001.SZ,depth,unseen_q
20260508,1,0.28514358401298523,1.3117274045944214,0.9268003702163696,0.9427312775330396,0.9427312775330396,conditional_mlp_residual_linear,20260922,0.8999999761581421,3,1,000001.SZ,depth,unseen_q
20260511,0,0.3610222339630127,2.2900774478912354,1.9600416421890259,0.9478260869565217,0.9478260869565217,conditional_mlp_residual_linear,20260922,0.8999999761581421,3,1,000001.SZ,depth,unseen_q
20260511,1,0.2567547857761383,2.0775914192199707,1.9551024436950684,0.9698275862068966,0.9698275862068966,conditional_mlp_residual_linear,20260922,0.8999999761581421,3,1,000001.SZ,depth,unseen_q
20260512,0,0.35581281781196594,1.9689881801605225,1.5717030763626099,0.9563318777292577,0.9563318777292577,conditional_mlp_residual_linear,20260922,0.8999999761581421,3,1,000001.SZ,depth,unseen_q
20260512,1,0.2740810513496399,1.5972315073013306,1.3113367557525635,0.9434782608695652,0.9434782608695652,conditional_mlp_residual_linear,20260922,0.8999999761581421,3,1,000001.SZ,depth,unseen_q
20260513,0,0.22757655382156372,1.52312433719635,1.3349640369415283,0.9612068965517241,0.9612068965517241,conditional_mlp_residual_linear,20260922,0.8999999761581421,3,1,000001.SZ,depth,unseen_q
20260513,1,0.15703116357326508,0.9472241997718811,0.7914523482322693,0.9699570815450643,0.9699570815450643,conditional_mlp_residual_linear,20260922,0.8999999761581421,3,1,000001.SZ,depth,unseen_q
20260514,0,0.25854891538619995,1.9283509254455566,1.764066457748413,0.9783549783549783,0.9783549783549783,conditional_mlp_residual_linear,20260922,0.8999999761581421,3,1,000001.SZ,depth,unseen_q
20260514,1,0.3002370595932007,1.7014400959014893,1.3762075901031494,0.961038961038961,0.961038961038961,conditional_mlp_residual_linear,20260922,0.8999999761581421,3,1,000001.SZ,depth,unseen_q
20260515,0,0.4072105884552002,2.03151273727417,1.5213645696640015,0.8854625550660793,0.8854625550660793,conditional_mlp_residual_linear,20260922,0.8999999761581421,3,1,000001.SZ,depth,unseen_q
20260515,1,0.3183424472808838,1.5759693384170532,1.1741057634353638,0.9527896995708155,0.9527896995708155,conditional_mlp_residual_linear,20260922,0.8999999761581421,3,1,000001.SZ,depth,unseen_q
20260518,0,0.25709763169288635,2.139915704727173,2.0321507453918457,0.9712918660287081,0.9712918660287081,conditional_mlp_residual_linear,20260922,0.8999999761581421,3,1,000001.SZ,depth,unseen_q
20260518,1,0.29556554555892944,1.7142714262008667,1.4039255380630493,0.9484978540772532,0.9484978540772532,conditional_mlp_residual_linear,20260922,0.8999999761581421,3,1,000001.SZ,depth,unseen_q
20260519,0,0.35895007848739624,2.510284662246704,2.240480661392212,0.9567099567099567,0.9567099567099567,conditional_mlp_residual_linear,20260922,0.8999999761581421,3,1,000001.SZ,depth,unseen_q
20260519,1,0.33453720808029175,1.9291828870773315,1.575135588645935,0.9568965517241379,0.9568965517241379,conditional_mlp_residual_linear,20260922,0.8999999761581421,3,1,000001.SZ,depth,unseen_q
20260520,0,0.26488178968429565,1.9261434078216553,1.7454748153686523,0.9511111111111111,0.9511111111111111,conditional_mlp_residual_linear,20260922,0.8999999761581421,3,1,000001.SZ,depth,unseen_q
20260520,1,0.17841167747974396,1.445099115371704,1.3603447675704956,0.9739130434782609,0.9739130434782609,conditional_mlp_residual_linear,20260922,0.8999999761581421,3,1,000001.SZ,depth,unseen_q
20260521,0,0.2472400665283203,1.4684256315231323,1.217431902885437,0.9612068965517241,0.9612068965517241,conditional_mlp_residual_linear,20260922,0.8999999761581421,3,1,000001.SZ,depth,unseen_q
20260521,1,0.2755800187587738,1.2375613451004028,0.858001708984375,0.944206008583691,0.944206008583691,conditional_mlp_residual_linear,20260922,0.8999999761581421,3,1,000001.SZ,depth,unseen_q
20260522,0,0.27080637216567993,2.1773200035095215,2.0446343421936035,0.9696969696969697,0.9696969696969697,conditional_mlp_residual_linear,20260922,0.8999999761581421,3,1,000001.SZ,depth,unseen_q
20260522,1,0.26835811138153076,1.521912693977356,1.2314956188201904,0.9613733905579399,0.9613733905579399,conditional_mlp_residual_linear,20260922,0.8999999761581421,3,1,000001.SZ,depth,unseen_q
20260525,0,0.2632603347301483,2.0151562690734863,1.8607945442199707,0.9782608695652174,0.9782608695652174,conditional_mlp_residual_linear,20260922,0.8999999761581421,3,1,000001.SZ,depth,unseen_q
20260525,1,0.30996808409690857,1.902319073677063,1.6029787063598633,0.9523809523809523,0.9523809523809523,conditional_mlp_residual_linear,20260922,0.8999999761581421,3,1,000001.SZ,depth,unseen_q
20260526,0,0.320076584815979,2.2126312255859375,1.9655976295471191,0.9568965517241379,0.9568965517241379,conditional_mlp_residual_linear,20260922,0.8999999761581421,3,1,000001.SZ,depth,unseen_q
20260526,1,0.3469683527946472,1.9483906030654907,1.5680673122406006,0.9568965517241379,0.9568965517241379,conditional_mlp_residual_linear,20260922,0.8999999761581421,3,1,000001.SZ,depth,unseen_q
20260528,0,0.26164013147354126,1.874579668045044,1.6891242265701294,0.9567099567099567,0.9567099567099567,conditional_mlp_residual_linear,20260922,0.8999999761581421,3,1,000001.SZ,depth,unseen_q
20260528,1,0.25592267513275146,1.460707664489746,1.1860778331756592,0.9699570815450643,0.9699570815450643,conditional_mlp_residual_linear,20260922,0.8999999761581421,3,1,000001.SZ,depth,unseen_q
20260529,0,0.24706724286079407,1.7351890802383423,1.5513182878494263,0.9698275862068966,0.9698275862068966,conditional_mlp_residual_linear,20260922,0.8999999761581421,3,1,000001.SZ,depth,unseen_q
20260529,1,0.48052558302879333,2.416926145553589,1.8198437690734863,0.9098712446351931,0.9098712446351931,conditional_mlp_residual_linear,20260922,0.8999999761581421,3,1,000001.SZ,depth,unseen_q
20260506,0,0.3765977621078491,2.1194896697998047,1.7078675031661987,0.9387755102040817,0.9387755102040817,conditional_mlp_residual_linear,20260922,0.8999999761581421,9,1,000001.SZ,depth,unseen_q
20260506,1,0.30229780077934265,1.7341054677963257,1.4118874073028564,0.9224137931034483,0.9224137931034483,conditional_mlp_residual_linear,20260922,0.8999999761581421,9,1,000001.SZ,depth,unseen_q
20260507,0,0.4398968815803528,2.3180291652679443,1.797794222831726,0.9012875536480687,0.9012875536480687,conditional_mlp_residual_linear,20260922,0.8999999761581421,9,1,000001.SZ,depth,unseen_q
20260507,1,0.3744555413722992,2.1026620864868164,1.6921889781951904,0.944206008583691,0.944206008583691,conditional_mlp_residual_linear,20260922,0.8999999761581421,9,1,000001.SZ,depth,unseen_q
20260508,0,0.4446350038051605,2.0028414726257324,1.3919645547866821,0.9203539823008849,0.9203539823008849,conditional_mlp_residual_linear,20260922,0.8999999761581421,9,1,000001.SZ,depth,unseen_q
20260508,1,0.5155050754547119,1.6788160800933838,0.8097575306892395,0.8722466960352423,0.8722466960352423,conditional_mlp_residual_linear,20260922,0.8999999761581421,9,1,000001.SZ,depth,unseen_q
20260511,0,0.4454421103000641,2.412992477416992,1.9026353359222412,0.8913043478260869,0.8913043478260869,conditional_mlp_residual_linear,20260922,0.8999999761581421,9,1,000001.SZ,depth,unseen_q
20260511,1,0.406056672334671,2.5894951820373535,2.2217276096343994,0.9353448275862069,0.9353448275862069,conditional_mlp_residual_linear,20260922,0.8999999761581421,9,1,000001.SZ,depth,unseen_q
20260512,0,0.567236065864563,2.45519757270813,1.6509069204330444,0.8995633187772926,0.8995633187772926,conditional_mlp_residual_linear,20260922,0.8999999761581421,9,1,000001.SZ,depth,unseen_q
20260512,1,0.47568419575691223,2.1013083457946777,1.4374250173568726,0.9130434782608695,0.9130434782608695,conditional_mlp_residual_linear,20260922,0.8999999761581421,9,1,000001.SZ,depth,unseen_q
20260513,0,0.41880109906196594,1.9440964460372925,1.3831177949905396,0.8879310344827587,0.8879310344827587,conditional_mlp_residual_linear,20260922,0.8999999761581421,9,1,000001.SZ,depth,unseen_q
20260513,1,0.2568531632423401,1.3493938446044922,1.0446093082427979,0.9399141630901288,0.9399141630901288,conditional_mlp_residual_linear,20260922,0.8999999761581421,9,1,000001.SZ,depth,unseen_q
20260514,0,0.33912545442581177,2.2471933364868164,1.961178183555603,0.9437229437229437,0.9437229437229437,conditional_mlp_residual_linear,20260922,0.8999999761581421,9,1,000001.SZ,depth,unseen_q
20260514,1,0.45121586322784424,2.082151412963867,1.4746496677398682,0.9177489177489178,0.9177489177489178,conditional_mlp_residual_linear,20260922,0.8999999761581421,9,1,000001.SZ,depth,unseen_q
20260515,0,0.48637568950653076,2.291682004928589,1.6486634016036987,0.8678414096916299,0.8678414096916299,conditional_mlp_residual_linear,20260922,0.8999999761581421,9,1,000001.SZ,depth,unseen_q
20260515,1,0.37751927971839905,1.793160080909729,1.2976521253585815,0.927038626609442,0.927038626609442,conditional_mlp_residual_linear,20260922,0.8999999761581421,9,1,000001.SZ,depth,unseen_q
20260518,0,0.3723675012588501,2.513258695602417,2.2106544971466064,0.9473684210526315,0.9473684210526315,conditional_mlp_residual_linear,20260922,0.8999999761581421,9,1,000001.SZ,depth,unseen_q
20260518,1,0.40433305501937866,2.093078136444092,1.6055152416229248,0.9313304721030042,0.9313304721030042,conditional_mlp_residual_linear,20260922,0.8999999761581421,9,1,000001.SZ,depth,unseen_q
20260519,0,0.5094118118286133,2.7268733978271484,2.1350624561309814,0.9177489177489178,0.9177489177489178,conditional_mlp_residual_linear,20260922,0.8999999761581421,9,1,000001.SZ,depth,unseen_q
20260519,1,0.39971792697906494,2.36769437789917,1.9603233337402344,0.9310344827586207,0.9310344827586207,conditional_mlp_residual_linear,20260922,0.8999999761581421,9,1,000001.SZ,depth,unseen_q
20260520,0,0.4637715220451355,2.4989891052246094,1.964307427406311,0.9111111111111111,0.9111111111111111,conditional_mlp_residual_linear,20260922,0.8999999761581421,9,1,000001.SZ,depth,unseen_q
20260520,1,0.4067014753818512,1.9274250268936157,1.3925278186798096,0.908695652173913,0.908695652173913,conditional_mlp_residual_linear,20260922,0.8999999761581421,9,1,000001.SZ,depth,unseen_q
20260521,0,0.36246180534362793,1.9029109477996826,1.4724843502044678,0.8836206896551724,0.8836206896551724,conditional_mlp_residual_linear,20260922,0.8999999761581421,9,1,000001.SZ,depth,unseen_q
20260521,1,0.41688698530197144,1.5461550951004028,0.890476405620575,0.8755364806866953,0.8755364806866953,conditional_mlp_residual_linear,20260922,0.8999999761581421,9,1,000001.SZ,depth,unseen_q
20260522,0,0.40650445222854614,2.5480120182037354,2.1687541007995605,0.9177489177489178,0.9177489177489178,conditional_mlp_residual_linear,20260922,0.8999999761581421,9,1,000001.SZ,depth,unseen_q
20260522,1,0.3879941999912262,1.942976474761963,1.4587352275848389,0.9313304721030042,0.9313304721030042,conditional_mlp_residual_linear,20260922,0.8999999761581421,9,1,000001.SZ,depth,unseen_q
20260525,0,0.39334458112716675,2.3857169151306152,1.9987848997116089,0.9434782608695652,0.9434782608695652,conditional_mlp_residual_linear,20260922,0.8999999761581421,9,1,000001.SZ,depth,unseen_q
20260525,1,0.39261943101882935,2.1855692863464355,1.750412940979004,0.9307359307359307,0.9307359307359307,conditional_mlp_residual_linear,20260922,0.8999999761581421,9,1,000001.SZ,depth,unseen_q
20260526,0,0.4843492805957794,2.3399405479431152,1.7140525579452515,0.875,0.875,conditional_mlp_residual_linear,20260922,0.8999999761581421,9,1,000001.SZ,depth,unseen_q
20260526,1,0.4176599979400635,2.3401410579681396,1.8810265064239502,0.9396551724137931,0.9396551724137931,conditional_mlp_residual_linear,20260922,0.8999999761581421,9,1,000001.SZ,depth,unseen_q
20260528,0,0.4111478328704834,2.2063369750976562,1.7300516366958618,0.9264069264069265,0.9264069264069265,conditional_mlp_residual_linear,20260922,0.8999999761581421,9,1,000001.SZ,depth,unseen_q
20260528,1,0.2845379114151001,1.7167326211929321,1.4345711469650269,0.944206008583691,0.944206008583691,conditional_mlp_residual_linear,20260922,0.8999999761581421,9,1,000001.SZ,depth,unseen_q
20260529,0,0.4448070824146271,2.1405444145202637,1.5636627674102783,0.8922413793103449,0.8922413793103449,conditional_mlp_residual_linear,20260922,0.8999999761581421,9,1,000001.SZ,depth,unseen_q
20260529,1,0.5845643877983093,2.838427782058716,2.0866239070892334,0.8669527896995708,0.8669527896995708,conditional_mlp_residual_linear,20260922,0.8999999761581421,9,1,000001.SZ,depth,unseen_q
20260506,0,0.5335922837257385,3.03255295753479,2.4567108154296875,0.923469387755102,0.923469387755102,conditional_mlp_residual_linear,20260922,0.8999999761581421,30,1,000001.SZ,depth,unseen_q
20260506,1,0.5832571387290955,2.417640447616577,1.5639078617095947,0.8577586206896551,0.8577586206896551,conditional_mlp_residual_linear,20260922,0.8999999761581421,30,1,000001.SZ,depth,unseen_q
20260507,0,0.6165217161178589,3.0610485076904297,2.285006523132324,0.8669527896995708,0.8669527896995708,conditional_mlp_residual_linear,20260922,0.8999999761581421,30,1,000001.SZ,depth,unseen_q
20260507,1,0.6801597476005554,2.785794973373413,1.7818444967269897,0.8583690987124464,0.8583690987124464,conditional_mlp_residual_linear,20260922,0.8999999761581421,30,1,000001.SZ,depth,unseen_q
20260508,0,0.7118061780929565,2.78320574760437,1.6994919776916504,0.8451327433628318,0.8451327433628318,conditional_mlp_residual_linear,20260922,0.8999999761581421,30,1,000001.SZ,depth,unseen_q
20260508,1,0.8099511861801147,2.6424243450164795,1.278152346611023,0.8149779735682819,0.8149779735682819,conditional_mlp_residual_linear,20260922,0.8999999761581421,30,1,000001.SZ,depth,unseen_q
20260511,0,0.7038463354110718,3.7057273387908936,2.8725435733795166,0.8608695652173913,0.8608695652173913,conditional_mlp_residual_linear,20260922,0.8999999761581421,30,1,000001.SZ,depth,unseen_q
20260511,1,0.778670072555542,3.3933210372924805,2.294976234436035,0.8232758620689655,0.8232758620689655,conditional_mlp_residual_linear,20260922,0.8999999761581421,30,1,000001.SZ,depth,unseen_q
20260512,0,0.7008179426193237,3.1327712535858154,2.163919448852539,0.851528384279476,0.851528384279476,conditional_mlp_residual_linear,20260922,0.8999999761581421,30,1,000001.SZ,depth,unseen_q
20260512,1,0.5568512082099915,2.778790235519409,2.081360101699829,0.8565217391304348,0.8565217391304348,conditional_mlp_residual_linear,20260922,0.8999999761581421,30,1,000001.SZ,depth,unseen_q
20260513,0,0.7464292049407959,2.852687358856201,1.6997863054275513,0.771551724137931,0.771551724137931,conditional_mlp_residual_linear,20260922,0.8999999761581421,30,1,000001.SZ,depth,unseen_q
20260513,1,0.4320697784423828,2.054549217224121,1.4880121946334839,0.8755364806866953,0.8755364806866953,conditional_mlp_residual_linear,20260922,0.8999999761581421,30,1,000001.SZ,depth,unseen_q
20260514,0,0.7240421772003174,3.5811750888824463,2.6663637161254883,0.8831168831168831,0.8831168831168831,conditional_mlp_residual_linear,20260922,0.8999999761581421,30,1,000001.SZ,depth,unseen_q
20260514,1,0.7032063007354736,2.877751111984253,1.8391730785369873,0.8311688311688312,0.8311688311688312,conditional_mlp_residual_linear,20260922,0.8999999761581421,30,1,000001.SZ,depth,unseen_q
20260515,0,0.749561071395874,3.122609853744507,2.029360055923462,0.8105726872246696,0.8105726872246696,conditional_mlp_residual_linear,20260922,0.8999999761581421,30,1,000001.SZ,depth,unseen_q
20260515,1,0.5378366708755493,2.5286457538604736,1.8162153959274292,0.8669527896995708,0.8669527896995708,conditional_mlp_residual_linear,20260922,0.8999999761581421,30,1,000001.SZ,depth,unseen_q
20260518,0,0.56967693567276,3.324321746826172,2.731210231781006,0.8995215311004785,0.8995215311004785,conditional_mlp_residual_linear,20260922,0.8999999761581421,30,1,000001.SZ,depth,unseen_q
20260518,1,0.6174288988113403,3.0588653087615967,2.2800097465515137,0.9012875536480687,0.9012875536480687,conditional_mlp_residual_linear,20260922,0.8999999761581421,30,1,000001.SZ,depth,unseen_q
20260519,0,0.5846849083900452,3.5225725173950195,2.9415035247802734,0.9090909090909091,0.9090909090909091,conditional_mlp_residual_linear,20260922,0.8999999761581421,30,1,000001.SZ,depth,unseen_q
20260519,1,0.5319927930831909,2.705697536468506,2.0521399974823,0.875,0.875,conditional_mlp_residual_linear,20260922,0.8999999761581421,30,1,000001.SZ,depth,unseen_q
20260520,0,0.6028968095779419,3.2917397022247314,2.6074328422546387,0.8711111111111111,0.8711111111111111,conditional_mlp_residual_linear,20260922,0.8999999761581421,30,1,000001.SZ,depth,unseen_q
20260520,1,0.6128080487251282,2.682766914367676,1.8214385509490967,0.8695652173913043,0.8695652173913043,conditional_mlp_residual_linear,20260922,0.8999999761581421,30,1,000001.SZ,depth,unseen_q
20260521,0,0.7045925259590149,3.0524771213531494,2.054115056991577,0.8232758620689655,0.8232758620689655,conditional_mlp_residual_linear,20260922,0.8999999761581421,30,1,000001.SZ,depth,unseen_q
20260521,1,0.6016786098480225,2.276719331741333,1.3417026996612549,0.8326180257510729,0.8326180257510729,conditional_mlp_residual_linear,20260922,0.8999999761581421,30,1,000001.SZ,depth,unseen_q
20260522,0,0.6852299571037292,3.5712785720825195,2.751023530960083,0.8787878787878788,0.8787878787878788,conditional_mlp_residual_linear,20260922,0.8999999761581421,30,1,000001.SZ,depth,unseen_q
20260522,1,0.5731498599052429,2.6429898738861084,1.8708629608154297,0.8798283261802575,0.8798283261802575,conditional_mlp_residual_linear,20260922,0.8999999761581421,30,1,000001.SZ,depth,unseen_q
20260525,0,0.5957900285720825,3.0700488090515137,2.348085880279541,0.8826086956521739,0.8826086956521739,conditional_mlp_residual_linear,20260922,0.8999999761581421,30,1,000001.SZ,depth,unseen_q
20260525,1,0.4916881024837494,3.0508055686950684,2.58428692817688,0.9307359307359307,0.9307359307359307,conditional_mlp_residual_linear,20260922,0.8999999761581421,30,1,000001.SZ,depth,unseen_q
20260526,0,0.7543902397155762,3.451988935470581,2.4290108680725098,0.8318965517241379,0.8318965517241379,conditional_mlp_residual_linear,20260922,0.8999999761581421,30,1,000001.SZ,depth,unseen_q
20260526,1,0.7540284395217896,3.3772501945495605,2.336491823196411,0.8620689655172413,0.8620689655172413,conditional_mlp_residual_linear,20260922,0.8999999761581421,30,1,000001.SZ,depth,unseen_q
20260528,0,0.6029484868049622,3.1552517414093018,2.4366939067840576,0.8441558441558441,0.8441558441558441,conditional_mlp_residual_linear,20260922,0.8999999761581421,30,1,000001.SZ,depth,unseen_q
20260528,1,0.5775206089019775,2.593369722366333,1.7979106903076172,0.8540772532188842,0.8540772532188842,conditional_mlp_residual_linear,20260922,0.8999999761581421,30,1,000001.SZ,depth,unseen_q
20260529,0,0.7125969529151917,3.319239377975464,2.3675568103790283,0.8405172413793104,0.8405172413793104,conditional_mlp_residual_linear,20260922,0.8999999761581421,30,1,000001.SZ,depth,unseen_q
20260529,1,0.9471753239631653,3.8074803352355957,2.3914124965667725,0.8025751072961373,0.8025751072961373,conditional_mlp_residual_linear,20260922,0.8999999761581421,30,1,000001.SZ,depth,unseen_q
20260506,0,0.970990777015686,1.941981554031372,0.9392473697662354,0.6887755102040817,0.6887755102040817,conditional_mlp_linear,20260923,0.5,3,1,000001.SZ,depth,unseen_q
20260506,1,0.8467941284179688,1.6935882568359375,-0.3294636607170105,0.41810344827586204,0.4267241379310345,conditional_mlp_linear,20260923,0.5,3,1,000001.SZ,depth,unseen_q
20260507,0,1.0037447214126587,2.0074894428253174,-0.8198027014732361,0.30472103004291845,0.30472103004291845,conditional_mlp_linear,20260923,0.5,3,1,000001.SZ,depth,unseen_q
20260507,1,0.7652872800827026,1.5305745601654053,-0.16506251692771912,0.5064377682403434,0.5064377682403434,conditional_mlp_linear,20260923,0.5,3,1,000001.SZ,depth,unseen_q
20260508,0,0.8502315878868103,1.7004631757736206,-0.21685469150543213,0.48672566371681414,0.4911504424778761,conditional_mlp_linear,20260923,0.5,3,1,000001.SZ,depth,unseen_q
20260508,1,0.8505979180335999,1.7011958360671997,-0.8700396418571472,0.3524229074889868,0.3524229074889868,conditional_mlp_linear,20260923,0.5,3,1,000001.SZ,depth,unseen_q
20260511,0,0.9511359333992004,1.9022718667984009,-0.9641730785369873,0.30869565217391304,0.30869565217391304,conditional_mlp_linear,20260923,0.5,3,1,000001.SZ,depth,unseen_q
20260511,1,0.8879201412200928,1.7758402824401855,-0.3487074375152588,0.4224137931034483,0.4224137931034483,conditional_mlp_linear,20260923,0.5,3,1,000001.SZ,depth,unseen_q
20260512,0,1.024001955986023,2.048003911972046,-0.47098508477211,0.462882096069869,0.462882096069869,conditional_mlp_linear,20260923,0.5,3,1,000001.SZ,depth,unseen_q
20260512,1,1.0257872343063354,2.051574468612671,-0.5952702164649963,0.43043478260869567,0.43043478260869567,conditional_mlp_linear,20260923,0.5,3,1,000001.SZ,depth,unseen_q
20260513,0,0.6802119016647339,1.3604238033294678,0.23713089525699615,0.5905172413793104,0.5905172413793104,conditional_mlp_linear,20260923,0.5,3,1,000001.SZ,depth,unseen_q
20260513,1,0.6608479619026184,1.3216959238052368,-0.3973199725151062,0.5021459227467812,0.5021459227467812,conditional_mlp_linear,20260923,0.5,3,1,000001.SZ,depth,unseen_q
20260514,0,1.0994493961334229,2.1988987922668457,-0.8682530522346497,0.36363636363636365,0.36363636363636365,conditional_mlp_linear,20260923,0.5,3,1,000001.SZ,depth,unseen_q
20260514,1,0.7373911142349243,1.4747822284698486,-0.6651763916015625,0.38961038961038963,0.3939393939393939,conditional_mlp_linear,20260923,0.5,3,1,000001.SZ,depth,unseen_q
20260515,0,1.0849289894104004,2.169857978820801,0.5179073214530945,0.6343612334801763,0.6343612334801763,conditional_mlp_linear,20260923,0.5,3,1,000001.SZ,depth,unseen_q
20260515,1,0.8000404238700867,1.6000808477401733,0.07541083544492722,0.5708154506437768,0.5965665236051502,conditional_mlp_linear,20260923,0.5,3,1,000001.SZ,depth,unseen_q
20260518,0,1.0139963626861572,2.0279927253723145,0.39394116401672363,0.5454545454545454,0.5454545454545454,conditional_mlp_linear,20260923,0.5,3,1,000001.SZ,depth,unseen_q
20260518,1,0.7060444951057434,1.4120889902114868,-0.39424437284469604,0.48497854077253216,0.48497854077253216,conditional_mlp_linear,20260923,0.5,3,1,000001.SZ,depth,unseen_q
20260519,0,0.7545909285545349,1.5091818571090698,0.3754449486732483,0.5714285714285714,0.5714285714285714,conditional_mlp_linear,20260923,0.5,3,1,000001.SZ,depth,unseen_q
20260519,1,0.755193293094635,1.51038658618927,-0.24470406770706177,0.46551724137931033,0.46551724137931033,conditional_mlp_linear,20260923,0.5,3,1,000001.SZ,depth,unseen_q
20260520,0,0.6858766078948975,1.371753215789795,0.07271115481853485,0.5555555555555556,0.5555555555555556,conditional_mlp_linear,20260923,0.5,3,1,000001.SZ,depth,unseen_q
20260520,1,0.5187382102012634,1.0374764204025269,-0.1549152433872223,0.591304347826087,0.591304347826087,conditional_mlp_linear,20260923,0.5,3,1,000001.SZ,depth,unseen_q
20260521,0,0.8443655967712402,1.6887311935424805,0.7321925759315491,0.6724137931034483,0.6724137931034483,conditional_mlp_linear,20260923,0.5,3,1,000001.SZ,depth,unseen_q
20260521,1,0.7786852121353149,1.5573704242706299,0.002948122564703226,0.5965665236051502,0.6266094420600858,conditional_mlp_linear,20260923,0.5,3,1,000001.SZ,depth,unseen_q
20260522,0,0.8752913475036621,1.7505826950073242,0.8997933268547058,0.6060606060606061,0.6060606060606061,conditional_mlp_linear,20260923,0.5,3,1,000001.SZ,depth,unseen_q
20260522,1,0.7644639015197754,1.5289278030395508,-0.08242011070251465,0.575107296137339,0.575107296137339,conditional_mlp_linear,20260923,0.5,3,1,000001.SZ,depth,unseen_q
20260525,0,0.978960394859314,1.957920789718628,-0.26223236322402954,0.44782608695652176,0.44782608695652176,conditional_mlp_linear,20260923,0.5,3,1,000001.SZ,depth,unseen_q
20260525,1,0.742490828037262,1.484981656074524,-0.04109322279691696,0.4805194805194805,0.4805194805194805,conditional_mlp_linear,20260923,0.5,3,1,000001.SZ,depth,unseen_q
20260526,0,0.8734793663024902,1.7469587326049805,0.42292290925979614,0.5818965517241379,0.5818965517241379,conditional_mlp_linear,20260923,0.5,3,1,000001.SZ,depth,unseen_q
20260526,1,0.8805594444274902,1.7611188888549805,0.043173301964998245,0.47844827586206895,0.47844827586206895,conditional_mlp_linear,20260923,0.5,3,1,000001.SZ,depth,unseen_q
20260528,0,0.9343864321708679,1.8687728643417358,1.011369228363037,0.6753246753246753,0.6753246753246753,conditional_mlp_linear,20260923,0.5,3,1,000001.SZ,depth,unseen_q
20260528,1,0.7666690945625305,1.533338189125061,0.18489371240139008,0.6180257510729614,0.6180257510729614,conditional_mlp_linear,20260923,0.5,3,1,000001.SZ,depth,unseen_q
20260529,0,0.802057683467865,1.60411536693573,0.24613215029239655,0.5387931034482759,0.5387931034482759,conditional_mlp_linear,20260923,0.5,3,1,000001.SZ,depth,unseen_q
20260529,1,1.1205662488937378,2.2411324977874756,0.6979271173477173,0.6781115879828327,0.6781115879828327,conditional_mlp_linear,20260923,0.5,3,1,000001.SZ,depth,unseen_q
20260506,0,1.0965650081634521,2.1931300163269043,0.9894961714744568,0.7193877551020408,0.7193877551020408,conditional_mlp_linear,20260923,0.5,9,1,000001.SZ,depth,unseen_q
20260506,1,0.886275053024292,1.772550106048584,-0.22017022967338562,0.45689655172413796,0.46551724137931033,conditional_mlp_linear,20260923,0.5,9,1,000001.SZ,depth,unseen_q
20260507,0,1.1381654739379883,2.2763309478759766,-0.9713086485862732,0.33905579399141633,0.33905579399141633,conditional_mlp_linear,20260923,0.5,9,1,000001.SZ,depth,unseen_q
20260507,1,0.8818776607513428,1.7637553215026855,0.05538091063499451,0.5407725321888412,0.5407725321888412,conditional_mlp_linear,20260923,0.5,9,1,000001.SZ,depth,unseen_q
20260508,0,0.9980742931365967,1.9961485862731934,-0.13107313215732574,0.4911504424778761,0.4911504424778761,conditional_mlp_linear,20260923,0.5,9,1,000001.SZ,depth,unseen_q
20260508,1,1.0017805099487305,2.003561019897461,-1.1067124605178833,0.33480176211453744,0.33480176211453744,conditional_mlp_linear,20260923,0.5,9,1,000001.SZ,depth,unseen_q
20260511,0,1.0885792970657349,2.1771585941314697,-1.2005128860473633,0.26521739130434785,0.26521739130434785,conditional_mlp_linear,20260923,0.5,9,1,000001.SZ,depth,unseen_q
20260511,1,1.0600314140319824,2.120062828063965,-0.24404101073741913,0.4224137931034483,0.4224137931034483,conditional_mlp_linear,20260923,0.5,9,1,000001.SZ,depth,unseen_q
20260512,0,1.2430760860443115,2.486152172088623,-0.5661903619766235,0.4192139737991266,0.4192139737991266,conditional_mlp_linear,20260923,0.5,9,1,000001.SZ,depth,unseen_q
20260512,1,1.1379340887069702,2.2758681774139404,-0.6157597303390503,0.43043478260869567,0.43043478260869567,conditional_mlp_linear,20260923,0.5,9,1,000001.SZ,depth,unseen_q
20260513,0,0.8444868326187134,1.6889736652374268,0.11230690777301788,0.5646551724137931,0.5646551724137931,conditional_mlp_linear,20260923,0.5,9,1,000001.SZ,depth,unseen_q
20260513,1,0.7596436738967896,1.519287347793579,-0.26243162155151367,0.51931330472103,0.51931330472103,conditional_mlp_linear,20260923,0.5,9,1,000001.SZ,depth,unseen_q
20260514,0,1.189664363861084,2.379328727722168,-0.8324365615844727,0.3939393939393939,0.3939393939393939,conditional_mlp_linear,20260923,0.5,9,1,000001.SZ,depth,unseen_q
20260514,1,0.9126724600791931,1.8253449201583862,-0.7164849042892456,0.39826839826839827,0.39826839826839827,conditional_mlp_linear,20260923,0.5,9,1,000001.SZ,depth,unseen_q
20260515,0,1.1459861993789673,2.2919723987579346,0.47047480940818787,0.6343612334801763,0.6343612334801763,conditional_mlp_linear,20260923,0.5,9,1,000001.SZ,depth,unseen_q
20260515,1,0.8769738674163818,1.7539477348327637,0.07437271624803543,0.6223175965665236,0.6351931330472103,conditional_mlp_linear,20260923,0.5,9,1,000001.SZ,depth,unseen_q
20260518,0,1.0914435386657715,2.182887077331543,0.36437302827835083,0.5406698564593302,0.5406698564593302,conditional_mlp_linear,20260923,0.5,9,1,000001.SZ,depth,unseen_q
20260518,1,0.7861549854278564,1.572309970855713,-0.36725908517837524,0.4678111587982833,0.4678111587982833,conditional_mlp_linear,20260923,0.5,9,1,000001.SZ,depth,unseen_q
20260519,0,0.8502388596534729,1.7004777193069458,0.07440470904111862,0.5757575757575758,0.5757575757575758,conditional_mlp_linear,20260923,0.5,9,1,000001.SZ,depth,unseen_q
20260519,1,0.8559640645980835,1.711928129196167,-0.019730156287550926,0.5086206896551724,0.5086206896551724,conditional_mlp_linear,20260923,0.5,9,1,000001.SZ,depth,unseen_q
20260520,0,0.9407428503036499,1.8814857006072998,0.11270277947187424,0.5511111111111111,0.5511111111111111,conditional_mlp_linear,20260923,0.5,9,1,000001.SZ,depth,unseen_q
20260520,1,0.7934509515762329,1.5869019031524658,-0.25725796818733215,0.5869565217391305,0.5869565217391305,conditional_mlp_linear,20260923,0.5,9,1,000001.SZ,depth,unseen_q
20260521,0,1.0136215686798096,2.027243137359619,0.8341002464294434,0.6853448275862069,0.6853448275862069,conditional_mlp_linear,20260923,0.5,9,1,000001.SZ,depth,unseen_q
20260521,1,0.8863385915756226,1.7726771831512451,-0.09216601401567459,0.6266094420600858,0.6266094420600858,conditional_mlp_linear,20260923,0.5,9,1,000001.SZ,depth,unseen_q
20260522,0,1.0119938850402832,2.0239877700805664,0.8526477217674255,0.5844155844155844,0.5844155844155844,conditional_mlp_linear,20260923,0.5,9,1,000001.SZ,depth,unseen_q
20260522,1,0.9154254198074341,1.8308508396148682,-0.0049591525457799435,0.5965665236051502,0.5965665236051502,conditional_mlp_linear,20260923,0.5,9,1,000001.SZ,depth,unseen_q
20260525,0,1.0772637128829956,2.154527425765991,-0.29734379053115845,0.45652173913043476,0.45652173913043476,conditional_mlp_linear,20260923,0.5,9,1,000001.SZ,depth,unseen_q
20260525,1,0.8514301776885986,1.7028603553771973,-0.05649847537279129,0.5021645021645021,0.5021645021645021,conditional_mlp_linear,20260923,0.5,9,1,000001.SZ,depth,unseen_q
20260526,0,1.0370723009109497,2.0741446018218994,-0.011501656845211983,0.5129310344827587,0.5129310344827587,conditional_mlp_linear,20260923,0.5,9,1,000001.SZ,depth,unseen_q
20260526,1,0.9755092859268188,1.9510185718536377,0.19483904540538788,0.4870689655172414,0.4870689655172414,conditional_mlp_linear,20260923,0.5,9,1,000001.SZ,depth,unseen_q
20260528,0,1.1466941833496094,2.2933883666992188,0.8602237701416016,0.658008658008658,0.658008658008658,conditional_mlp_linear,20260923,0.5,9,1,000001.SZ,depth,unseen_q
20260528,1,0.7840508818626404,1.5681017637252808,0.28827694058418274,0.6523605150214592,0.6523605150214592,conditional_mlp_linear,20260923,0.5,9,1,000001.SZ,depth,unseen_q
20260529,0,0.9306292533874512,1.8612585067749023,0.10387856513261795,0.521551724137931,0.521551724137931,conditional_mlp_linear,20260923,0.5,9,1,000001.SZ,depth,unseen_q
20260529,1,1.241448998451233,2.482897996902466,0.7855114340782166,0.6609442060085837,0.6609442060085837,conditional_mlp_linear,20260923,0.5,9,1,000001.SZ,depth,unseen_q
20260506,0,1.2914886474609375,2.582977294921875,1.2096554040908813,0.7448979591836735,0.7448979591836735,conditional_mlp_linear,20260923,0.5,30,1,000001.SZ,depth,unseen_q
20260506,1,1.0562982559204102,2.1125965118408203,-0.4748857319355011,0.47844827586206895,0.4827586206896552,conditional_mlp_linear,20260923,0.5,30,1,000001.SZ,depth,unseen_q
20260507,0,1.323895812034607,2.647791624069214,-0.9463548064231873,0.36909871244635195,0.36909871244635195,conditional_mlp_linear,20260923,0.5,30,1,000001.SZ,depth,unseen_q
20260507,1,1.1572495698928833,2.3144991397857666,-0.22947639226913452,0.5622317596566524,0.5622317596566524,conditional_mlp_linear,20260923,0.5,30,1,000001.SZ,depth,unseen_q
20260508,0,1.2153972387313843,2.4307944774627686,-0.2670915424823761,0.4778761061946903,0.4778761061946903,conditional_mlp_linear,20260923,0.5,30,1,000001.SZ,depth,unseen_q
20260508,1,1.2542706727981567,2.5085413455963135,-1.0092754364013672,0.40969162995594716,0.40969162995594716,conditional_mlp_linear,20260923,0.5,30,1,000001.SZ,depth,unseen_q
20260511,0,1.4451099634170532,2.8902199268341064,-0.7141677737236023,0.40869565217391307,0.40869565217391307,conditional_mlp_linear,20260923,0.5,30,1,000001.SZ,depth,unseen_q
20260511,1,1.4600661993026733,2.9201323986053467,-0.6068822145462036,0.43103448275862066,0.43103448275862066,conditional_mlp_linear,20260923,0.5,30,1,000001.SZ,depth,unseen_q
20260512,0,1.3835949897766113,2.7671899795532227,-0.5537073016166687,0.47161572052401746,0.47161572052401746,conditional_mlp_linear,20260923,0.5,30,1,000001.SZ,depth,unseen_q
20260512,1,1.2621076107025146,2.5242152214050293,-0.4054427742958069,0.45652173913043476,0.45652173913043476,conditional_mlp_linear,20260923,0.5,30,1,000001.SZ,depth,unseen_q
20260513,0,1.1041871309280396,2.208374261856079,-0.0966462641954422,0.4956896551724138,0.4956896551724138,conditional_mlp_linear,20260923,0.5,30,1,000001.SZ,depth,unseen_q
20260513,1,1.0013070106506348,2.0026140213012695,-0.2052668035030365,0.5536480686695279,0.5536480686695279,conditional_mlp_linear,20260923,0.5,30,1,000001.SZ,depth,unseen_q
20260514,0,1.519411563873291,3.038823127746582,-0.5855327844619751,0.43722943722943725,0.43722943722943725,conditional_mlp_linear,20260923,0.5,30,1,000001.SZ,depth,unseen_q
20260514,1,1.2906123399734497,2.5812246799468994,-0.7722053527832031,0.4588744588744589,0.4588744588744589,conditional_mlp_linear,20260923,0.5,30,1,000001.SZ,depth,unseen_q
20260515,0,1.363458275794983,2.726916551589966,0.34391412138938904,0.6035242290748899,0.6035242290748899,conditional_mlp_linear,20260923,0.5,30,1,000001.SZ,depth,unseen_q
20260515,1,1.0094034671783447,2.0188069343566895,0.21142815053462982,0.6566523605150214,0.6609442060085837,conditional_mlp_linear,20260923,0.5,30,1,000001.SZ,depth,unseen_q
20260518,0,1.3759907484054565,2.751981496810913,0.309457004070282,0.5358851674641149,0.5358851674641149,conditional_mlp_linear,20260923,0.5,30,1,000001.SZ,depth,unseen_q
20260518,1,0.9979632496833801,1.9959264993667603,-0.2083069086074829,0.5064377682403434,0.5064377682403434,conditional_mlp_linear,20260923,0.5,30,1,000001.SZ,depth,unseen_q
20260519,0,1.061203956604004,2.122407913208008,0.3516392707824707,0.5627705627705628,0.5627705627705628,conditional_mlp_linear,20260923,0.5,30,1,000001.SZ,depth,unseen_q
20260519,1,1.0458072423934937,2.0916144847869873,-0.38588637113571167,0.4698275862068966,0.4698275862068966,conditional_mlp_linear,20260923,0.5,30,1,000001.SZ,depth,unseen_q
20260520,0,1.1095678806304932,2.2191357612609863,0.24740515649318695,0.5733333333333334,0.5733333333333334,conditional_mlp_linear,20260923,0.5,30,1,000001.SZ,depth,unseen_q
20260520,1,1.0446009635925293,2.0892019271850586,-0.23629678785800934,0.5782608695652174,0.5782608695652174,conditional_mlp_linear,20260923,0.5,30,1,000001.SZ,depth,unseen_q
20260521,0,1.334801197052002,2.669602394104004,0.9432468414306641,0.646551724137931,0.646551724137931,conditional_mlp_linear,20260923,0.5,30,1,000001.SZ,depth,unseen_q
20260521,1,1.1440989971160889,2.2881979942321777,-0.04239688068628311,0.6094420600858369,0.6094420600858369,conditional_mlp_linear,20260923,0.5,30,1,000001.SZ,depth,unseen_q
20260522,0,1.305160403251648,2.610320806503296,0.9495842456817627,0.6233766233766234,0.6233766233766234,conditional_mlp_linear,20260923,0.5,30,1,000001.SZ,depth,unseen_q
20260522,1,1.2185484170913696,2.4370968341827393,-0.01721230149269104,0.575107296137339,0.575107296137339,conditional_mlp_linear,20260923,0.5,30,1,000001.SZ,depth,unseen_q
20260525,0,1.3099642992019653,2.6199285984039307,-0.45345669984817505,0.4608695652173913,0.4608695652173913,conditional_mlp_linear,20260923,0.5,30,1,000001.SZ,depth,unseen_q
20260525,1,1.0309147834777832,2.0618295669555664,0.3154142200946808,0.5757575757575758,0.5757575757575758,conditional_mlp_linear,20260923,0.5,30,1,000001.SZ,depth,unseen_q
20260526,0,1.3679672479629517,2.7359344959259033,0.18257969617843628,0.5474137931034483,0.5474137931034483,conditional_mlp_linear,20260923,0.5,30,1,000001.SZ,depth,unseen_q
20260526,1,1.2265279293060303,2.4530558586120605,0.18815697729587555,0.5344827586206896,0.5344827586206896,conditional_mlp_linear,20260923,0.5,30,1,000001.SZ,depth,unseen_q
20260528,0,1.2728865146636963,2.5457730293273926,0.9964543581008911,0.670995670995671,0.670995670995671,conditional_mlp_linear,20260923,0.5,30,1,000001.SZ,depth,unseen_q
20260528,1,1.0171918869018555,2.034383773803711,0.1978951096534729,0.6437768240343348,0.6437768240343348,conditional_mlp_linear,20260923,0.5,30,1,000001.SZ,depth,unseen_q
20260529,0,1.2832657098770142,2.5665314197540283,0.4359391927719116,0.5948275862068966,0.5948275862068966,conditional_mlp_linear,20260923,0.5,30,1,000001.SZ,depth,unseen_q
20260529,1,1.7389765977859497,3.4779531955718994,0.5844910144805908,0.5965665236051502,0.5965665236051502,conditional_mlp_linear,20260923,0.5,30,1,000001.SZ,depth,unseen_q
20260506,0,0.5004184246063232,2.862069606781006,2.326540946960449,0.8622448979591837,0.8622448979591837,conditional_mlp_linear,20260923,0.8999999761581421,3,1,000001.SZ,depth,unseen_q
20260506,1,0.5223201513290405,1.787514090538025,0.9285922646522522,0.6551724137931034,0.6551724137931034,conditional_mlp_linear,20260923,0.8999999761581421,3,1,000001.SZ,depth,unseen_q
20260507,0,0.5641710758209229,1.874865174293518,0.9331539869308472,0.6437768240343348,0.6437768240343348,conditional_mlp_linear,20260923,0.8999999761581421,3,1,000001.SZ,depth,unseen_q
20260507,1,0.4388786554336548,1.8849399089813232,1.2589783668518066,0.8240343347639485,0.8240343347639485,conditional_mlp_linear,20260923,0.8999999761581421,3,1,000001.SZ,depth,unseen_q
20260508,0,0.6069676876068115,2.0000739097595215,0.9826732873916626,0.7079646017699115,0.7079646017699115,conditional_mlp_linear,20260923,0.8999999761581421,3,1,000001.SZ,depth,unseen_q
20260508,1,0.6895633935928345,1.5313222408294678,0.1902443766593933,0.5462555066079295,0.5462555066079295,conditional_mlp_linear,20260923,0.8999999761581421,3,1,000001.SZ,depth,unseen_q
20260511,0,0.6287959218025208,2.1669559478759766,1.1367050409317017,0.7130434782608696,0.7130434782608696,conditional_mlp_linear,20260923,0.8999999761581421,3,1,000001.SZ,depth,unseen_q
20260511,1,0.45234882831573486,2.1997480392456055,1.6188130378723145,0.7801724137931034,0.7801724137931034,conditional_mlp_linear,20260923,0.8999999761581421,3,1,000001.SZ,depth,unseen_q
20260512,0,0.5923585891723633,2.1031908988952637,1.1480923891067505,0.7379912663755459,0.7379912663755459,conditional_mlp_linear,20260923,0.8999999761581421,3,1,000001.SZ,depth,unseen_q
20260512,1,0.5722549557685852,1.7954456806182861,0.8136699795722961,0.5956521739130435,0.5956521739130435,conditional_mlp_linear,20260923,0.8999999761581421,3,1,000001.SZ,depth,unseen_q
20260513,0,0.309823602437973,1.8629554510116577,1.5541354417800903,0.8275862068965517,0.8275862068965517,conditional_mlp_linear,20260923,0.8999999761581421,3,1,000001.SZ,depth,unseen_q
20260513,1,0.5272483229637146,1.4025888442993164,0.43511533737182617,0.6437768240343348,0.6437768240343348,conditional_mlp_linear,20260923,0.8999999761581421,3,1,000001.SZ,depth,unseen_q
20260514,0,0.6305931210517883,1.9287574291229248,0.8344640731811523,0.6103896103896104,0.6103896103896104,conditional_mlp_linear,20260923,0.8999999761581421,3,1,000001.SZ,depth,unseen_q
20260514,1,0.47214239835739136,1.685401439666748,0.9263958930969238,0.7878787878787878,0.7878787878787878,conditional_mlp_linear,20260923,0.8999999761581421,3,1,000001.SZ,depth,unseen_q
20260515,0,0.5147371292114258,2.753502130508423,2.1550350189208984,0.8458149779735683,0.8458149779735683,conditional_mlp_linear,20260923,0.8999999761581421,3,1,000001.SZ,depth,unseen_q
20260515,1,0.5201891660690308,1.9861613512039185,1.182228922843933,0.7854077253218884,0.7939914163090128,conditional_mlp_linear,20260923,0.8999999761581421,3,1,000001.SZ,depth,unseen_q
20260518,0,0.41715648770332336,2.7000179290771484,2.3321316242218018,0.7894736842105263,0.7894736842105263,conditional_mlp_linear,20260923,0.8999999761581421,3,1,000001.SZ,depth,unseen_q
20260518,1,0.4372768998146057,1.7723703384399414,1.1222705841064453,0.7553648068669528,0.7553648068669528,conditional_mlp_linear,20260923,0.8999999761581421,3,1,000001.SZ,depth,unseen_q
20260519,0,0.3636751174926758,2.747203826904297,2.5248172283172607,0.9264069264069265,0.9264069264069265,conditional_mlp_linear,20260923,0.8999999761581421,3,1,000001.SZ,depth,unseen_q
20260519,1,0.45329558849334717,2.024887800216675,1.3978707790374756,0.8017241379310345,0.8017241379310345,conditional_mlp_linear,20260923,0.8999999761581421,3,1,000001.SZ,depth,unseen_q
20260520,0,0.35934463143348694,2.2187585830688477,1.8750869035720825,0.88,0.88,conditional_mlp_linear,20260923,0.8999999761581421,3,1,000001.SZ,depth,unseen_q
20260520,1,0.33579131960868835,1.6300548315048218,1.1980903148651123,0.808695652173913,0.808695652173913,conditional_mlp_linear,20260923,0.8999999761581421,3,1,000001.SZ,depth,unseen_q
20260521,0,0.3763383626937866,2.3022048473358154,1.9369102716445923,0.875,0.875,conditional_mlp_linear,20260923,0.8999999761581421,3,1,000001.SZ,depth,unseen_q
20260521,1,0.5922315120697021,1.99214506149292,1.0096025466918945,0.7339055793991416,0.7339055793991416,conditional_mlp_linear,20260923,0.8999999761581421,3,1,000001.SZ,depth,unseen_q
20260522,0,0.4049103260040283,3.001391649246216,2.7394635677337646,0.8701298701298701,0.8701298701298701,conditional_mlp_linear,20260923,0.8999999761581421,3,1,000001.SZ,depth,unseen_q
20260522,1,0.398688942193985,1.9390182495117188,1.4270505905151367,0.8583690987124464,0.8583690987124464,conditional_mlp_linear,20260923,0.8999999761581421,3,1,000001.SZ,depth,unseen_q
20260525,0,0.5035412311553955,2.212364912033081,1.5066032409667969,0.7304347826086957,0.7304347826086957,conditional_mlp_linear,20260923,0.8999999761581421,3,1,000001.SZ,depth,unseen_q
20260525,1,0.38743048906326294,2.1620161533355713,1.7339441776275635,0.8354978354978355,0.8354978354978355,conditional_mlp_linear,20260923,0.8999999761581421,3,1,000001.SZ,depth,unseen_q
20260526,0,0.42236998677253723,2.6086103916168213,2.204838275909424,0.875,0.875,conditional_mlp_linear,20260923,0.8999999761581421,3,1,000001.SZ,depth,unseen_q
20260526,1,0.43205899000167847,2.1707499027252197,1.6332900524139404,0.771551724137931,0.771551724137931,conditional_mlp_linear,20260923,0.8999999761581421,3,1,000001.SZ,depth,unseen_q
20260528,0,0.36554861068725586,2.8213908672332764,2.6128671169281006,0.9307359307359307,0.9307359307359307,conditional_mlp_linear,20260923,0.8999999761581421,3,1,000001.SZ,depth,unseen_q
20260528,1,0.42823830246925354,1.977608323097229,1.4014147520065308,0.8454935622317596,0.8454935622317596,conditional_mlp_linear,20260923,0.8999999761581421,3,1,000001.SZ,depth,unseen_q
20260529,0,0.40841591358184814,2.0836751461029053,1.5835541486740112,0.7456896551724138,0.7456896551724138,conditional_mlp_linear,20260923,0.8999999761581421,3,1,000001.SZ,depth,unseen_q
20260529,1,0.5148400068283081,3.1955482959747314,2.7073354721069336,0.8755364806866953,0.8755364806866953,conditional_mlp_linear,20260923,0.8999999761581421,3,1,000001.SZ,depth,unseen_q
20260506,0,0.586611270904541,3.1860830783843994,2.516075849533081,0.8520408163265306,0.8520408163265306,conditional_mlp_linear,20260923,0.8999999761581421,9,1,000001.SZ,depth,unseen_q
20260506,1,0.5242756009101868,1.9768106937408447,1.1603244543075562,0.6810344827586207,0.6810344827586207,conditional_mlp_linear,20260923,0.8999999761581421,9,1,000001.SZ,depth,unseen_q
20260507,0,0.755251407623291,2.249370574951172,0.9235846996307373,0.6394849785407726,0.6394849785407726,conditional_mlp_linear,20260923,0.8999999761581421,9,1,000001.SZ,depth,unseen_q
20260507,1,0.4887862205505371,2.255793809890747,1.5977767705917358,0.8412017167381974,0.8412017167381974,conditional_mlp_linear,20260923,0.8999999761581421,9,1,000001.SZ,depth,unseen_q
20260508,0,0.6958799362182617,2.349458932876587,1.1971238851547241,0.7079646017699115,0.7079646017699115,conditional_mlp_linear,20260923,0.8999999761581421,9,1,000001.SZ,depth,unseen_q
20260508,1,0.8857974410057068,1.819190502166748,0.05949445068836212,0.5550660792951542,0.5550660792951542,conditional_mlp_linear,20260923,0.8999999761581421,9,1,000001.SZ,depth,unseen_q
20260511,0,0.7230672836303711,2.2893338203430176,1.0539989471435547,0.691304347826087,0.691304347826087,conditional_mlp_linear,20260923,0.8999999761581421,9,1,000001.SZ,depth,unseen_q
20260511,1,0.5727710127830505,2.6477744579315186,1.8777906894683838,0.7672413793103449,0.7672413793103449,conditional_mlp_linear,20260923,0.8999999761581421,9,1,000001.SZ,depth,unseen_q
20260512,0,0.7406066060066223,2.4457125663757324,1.2056243419647217,0.7248908296943232,0.7248908296943232,conditional_mlp_linear,20260923,0.8999999761581421,9,1,000001.SZ,depth,unseen_q
20260512,1,0.6943084001541138,2.1287693977355957,0.9251906871795654,0.6434782608695652,0.6434782608695652,conditional_mlp_linear,20260923,0.8999999761581421,9,1,000001.SZ,depth,unseen_q
20260513,0,0.4550211727619171,2.1671135425567627,1.5713391304016113,0.7758620689655172,0.7758620689655172,conditional_mlp_linear,20260923,0.8999999761581421,9,1,000001.SZ,depth,unseen_q
20260513,1,0.5554586052894592,1.648624300956726,0.6721338629722595,0.6609442060085837,0.6609442060085837,conditional_mlp_linear,20260923,0.8999999761581421,9,1,000001.SZ,depth,unseen_q
20260514,0,0.6572304964065552,2.122952461242676,1.0106143951416016,0.6406926406926406,0.6406926406926406,conditional_mlp_linear,20260923,0.8999999761581421,9,1,000001.SZ,depth,unseen_q
20260514,1,0.5934327840805054,2.0006628036499023,1.0172466039657593,0.7835497835497836,0.7835497835497836,conditional_mlp_linear,20260923,0.8999999761581421,9,1,000001.SZ,depth,unseen_q
20260515,0,0.5433464646339417,2.889887571334839,2.253993272781372,0.8370044052863436,0.8370044052863436,conditional_mlp_linear,20260923,0.8999999761581421,9,1,000001.SZ,depth,unseen_q
20260515,1,0.57846999168396,2.1906445026397705,1.292130947113037,0.7811158798283262,0.7854077253218884,conditional_mlp_linear,20260923,0.8999999761581421,9,1,000001.SZ,depth,unseen_q
20260518,0,0.4772605001926422,2.9359798431396484,2.4768238067626953,0.8133971291866029,0.8133971291866029,conditional_mlp_linear,20260923,0.8999999761581421,9,1,000001.SZ,depth,unseen_q
20260518,1,0.5061285495758057,2.0565345287323,1.3053468465805054,0.7811158798283262,0.7811158798283262,conditional_mlp_linear,20260923,0.8999999761581421,9,1,000001.SZ,depth,unseen_q
20260519,0,0.4851725399494171,2.8784730434417725,2.385160207748413,0.8961038961038961,0.8961038961038961,conditional_mlp_linear,20260923,0.8999999761581421,9,1,000001.SZ,depth,unseen_q
20260519,1,0.5015852451324463,2.4191946983337402,1.7700304985046387,0.8275862068965517,0.8275862068965517,conditional_mlp_linear,20260923,0.8999999761581421,9,1,000001.SZ,depth,unseen_q
20260520,0,0.5227141976356506,2.6975858211517334,2.065196990966797,0.8488888888888889,0.8488888888888889,conditional_mlp_linear,20260923,0.8999999761581421,9,1,000001.SZ,depth,unseen_q
20260520,1,0.5347892045974731,2.0418553352355957,1.215346097946167,0.7956521739130434,0.7956521739130434,conditional_mlp_linear,20260923,0.8999999761581421,9,1,000001.SZ,depth,unseen_q
20260521,0,0.47403576970100403,2.6810600757598877,2.1662354469299316,0.8620689655172413,0.8620689655172413,conditional_mlp_linear,20260923,0.8999999761581421,9,1,000001.SZ,depth,unseen_q
20260521,1,0.6822962164878845,2.1856939792633057,1.0263770818710327,0.7253218884120172,0.7253218884120172,conditional_mlp_linear,20260923,0.8999999761581421,9,1,000001.SZ,depth,unseen_q
20260522,0,0.48385295271873474,3.2369112968444824,2.8365068435668945,0.8311688311688312,0.8311688311688312,conditional_mlp_linear,20260923,0.8999999761581421,9,1,000001.SZ,depth,unseen_q
20260522,1,0.4756234288215637,2.2676496505737305,1.6455035209655762,0.8583690987124464,0.8583690987124464,conditional_mlp_linear,20260923,0.8999999761581421,9,1,000001.SZ,depth,unseen_q
20260525,0,0.56913161277771,2.4352316856384277,1.6212103366851807,0.7260869565217392,0.7260869565217392,conditional_mlp_linear,20260923,0.8999999761581421,9,1,000001.SZ,depth,unseen_q
20260525,1,0.45420747995376587,2.402815818786621,1.8680013418197632,0.8614718614718615,0.8614718614718615,conditional_mlp_linear,20260923,0.8999999761581421,9,1,000001.SZ,depth,unseen_q
20260526,0,0.5717799067497253,2.685880661010742,1.927901268005371,0.7887931034482759,0.7887931034482759,conditional_mlp_linear,20260923,0.8999999761581421,9,1,000001.SZ,depth,unseen_q
20260526,1,0.46843278408050537,2.4812352657318115,1.93046236038208,0.8017241379310345,0.8017241379310345,conditional_mlp_linear,20260923,0.8999999761581421,9,1,000001.SZ,depth,unseen_q
20260528,0,0.5157341957092285,3.126343250274658,2.618593692779541,0.8787878787878788,0.8787878787878788,conditional_mlp_linear,20260923,0.8999999761581421,9,1,000001.SZ,depth,unseen_q
20260528,1,0.4032881259918213,2.1138226985931396,1.6340581178665161,0.8454935622317596,0.8454935622317596,conditional_mlp_linear,20260923,0.8999999761581421,9,1,000001.SZ,depth,unseen_q
20260529,0,0.5195672512054443,2.3006434440612793,1.5768862962722778,0.7543103448275862,0.7543103448275862,conditional_mlp_linear,20260923,0.8999999761581421,9,1,000001.SZ,depth,unseen_q
20260529,1,0.6112357378005981,3.5808017253875732,2.9479126930236816,0.8798283261802575,0.8798283261802575,conditional_mlp_linear,20260923,0.8999999761581421,9,1,000001.SZ,depth,unseen_q
20260506,0,0.6836418509483337,3.887310028076172,3.1500332355499268,0.8826530612244898,0.8826530612244898,conditional_mlp_linear,20260923,0.8999999761581421,30,1,000001.SZ,depth,unseen_q
20260506,1,0.6986039280891418,2.4189295768737793,1.2771520614624023,0.7025862068965517,0.7025862068965517,conditional_mlp_linear,20260923,0.8999999761581421,30,1,000001.SZ,depth,unseen_q
20260507,0,0.8240184187889099,2.727545976638794,1.3493863344192505,0.6866952789699571,0.6866952789699571,conditional_mlp_linear,20260923,0.8999999761581421,30,1,000001.SZ,depth,unseen_q
20260507,1,0.7901085019111633,2.9090189933776855,1.6610028743743896,0.7982832618025751,0.7982832618025751,conditional_mlp_linear,20260923,0.8999999761581421,30,1,000001.SZ,depth,unseen_q
20260508,0,0.8492588400840759,2.8578083515167236,1.449113368988037,0.7168141592920354,0.7168141592920354,conditional_mlp_linear,20260923,0.8999999761581421,30,1,000001.SZ,depth,unseen_q
20260508,1,1.074548602104187,2.5379486083984375,0.48606422543525696,0.5991189427312775,0.5991189427312775,conditional_mlp_linear,20260923,0.8999999761581421,30,1,000001.SZ,depth,unseen_q
20260511,0,0.89509117603302,3.3527708053588867,1.9532357454299927,0.717391304347826,0.717391304347826,conditional_mlp_linear,20260923,0.8999999761581421,30,1,000001.SZ,depth,unseen_q
20260511,1,0.8866066932678223,3.322153091430664,1.9361746311187744,0.7155172413793104,0.7155172413793104,conditional_mlp_linear,20260923,0.8999999761581421,30,1,000001.SZ,depth,unseen_q
20260512,0,0.8541938066482544,3.0360512733459473,1.6595795154571533,0.7554585152838428,0.7554585152838428,conditional_mlp_linear,20260923,0.8999999761581421,30,1,000001.SZ,depth,unseen_q
20260512,1,0.6662554144859314,2.551886558532715,1.5242198705673218,0.6826086956521739,0.6826086956521739,conditional_mlp_linear,20260923,0.8999999761581421,30,1,000001.SZ,depth,unseen_q
20260513,0,0.6333724856376648,2.70302677154541,1.795352578163147,0.7758620689655172,0.7758620689655172,conditional_mlp_linear,20260923,0.8999999761581421,30,1,000001.SZ,depth,unseen_q
20260513,1,0.6724407076835632,2.195084810256958,1.0627543926239014,0.7081545064377682,0.7081545064377682,conditional_mlp_linear,20260923,0.8999999761581421,30,1,000001.SZ,depth,unseen_q
20260514,0,0.9678567051887512,3.2638816833496094,1.6602102518081665,0.7229437229437229,0.7229437229437229,conditional_mlp_linear,20260923,0.8999999761581421,30,1,000001.SZ,depth,unseen_q
20260514,1,0.8801926374435425,2.857072353363037,1.3708586692810059,0.7445887445887446,0.7445887445887446,conditional_mlp_linear,20260923,0.8999999761581421,30,1,000001.SZ,depth,unseen_q
20260515,0,0.7397498488426208,3.5174083709716797,2.5473861694335938,0.788546255506608,0.788546255506608,conditional_mlp_linear,20260923,0.8999999761581421,30,1,000001.SZ,depth,unseen_q
20260515,1,0.6692598462104797,2.7550346851348877,1.770643949508667,0.7682403433476395,0.7682403433476395,conditional_mlp_linear,20260923,0.8999999761581421,30,1,000001.SZ,depth,unseen_q
20260518,0,0.6887951493263245,3.6976120471954346,2.90002703666687,0.8277511961722488,0.8277511961722488,conditional_mlp_linear,20260923,0.8999999761581421,30,1,000001.SZ,depth,unseen_q
20260518,1,0.6400056481361389,2.8207859992980957,1.9259684085845947,0.8068669527896996,0.8068669527896996,conditional_mlp_linear,20260923,0.8999999761581421,30,1,000001.SZ,depth,unseen_q
20260519,0,0.5989060997962952,3.6786110401153564,3.100998878479004,0.8961038961038961,0.8961038961038961,conditional_mlp_linear,20260923,0.8999999761581421,30,1,000001.SZ,depth,unseen_q
20260519,1,0.635574996471405,2.7358927726745605,1.8309284448623657,0.7672413793103449,0.7672413793103449,conditional_mlp_linear,20260923,0.8999999761581421,30,1,000001.SZ,depth,unseen_q
20260520,0,0.6034772992134094,3.3096470832824707,2.6283655166625977,0.8577777777777778,0.8577777777777778,conditional_mlp_linear,20260923,0.8999999761581421,30,1,000001.SZ,depth,unseen_q
20260520,1,0.6702048182487488,2.619307041168213,1.5986219644546509,0.7869565217391304,0.7869565217391304,conditional_mlp_linear,20260923,0.8999999761581421,30,1,000001.SZ,depth,unseen_q
20260521,0,0.7071524858474731,3.5489883422851562,2.6683545112609863,0.8362068965517241,0.8362068965517241,conditional_mlp_linear,20260923,0.8999999761581421,30,1,000001.SZ,depth,unseen_q
20260521,1,0.771003246307373,2.6862967014312744,1.4303627014160156,0.7339055793991416,0.7339055793991416,conditional_mlp_linear,20260923,0.8999999761581421,30,1,000001.SZ,depth,unseen_q
20260522,0,0.6824476718902588,4.0370893478393555,3.340242624282837,0.8528138528138528,0.8528138528138528,conditional_mlp_linear,20260923,0.8999999761581421,30,1,000001.SZ,depth,unseen_q
20260522,1,0.666793704032898,2.9738099575042725,2.0502781867980957,0.8326180257510729,0.8326180257510729,conditional_mlp_linear,20260923,0.8999999761581421,30,1,000001.SZ,depth,unseen_q
20260525,0,0.7530138492584229,3.0251426696777344,1.8988938331604004,0.7434782608695653,0.7434782608695653,conditional_mlp_linear,20260923,0.8999999761581421,30,1,000001.SZ,depth,unseen_q
20260525,1,0.5076362490653992,3.149869680404663,2.6682467460632324,0.9004329004329005,0.9004329004329005,conditional_mlp_linear,20260923,0.8999999761581421,30,1,000001.SZ,depth,unseen_q
20260526,0,0.7586987614631653,3.575777769088745,2.5729751586914062,0.7844827586206896,0.7844827586206896,conditional_mlp_linear,20260923,0.8999999761581421,30,1,000001.SZ,depth,unseen_q
20260526,1,0.7204034924507141,3.31815242767334,2.346681833267212,0.8146551724137931,0.8146551724137931,conditional_mlp_linear,20260923,0.8999999761581421,30,1,000001.SZ,depth,unseen_q
20260528,0,0.5979475378990173,3.770141839981079,3.217808485031128,0.8658008658008658,0.8658008658008658,conditional_mlp_linear,20260923,0.8999999761581421,30,1,000001.SZ,depth,unseen_q
20260528,1,0.6032123565673828,2.763751983642578,1.9466592073440552,0.8283261802575107,0.8283261802575107,conditional_mlp_linear,20260923,0.8999999761581421,30,1,000001.SZ,depth,unseen_q
20260529,0,0.7336330413818359,3.3237998485565186,2.3206675052642822,0.7801724137931034,0.7801724137931034,conditional_mlp_linear,20260923,0.8999999761581421,30,1,000001.SZ,depth,unseen_q
20260529,1,0.9105626940727234,4.356516361236572,3.1692392826080322,0.8111587982832618,0.8111587982832618,conditional_mlp_linear,20260923,0.8999999761581421,30,1,000001.SZ,depth,unseen_q
20260506,0,0.23898518085479736,0.4779703617095947,0.014458472840487957,0.413265306122449,0.4744897959183674,conditional_mlp_residual_linear,20260923,0.5,3,1,000001.SZ,depth,unseen_q
20260506,1,0.31534311175346375,0.6306862235069275,-0.14242665469646454,0.38362068965517243,0.41810344827586204,conditional_mlp_residual_linear,20260923,0.5,3,1,000001.SZ,depth,unseen_q
20260507,0,0.36108848452568054,0.7221769690513611,0.011651820503175259,0.33047210300429186,0.33047210300429186,conditional_mlp_residual_linear,20260923,0.5,3,1,000001.SZ,depth,unseen_q
20260507,1,0.3204226493835449,0.6408452987670898,-0.045130617916584015,0.5321888412017167,0.5364806866952789,conditional_mlp_residual_linear,20260923,0.5,3,1,000001.SZ,depth,unseen_q
20260508,0,0.3608638048171997,0.7217276096343994,-0.05095493420958519,0.3672566371681416,0.39823008849557523,conditional_mlp_residual_linear,20260923,0.5,3,1,000001.SZ,depth,unseen_q
20260508,1,0.29727673530578613,0.5945534706115723,-0.07883131504058838,0.5418502202643172,0.5506607929515418,conditional_mlp_residual_linear,20260923,0.5,3,1,000001.SZ,depth,unseen_q
20260511,0,0.36744606494903564,0.7348921298980713,-0.19242285192012787,0.4434782608695652,0.4434782608695652,conditional_mlp_residual_linear,20260923,0.5,3,1,000001.SZ,depth,unseen_q
20260511,1,0.28778237104415894,0.5755647420883179,0.04130789265036583,0.3879310344827586,0.39655172413793105,conditional_mlp_residual_linear,20260923,0.5,3,1,000001.SZ,depth,unseen_q
20260512,0,0.4146089553833008,0.8292179107666016,-0.1360161304473877,0.3056768558951965,0.32751091703056767,conditional_mlp_residual_linear,20260923,0.5,3,1,000001.SZ,depth,unseen_q
20260512,1,0.297453910112381,0.594907820224762,-0.03422640636563301,0.5304347826086957,0.5521739130434783,conditional_mlp_residual_linear,20260923,0.5,3,1,000001.SZ,depth,unseen_q
20260513,0,0.28015896677970886,0.5603179335594177,0.00804847851395607,0.43103448275862066,0.4396551724137931,conditional_mlp_residual_linear,20260923,0.5,3,1,000001.SZ,depth,unseen_q
20260513,1,0.1714152991771698,0.3428305983543396,-0.023214522749185562,0.6652360515021459,0.6952789699570815,conditional_mlp_residual_linear,20260923,0.5,3,1,000001.SZ,depth,unseen_q
20260514,0,0.3146962821483612,0.6293925642967224,0.0529320165514946,0.44155844155844154,0.44155844155844154,conditional_mlp_residual_linear,20260923,0.5,3,1,000001.SZ,depth,unseen_q
20260514,1,0.3015584945678711,0.6031169891357422,-0.19611963629722595,0.38095238095238093,0.43722943722943725,conditional_mlp_residual_linear,20260923,0.5,3,1,000001.SZ,depth,unseen_q
20260515,0,0.5596154928207397,1.1192309856414795,-0.24733956158161163,0.33480176211453744,0.3524229074889868,conditional_mlp_residual_linear,20260923,0.5,3,1,000001.SZ,depth,unseen_q
20260515,1,0.39545759558677673,0.7909151911735535,0.10414014756679535,0.6866952789699571,0.7296137339055794,conditional_mlp_residual_linear,20260923,0.5,3,1,000001.SZ,depth,unseen_q
20260518,0,0.3070356845855713,0.6140713691711426,-0.1405465006828308,0.2535885167464115,0.2535885167464115,conditional_mlp_residual_linear,20260923,0.5,3,1,000001.SZ,depth,unseen_q
20260518,1,0.31245437264442444,0.6249087452888489,-0.12795743346214294,0.5064377682403434,0.5665236051502146,conditional_mlp_residual_linear,20260923,0.5,3,1,000001.SZ,depth,unseen_q
20260519,0,0.43161460757255554,0.8632292151451111,0.04850546270608902,0.35064935064935066,0.35064935064935066,conditional_mlp_residual_linear,20260923,0.5,3,1,000001.SZ,depth,unseen_q
20260519,1,0.374040812253952,0.748081624507904,-0.11387123167514801,0.35344827586206895,0.46551724137931033,conditional_mlp_residual_linear,20260923,0.5,3,1,000001.SZ,depth,unseen_q
20260520,0,0.30412983894348145,0.6082596778869629,-0.15167266130447388,0.25333333333333335,0.2577777777777778,conditional_mlp_residual_linear,20260923,0.5,3,1,000001.SZ,depth,unseen_q
20260520,1,0.16961540281772614,0.33923080563545227,0.0461486279964447,0.6782608695652174,0.691304347826087,conditional_mlp_residual_linear,20260923,0.5,3,1,000001.SZ,depth,unseen_q
20260521,0,0.3398814797401428,0.6797629594802856,-0.0034023902844637632,0.49137931034482757,0.5129310344827587,conditional_mlp_residual_linear,20260923,0.5,3,1,000001.SZ,depth,unseen_q
20260521,1,0.3051481544971466,0.6102963089942932,-0.13356487452983856,0.3776824034334764,0.6266094420600858,conditional_mlp_residual_linear,20260923,0.5,3,1,000001.SZ,depth,unseen_q
20260522,0,0.38051027059555054,0.7610205411911011,0.23546454310417175,0.5324675324675324,0.5367965367965368,conditional_mlp_residual_linear,20260923,0.5,3,1,000001.SZ,depth,unseen_q
20260522,1,0.31407278776168823,0.6281455755233765,-0.3300349712371826,0.22317596566523606,0.45064377682403434,conditional_mlp_residual_linear,20260923,0.5,3,1,000001.SZ,depth,unseen_q
20260525,0,0.30699196457862854,0.6139839291572571,0.09663169085979462,0.45217391304347826,0.4608695652173913,conditional_mlp_residual_linear,20260923,0.5,3,1,000001.SZ,depth,unseen_q
20260525,1,0.3172664940357208,0.6345329880714417,-0.1513276845216751,0.3203463203463203,0.37662337662337664,conditional_mlp_residual_linear,20260923,0.5,3,1,000001.SZ,depth,unseen_q
20260526,0,0.44861164689064026,0.8972232937812805,0.12919703125953674,0.36637931034482757,0.36637931034482757,conditional_mlp_residual_linear,20260923,0.5,3,1,000001.SZ,depth,unseen_q
20260526,1,0.3511241376399994,0.7022482752799988,0.02640037052333355,0.5474137931034483,0.5517241379310345,conditional_mlp_residual_linear,20260923,0.5,3,1,000001.SZ,depth,unseen_q
20260528,0,0.3348749876022339,0.6697499752044678,0.03258820250630379,0.3463203463203463,0.3593073593073593,conditional_mlp_residual_linear,20260923,0.5,3,1,000001.SZ,depth,unseen_q
20260528,1,0.29563310742378235,0.5912662148475647,-0.008906491100788116,0.6137339055793991,0.6695278969957081,conditional_mlp_residual_linear,20260923,0.5,3,1,000001.SZ,depth,unseen_q
20260529,0,0.38809603452682495,0.7761920690536499,0.28801849484443665,0.5948275862068966,0.646551724137931,conditional_mlp_residual_linear,20260923,0.5,3,1,000001.SZ,depth,unseen_q
20260529,1,0.5884789824485779,1.1769579648971558,-0.23962818086147308,0.5021459227467812,0.5021459227467812,conditional_mlp_residual_linear,20260923,0.5,3,1,000001.SZ,depth,unseen_q
20260506,0,0.480630099773407,0.961260199546814,0.0642402395606041,0.41836734693877553,0.47959183673469385,conditional_mlp_residual_linear,20260923,0.5,9,1,000001.SZ,depth,unseen_q
20260506,1,0.45867615938186646,0.9173523187637329,-0.03406843543052673,0.5172413793103449,0.5387931034482759,conditional_mlp_residual_linear,20260923,0.5,9,1,000001.SZ,depth,unseen_q
20260507,0,0.6643983721733093,1.3287967443466187,-0.13985420763492584,0.41201716738197425,0.41201716738197425,conditional_mlp_residual_linear,20260923,0.5,9,1,000001.SZ,depth,unseen_q
20260507,1,0.5494741201400757,1.0989482402801514,0.17513726651668549,0.5278969957081545,0.5278969957081545,conditional_mlp_residual_linear,20260923,0.5,9,1,000001.SZ,depth,unseen_q
20260508,0,0.6032422780990601,1.2064845561981201,0.03464208543300629,0.4424778761061947,0.4646017699115044,conditional_mlp_residual_linear,20260923,0.5,9,1,000001.SZ,depth,unseen_q
20260508,1,0.5391784906387329,1.0783569812774658,-0.31552553176879883,0.4889867841409692,0.4889867841409692,conditional_mlp_residual_linear,20260923,0.5,9,1,000001.SZ,depth,unseen_q
20260511,0,0.5637357234954834,1.1274714469909668,-0.4287624955177307,0.44782608695652176,0.44782608695652176,conditional_mlp_residual_linear,20260923,0.5,9,1,000001.SZ,depth,unseen_q
20260511,1,0.5499739646911621,1.0999479293823242,0.1458968073129654,0.46120689655172414,0.46120689655172414,conditional_mlp_residual_linear,20260923,0.5,9,1,000001.SZ,depth,unseen_q
20260512,0,0.7689248323440552,1.5378496646881104,-0.23134364187717438,0.4104803493449782,0.4192139737991266,conditional_mlp_residual_linear,20260923,0.5,9,1,000001.SZ,depth,unseen_q
20260512,1,0.5551881790161133,1.1103763580322266,-0.055227357894182205,0.6130434782608696,0.6217391304347826,conditional_mlp_residual_linear,20260923,0.5,9,1,000001.SZ,depth,unseen_q
20260513,0,0.5455403923988342,1.0910807847976685,-0.11813821643590927,0.5043103448275862,0.5043103448275862,conditional_mlp_residual_linear,20260923,0.5,9,1,000001.SZ,depth,unseen_q
20260513,1,0.35871508717536926,0.7174301743507385,0.11121315509080887,0.6566523605150214,0.6824034334763949,conditional_mlp_residual_linear,20260923,0.5,9,1,000001.SZ,depth,unseen_q
20260514,0,0.5388939380645752,1.0777878761291504,0.08867767453193665,0.48484848484848486,0.48484848484848486,conditional_mlp_residual_linear,20260923,0.5,9,1,000001.SZ,depth,unseen_q
20260514,1,0.5542938709259033,1.1085877418518066,-0.24893887341022491,0.4155844155844156,0.44155844155844154,conditional_mlp_residual_linear,20260923,0.5,9,1,000001.SZ,depth,unseen_q
20260515,0,0.7258499264717102,1.4516998529434204,-0.29502788186073303,0.3876651982378855,0.41409691629955947,conditional_mlp_residual_linear,20260923,0.5,9,1,000001.SZ,depth,unseen_q
20260515,1,0.4836843013763428,0.9673686027526855,0.10261984914541245,0.703862660944206,0.7296137339055794,conditional_mlp_residual_linear,20260923,0.5,9,1,000001.SZ,depth,unseen_q
20260518,0,0.5193365812301636,1.0386731624603271,-0.170114666223526,0.37320574162679426,0.37320574162679426,conditional_mlp_residual_linear,20260923,0.5,9,1,000001.SZ,depth,unseen_q
20260518,1,0.46719250082969666,0.9343850016593933,-0.10142043977975845,0.575107296137339,0.5879828326180258,conditional_mlp_residual_linear,20260923,0.5,9,1,000001.SZ,depth,unseen_q
20260519,0,0.6211521625518799,1.2423043251037598,-0.25253474712371826,0.41125541125541126,0.41125541125541126,conditional_mlp_residual_linear,20260923,0.5,9,1,000001.SZ,depth,unseen_q
20260519,1,0.589015781879425,1.17803156375885,0.10975814610719681,0.46551724137931033,0.5258620689655172,conditional_mlp_residual_linear,20260923,0.5,9,1,000001.SZ,depth,unseen_q
20260520,0,0.6504461765289307,1.3008923530578613,-0.11167982220649719,0.36444444444444446,0.3688888888888889,conditional_mlp_residual_linear,20260923,0.5,9,1,000001.SZ,depth,unseen_q
20260520,1,0.5223601460456848,1.0447202920913696,-0.05628722533583641,0.6217391304347826,0.6347826086956522,conditional_mlp_residual_linear,20260923,0.5,9,1,000001.SZ,depth,unseen_q
20260521,0,0.6154725551605225,1.230945110321045,0.09841402620077133,0.49137931034482757,0.5,conditional_mlp_residual_linear,20260923,0.5,9,1,000001.SZ,depth,unseen_q
20260521,1,0.4830123484134674,0.9660246968269348,-0.2299153357744217,0.4721030042918455,0.6609442060085837,conditional_mlp_residual_linear,20260923,0.5,9,1,000001.SZ,depth,unseen_q
20260522,0,0.612262487411499,1.224524974822998,0.18832437694072723,0.5670995670995671,0.5714285714285714,conditional_mlp_residual_linear,20260923,0.5,9,1,000001.SZ,depth,unseen_q
20260522,1,0.5679047107696533,1.1358094215393066,-0.2562229037284851,0.2918454935622318,0.4678111587982833,conditional_mlp_residual_linear,20260923,0.5,9,1,000001.SZ,depth,unseen_q
20260525,0,0.5260071754455566,1.0520143508911133,0.06153494864702225,0.4608695652173913,0.46956521739130436,conditional_mlp_residual_linear,20260923,0.5,9,1,000001.SZ,depth,unseen_q
20260525,1,0.48748257756233215,0.9749651551246643,-0.16703328490257263,0.4458874458874459,0.47619047619047616,conditional_mlp_residual_linear,20260923,0.5,9,1,000001.SZ,depth,unseen_q
20260526,0,0.7193187475204468,1.4386374950408936,-0.3052276074886322,0.40948275862068967,0.40948275862068967,conditional_mlp_residual_linear,20260923,0.5,9,1,000001.SZ,depth,unseen_q
20260526,1,0.5663512945175171,1.1327025890350342,0.1779845505952835,0.5948275862068966,0.5948275862068966,conditional_mlp_residual_linear,20260923,0.5,9,1,000001.SZ,depth,unseen_q
20260528,0,0.6032886505126953,1.2065773010253906,-0.11864044517278671,0.44155844155844154,0.45021645021645024,conditional_mlp_residual_linear,20260923,0.5,9,1,000001.SZ,depth,unseen_q
20260528,1,0.40559160709381104,0.8111832141876221,0.09406152367591858,0.6609442060085837,0.6952789699570815,conditional_mlp_residual_linear,20260923,0.5,9,1,000001.SZ,depth,unseen_q
20260529,0,0.6576021909713745,1.315204381942749,0.1448913812637329,0.6293103448275862,0.6422413793103449,conditional_mlp_residual_linear,20260923,0.5,9,1,000001.SZ,depth,unseen_q
20260529,1,0.8469571471214294,1.6939142942428589,-0.1520438939332962,0.5107296137339056,0.5107296137339056,conditional_mlp_residual_linear,20260923,0.5,9,1,000001.SZ,depth,unseen_q
20260506,0,0.8129059672355652,1.6258119344711304,0.283216655254364,0.5918367346938775,0.5918367346938775,conditional_mlp_residual_linear,20260923,0.5,30,1,000001.SZ,depth,unseen_q
20260506,1,0.7909997701644897,1.5819995403289795,-0.28951188921928406,0.5474137931034483,0.5560344827586207,conditional_mlp_residual_linear,20260923,0.5,30,1,000001.SZ,depth,unseen_q
20260507,0,0.9813973307609558,1.9627946615219116,-0.1149003729224205,0.5278969957081545,0.5278969957081545,conditional_mlp_residual_linear,20260923,0.5,30,1,000001.SZ,depth,unseen_q
20260507,1,0.9378488659858704,1.8756977319717407,-0.10966303199529648,0.5536480686695279,0.5579399141630901,conditional_mlp_residual_linear,20260923,0.5,30,1,000001.SZ,depth,unseen_q
20260508,0,0.976776659488678,1.953553318977356,-0.10150544345378876,0.5176991150442478,0.5221238938053098,conditional_mlp_residual_linear,20260923,0.5,30,1,000001.SZ,depth,unseen_q
20260508,1,1.0046311616897583,2.0092623233795166,-0.21808847784996033,0.5726872246696035,0.5726872246696035,conditional_mlp_residual_linear,20260923,0.5,30,1,000001.SZ,depth,unseen_q
20260511,0,1.2030296325683594,2.4060592651367188,0.05758250877261162,0.5173913043478261,0.5173913043478261,conditional_mlp_residual_linear,20260923,0.5,30,1,000001.SZ,depth,unseen_q
20260511,1,1.1397346258163452,2.2794692516326904,-0.21694441139698029,0.5086206896551724,0.5086206896551724,conditional_mlp_residual_linear,20260923,0.5,30,1,000001.SZ,depth,unseen_q
20260512,0,1.1152424812316895,2.230484962463379,-0.21889932453632355,0.4759825327510917,0.4759825327510917,conditional_mlp_residual_linear,20260923,0.5,30,1,000001.SZ,depth,unseen_q
20260512,1,0.914340078830719,1.828680157661438,0.15501415729522705,0.5739130434782609,0.5739130434782609,conditional_mlp_residual_linear,20260923,0.5,30,1,000001.SZ,depth,unseen_q
20260513,0,1.0691624879837036,2.1383249759674072,-0.3288056254386902,0.4870689655172414,0.4870689655172414,conditional_mlp_residual_linear,20260923,0.5,30,1,000001.SZ,depth,unseen_q
20260513,1,0.7087993621826172,1.4175987243652344,0.16759943962097168,0.6523605150214592,0.6523605150214592,conditional_mlp_residual_linear,20260923,0.5,30,1,000001.SZ,depth,unseen_q
20260514,0,1.1487712860107422,2.2975425720214844,0.3353634476661682,0.5454545454545454,0.5454545454545454,conditional_mlp_residual_linear,20260923,0.5,30,1,000001.SZ,depth,unseen_q
20260514,1,1.0287812948226929,2.0575625896453857,-0.3055705428123474,0.4935064935064935,0.4935064935064935,conditional_mlp_residual_linear,20260923,0.5,30,1,000001.SZ,depth,unseen_q
20260515,0,1.0634108781814575,2.126821756362915,-0.4218103289604187,0.5022026431718062,0.5022026431718062,conditional_mlp_residual_linear,20260923,0.5,30,1,000001.SZ,depth,unseen_q
20260515,1,0.7880635261535645,1.576127052307129,0.2392936795949936,0.7296137339055794,0.7381974248927039,conditional_mlp_residual_linear,20260923,0.5,30,1,000001.SZ,depth,unseen_q
20260518,0,0.9707619547843933,1.9415239095687866,-0.22503067553043365,0.39712918660287083,0.39712918660287083,conditional_mlp_residual_linear,20260923,0.5,30,1,000001.SZ,depth,unseen_q
20260518,1,0.8013203144073486,1.6026406288146973,0.05730612203478813,0.6523605150214592,0.6523605150214592,conditional_mlp_residual_linear,20260923,0.5,30,1,000001.SZ,depth,unseen_q
20260519,0,0.9028984308242798,1.8057968616485596,0.024699795991182327,0.5151515151515151,0.5151515151515151,conditional_mlp_residual_linear,20260923,0.5,30,1,000001.SZ,depth,unseen_q
20260519,1,0.8174282312393188,1.6348564624786377,-0.25731557607650757,0.5301724137931034,0.5301724137931034,conditional_mlp_residual_linear,20260923,0.5,30,1,000001.SZ,depth,unseen_q
20260520,0,1.006226658821106,2.012453317642212,0.022883767262101173,0.48444444444444446,0.48444444444444446,conditional_mlp_residual_linear,20260923,0.5,30,1,000001.SZ,depth,unseen_q
20260520,1,0.8792605400085449,1.7585210800170898,-0.035316597670316696,0.6608695652173913,0.6608695652173913,conditional_mlp_residual_linear,20260923,0.5,30,1,000001.SZ,depth,unseen_q
20260521,0,1.070999026298523,2.141998052597046,0.20754474401474,0.5732758620689655,0.5732758620689655,conditional_mlp_residual_linear,20260923,0.5,30,1,000001.SZ,depth,unseen_q
20260521,1,0.8721410036087036,1.7442820072174072,-0.18133355677127838,0.5493562231759657,0.6223175965665236,conditional_mlp_residual_linear,20260923,0.5,30,1,000001.SZ,depth,unseen_q
20260522,0,1.0667887926101685,2.133577585220337,0.28520771861076355,0.5844155844155844,0.5844155844155844,conditional_mlp_residual_linear,20260923,0.5,30,1,000001.SZ,depth,unseen_q
20260522,1,0.9242017865180969,1.8484035730361938,-0.27623578906059265,0.5321888412017167,0.5321888412017167,conditional_mlp_residual_linear,20260923,0.5,30,1,000001.SZ,depth,unseen_q
20260525,0,0.9069726467132568,1.8139452934265137,-0.09443332999944687,0.5260869565217391,0.5304347826086957,conditional_mlp_residual_linear,20260923,0.5,30,1,000001.SZ,depth,unseen_q
20260525,1,0.7849047780036926,1.5698095560073853,0.2046789973974228,0.5714285714285714,0.5714285714285714,conditional_mlp_residual_linear,20260923,0.5,30,1,000001.SZ,depth,unseen_q
20260526,0,1.2492451667785645,2.498490333557129,-0.1111462414264679,0.5086206896551724,0.5086206896551724,conditional_mlp_residual_linear,20260923,0.5,30,1,000001.SZ,depth,unseen_q
20260526,1,1.0674585103988647,2.1349170207977295,0.17125347256660461,0.625,0.625,conditional_mlp_residual_linear,20260923,0.5,30,1,000001.SZ,depth,unseen_q
20260528,0,0.9901782274246216,1.9803564548492432,0.017438851296901703,0.5324675324675324,0.5324675324675324,conditional_mlp_residual_linear,20260923,0.5,30,1,000001.SZ,depth,unseen_q
20260528,1,0.8199055194854736,1.6398110389709473,0.003291523549705744,0.6781115879828327,0.6781115879828327,conditional_mlp_residual_linear,20260923,0.5,30,1,000001.SZ,depth,unseen_q
20260529,0,1.1204019784927368,2.2408039569854736,0.47570040822029114,0.646551724137931,0.646551724137931,conditional_mlp_residual_linear,20260923,0.5,30,1,000001.SZ,depth,unseen_q
20260529,1,1.4746029376983643,2.9492058753967285,-0.3530644476413727,0.5236051502145923,0.5236051502145923,conditional_mlp_residual_linear,20260923,0.5,30,1,000001.SZ,depth,unseen_q
20260506,0,0.25406336784362793,1.6282083988189697,1.4001022577285767,0.9693877551020408,0.9693877551020408,conditional_mlp_residual_linear,20260923,0.8999999761581421,3,1,000001.SZ,depth,unseen_q
20260506,1,0.2621839940547943,1.4154680967330933,1.1138752698898315,0.9525862068965517,0.9525862068965517,conditional_mlp_residual_linear,20260923,0.8999999761581421,3,1,000001.SZ,depth,unseen_q
20260507,0,0.2465652972459793,1.9048172235488892,1.7646085023880005,0.9613733905579399,0.9613733905579399,conditional_mlp_residual_linear,20260923,0.8999999761581421,3,1,000001.SZ,depth,unseen_q
20260507,1,0.30386579036712646,1.710663914680481,1.3786653280258179,0.9699570815450643,0.9699570815450643,conditional_mlp_residual_linear,20260923,0.8999999761581421,3,1,000001.SZ,depth,unseen_q
20260508,0,0.3220144510269165,1.5626280307769775,1.1482490301132202,0.9557522123893806,0.9557522123893806,conditional_mlp_residual_linear,20260923,0.8999999761581421,3,1,000001.SZ,depth,unseen_q
20260508,1,0.29445523023605347,1.3740556240081787,0.9814314246177673,0.947136563876652,0.947136563876652,conditional_mlp_residual_linear,20260923,0.8999999761581421,3,1,000001.SZ,depth,unseen_q
20260511,0,0.35680824518203735,2.2403805255889893,1.9084553718566895,0.9521739130434783,0.9521739130434783,conditional_mlp_residual_linear,20260923,0.8999999761581421,3,1,000001.SZ,depth,unseen_q
20260511,1,0.25494223833084106,2.116885185241699,2.0087509155273438,0.9698275862068966,0.9698275862068966,conditional_mlp_residual_linear,20260923,0.8999999761581421,3,1,000001.SZ,depth,unseen_q
20260512,0,0.34275510907173157,1.8718304634094238,1.4829002618789673,0.9563318777292577,0.9563318777292577,conditional_mlp_residual_linear,20260923,0.8999999761581421,3,1,000001.SZ,depth,unseen_q
20260512,1,0.27292224764823914,1.6451460123062134,1.3741267919540405,0.9565217391304348,0.9565217391304348,conditional_mlp_residual_linear,20260923,0.8999999761581421,3,1,000001.SZ,depth,unseen_q
20260513,0,0.2291053831577301,1.5157915353775024,1.3219759464263916,0.9655172413793104,0.9655172413793104,conditional_mlp_residual_linear,20260923,0.8999999761581421,3,1,000001.SZ,depth,unseen_q
20260513,1,0.15835770964622498,0.9631006717681885,0.8079816102981567,0.9656652360515021,0.9656652360515021,conditional_mlp_residual_linear,20260923,0.8999999761581421,3,1,000001.SZ,depth,unseen_q
20260514,0,0.2567822337150574,1.917852520942688,1.7553602457046509,0.9783549783549783,0.9783549783549783,conditional_mlp_residual_linear,20260923,0.8999999761581421,3,1,000001.SZ,depth,unseen_q
20260514,1,0.3002341687679291,1.714892864227295,1.3930307626724243,0.961038961038961,0.961038961038961,conditional_mlp_residual_linear,20260923,0.8999999761581421,3,1,000001.SZ,depth,unseen_q
20260515,0,0.40641096234321594,1.9242483377456665,1.3892831802368164,0.8678414096916299,0.8678414096916299,conditional_mlp_residual_linear,20260923,0.8999999761581421,3,1,000001.SZ,depth,unseen_q
20260515,1,0.31667205691337585,1.6014988422393799,1.210193395614624,0.9313304721030042,0.9484978540772532,conditional_mlp_residual_linear,20260923,0.8999999761581421,3,1,000001.SZ,depth,unseen_q
20260518,0,0.24538232386112213,1.928879737854004,1.7976438999176025,0.9712918660287081,0.9712918660287081,conditional_mlp_residual_linear,20260923,0.8999999761581421,3,1,000001.SZ,depth,unseen_q
20260518,1,0.30057036876678467,1.7114474773406982,1.3878836631774902,0.944206008583691,0.944206008583691,conditional_mlp_residual_linear,20260923,0.8999999761581421,3,1,000001.SZ,depth,unseen_q
20260519,0,0.3545415997505188,2.4673852920532227,2.1978776454925537,0.9523809523809523,0.9523809523809523,conditional_mlp_residual_linear,20260923,0.8999999761581421,3,1,000001.SZ,depth,unseen_q
20260519,1,0.3285340368747711,1.8782211542129517,1.5264416933059692,0.9612068965517241,0.9612068965517241,conditional_mlp_residual_linear,20260923,0.8999999761581421,3,1,000001.SZ,depth,unseen_q
20260520,0,0.26233333349227905,1.8450819253921509,1.6505190134048462,0.9511111111111111,0.9511111111111111,conditional_mlp_residual_linear,20260923,0.8999999761581421,3,1,000001.SZ,depth,unseen_q
20260520,1,0.1749759018421173,1.4691728353500366,1.3990265130996704,0.9826086956521739,0.9826086956521739,conditional_mlp_residual_linear,20260923,0.8999999761581421,3,1,000001.SZ,depth,unseen_q
20260521,0,0.24871189892292023,1.4583903551101685,1.201208233833313,0.9612068965517241,0.9612068965517241,conditional_mlp_residual_linear,20260923,0.8999999761581421,3,1,000001.SZ,depth,unseen_q
20260521,1,0.2765054404735565,1.248960256576538,0.8699367642402649,0.944206008583691,0.944206008583691,conditional_mlp_residual_linear,20260923,0.8999999761581421,3,1,000001.SZ,depth,unseen_q
20260522,0,0.270442396402359,2.2009544372558594,2.075087308883667,0.9696969696969697,0.9696969696969697,conditional_mlp_residual_linear,20260923,0.8999999761581421,3,1,000001.SZ,depth,unseen_q
20260522,1,0.26971763372421265,1.4738094806671143,1.1679677963256836,0.9527896995708155,0.9527896995708155,conditional_mlp_residual_linear,20260923,0.8999999761581421,3,1,000001.SZ,depth,unseen_q
20260525,0,0.2646560072898865,2.021517276763916,1.8652567863464355,0.9782608695652174,0.9782608695652174,conditional_mlp_residual_linear,20260923,0.8999999761581421,3,1,000001.SZ,depth,unseen_q
20260525,1,0.30026480555534363,1.8990966081619263,1.6232088804244995,0.9567099567099567,0.9567099567099567,conditional_mlp_residual_linear,20260923,0.8999999761581421,3,1,000001.SZ,depth,unseen_q
20260526,0,0.31477996706962585,2.158449649810791,1.9111121892929077,0.9568965517241379,0.9568965517241379,conditional_mlp_residual_linear,20260923,0.8999999761581421,3,1,000001.SZ,depth,unseen_q
20260526,1,0.33765122294425964,1.9684115648269653,1.6163864135742188,0.9612068965517241,0.9612068965517241,conditional_mlp_residual_linear,20260923,0.8999999761581421,3,1,000001.SZ,depth,unseen_q
20260528,0,0.2570372223854065,1.8211557865142822,1.6338517665863037,0.9567099567099567,0.9567099567099567,conditional_mlp_residual_linear,20260923,0.8999999761581421,3,1,000001.SZ,depth,unseen_q
20260528,1,0.2570173144340515,1.4794834852218628,1.2068111896514893,0.9656652360515021,0.9656652360515021,conditional_mlp_residual_linear,20260923,0.8999999761581421,3,1,000001.SZ,depth,unseen_q
20260529,0,0.24285916984081268,1.7843897342681885,1.6233394145965576,0.9741379310344828,0.9741379310344828,conditional_mlp_residual_linear,20260923,0.8999999761581421,3,1,000001.SZ,depth,unseen_q
20260529,1,0.48679986596107483,2.3894236087799072,1.769780158996582,0.9098712446351931,0.9098712446351931,conditional_mlp_residual_linear,20260923,0.8999999761581421,3,1,000001.SZ,depth,unseen_q
20260506,0,0.3734147548675537,2.0185389518737793,1.5896369218826294,0.9438775510204082,0.9438775510204082,conditional_mlp_residual_linear,20260923,0.8999999761581421,9,1,000001.SZ,depth,unseen_q
20260506,1,0.3143773376941681,1.7052406072616577,1.3456075191497803,0.9051724137931034,0.9051724137931034,conditional_mlp_residual_linear,20260923,0.8999999761581421,9,1,000001.SZ,depth,unseen_q
20260507,0,0.44308221340179443,2.2901957035064697,1.755039095878601,0.8969957081545065,0.8969957081545065,conditional_mlp_residual_linear,20260923,0.8999999761581421,9,1,000001.SZ,depth,unseen_q
20260507,1,0.3644216060638428,2.102814197540283,1.7174638509750366,0.9484978540772532,0.9484978540772532,conditional_mlp_residual_linear,20260923,0.8999999761581421,9,1,000001.SZ,depth,unseen_q
20260508,0,0.4462249279022217,1.9826093912124634,1.3626995086669922,0.915929203539823,0.915929203539823,conditional_mlp_residual_linear,20260923,0.8999999761581421,9,1,000001.SZ,depth,unseen_q
20260508,1,0.5156381726264954,1.711821436882019,0.850681483745575,0.8810572687224669,0.8810572687224669,conditional_mlp_residual_linear,20260923,0.8999999761581421,9,1,000001.SZ,depth,unseen_q
20260511,0,0.4394148588180542,2.3394289016723633,1.8257492780685425,0.8739130434782608,0.8739130434782608,conditional_mlp_residual_linear,20260923,0.8999999761581421,9,1,000001.SZ,depth,unseen_q
20260511,1,0.4008376896381378,2.6158580780029297,2.267728567123413,0.9353448275862069,0.9353448275862069,conditional_mlp_residual_linear,20260923,0.8999999761581421,9,1,000001.SZ,depth,unseen_q
20260512,0,0.564837634563446,2.3620212078094482,1.540432333946228,0.8951965065502183,0.8951965065502183,conditional_mlp_residual_linear,20260923,0.8999999761581421,9,1,000001.SZ,depth,unseen_q
20260512,1,0.4726981520652771,2.1339142322540283,1.4856475591659546,0.9173913043478261,0.9173913043478261,conditional_mlp_residual_linear,20260923,0.8999999761581421,9,1,000001.SZ,depth,unseen_q
20260513,0,0.42039087414741516,1.912125587463379,1.3391798734664917,0.8879310344827587,0.8879310344827587,conditional_mlp_residual_linear,20260923,0.8999999761581421,9,1,000001.SZ,depth,unseen_q
20260513,1,0.25643324851989746,1.3488664627075195,1.0450000762939453,0.9399141630901288,0.9399141630901288,conditional_mlp_residual_linear,20260923,0.8999999761581421,9,1,000001.SZ,depth,unseen_q
20260514,0,0.3385380804538727,2.2222845554351807,1.9315106868743896,0.9437229437229437,0.9437229437229437,conditional_mlp_residual_linear,20260923,0.8999999761581421,9,1,000001.SZ,depth,unseen_q
20260514,1,0.4515632390975952,2.090231418609619,1.4838813543319702,0.9177489177489178,0.9177489177489178,conditional_mlp_residual_linear,20260923,0.8999999761581421,9,1,000001.SZ,depth,unseen_q
20260515,0,0.48349103331565857,2.1575751304626465,1.4882415533065796,0.8502202643171806,0.8502202643171806,conditional_mlp_residual_linear,20260923,0.8999999761581421,9,1,000001.SZ,depth,unseen_q
20260515,1,0.37213245034217834,1.8002569675445557,1.3199900388717651,0.9184549356223176,0.927038626609442,conditional_mlp_residual_linear,20260923,0.8999999761581421,9,1,000001.SZ,depth,unseen_q
20260518,0,0.36468809843063354,2.283245086669922,1.9423362016677856,0.9425837320574163,0.9425837320574163,conditional_mlp_residual_linear,20260923,0.8999999761581421,9,1,000001.SZ,depth,unseen_q
20260518,1,0.40445011854171753,2.0656681060791016,1.5709599256515503,0.9313304721030042,0.9313304721030042,conditional_mlp_residual_linear,20260923,0.8999999761581421,9,1,000001.SZ,depth,unseen_q
20260519,0,0.5054849982261658,2.657546281814575,2.058220624923706,0.9177489177489178,0.9177489177489178,conditional_mlp_residual_linear,20260923,0.8999999761581421,9,1,000001.SZ,depth,unseen_q
20260519,1,0.3965015113353729,2.3118839263916016,1.8986011743545532,0.9310344827586207,0.9310344827586207,conditional_mlp_residual_linear,20260923,0.8999999761581421,9,1,000001.SZ,depth,unseen_q
20260520,0,0.4654487371444702,2.4034006595611572,1.8406291007995605,0.9022222222222223,0.9022222222222223,conditional_mlp_residual_linear,20260923,0.8999999761581421,9,1,000001.SZ,depth,unseen_q
20260520,1,0.40560445189476013,1.944250226020813,1.4163017272949219,0.9217391304347826,0.9217391304347826,conditional_mlp_residual_linear,20260923,0.8999999761581421,9,1,000001.SZ,depth,unseen_q
20260521,0,0.3672345280647278,1.8788957595825195,1.4305334091186523,0.8879310344827587,0.8879310344827587,conditional_mlp_residual_linear,20260923,0.8999999761581421,9,1,000001.SZ,depth,unseen_q
20260521,1,0.4191836714744568,1.5477362871170044,0.8867112398147583,0.8755364806866953,0.8755364806866953,conditional_mlp_residual_linear,20260923,0.8999999761581421,9,1,000001.SZ,depth,unseen_q
20260522,0,0.4058685898780823,2.549441337585449,2.1721303462982178,0.922077922077922,0.922077922077922,conditional_mlp_residual_linear,20260923,0.8999999761581421,9,1,000001.SZ,depth,unseen_q
20260522,1,0.3888189494609833,1.8867744207382202,1.386420726776123,0.927038626609442,0.927038626609442,conditional_mlp_residual_linear,20260923,0.8999999761581421,9,1,000001.SZ,depth,unseen_q
20260525,0,0.39312615990638733,2.370143413543701,1.9798640012741089,0.9391304347826087,0.9391304347826087,conditional_mlp_residual_linear,20260923,0.8999999761581421,9,1,000001.SZ,depth,unseen_q
20260525,1,0.38303157687187195,2.1718759536743164,1.7572660446166992,0.9307359307359307,0.9307359307359307,conditional_mlp_residual_linear,20260923,0.8999999761581421,9,1,000001.SZ,depth,unseen_q
20260526,0,0.4838965833187103,2.2751333713531494,1.634175419807434,0.8577586206896551,0.8577586206896551,conditional_mlp_residual_linear,20260923,0.8999999761581421,9,1,000001.SZ,depth,unseen_q
20260526,1,0.3930886685848236,2.3170242309570312,1.913558840751648,0.9396551724137931,0.9396551724137931,conditional_mlp_residual_linear,20260923,0.8999999761581421,9,1,000001.SZ,depth,unseen_q
20260528,0,0.41206857562065125,2.1357996463775635,1.6395783424377441,0.9177489177489178,0.9177489177489178,conditional_mlp_residual_linear,20260923,0.8999999761581421,9,1,000001.SZ,depth,unseen_q
20260528,1,0.29071107506752014,1.7329857349395752,1.4394545555114746,0.944206008583691,0.944206008583691,conditional_mlp_residual_linear,20260923,0.8999999761581421,9,1,000001.SZ,depth,unseen_q
20260529,0,0.4441991150379181,2.181718587875366,1.6166505813598633,0.8922413793103449,0.8922413793103449,conditional_mlp_residual_linear,20260923,0.8999999761581421,9,1,000001.SZ,depth,unseen_q
20260529,1,0.5921676158905029,2.79262113571167,2.01035737991333,0.8669527896995708,0.8669527896995708,conditional_mlp_residual_linear,20260923,0.8999999761581421,9,1,000001.SZ,depth,unseen_q
20260506,0,0.532567024230957,2.8440093994140625,2.2235944271087646,0.9132653061224489,0.9132653061224489,conditional_mlp_residual_linear,20260923,0.8999999761581421,30,1,000001.SZ,depth,unseen_q
20260506,1,0.5945656895637512,2.359079360961914,1.4624351263046265,0.8491379310344828,0.8491379310344828,conditional_mlp_residual_linear,20260923,0.8999999761581421,30,1,000001.SZ,depth,unseen_q
20260507,0,0.6085396409034729,2.961751699447632,2.1808407306671143,0.871244635193133,0.871244635193133,conditional_mlp_residual_linear,20260923,0.8999999761581421,30,1,000001.SZ,depth,unseen_q
20260507,1,0.678292453289032,2.7811367511749268,1.7806899547576904,0.8540772532188842,0.8540772532188842,conditional_mlp_residual_linear,20260923,0.8999999761581421,30,1,000001.SZ,depth,unseen_q
20260508,0,0.7156461477279663,2.723043441772461,1.6146891117095947,0.8451327433628318,0.8451327433628318,conditional_mlp_residual_linear,20260923,0.8999999761581421,30,1,000001.SZ,depth,unseen_q
20260508,1,0.8032369613647461,2.628274917602539,1.2772512435913086,0.7929515418502202,0.7929515418502202,conditional_mlp_residual_linear,20260923,0.8999999761581421,30,1,000001.SZ,depth,unseen_q
20260511,0,0.7105661630630493,3.601121187210083,2.7249858379364014,0.8434782608695652,0.8434782608695652,conditional_mlp_residual_linear,20260923,0.8999999761581421,30,1,000001.SZ,depth,unseen_q
20260511,1,0.7765331268310547,3.4139561653137207,2.3261125087738037,0.8362068965517241,0.8362068965517241,conditional_mlp_residual_linear,20260923,0.8999999761581421,30,1,000001.SZ,depth,unseen_q
20260512,0,0.7081650495529175,3.0118401050567627,1.9943873882293701,0.8427947598253275,0.8427947598253275,conditional_mlp_residual_linear,20260923,0.8999999761581421,30,1,000001.SZ,depth,unseen_q
20260512,1,0.5635193586349487,2.7947800159454346,2.084676742553711,0.8652173913043478,0.8652173913043478,conditional_mlp_residual_linear,20260923,0.8999999761581421,30,1,000001.SZ,depth,unseen_q
20260513,0,0.7602030634880066,2.770960569381714,1.5631930828094482,0.7672413793103449,0.7672413793103449,conditional_mlp_residual_linear,20260923,0.8999999761581421,30,1,000001.SZ,depth,unseen_q
20260513,1,0.4342193305492401,2.016935110092163,1.435620665550232,0.8669527896995708,0.8669527896995708,conditional_mlp_residual_linear,20260923,0.8999999761581421,30,1,000001.SZ,depth,unseen_q
20260514,0,0.729037344455719,3.5229597091674805,2.581106424331665,0.8701298701298701,0.8701298701298701,conditional_mlp_residual_linear,20260923,0.8999999761581421,30,1,000001.SZ,depth,unseen_q
20260514,1,0.7099266648292542,2.889848232269287,1.837493658065796,0.8268398268398268,0.8268398268398268,conditional_mlp_residual_linear,20260923,0.8999999761581421,30,1,000001.SZ,depth,unseen_q
20260515,0,0.7657232880592346,2.956753969192505,1.7816343307495117,0.7973568281938326,0.7973568281938326,conditional_mlp_residual_linear,20260923,0.8999999761581421,30,1,000001.SZ,depth,unseen_q
20260515,1,0.5346013903617859,2.507960557937622,1.7984472513198853,0.871244635193133,0.871244635193133,conditional_mlp_residual_linear,20260923,0.8999999761581421,30,1,000001.SZ,depth,unseen_q
20260518,0,0.5716557502746582,3.035742998123169,2.365539312362671,0.8851674641148325,0.8851674641148325,conditional_mlp_residual_linear,20260923,0.8999999761581421,30,1,000001.SZ,depth,unseen_q
20260518,1,0.6237728595733643,3.0008108615875244,2.1915814876556396,0.8969957081545065,0.8969957081545065,conditional_mlp_residual_linear,20260923,0.8999999761581421,30,1,000001.SZ,depth,unseen_q
20260519,0,0.5807204246520996,3.380688190460205,2.774059534072876,0.8961038961038961,0.8961038961038961,conditional_mlp_residual_linear,20260923,0.8999999761581421,30,1,000001.SZ,depth,unseen_q
20260519,1,0.5389643907546997,2.6455280780792236,1.9594992399215698,0.8706896551724138,0.8706896551724138,conditional_mlp_residual_linear,20260923,0.8999999761581421,30,1,000001.SZ,depth,unseen_q
20260520,0,0.6098867058753967,3.1428112983703613,2.4037976264953613,0.8622222222222222,0.8622222222222222,conditional_mlp_residual_linear,20260923,0.8999999761581421,30,1,000001.SZ,depth,unseen_q
20260520,1,0.6090968251228333,2.6578752994537354,1.7996020317077637,0.8782608695652174,0.8782608695652174,conditional_mlp_residual_linear,20260923,0.8999999761581421,30,1,000001.SZ,depth,unseen_q
20260521,0,0.7169081568717957,2.97993803024292,1.932652473449707,0.8232758620689655,0.8232758620689655,conditional_mlp_residual_linear,20260923,0.8999999761581421,30,1,000001.SZ,depth,unseen_q
20260521,1,0.6095074415206909,2.2515721321105957,1.2906968593597412,0.8283261802575107,0.8283261802575107,conditional_mlp_residual_linear,20260923,0.8999999761581421,30,1,000001.SZ,depth,unseen_q
20260522,0,0.6803023815155029,3.5012974739074707,2.67586612701416,0.8874458874458875,0.8874458874458875,conditional_mlp_residual_linear,20260923,0.8999999761581421,30,1,000001.SZ,depth,unseen_q
20260522,1,0.5819641351699829,2.5968844890594482,1.7911955118179321,0.8669527896995708,0.8669527896995708,conditional_mlp_residual_linear,20260923,0.8999999761581421,30,1,000001.SZ,depth,unseen_q
20260525,0,0.6033530235290527,3.0127439498901367,2.257547378540039,0.8739130434782608,0.8739130434782608,conditional_mlp_residual_linear,20260923,0.8999999761581421,30,1,000001.SZ,depth,unseen_q
20260525,1,0.4824368357658386,3.01088285446167,2.557511568069458,0.9307359307359307,0.9307359307359307,conditional_mlp_residual_linear,20260923,0.8999999761581421,30,1,000001.SZ,depth,unseen_q
20260526,0,0.7660132050514221,3.3554255962371826,2.2792491912841797,0.8362068965517241,0.8362068965517241,conditional_mlp_residual_linear,20260923,0.8999999761581421,30,1,000001.SZ,depth,unseen_q
20260526,1,0.745144248008728,3.3541109561920166,2.3297781944274902,0.8620689655172413,0.8620689655172413,conditional_mlp_residual_linear,20260923,0.8999999761581421,30,1,000001.SZ,depth,unseen_q
20260528,0,0.6098911762237549,3.010816812515259,2.238793134689331,0.8268398268398268,0.8268398268398268,conditional_mlp_residual_linear,20260923,0.8999999761581421,30,1,000001.SZ,depth,unseen_q
20260528,1,0.5883288979530334,2.5783023834228516,1.7520556449890137,0.8454935622317596,0.8454935622317596,conditional_mlp_residual_linear,20260923,0.8999999761581421,30,1,000001.SZ,depth,unseen_q
20260529,0,0.7121307253837585,3.3126041889190674,2.36042857170105,0.8448275862068966,0.8448275862068966,conditional_mlp_residual_linear,20260923,0.8999999761581421,30,1,000001.SZ,depth,unseen_q
20260529,1,0.9795394539833069,3.7444257736206055,2.2316839694976807,0.7896995708154506,0.7896995708154506,conditional_mlp_residual_linear,20260923,0.8999999761581421,30,1,000001.SZ,depth,unseen_q
20260506,0,0.965629518032074,1.931259036064148,0.94277423620224,0.6989795918367347,0.6989795918367347,deeponet_linear,20260921,0.5,3,1,000001.SZ,depth,unseen_q
20260506,1,0.8354129195213318,1.6708258390426636,-0.2932261824607849,0.40948275862068967,0.43103448275862066,deeponet_linear,20260921,0.5,3,1,000001.SZ,depth,unseen_q
20260507,0,1.0045111179351807,2.0090222358703613,-0.8089150190353394,0.31759656652360513,0.31759656652360513,deeponet_linear,20260921,0.5,3,1,000001.SZ,depth,unseen_q
20260507,1,0.7548830509185791,1.5097661018371582,-0.1965203732252121,0.49356223175965663,0.5278969957081545,deeponet_linear,20260921,0.5,3,1,000001.SZ,depth,unseen_q
20260508,0,0.8576263785362244,1.7152527570724487,-0.19272923469543457,0.4823008849557522,0.4911504424778761,deeponet_linear,20260921,0.5,3,1,000001.SZ,depth,unseen_q
20260508,1,0.8476141691207886,1.6952283382415771,-0.9615074992179871,0.31277533039647576,0.34801762114537443,deeponet_linear,20260921,0.5,3,1,000001.SZ,depth,unseen_q
20260511,0,0.9563973546028137,1.9127947092056274,-1.0509023666381836,0.2782608695652174,0.2782608695652174,deeponet_linear,20260921,0.5,3,1,000001.SZ,depth,unseen_q
20260511,1,0.8905792236328125,1.781158447265625,-0.33995968103408813,0.4353448275862069,0.4353448275862069,deeponet_linear,20260921,0.5,3,1,000001.SZ,depth,unseen_q
20260512,0,1.0068013668060303,2.0136027336120605,-0.45623937249183655,0.462882096069869,0.462882096069869,deeponet_linear,20260921,0.5,3,1,000001.SZ,depth,unseen_q
20260512,1,1.0400711297988892,2.0801422595977783,-0.6947246789932251,0.43043478260869567,0.43043478260869567,deeponet_linear,20260921,0.5,3,1,000001.SZ,depth,unseen_q
20260513,0,0.6789278984069824,1.3578557968139648,0.2906694710254669,0.5905172413793104,0.5905172413793104,deeponet_linear,20260921,0.5,3,1,000001.SZ,depth,unseen_q
20260513,1,0.6462236642837524,1.2924473285675049,-0.40959787368774414,0.4206008583690987,0.4892703862660944,deeponet_linear,20260921,0.5,3,1,000001.SZ,depth,unseen_q
20260514,0,1.1002869606018066,2.2005739212036133,-0.8829119801521301,0.36363636363636365,0.36363636363636365,deeponet_linear,20260921,0.5,3,1,000001.SZ,depth,unseen_q
20260514,1,0.716850757598877,1.433701515197754,-0.5983979105949402,0.36363636363636365,0.39826839826839827,deeponet_linear,20260921,0.5,3,1,000001.SZ,depth,unseen_q
20260515,0,1.0994179248809814,2.198835849761963,0.5631713271141052,0.6387665198237885,0.6387665198237885,deeponet_linear,20260921,0.5,3,1,000001.SZ,depth,unseen_q
20260515,1,0.8022840023040771,1.6045680046081543,0.027610111981630325,0.5278969957081545,0.6008583690987125,deeponet_linear,20260921,0.5,3,1,000001.SZ,depth,unseen_q
20260518,0,1.0031185150146484,2.006237030029297,0.5197213292121887,0.569377990430622,0.569377990430622,deeponet_linear,20260921,0.5,3,1,000001.SZ,depth,unseen_q
20260518,1,0.6843870282173157,1.3687740564346313,-0.41206997632980347,0.4592274678111588,0.4721030042918455,deeponet_linear,20260921,0.5,3,1,000001.SZ,depth,unseen_q
20260519,0,0.7507728338241577,1.5015456676483154,0.40299952030181885,0.5887445887445888,0.5887445887445888,deeponet_linear,20260921,0.5,3,1,000001.SZ,depth,unseen_q
20260519,1,0.7369811534881592,1.4739623069763184,-0.15755751729011536,0.45689655172413796,0.4827586206896552,deeponet_linear,20260921,0.5,3,1,000001.SZ,depth,unseen_q
20260520,0,0.6725844144821167,1.3451688289642334,0.11272288858890533,0.6044444444444445,0.6044444444444445,deeponet_linear,20260921,0.5,3,1,000001.SZ,depth,unseen_q
20260520,1,0.5302666425704956,1.0605332851409912,-0.20612938702106476,0.49130434782608695,0.5826086956521739,deeponet_linear,20260921,0.5,3,1,000001.SZ,depth,unseen_q
20260521,0,0.8505319952964783,1.7010639905929565,0.7602993249893188,0.6896551724137931,0.6896551724137931,deeponet_linear,20260921,0.5,3,1,000001.SZ,depth,unseen_q
20260521,1,0.7810609340667725,1.562121868133545,0.00342612829990685,0.5579399141630901,0.6394849785407726,deeponet_linear,20260921,0.5,3,1,000001.SZ,depth,unseen_q
20260522,0,0.8699969053268433,1.7399938106536865,0.8515856266021729,0.5757575757575758,0.5757575757575758,deeponet_linear,20260921,0.5,3,1,000001.SZ,depth,unseen_q
20260522,1,0.757273256778717,1.514546513557434,0.03395596146583557,0.6137339055793991,0.6137339055793991,deeponet_linear,20260921,0.5,3,1,000001.SZ,depth,unseen_q
20260525,0,0.9659488797187805,1.931897759437561,-0.30473071336746216,0.4434782608695652,0.4434782608695652,deeponet_linear,20260921,0.5,3,1,000001.SZ,depth,unseen_q
20260525,1,0.7376582622528076,1.4753165245056152,-0.03428005054593086,0.5021645021645021,0.5021645021645021,deeponet_linear,20260921,0.5,3,1,000001.SZ,depth,unseen_q
20260526,0,0.8462783694267273,1.6925567388534546,0.3917582333087921,0.6120689655172413,0.6120689655172413,deeponet_linear,20260921,0.5,3,1,000001.SZ,depth,unseen_q
20260526,1,0.8551000356674194,1.7102000713348389,-0.021760860458016396,0.47413793103448276,0.47413793103448276,deeponet_linear,20260921,0.5,3,1,000001.SZ,depth,unseen_q
20260528,0,0.9462677836418152,1.8925355672836304,1.075075387954712,0.6926406926406926,0.6926406926406926,deeponet_linear,20260921,0.5,3,1,000001.SZ,depth,unseen_q
20260528,1,0.7479028105735779,1.4958056211471558,0.16886480152606964,0.5836909871244635,0.6137339055793991,deeponet_linear,20260921,0.5,3,1,000001.SZ,depth,unseen_q
20260529,0,0.8182641863822937,1.6365283727645874,0.18704521656036377,0.5344827586206896,0.5474137931034483,deeponet_linear,20260921,0.5,3,1,000001.SZ,depth,unseen_q
20260529,1,1.101391315460205,2.20278263092041,0.6896195411682129,0.6866952789699571,0.6866952789699571,deeponet_linear,20260921,0.5,3,1,000001.SZ,depth,unseen_q
20260506,0,1.0929853916168213,2.1859707832336426,0.9804268479347229,0.7091836734693877,0.7091836734693877,deeponet_linear,20260921,0.5,9,1,000001.SZ,depth,unseen_q
20260506,1,0.8794095516204834,1.7588191032409668,-0.22320857644081116,0.4525862068965517,0.46551724137931033,deeponet_linear,20260921,0.5,9,1,000001.SZ,depth,unseen_q
20260507,0,1.1536390781402588,2.3072781562805176,-1.0153133869171143,0.3261802575107296,0.3261802575107296,deeponet_linear,20260921,0.5,9,1,000001.SZ,depth,unseen_q
20260507,1,0.8740319013595581,1.7480638027191162,-0.0433383546769619,0.5278969957081545,0.5536480686695279,deeponet_linear,20260921,0.5,9,1,000001.SZ,depth,unseen_q
20260508,0,0.9850006699562073,1.9700013399124146,-0.15469378232955933,0.4823008849557522,0.4911504424778761,deeponet_linear,20260921,0.5,9,1,000001.SZ,depth,unseen_q
20260508,1,1.0347639322280884,2.0695278644561768,-1.2332935333251953,0.31718061674008813,0.32158590308370044,deeponet_linear,20260921,0.5,9,1,000001.SZ,depth,unseen_q
20260511,0,1.1094390153884888,2.2188780307769775,-1.3310052156448364,0.2565217391304348,0.2565217391304348,deeponet_linear,20260921,0.5,9,1,000001.SZ,depth,unseen_q
20260511,1,1.0673415660858154,2.134683132171631,-0.30396345257759094,0.4224137931034483,0.4224137931034483,deeponet_linear,20260921,0.5,9,1,000001.SZ,depth,unseen_q
20260512,0,1.2374629974365234,2.474925994873047,-0.5782263875007629,0.44541484716157204,0.44541484716157204,deeponet_linear,20260921,0.5,9,1,000001.SZ,depth,unseen_q
20260512,1,1.1341203451156616,2.2682406902313232,-0.7451013922691345,0.4260869565217391,0.4260869565217391,deeponet_linear,20260921,0.5,9,1,000001.SZ,depth,unseen_q
20260513,0,0.8444801568984985,1.688960313796997,0.1545158326625824,0.5732758620689655,0.5732758620689655,deeponet_linear,20260921,0.5,9,1,000001.SZ,depth,unseen_q
20260513,1,0.7406508922576904,1.4813017845153809,-0.29988986253738403,0.4978540772532189,0.5064377682403434,deeponet_linear,20260921,0.5,9,1,000001.SZ,depth,unseen_q
20260514,0,1.2044765949249268,2.4089531898498535,-0.8913074731826782,0.3939393939393939,0.3939393939393939,deeponet_linear,20260921,0.5,9,1,000001.SZ,depth,unseen_q
20260514,1,0.905093252658844,1.810186505317688,-0.7089052796363831,0.41125541125541126,0.4155844155844156,deeponet_linear,20260921,0.5,9,1,000001.SZ,depth,unseen_q
20260515,0,1.158470869064331,2.316941738128662,0.48519018292427063,0.6299559471365639,0.6299559471365639,deeponet_linear,20260921,0.5,9,1,000001.SZ,depth,unseen_q
20260515,1,0.8712998628616333,1.7425997257232666,-0.004815041087567806,0.5536480686695279,0.6223175965665236,deeponet_linear,20260921,0.5,9,1,000001.SZ,depth,unseen_q
20260518,0,1.0782703161239624,2.156540632247925,0.44515466690063477,0.5550239234449761,0.5550239234449761,deeponet_linear,20260921,0.5,9,1,000001.SZ,depth,unseen_q
20260518,1,0.7628341913223267,1.5256683826446533,-0.42439448833465576,0.45493562231759654,0.4592274678111588,deeponet_linear,20260921,0.5,9,1,000001.SZ,depth,unseen_q
20260519,0,0.8504297733306885,1.700859546661377,0.060647476464509964,0.5800865800865801,0.5800865800865801,deeponet_linear,20260921,0.5,9,1,000001.SZ,depth,unseen_q
20260519,1,0.8530086874961853,1.7060173749923706,-0.015545172616839409,0.49137931034482757,0.5043103448275862,deeponet_linear,20260921,0.5,9,1,000001.SZ,depth,unseen_q
20260520,0,0.9250001907348633,1.8500003814697266,0.10678883641958237,0.5777777777777777,0.5777777777777777,deeponet_linear,20260921,0.5,9,1,000001.SZ,depth,unseen_q
20260520,1,0.8055060505867004,1.6110121011734009,-0.3675330877304077,0.5130434782608696,0.5739130434782609,deeponet_linear,20260921,0.5,9,1,000001.SZ,depth,unseen_q
20260521,0,1.0079848766326904,2.015969753265381,0.8244837522506714,0.6767241379310345,0.6767241379310345,deeponet_linear,20260921,0.5,9,1,000001.SZ,depth,unseen_q
20260521,1,0.885589599609375,1.77117919921875,-0.132444366812706,0.575107296137339,0.6223175965665236,deeponet_linear,20260921,0.5,9,1,000001.SZ,depth,unseen_q
20260522,0,0.9994387030601501,1.9988774061203003,0.7741010785102844,0.5714285714285714,0.5714285714285714,deeponet_linear,20260921,0.5,9,1,000001.SZ,depth,unseen_q
20260522,1,0.9085614085197449,1.8171228170394897,0.037383828312158585,0.6094420600858369,0.6094420600858369,deeponet_linear,20260921,0.5,9,1,000001.SZ,depth,unseen_q
20260525,0,1.0479243993759155,2.095848798751831,-0.3848903179168701,0.45217391304347826,0.45217391304347826,deeponet_linear,20260921,0.5,9,1,000001.SZ,depth,unseen_q
20260525,1,0.8580633401870728,1.7161266803741455,-0.11236158013343811,0.4935064935064935,0.4935064935064935,deeponet_linear,20260921,0.5,9,1,000001.SZ,depth,unseen_q
20260526,0,1.0075712203979492,2.0151424407958984,-0.07715548574924469,0.5258620689655172,0.5258620689655172,deeponet_linear,20260921,0.5,9,1,000001.SZ,depth,unseen_q
20260526,1,0.9931427240371704,1.9862854480743408,0.07974348962306976,0.4827586206896552,0.4827586206896552,deeponet_linear,20260921,0.5,9,1,000001.SZ,depth,unseen_q
20260528,0,1.1641908884048462,2.3283817768096924,0.9050842523574829,0.683982683982684,0.683982683982684,deeponet_linear,20260921,0.5,9,1,000001.SZ,depth,unseen_q
20260528,1,0.7622894048690796,1.5245788097381592,0.234585702419281,0.648068669527897,0.648068669527897,deeponet_linear,20260921,0.5,9,1,000001.SZ,depth,unseen_q
20260529,0,0.9125001430511475,1.825000286102295,-0.01593191549181938,0.5172413793103449,0.5258620689655172,deeponet_linear,20260921,0.5,9,1,000001.SZ,depth,unseen_q
20260529,1,1.2374544143676758,2.4749088287353516,0.7151684165000916,0.6652360515021459,0.6652360515021459,deeponet_linear,20260921,0.5,9,1,000001.SZ,depth,unseen_q
20260506,0,1.2598421573638916,2.519684314727783,1.138046145439148,0.7346938775510204,0.7346938775510204,deeponet_linear,20260921,0.5,30,1,000001.SZ,depth,unseen_q
20260506,1,1.063370704650879,2.126741409301758,-0.5978584885597229,0.4353448275862069,0.4353448275862069,deeponet_linear,20260921,0.5,30,1,000001.SZ,depth,unseen_q
20260507,0,1.3823974132537842,2.7647948265075684,-1.1386853456497192,0.3605150214592275,0.3605150214592275,deeponet_linear,20260921,0.5,30,1,000001.SZ,depth,unseen_q
20260507,1,1.1498523950576782,2.2997047901153564,-0.5048004388809204,0.5407725321888412,0.5407725321888412,deeponet_linear,20260921,0.5,30,1,000001.SZ,depth,unseen_q
20260508,0,1.2144235372543335,2.428847074508667,-0.42542147636413574,0.4823008849557522,0.4823008849557522,deeponet_linear,20260921,0.5,30,1,000001.SZ,depth,unseen_q
20260508,1,1.2791213989257812,2.5582427978515625,-1.2277798652648926,0.3876651982378855,0.3876651982378855,deeponet_linear,20260921,0.5,30,1,000001.SZ,depth,unseen_q
20260511,0,1.4455695152282715,2.891139030456543,-0.986055850982666,0.3739130434782609,0.3739130434782609,deeponet_linear,20260921,0.5,30,1,000001.SZ,depth,unseen_q
20260511,1,1.4956063032150269,2.9912126064300537,-0.8625470399856567,0.4224137931034483,0.4224137931034483,deeponet_linear,20260921,0.5,30,1,000001.SZ,depth,unseen_q
20260512,0,1.3939036130905151,2.7878072261810303,-0.6544145941734314,0.4759825327510917,0.4759825327510917,deeponet_linear,20260921,0.5,30,1,000001.SZ,depth,unseen_q
20260512,1,1.2579847574234009,2.5159695148468018,-0.6419544219970703,0.44782608695652176,0.44782608695652176,deeponet_linear,20260921,0.5,30,1,000001.SZ,depth,unseen_q
20260513,0,1.103358268737793,2.206716537475586,-0.1207142099738121,0.5086206896551724,0.5086206896551724,deeponet_linear,20260921,0.5,30,1,000001.SZ,depth,unseen_q
20260513,1,0.9855312705039978,1.9710625410079956,-0.31357115507125854,0.5407725321888412,0.5407725321888412,deeponet_linear,20260921,0.5,30,1,000001.SZ,depth,unseen_q
20260514,0,1.536405086517334,3.072810173034668,-0.76520836353302,0.4329004329004329,0.4329004329004329,deeponet_linear,20260921,0.5,30,1,000001.SZ,depth,unseen_q
20260514,1,1.2911100387573242,2.5822200775146484,-0.9331449270248413,0.45454545454545453,0.45454545454545453,deeponet_linear,20260921,0.5,30,1,000001.SZ,depth,unseen_q
20260515,0,1.363975167274475,2.72795033454895,0.2642471194267273,0.5903083700440529,0.5903083700440529,deeponet_linear,20260921,0.5,30,1,000001.SZ,depth,unseen_q
20260515,1,0.970373809337616,1.940747618675232,0.03359028697013855,0.6394849785407726,0.6609442060085837,deeponet_linear,20260921,0.5,30,1,000001.SZ,depth,unseen_q
20260518,0,1.3556556701660156,2.7113113403320312,0.25614362955093384,0.5263157894736842,0.5263157894736842,deeponet_linear,20260921,0.5,30,1,000001.SZ,depth,unseen_q
20260518,1,0.9640418887138367,1.9280837774276733,-0.40194669365882874,0.4978540772532189,0.4978540772532189,deeponet_linear,20260921,0.5,30,1,000001.SZ,depth,unseen_q
20260519,0,1.036447525024414,2.072895050048828,0.2102903127670288,0.5367965367965368,0.5367965367965368,deeponet_linear,20260921,0.5,30,1,000001.SZ,depth,unseen_q
20260519,1,1.0545538663864136,2.109107732772827,-0.5949398279190063,0.4525862068965517,0.4525862068965517,deeponet_linear,20260921,0.5,30,1,000001.SZ,depth,unseen_q
20260520,0,1.0880330801010132,2.1760661602020264,0.11014874279499054,0.5555555555555556,0.5555555555555556,deeponet_linear,20260921,0.5,30,1,000001.SZ,depth,unseen_q
20260520,1,1.0374382734298706,2.074876546859741,-0.5095397233963013,0.5391304347826087,0.5391304347826087,deeponet_linear,20260921,0.5,30,1,000001.SZ,depth,unseen_q
20260521,0,1.3082772493362427,2.6165544986724854,0.8351778984069824,0.6379310344827587,0.6379310344827587,deeponet_linear,20260921,0.5,30,1,000001.SZ,depth,unseen_q
20260521,1,1.1411622762680054,2.2823245525360107,-0.19671644270420074,0.592274678111588,0.592274678111588,deeponet_linear,20260921,0.5,30,1,000001.SZ,depth,unseen_q
20260522,0,1.2640433311462402,2.5280866622924805,0.7750803828239441,0.6060606060606061,0.6060606060606061,deeponet_linear,20260921,0.5,30,1,000001.SZ,depth,unseen_q
20260522,1,1.2030935287475586,2.406187057495117,-0.16267478466033936,0.5579399141630901,0.5579399141630901,deeponet_linear,20260921,0.5,30,1,000001.SZ,depth,unseen_q
20260525,0,1.3020962476730347,2.6041924953460693,-0.6748157739639282,0.44782608695652176,0.44782608695652176,deeponet_linear,20260921,0.5,30,1,000001.SZ,depth,unseen_q
20260525,1,1.0170636177062988,2.0341272354125977,0.06547743082046509,0.5411255411255411,0.5411255411255411,deeponet_linear,20260921,0.5,30,1,000001.SZ,depth,unseen_q
20260526,0,1.3263049125671387,2.6526098251342773,0.008482617326080799,0.5474137931034483,0.5474137931034483,deeponet_linear,20260921,0.5,30,1,000001.SZ,depth,unseen_q
20260526,1,1.216225504875183,2.432451009750366,-0.07671049237251282,0.5172413793103449,0.5172413793103449,deeponet_linear,20260921,0.5,30,1,000001.SZ,depth,unseen_q
20260528,0,1.2818399667739868,2.5636799335479736,0.9636836647987366,0.645021645021645,0.645021645021645,deeponet_linear,20260921,0.5,30,1,000001.SZ,depth,unseen_q
20260528,1,0.9838408827781677,1.9676817655563354,0.014568617567420006,0.6351931330472103,0.6351931330472103,deeponet_linear,20260921,0.5,30,1,000001.SZ,depth,unseen_q
20260529,0,1.2295830249786377,2.4591660499572754,0.15055693686008453,0.5603448275862069,0.5603448275862069,deeponet_linear,20260921,0.5,30,1,000001.SZ,depth,unseen_q
20260529,1,1.7039246559143066,3.4078493118286133,0.33118870854377747,0.5622317596566524,0.5622317596566524,deeponet_linear,20260921,0.5,30,1,000001.SZ,depth,unseen_q
20260506,0,0.5226514935493469,3.232448101043701,2.733931541442871,0.8724489795918368,0.8724489795918368,deeponet_linear,20260921,0.8999999761581421,3,1,000001.SZ,depth,unseen_q
20260506,1,0.47244444489479065,2.0056326389312744,1.325929880142212,0.6939655172413793,0.6939655172413793,deeponet_linear,20260921,0.8999999761581421,3,1,000001.SZ,depth,unseen_q
20260507,0,0.60614413022995,2.179893970489502,1.2095073461532593,0.6566523605150214,0.6566523605150214,deeponet_linear,20260921,0.8999999761581421,3,1,000001.SZ,depth,unseen_q
20260507,1,0.44241124391555786,2.241300582885742,1.695597767829895,0.8154506437768241,0.8154506437768241,deeponet_linear,20260921,0.8999999761581421,3,1,000001.SZ,depth,unseen_q
20260508,0,0.5730175971984863,2.210838794708252,1.3310046195983887,0.7123893805309734,0.7123893805309734,deeponet_linear,20260921,0.8999999761581421,3,1,000001.SZ,depth,unseen_q
20260508,1,0.6574817299842834,1.8143556118011475,0.6242403388023376,0.5682819383259912,0.5682819383259912,deeponet_linear,20260921,0.8999999761581421,3,1,000001.SZ,depth,unseen_q
20260511,0,0.697376549243927,2.490907907485962,1.370193600654602,0.7217391304347827,0.7217391304347827,deeponet_linear,20260921,0.8999999761581421,3,1,000001.SZ,depth,unseen_q
20260511,1,0.5809414982795715,2.5244626998901367,1.703224539756775,0.6853448275862069,0.6853448275862069,deeponet_linear,20260921,0.8999999761581421,3,1,000001.SZ,depth,unseen_q
20260512,0,0.6377735137939453,2.2703051567077637,1.2434478998184204,0.7336244541484717,0.7336244541484717,deeponet_linear,20260921,0.8999999761581421,3,1,000001.SZ,depth,unseen_q
20260512,1,0.6242037415504456,2.0473849773406982,0.9987218976020813,0.591304347826087,0.591304347826087,deeponet_linear,20260921,0.8999999761581421,3,1,000001.SZ,depth,unseen_q
20260513,0,0.341813862323761,2.1482789516448975,1.8308141231536865,0.8318965517241379,0.8318965517241379,deeponet_linear,20260921,0.8999999761581421,3,1,000001.SZ,depth,unseen_q
20260513,1,0.5231490731239319,1.5345489978790283,0.6103136539459229,0.6223175965665236,0.6223175965665236,deeponet_linear,20260921,0.8999999761581421,3,1,000001.SZ,depth,unseen_q
20260514,0,0.696050763130188,2.3159077167510986,1.1547579765319824,0.6233766233766234,0.6233766233766234,deeponet_linear,20260921,0.8999999761581421,3,1,000001.SZ,depth,unseen_q
20260514,1,0.4997750520706177,1.9640637636184692,1.2056422233581543,0.7489177489177489,0.7489177489177489,deeponet_linear,20260921,0.8999999761581421,3,1,000001.SZ,depth,unseen_q
20260515,0,0.5134187340736389,2.93727445602417,2.3880462646484375,0.8546255506607929,0.8546255506607929,deeponet_linear,20260921,0.8999999761581421,3,1,000001.SZ,depth,unseen_q
20260515,1,0.5100845694541931,2.3146820068359375,1.6181414127349854,0.7725321888412017,0.7725321888412017,deeponet_linear,20260921,0.8999999761581421,3,1,000001.SZ,depth,unseen_q
20260518,0,0.4343200623989105,2.9920527935028076,2.654266119003296,0.8086124401913876,0.8086124401913876,deeponet_linear,20260921,0.8999999761581421,3,1,000001.SZ,depth,unseen_q
20260518,1,0.4535329043865204,2.16971492767334,1.578311562538147,0.7553648068669528,0.7553648068669528,deeponet_linear,20260921,0.8999999761581421,3,1,000001.SZ,depth,unseen_q
20260519,0,0.3854180574417114,3.3564820289611816,3.232057571411133,0.9437229437229437,0.9437229437229437,deeponet_linear,20260921,0.8999999761581421,3,1,000001.SZ,depth,unseen_q
20260519,1,0.47427302598953247,2.2940564155578613,1.6818881034851074,0.7413793103448276,0.7413793103448276,deeponet_linear,20260921,0.8999999761581421,3,1,000001.SZ,depth,unseen_q
20260520,0,0.3806897699832916,2.5988521575927734,2.2968411445617676,0.8977777777777778,0.8977777777777778,deeponet_linear,20260921,0.8999999761581421,3,1,000001.SZ,depth,unseen_q
20260520,1,0.3820732533931732,2.0376029014587402,1.5918205976486206,0.782608695652174,0.782608695652174,deeponet_linear,20260921,0.8999999761581421,3,1,000001.SZ,depth,unseen_q
20260521,0,0.38087397813796997,2.7843594551086426,2.528264284133911,0.9008620689655172,0.9008620689655172,deeponet_linear,20260921,0.8999999761581421,3,1,000001.SZ,depth,unseen_q
20260521,1,0.5715515613555908,2.3801205158233643,1.546271800994873,0.7296137339055794,0.7296137339055794,deeponet_linear,20260921,0.8999999761581421,3,1,000001.SZ,depth,unseen_q
20260522,0,0.4498901069164276,3.5461478233337402,3.30795955657959,0.8614718614718615,0.8614718614718615,deeponet_linear,20260921,0.8999999761581421,3,1,000001.SZ,depth,unseen_q
20260522,1,0.38225114345550537,2.2278237342834473,1.82915198802948,0.8540772532188842,0.8540772532188842,deeponet_linear,20260921,0.8999999761581421,3,1,000001.SZ,depth,unseen_q
20260525,0,0.5552749037742615,2.472486734390259,1.7024210691452026,0.7,0.7,deeponet_linear,20260921,0.8999999761581421,3,1,000001.SZ,depth,unseen_q
20260525,1,0.38808733224868774,2.3024754524230957,1.9078762531280518,0.8181818181818182,0.8181818181818182,deeponet_linear,20260921,0.8999999761581421,3,1,000001.SZ,depth,unseen_q
20260526,0,0.41720181703567505,2.8498473167419434,2.5193045139312744,0.8836206896551724,0.8836206896551724,deeponet_linear,20260921,0.8999999761581421,3,1,000001.SZ,depth,unseen_q
20260526,1,0.472634494304657,2.3728842735290527,1.7845191955566406,0.7543103448275862,0.7543103448275862,deeponet_linear,20260921,0.8999999761581421,3,1,000001.SZ,depth,unseen_q
20260528,0,0.36656972765922546,3.1148533821105957,2.977142572402954,0.935064935064935,0.935064935064935,deeponet_linear,20260921,0.8999999761581421,3,1,000001.SZ,depth,unseen_q
20260528,1,0.4149582087993622,2.1233344078063965,1.6167726516723633,0.8197424892703863,0.8197424892703863,deeponet_linear,20260921,0.8999999761581421,3,1,000001.SZ,depth,unseen_q
20260529,0,0.4146239757537842,2.5179896354675293,2.110927104949951,0.7887931034482759,0.7887931034482759,deeponet_linear,20260921,0.8999999761581421,3,1,000001.SZ,depth,unseen_q
20260529,1,0.4625830352306366,3.373926877975464,3.060950994491577,0.8884120171673819,0.8884120171673819,deeponet_linear,20260921,0.8999999761581421,3,1,000001.SZ,depth,unseen_q
20260506,0,0.5999549031257629,3.542031764984131,2.9276528358459473,0.8469387755102041,0.8469387755102041,deeponet_linear,20260921,0.8999999761581421,9,1,000001.SZ,depth,unseen_q
20260506,1,0.5040393471717834,2.2427611351013184,1.5433529615402222,0.6896551724137931,0.6896551724137931,deeponet_linear,20260921,0.8999999761581421,9,1,000001.SZ,depth,unseen_q
20260507,0,0.7699577212333679,2.4870927333831787,1.183971881866455,0.6266094420600858,0.6266094420600858,deeponet_linear,20260921,0.8999999761581421,9,1,000001.SZ,depth,unseen_q
20260507,1,0.5001926422119141,2.6188461780548096,2.023076057434082,0.8154506437768241,0.8154506437768241,deeponet_linear,20260921,0.8999999761581421,9,1,000001.SZ,depth,unseen_q
20260508,0,0.6600412726402283,2.5243353843688965,1.5053162574768066,0.6946902654867256,0.6946902654867256,deeponet_linear,20260921,0.8999999761581421,9,1,000001.SZ,depth,unseen_q
20260508,1,0.8161259889602661,2.0292606353759766,0.4962606132030487,0.5726872246696035,0.5726872246696035,deeponet_linear,20260921,0.8999999761581421,9,1,000001.SZ,depth,unseen_q
20260511,0,0.7937091588973999,2.630293369293213,1.3035938739776611,0.6434782608695652,0.6434782608695652,deeponet_linear,20260921,0.8999999761581421,9,1,000001.SZ,depth,unseen_q
20260511,1,0.6660330295562744,2.8740854263305664,1.927524447441101,0.6939655172413793,0.6939655172413793,deeponet_linear,20260921,0.8999999761581421,9,1,000001.SZ,depth,unseen_q
20260512,0,0.7415086030960083,2.500802516937256,1.2722316980361938,0.7074235807860262,0.7074235807860262,deeponet_linear,20260921,0.8999999761581421,9,1,000001.SZ,depth,unseen_q
20260512,1,0.7070155739784241,2.294546127319336,1.1006436347961426,0.6434782608695652,0.6434782608695652,deeponet_linear,20260921,0.8999999761581421,9,1,000001.SZ,depth,unseen_q
20260513,0,0.44743549823760986,2.3582444190979004,1.8292169570922852,0.7887931034482759,0.7887931034482759,deeponet_linear,20260921,0.8999999761581421,9,1,000001.SZ,depth,unseen_q
20260513,1,0.5618107318878174,1.7742278575897217,0.8132578730583191,0.6351931330472103,0.6351931330472103,deeponet_linear,20260921,0.8999999761581421,9,1,000001.SZ,depth,unseen_q
20260514,0,0.6828223466873169,2.427513837814331,1.327336311340332,0.645021645021645,0.645021645021645,deeponet_linear,20260921,0.8999999761581421,9,1,000001.SZ,depth,unseen_q
20260514,1,0.6487268209457397,2.306220769882202,1.260959267616272,0.7445887445887446,0.7445887445887446,deeponet_linear,20260921,0.8999999761581421,9,1,000001.SZ,depth,unseen_q
20260515,0,0.5204460620880127,3.0182912349700928,2.4717490673065186,0.8325991189427313,0.8325991189427313,deeponet_linear,20260921,0.8999999761581421,9,1,000001.SZ,depth,unseen_q
20260515,1,0.5713328719139099,2.5265791416168213,1.7298918962478638,0.7939914163090128,0.7939914163090128,deeponet_linear,20260921,0.8999999761581421,9,1,000001.SZ,depth,unseen_q
20260518,0,0.4967871904373169,3.2099430561065674,2.770461082458496,0.8277511961722488,0.8277511961722488,deeponet_linear,20260921,0.8999999761581421,9,1,000001.SZ,depth,unseen_q
20260518,1,0.5197827816009521,2.4357681274414062,1.745253562927246,0.7682403433476395,0.7682403433476395,deeponet_linear,20260921,0.8999999761581421,9,1,000001.SZ,depth,unseen_q
20260519,0,0.4954971373081207,3.5017731189727783,3.1384739875793457,0.9264069264069265,0.9264069264069265,deeponet_linear,20260921,0.8999999761581421,9,1,000001.SZ,depth,unseen_q
20260519,1,0.49048641324043274,2.5781636238098145,1.9964886903762817,0.7586206896551724,0.7586206896551724,deeponet_linear,20260921,0.8999999761581421,9,1,000001.SZ,depth,unseen_q
20260520,0,0.48466500639915466,2.9573135375976562,2.4849798679351807,0.8577777777777778,0.8577777777777778,deeponet_linear,20260921,0.8999999761581421,9,1,000001.SZ,depth,unseen_q
20260520,1,0.5122289657592773,2.3009896278381348,1.595664620399475,0.7565217391304347,0.7565217391304347,deeponet_linear,20260921,0.8999999761581421,9,1,000001.SZ,depth,unseen_q
20260521,0,0.47367188334465027,3.14699387550354,2.749562978744507,0.8620689655172413,0.8620689655172413,deeponet_linear,20260921,0.8999999761581421,9,1,000001.SZ,depth,unseen_q
20260521,1,0.6005874872207642,2.442110538482666,1.551169514656067,0.7253218884120172,0.7253218884120172,deeponet_linear,20260921,0.8999999761581421,9,1,000001.SZ,depth,unseen_q
20260522,0,0.5306788682937622,3.8179633617401123,3.4457571506500244,0.8268398268398268,0.8268398268398268,deeponet_linear,20260921,0.8999999761581421,9,1,000001.SZ,depth,unseen_q
20260522,1,0.4189077317714691,2.4376370906829834,1.9997769594192505,0.8369098712446352,0.8369098712446352,deeponet_linear,20260921,0.8999999761581421,9,1,000001.SZ,depth,unseen_q
20260525,0,0.614858865737915,2.6701810359954834,1.800579309463501,0.6826086956521739,0.6826086956521739,deeponet_linear,20260921,0.8999999761581421,9,1,000001.SZ,depth,unseen_q
20260525,1,0.4303669333457947,2.4665513038635254,2.0072720050811768,0.8268398268398268,0.8268398268398268,deeponet_linear,20260921,0.8999999761581421,9,1,000001.SZ,depth,unseen_q
20260526,0,0.5329734086990356,2.856585741043091,2.2382991313934326,0.8146551724137931,0.8146551724137931,deeponet_linear,20260921,0.8999999761581421,9,1,000001.SZ,depth,unseen_q
20260526,1,0.49855560064315796,2.637927770614624,2.051020860671997,0.7456896551724138,0.7456896551724138,deeponet_linear,20260921,0.8999999761581421,9,1,000001.SZ,depth,unseen_q
20260528,0,0.4887339472770691,3.357038736343384,2.97446346282959,0.8874458874458875,0.8874458874458875,deeponet_linear,20260921,0.8999999761581421,9,1,000001.SZ,depth,unseen_q
20260528,1,0.38420575857162476,2.2192935943603516,1.8136026859283447,0.8154506437768241,0.8154506437768241,deeponet_linear,20260921,0.8999999761581421,9,1,000001.SZ,depth,unseen_q
20260529,0,0.48950669169425964,2.6426031589508057,2.0794873237609863,0.7586206896551724,0.7586206896551724,deeponet_linear,20260921,0.8999999761581421,9,1,000001.SZ,depth,unseen_q
20260529,1,0.5717290639877319,3.785254716873169,3.302245855331421,0.8669527896995708,0.8669527896995708,deeponet_linear,20260921,0.8999999761581421,9,1,000001.SZ,depth,unseen_q
20260506,0,0.7197040915489197,4.198142051696777,3.4484174251556396,0.8622448979591837,0.8622448979591837,deeponet_linear,20260921,0.8999999761581421,30,1,000001.SZ,depth,unseen_q
20260506,1,0.7249261736869812,2.6570231914520264,1.5089633464813232,0.7068965517241379,0.7068965517241379,deeponet_linear,20260921,0.8999999761581421,30,1,000001.SZ,depth,unseen_q
20260507,0,0.8869404196739197,2.9600443840026855,1.4827046394348145,0.6351931330472103,0.6351931330472103,deeponet_linear,20260921,0.8999999761581421,30,1,000001.SZ,depth,unseen_q
20260507,1,0.7764674425125122,3.125046968460083,1.9651399850845337,0.8283261802575107,0.8283261802575107,deeponet_linear,20260921,0.8999999761581421,30,1,000001.SZ,depth,unseen_q
20260508,0,0.8101059198379517,2.86226487159729,1.552566409111023,0.6504424778761062,0.6504424778761062,deeponet_linear,20260921,0.8999999761581421,30,1,000001.SZ,depth,unseen_q
20260508,1,1.0681698322296143,2.803870677947998,0.8344138264656067,0.6035242290748899,0.6035242290748899,deeponet_linear,20260921,0.8999999761581421,30,1,000001.SZ,depth,unseen_q
20260511,0,0.9156396985054016,3.5480563640594482,2.1459712982177734,0.7086956521739131,0.7086956521739131,deeponet_linear,20260921,0.8999999761581421,30,1,000001.SZ,depth,unseen_q
20260511,1,0.9194654226303101,3.2836754322052,1.805930733680725,0.6853448275862069,0.6853448275862069,deeponet_linear,20260921,0.8999999761581421,30,1,000001.SZ,depth,unseen_q
20260512,0,0.8626720309257507,2.963374137878418,1.5475376844406128,0.7336244541484717,0.7336244541484717,deeponet_linear,20260921,0.8999999761581421,30,1,000001.SZ,depth,unseen_q
20260512,1,0.7073483467102051,2.6597471237182617,1.556313157081604,0.6826086956521739,0.6826086956521739,deeponet_linear,20260921,0.8999999761581421,30,1,000001.SZ,depth,unseen_q
20260513,0,0.6092882752418518,2.712307929992676,1.8671643733978271,0.7586206896551724,0.7586206896551724,deeponet_linear,20260921,0.8999999761581421,30,1,000001.SZ,depth,unseen_q
20260513,1,0.6704631447792053,2.1532068252563477,1.0153509378433228,0.648068669527897,0.648068669527897,deeponet_linear,20260921,0.8999999761581421,30,1,000001.SZ,depth,unseen_q
20260514,0,0.9712148308753967,3.4427523612976074,1.8754035234451294,0.696969696969697,0.696969696969697,deeponet_linear,20260921,0.8999999761581421,30,1,000001.SZ,depth,unseen_q
20260514,1,0.908112645149231,2.9532415866851807,1.4212706089019775,0.6883116883116883,0.6883116883116883,deeponet_linear,20260921,0.8999999761581421,30,1,000001.SZ,depth,unseen_q
20260515,0,0.7400568723678589,3.582272529602051,2.6276986598968506,0.8061674008810573,0.8061674008810573,deeponet_linear,20260921,0.8999999761581421,30,1,000001.SZ,depth,unseen_q
20260515,1,0.6778002977371216,3.035527229309082,2.0999081134796143,0.7811158798283262,0.7811158798283262,deeponet_linear,20260921,0.8999999761581421,30,1,000001.SZ,depth,unseen_q
20260518,0,0.7006574273109436,3.822540044784546,3.02653169631958,0.784688995215311,0.784688995215311,deeponet_linear,20260921,0.8999999761581421,30,1,000001.SZ,depth,unseen_q
20260518,1,0.6628262400627136,3.071431875228882,2.1822245121002197,0.7725321888412017,0.7725321888412017,deeponet_linear,20260921,0.8999999761581421,30,1,000001.SZ,depth,unseen_q
20260519,0,0.6554359197616577,4.404901027679443,3.867536783218384,0.8874458874458875,0.8874458874458875,deeponet_linear,20260921,0.8999999761581421,30,1,000001.SZ,depth,unseen_q
20260519,1,0.6572945713996887,2.7670435905456543,1.815568208694458,0.6982758620689655,0.6982758620689655,deeponet_linear,20260921,0.8999999761581421,30,1,000001.SZ,depth,unseen_q
20260520,0,0.5466085076332092,3.445915460586548,2.940873384475708,0.8577777777777778,0.8577777777777778,deeponet_linear,20260921,0.8999999761581421,30,1,000001.SZ,depth,unseen_q
20260520,1,0.6830686926841736,2.833956718444824,1.8347742557525635,0.7391304347826086,0.7391304347826086,deeponet_linear,20260921,0.8999999761581421,30,1,000001.SZ,depth,unseen_q
20260521,0,0.66844242811203,3.8381803035736084,3.126619338989258,0.8318965517241379,0.8318965517241379,deeponet_linear,20260921,0.8999999761581421,30,1,000001.SZ,depth,unseen_q
20260521,1,0.7108998894691467,2.87092661857605,1.8114087581634521,0.7296137339055794,0.7296137339055794,deeponet_linear,20260921,0.8999999761581421,30,1,000001.SZ,depth,unseen_q
20260522,0,0.6721393465995789,4.5026655197143555,3.947983741760254,0.8354978354978355,0.8354978354978355,deeponet_linear,20260921,0.8999999761581421,30,1,000001.SZ,depth,unseen_q
20260522,1,0.6377713084220886,3.0260658264160156,2.188154458999634,0.776824034334764,0.776824034334764,deeponet_linear,20260921,0.8999999761581421,30,1,000001.SZ,depth,unseen_q
20260525,0,0.8278443813323975,3.1968400478363037,1.9264392852783203,0.7043478260869566,0.7043478260869566,deeponet_linear,20260921,0.8999999761581421,30,1,000001.SZ,depth,unseen_q
20260525,1,0.4869266152381897,3.0511362552642822,2.596604108810425,0.8528138528138528,0.8528138528138528,deeponet_linear,20260921,0.8999999761581421,30,1,000001.SZ,depth,unseen_q
20260526,0,0.7466184496879578,3.7026851177215576,2.761810541152954,0.7887931034482759,0.7887931034482759,deeponet_linear,20260921,0.8999999761581421,30,1,000001.SZ,depth,unseen_q
20260526,1,0.7444502115249634,3.310591220855713,2.277113914489746,0.7456896551724138,0.7456896551724138,deeponet_linear,20260921,0.8999999761581421,30,1,000001.SZ,depth,unseen_q
20260528,0,0.5891993641853333,3.916614532470703,3.4227700233459473,0.8744588744588745,0.8744588744588745,deeponet_linear,20260921,0.8999999761581421,30,1,000001.SZ,depth,unseen_q
20260528,1,0.6033975481987,2.7245588302612305,1.8972045183181763,0.8154506437768241,0.8154506437768241,deeponet_linear,20260921,0.8999999761581421,30,1,000001.SZ,depth,unseen_q
20260529,0,0.7229532599449158,3.562263011932373,2.6454458236694336,0.7844827586206896,0.7844827586206896,deeponet_linear,20260921,0.8999999761581421,30,1,000001.SZ,depth,unseen_q
20260529,1,0.8167722225189209,4.368151664733887,3.4182591438293457,0.8111587982832618,0.8111587982832618,deeponet_linear,20260921,0.8999999761581421,30,1,000001.SZ,depth,unseen_q
20260506,0,0.22584713995456696,0.4516942799091339,0.018379077315330505,0.30612244897959184,0.40816326530612246,deeponet_residual_linear,20260921,0.5,3,1,000001.SZ,depth,unseen_q
20260506,1,0.3010883629322052,0.6021767258644104,-0.1064770296216011,0.4267241379310345,0.4956896551724138,deeponet_residual_linear,20260921,0.5,3,1,000001.SZ,depth,unseen_q
20260507,0,0.33143413066864014,0.6628682613372803,0.022539405152201653,0.3605150214592275,0.3605150214592275,deeponet_residual_linear,20260921,0.5,3,1,000001.SZ,depth,unseen_q
20260507,1,0.2899371087551117,0.5798742175102234,-0.07374788820743561,0.351931330472103,0.5150214592274678,deeponet_residual_linear,20260921,0.5,3,1,000001.SZ,depth,unseen_q
20260508,0,0.35380586981773376,0.7076117396354675,-0.024676058441400528,0.3053097345132743,0.3805309734513274,deeponet_residual_linear,20260921,0.5,3,1,000001.SZ,depth,unseen_q
20260508,1,0.2752579152584076,0.5505158305168152,-0.16753681004047394,0.2907488986784141,0.3964757709251101,deeponet_residual_linear,20260921,0.5,3,1,000001.SZ,depth,unseen_q
20260511,0,0.3447269797325134,0.6894539594650269,-0.27915215492248535,0.27391304347826084,0.27391304347826084,deeponet_residual_linear,20260921,0.5,3,1,000001.SZ,depth,unseen_q
20260511,1,0.2503814101219177,0.5007628202438354,0.05080055817961693,0.3879310344827586,0.41379310344827586,deeponet_residual_linear,20260921,0.5,3,1,000001.SZ,depth,unseen_q
20260512,0,0.37254053354263306,0.7450810670852661,-0.12106373906135559,0.314410480349345,0.3406113537117904,deeponet_residual_linear,20260921,0.5,3,1,000001.SZ,depth,unseen_q
20260512,1,0.2809189558029175,0.561837911605835,-0.13104291260242462,0.36086956521739133,0.5391304347826087,deeponet_residual_linear,20260921,0.5,3,1,000001.SZ,depth,unseen_q
20260513,0,0.27412790060043335,0.5482558012008667,0.06000301614403725,0.47844827586206895,0.5086206896551724,deeponet_residual_linear,20260921,0.5,3,1,000001.SZ,depth,unseen_q
20260513,1,0.14849023520946503,0.29698047041893005,-0.03503699228167534,0.4678111587982833,0.6437768240343348,deeponet_residual_linear,20260921,0.5,3,1,000001.SZ,depth,unseen_q
20260514,0,0.2938053607940674,0.5876107215881348,0.03804792836308479,0.30303030303030304,0.30303030303030304,deeponet_residual_linear,20260921,0.5,3,1,000001.SZ,depth,unseen_q
20260514,1,0.27887725830078125,0.5577545166015625,-0.1293182075023651,0.3593073593073593,0.4935064935064935,deeponet_residual_linear,20260921,0.5,3,1,000001.SZ,depth,unseen_q
20260515,0,0.5442080497741699,1.0884160995483398,-0.20233283936977386,0.3524229074889868,0.3700440528634361,deeponet_residual_linear,20260921,0.5,3,1,000001.SZ,depth,unseen_q
20260515,1,0.37959349155426025,0.7591869831085205,0.059402771294116974,0.3776824034334764,0.6995708154506438,deeponet_residual_linear,20260921,0.5,3,1,000001.SZ,depth,unseen_q
20260518,0,0.25857046246528625,0.5171409249305725,-0.014766352251172066,0.3444976076555024,0.3444976076555024,deeponet_residual_linear,20260921,0.5,3,1,000001.SZ,depth,unseen_q
20260518,1,0.292599081993103,0.585198163986206,-0.14059479534626007,0.30042918454935624,0.51931330472103,deeponet_residual_linear,20260921,0.5,3,1,000001.SZ,depth,unseen_q
20260519,0,0.4098237156867981,0.8196474313735962,0.07606005668640137,0.2943722943722944,0.2943722943722944,deeponet_residual_linear,20260921,0.5,3,1,000001.SZ,depth,unseen_q
20260519,1,0.34055882692337036,0.6811176538467407,-0.02506929263472557,0.30603448275862066,0.5129310344827587,deeponet_residual_linear,20260921,0.5,3,1,000001.SZ,depth,unseen_q
20260520,0,0.24481454491615295,0.4896290898323059,-0.11183028668165207,0.3244444444444444,0.3288888888888889,deeponet_residual_linear,20260921,0.5,3,1,000001.SZ,depth,unseen_q
20260520,1,0.1616188883781433,0.3232377767562866,-0.0022090349812060595,0.34347826086956523,0.5652173913043478,deeponet_residual_linear,20260921,0.5,3,1,000001.SZ,depth,unseen_q
20260521,0,0.331282377243042,0.662564754486084,0.02766205556690693,0.33620689655172414,0.4525862068965517,deeponet_residual_linear,20260921,0.5,3,1,000001.SZ,depth,unseen_q
20260521,1,0.2943706214427948,0.5887412428855896,-0.13067780435085297,0.3948497854077253,0.6394849785407726,deeponet_residual_linear,20260921,0.5,3,1,000001.SZ,depth,unseen_q
20260522,0,0.3680925965309143,0.7361851930618286,0.1884079873561859,0.38095238095238093,0.4155844155844156,deeponet_residual_linear,20260921,0.5,3,1,000001.SZ,depth,unseen_q
20260522,1,0.2746771275997162,0.5493542551994324,-0.21950054168701172,0.26180257510729615,0.5150214592274678,deeponet_residual_linear,20260921,0.5,3,1,000001.SZ,depth,unseen_q
20260525,0,0.26102304458618164,0.5220460891723633,0.05403239652514458,0.3347826086956522,0.34782608695652173,deeponet_residual_linear,20260921,0.5,3,1,000001.SZ,depth,unseen_q
20260525,1,0.29340940713882446,0.5868188142776489,-0.14279577136039734,0.23376623376623376,0.3593073593073593,deeponet_residual_linear,20260921,0.5,3,1,000001.SZ,depth,unseen_q
20260526,0,0.3887963593006134,0.7775927186012268,0.09815213084220886,0.3922413793103448,0.39655172413793105,deeponet_residual_linear,20260921,0.5,3,1,000001.SZ,depth,unseen_q
20260526,1,0.3252006769180298,0.6504013538360596,-0.034126076847314835,0.3706896551724138,0.5301724137931034,deeponet_residual_linear,20260921,0.5,3,1,000001.SZ,depth,unseen_q
20260528,0,0.3162829577922821,0.6325659155845642,0.09620199352502823,0.4069264069264069,0.4199134199134199,deeponet_residual_linear,20260921,0.5,3,1,000001.SZ,depth,unseen_q
20260528,1,0.2706414461135864,0.5412828922271729,-0.02075713686645031,0.3261802575107296,0.6652360515021459,deeponet_residual_linear,20260921,0.5,3,1,000001.SZ,depth,unseen_q
20260529,0,0.3854834735393524,0.7709669470787048,0.23110675811767578,0.41810344827586204,0.603448275862069,deeponet_residual_linear,20260921,0.5,3,1,000001.SZ,depth,unseen_q
20260529,1,0.5521650314331055,1.104330062866211,-0.2469545304775238,0.3605150214592275,0.4034334763948498,deeponet_residual_linear,20260921,0.5,3,1,000001.SZ,depth,unseen_q
20260506,0,0.4721599817276001,0.9443199634552002,0.05417253449559212,0.4744897959183674,0.47959183673469385,deeponet_residual_linear,20260921,0.5,9,1,000001.SZ,depth,unseen_q
20260506,1,0.4590212106704712,0.9180424213409424,-0.03779807314276695,0.5043103448275862,0.5387931034482759,deeponet_residual_linear,20260921,0.5,9,1,000001.SZ,depth,unseen_q
20260507,0,0.6639227867126465,1.327845573425293,-0.18385891616344452,0.44206008583690987,0.44206008583690987,deeponet_residual_linear,20260921,0.5,9,1,000001.SZ,depth,unseen_q
20260507,1,0.5376970767974854,1.0753941535949707,0.07715261727571487,0.36909871244635195,0.5064377682403434,deeponet_residual_linear,20260921,0.5,9,1,000001.SZ,depth,unseen_q
20260508,0,0.5908569693565369,1.1817139387130737,0.012125096283853054,0.415929203539823,0.48672566371681414,deeponet_residual_linear,20260921,0.5,9,1,000001.SZ,depth,unseen_q
20260508,1,0.5586470365524292,1.1172940731048584,-0.4414769113063812,0.42290748898678415,0.4581497797356828,deeponet_residual_linear,20260921,0.5,9,1,000001.SZ,depth,unseen_q
20260511,0,0.5615233778953552,1.1230467557907104,-0.5592549443244934,0.3739130434782609,0.3739130434782609,deeponet_residual_linear,20260921,0.5,9,1,000001.SZ,depth,unseen_q
20260511,1,0.5375160574913025,1.075032114982605,0.08622372895479202,0.4353448275862069,0.45689655172413796,deeponet_residual_linear,20260921,0.5,9,1,000001.SZ,depth,unseen_q
20260512,0,0.7516676783561707,1.5033353567123413,-0.24339313805103302,0.4497816593886463,0.45414847161572053,deeponet_residual_linear,20260921,0.5,9,1,000001.SZ,depth,unseen_q
20260512,1,0.5349171161651611,1.0698342323303223,-0.18414826691150665,0.5565217391304348,0.6173913043478261,deeponet_residual_linear,20260921,0.5,9,1,000001.SZ,depth,unseen_q
20260513,0,0.5430482625961304,1.0860965251922607,-0.07705822587013245,0.5517241379310345,0.5689655172413793,deeponet_residual_linear,20260921,0.5,9,1,000001.SZ,depth,unseen_q
20260513,1,0.34111496806144714,0.6822299361228943,0.07322469353675842,0.6351931330472103,0.6781115879828327,deeponet_residual_linear,20260921,0.5,9,1,000001.SZ,depth,unseen_q
20260514,0,0.5373021364212036,1.0746042728424072,0.02959170565009117,0.41125541125541126,0.41125541125541126,deeponet_residual_linear,20260921,0.5,9,1,000001.SZ,depth,unseen_q
20260514,1,0.5508845448493958,1.1017690896987915,-0.24166899919509888,0.4155844155844156,0.4675324675324675,deeponet_residual_linear,20260921,0.5,9,1,000001.SZ,depth,unseen_q
20260515,0,0.7281627655029297,1.4563255310058594,-0.2805165946483612,0.44052863436123346,0.44052863436123346,deeponet_residual_linear,20260921,0.5,9,1,000001.SZ,depth,unseen_q
20260515,1,0.46624332666397095,0.9324866533279419,0.023223986849188805,0.5879828326180258,0.7253218884120172,deeponet_residual_linear,20260921,0.5,9,1,000001.SZ,depth,unseen_q
20260518,0,0.5105924606323242,1.0211849212646484,-0.0893329605460167,0.47368421052631576,0.47368421052631576,deeponet_residual_linear,20260921,0.5,9,1,000001.SZ,depth,unseen_q
20260518,1,0.4477734863758087,0.8955469727516174,-0.15828512609004974,0.4892703862660944,0.5708154506437768,deeponet_residual_linear,20260921,0.5,9,1,000001.SZ,depth,unseen_q
20260519,0,0.6184991002082825,1.236998200416565,-0.266292005777359,0.39826839826839827,0.39826839826839827,deeponet_residual_linear,20260921,0.5,9,1,000001.SZ,depth,unseen_q
20260519,1,0.5905407667160034,1.1810815334320068,0.11338506639003754,0.47844827586206895,0.5689655172413793,deeponet_residual_linear,20260921,0.5,9,1,000001.SZ,depth,unseen_q
20260520,0,0.620644748210907,1.241289496421814,-0.11777900904417038,0.4088888888888889,0.4088888888888889,deeponet_residual_linear,20260921,0.5,9,1,000001.SZ,depth,unseen_q
20260520,1,0.5372321009635925,1.074464201927185,-0.1661882996559143,0.508695652173913,0.6347826086956522,deeponet_residual_linear,20260921,0.5,9,1,000001.SZ,depth,unseen_q
20260521,0,0.6145629286766052,1.2291258573532104,0.08938198536634445,0.4051724137931034,0.49137931034482757,deeponet_residual_linear,20260921,0.5,9,1,000001.SZ,depth,unseen_q
20260521,1,0.4816196858882904,0.9632393717765808,-0.2709302306175232,0.48068669527896996,0.6394849785407726,deeponet_residual_linear,20260921,0.5,9,1,000001.SZ,depth,unseen_q
20260522,0,0.609481692314148,1.218963384628296,0.11040540784597397,0.4935064935064935,0.5281385281385281,deeponet_residual_linear,20260921,0.5,9,1,000001.SZ,depth,unseen_q
20260522,1,0.5607241988182068,1.1214483976364136,-0.21981213986873627,0.2875536480686695,0.4978540772532189,deeponet_residual_linear,20260921,0.5,9,1,000001.SZ,depth,unseen_q
20260525,0,0.4870564639568329,0.9741129279136658,-0.02623666450381279,0.4652173913043478,0.4652173913043478,deeponet_residual_linear,20260921,0.5,9,1,000001.SZ,depth,unseen_q
20260525,1,0.4892905652523041,0.9785811305046082,-0.22294315695762634,0.4199134199134199,0.45021645021645024,deeponet_residual_linear,20260921,0.5,9,1,000001.SZ,depth,unseen_q
20260526,0,0.6737778782844543,1.3475557565689087,-0.3708813786506653,0.4267241379310345,0.4267241379310345,deeponet_residual_linear,20260921,0.5,9,1,000001.SZ,depth,unseen_q
20260526,1,0.5886394381523132,1.1772788763046265,0.06351123005151749,0.47844827586206895,0.5775862068965517,deeponet_residual_linear,20260921,0.5,9,1,000001.SZ,depth,unseen_q
20260528,0,0.6023999452590942,1.2047998905181885,-0.07393128424882889,0.5281385281385281,0.5281385281385281,deeponet_residual_linear,20260921,0.5,9,1,000001.SZ,depth,unseen_q
20260528,1,0.3885948657989502,0.7771897315979004,0.04076609015464783,0.5665236051502146,0.6781115879828327,deeponet_residual_linear,20260921,0.5,9,1,000001.SZ,depth,unseen_q
20260529,0,0.6345696449279785,1.269139289855957,0.025346342474222183,0.4956896551724138,0.603448275862069,deeponet_residual_linear,20260921,0.5,9,1,000001.SZ,depth,unseen_q
20260529,1,0.8568476438522339,1.7136952877044678,-0.22233782708644867,0.5064377682403434,0.5150214592274678,deeponet_residual_linear,20260921,0.5,9,1,000001.SZ,depth,unseen_q
20260506,0,0.7923300862312317,1.5846601724624634,0.21160738170146942,0.5816326530612245,0.5816326530612245,deeponet_residual_linear,20260921,0.5,30,1,000001.SZ,depth,unseen_q
20260506,1,0.8049122095108032,1.6098244190216064,-0.4125756025314331,0.5517241379310345,0.5517241379310345,deeponet_residual_linear,20260921,0.5,30,1,000001.SZ,depth,unseen_q
20260507,0,1.0041075944900513,2.0082151889801025,-0.3072308897972107,0.5064377682403434,0.5064377682403434,deeponet_residual_linear,20260921,0.5,30,1,000001.SZ,depth,unseen_q
20260507,1,0.9365425705909729,1.8730851411819458,-0.385113388299942,0.5321888412017167,0.5321888412017167,deeponet_residual_linear,20260921,0.5,30,1,000001.SZ,depth,unseen_q
20260508,0,0.9768280386924744,1.9536560773849487,-0.2598457932472229,0.4823008849557522,0.4823008849557522,deeponet_residual_linear,20260921,0.5,30,1,000001.SZ,depth,unseen_q
20260508,1,1.0143181085586548,2.0286362171173096,-0.43659278750419617,0.5330396475770925,0.5330396475770925,deeponet_residual_linear,20260921,0.5,30,1,000001.SZ,depth,unseen_q
20260511,0,1.1732827425003052,2.3465654850006104,-0.2143055647611618,0.4608695652173913,0.4608695652173913,deeponet_residual_linear,20260921,0.5,30,1,000001.SZ,depth,unseen_q
20260511,1,1.1713439226150513,2.3426878452301025,-0.472609281539917,0.46120689655172414,0.46120689655172414,deeponet_residual_linear,20260921,0.5,30,1,000001.SZ,depth,unseen_q
20260512,0,1.1094725131988525,2.218945026397705,-0.3196066915988922,0.4890829694323144,0.4890829694323144,deeponet_residual_linear,20260921,0.5,30,1,000001.SZ,depth,unseen_q
20260512,1,0.8953235149383545,1.790647029876709,-0.08149754256010056,0.5434782608695652,0.5434782608695652,deeponet_residual_linear,20260921,0.5,30,1,000001.SZ,depth,unseen_q
20260513,0,1.0736664533615112,2.1473329067230225,-0.3528735935688019,0.49137931034482757,0.49137931034482757,deeponet_residual_linear,20260921,0.5,30,1,000001.SZ,depth,unseen_q
20260513,1,0.6989578008651733,1.3979156017303467,0.059384722262620926,0.630901287553648,0.6351931330472103,deeponet_residual_linear,20260921,0.5,30,1,000001.SZ,depth,unseen_q
20260514,0,1.1313834190368652,2.2627668380737305,0.1556878685951233,0.5281385281385281,0.5281385281385281,deeponet_residual_linear,20260921,0.5,30,1,000001.SZ,depth,unseen_q
20260514,1,1.0214390754699707,2.0428781509399414,-0.4665101170539856,0.45021645021645024,0.45021645021645024,deeponet_residual_linear,20260921,0.5,30,1,000001.SZ,depth,unseen_q
20260515,0,1.062788724899292,2.125577449798584,-0.5015046000480652,0.47577092511013214,0.47577092511013214,deeponet_residual_linear,20260921,0.5,30,1,000001.SZ,depth,unseen_q
20260515,1,0.7423359751701355,1.484671950340271,0.06139371171593666,0.703862660944206,0.7253218884120172,deeponet_residual_linear,20260921,0.5,30,1,000001.SZ,depth,unseen_q
20260518,0,0.9683477878570557,1.9366955757141113,-0.2783440053462982,0.41148325358851673,0.41148325358851673,deeponet_residual_linear,20260921,0.5,30,1,000001.SZ,depth,unseen_q
20260518,1,0.7680937647819519,1.5361875295639038,-0.1363336592912674,0.630901287553648,0.630901287553648,deeponet_residual_linear,20260921,0.5,30,1,000001.SZ,depth,unseen_q
20260519,0,0.8926888704299927,1.7853777408599854,-0.11664916574954987,0.4675324675324675,0.4675324675324675,deeponet_residual_linear,20260921,0.5,30,1,000001.SZ,depth,unseen_q
20260519,1,0.8314641118049622,1.6629282236099243,-0.46636906266212463,0.5,0.5,deeponet_residual_linear,20260921,0.5,30,1,000001.SZ,depth,unseen_q
20260520,0,0.9771122932434082,1.9542245864868164,-0.11441907286643982,0.5066666666666667,0.5066666666666667,deeponet_residual_linear,20260921,0.5,30,1,000001.SZ,depth,unseen_q
20260520,1,0.874750554561615,1.74950110912323,-0.3085595369338989,0.6391304347826087,0.6391304347826087,deeponet_residual_linear,20260921,0.5,30,1,000001.SZ,depth,unseen_q
20260521,0,1.0618596076965332,2.1237192153930664,0.09947581589221954,0.5387931034482759,0.5387931034482759,deeponet_residual_linear,20260921,0.5,30,1,000001.SZ,depth,unseen_q
20260521,1,0.8856381773948669,1.7712763547897339,-0.3363330364227295,0.6008583690987125,0.6051502145922747,deeponet_residual_linear,20260921,0.5,30,1,000001.SZ,depth,unseen_q
20260522,0,1.0662333965301514,2.1324667930603027,0.11070390045642853,0.5541125541125541,0.5541125541125541,deeponet_residual_linear,20260921,0.5,30,1,000001.SZ,depth,unseen_q
20260522,1,0.922619640827179,1.845239281654358,-0.4217510521411896,0.5021459227467812,0.5107296137339056,deeponet_residual_linear,20260921,0.5,30,1,000001.SZ,depth,unseen_q
20260525,0,0.8860016465187073,1.7720032930374146,-0.316162109375,0.49130434782608695,0.49130434782608695,deeponet_residual_linear,20260921,0.5,30,1,000001.SZ,depth,unseen_q
20260525,1,0.7775784730911255,1.555156946182251,-0.04525782912969589,0.5497835497835498,0.5497835497835498,deeponet_residual_linear,20260921,0.5,30,1,000001.SZ,depth,unseen_q
20260526,0,1.2058323621749878,2.4116647243499756,-0.28524333238601685,0.4698275862068966,0.4698275862068966,deeponet_residual_linear,20260921,0.5,30,1,000001.SZ,depth,unseen_q
20260526,1,1.0585922002792358,2.1171844005584717,-0.093598373234272,0.5905172413793104,0.5948275862068966,deeponet_residual_linear,20260921,0.5,30,1,000001.SZ,depth,unseen_q
20260528,0,0.9786706566810608,1.9573413133621216,-0.01533177588135004,0.5281385281385281,0.5281385281385281,deeponet_residual_linear,20260921,0.5,30,1,000001.SZ,depth,unseen_q
20260528,1,0.789850652217865,1.57970130443573,-0.18003496527671814,0.6566523605150214,0.6566523605150214,deeponet_residual_linear,20260921,0.5,30,1,000001.SZ,depth,unseen_q
20260529,0,1.0688846111297607,2.1377692222595215,0.19036543369293213,0.625,0.6293103448275862,deeponet_residual_linear,20260921,0.5,30,1,000001.SZ,depth,unseen_q
20260529,1,1.4761180877685547,2.9522361755371094,-0.6063665747642517,0.4721030042918455,0.4721030042918455,deeponet_residual_linear,20260921,0.5,30,1,000001.SZ,depth,unseen_q
20260506,0,0.2635605037212372,1.973115086555481,1.8074926137924194,0.9744897959183674,0.9744897959183674,deeponet_residual_linear,20260921,0.8999999761581421,3,1,000001.SZ,depth,unseen_q
20260506,1,0.24826301634311676,1.7054961919784546,1.5112128257751465,0.9655172413793104,0.9655172413793104,deeponet_residual_linear,20260921,0.8999999761581421,3,1,000001.SZ,depth,unseen_q
20260507,0,0.2568923532962799,2.1465539932250977,2.040961742401123,0.9527896995708155,0.9527896995708155,deeponet_residual_linear,20260921,0.8999999761581421,3,1,000001.SZ,depth,unseen_q
20260507,1,0.27310460805892944,1.9984369277954102,1.8152847290039062,0.9699570815450643,0.9699570815450643,deeponet_residual_linear,20260921,0.8999999761581421,3,1,000001.SZ,depth,unseen_q
20260508,0,0.2848469018936157,1.7669579982757568,1.4965803623199463,0.9469026548672567,0.9469026548672567,deeponet_residual_linear,20260921,0.8999999761581421,3,1,000001.SZ,depth,unseen_q
20260508,1,0.26488468050956726,1.6621111631393433,1.415427327156067,0.947136563876652,0.947136563876652,deeponet_residual_linear,20260921,0.8999999761581421,3,1,000001.SZ,depth,unseen_q
20260511,0,0.35847315192222595,2.4305014610290527,2.14194393157959,0.9521739130434783,0.9521739130434783,deeponet_residual_linear,20260921,0.8999999761581421,3,1,000001.SZ,depth,unseen_q
20260511,1,0.27409273386001587,2.222715139389038,2.0931622982025146,0.9612068965517241,0.9612068965517241,deeponet_residual_linear,20260921,0.8999999761581421,3,1,000001.SZ,depth,unseen_q
20260512,0,0.32210636138916016,1.9068173170089722,1.5782558917999268,0.9606986899563319,0.9606986899563319,deeponet_residual_linear,20260921,0.8999999761581421,3,1,000001.SZ,depth,unseen_q
20260512,1,0.25918328762054443,1.7657095193862915,1.5591787099838257,0.9304347826086956,0.9304347826086956,deeponet_residual_linear,20260921,0.8999999761581421,3,1,000001.SZ,depth,unseen_q
20260513,0,0.23907771706581116,1.7570791244506836,1.5986547470092773,0.9568965517241379,0.9568965517241379,deeponet_residual_linear,20260921,0.8999999761581421,3,1,000001.SZ,depth,unseen_q
20260513,1,0.1660725623369217,1.1186890602111816,0.9831799268722534,0.9656652360515021,0.9656652360515021,deeponet_residual_linear,20260921,0.8999999761581421,3,1,000001.SZ,depth,unseen_q
20260514,0,0.2859664261341095,2.2324559688568115,2.0756540298461914,0.974025974025974,0.974025974025974,deeponet_residual_linear,20260921,0.8999999761581421,3,1,000001.SZ,depth,unseen_q
20260514,1,0.2754758596420288,1.8887733221054077,1.6722769737243652,0.9567099567099567,0.9567099567099567,deeponet_residual_linear,20260921,0.8999999761581421,3,1,000001.SZ,depth,unseen_q
20260515,0,0.3428047299385071,1.9834450483322144,1.622294545173645,0.8678414096916299,0.8678414096916299,deeponet_residual_linear,20260921,0.8999999761581421,3,1,000001.SZ,depth,unseen_q
20260515,1,0.30990341305732727,1.9365626573562622,1.6459448337554932,0.9656652360515021,0.9656652360515021,deeponet_residual_linear,20260921,0.8999999761581421,3,1,000001.SZ,depth,unseen_q
20260518,0,0.2559644877910614,2.207751750946045,2.119778633117676,0.9760765550239234,0.9760765550239234,deeponet_residual_linear,20260921,0.8999999761581421,3,1,000001.SZ,depth,unseen_q
20260518,1,0.28318849205970764,2.0415165424346924,1.8439244031906128,0.944206008583691,0.944206008583691,deeponet_residual_linear,20260921,0.8999999761581421,3,1,000001.SZ,depth,unseen_q
20260519,0,0.36351460218429565,3.0511233806610107,2.905117988586426,0.9523809523809523,0.9523809523809523,deeponet_residual_linear,20260921,0.8999999761581421,3,1,000001.SZ,depth,unseen_q
20260519,1,0.3031478822231293,2.0546627044677734,1.810458779335022,0.9525862068965517,0.9525862068965517,deeponet_residual_linear,20260921,0.8999999761581421,3,1,000001.SZ,depth,unseen_q
20260520,0,0.281543493270874,2.220905303955078,2.072273015975952,0.9644444444444444,0.9644444444444444,deeponet_residual_linear,20260921,0.8999999761581421,3,1,000001.SZ,depth,unseen_q
20260520,1,0.2002144753932953,1.8346694707870483,1.792800784111023,0.9782608695652174,0.9782608695652174,deeponet_residual_linear,20260921,0.8999999761581421,3,1,000001.SZ,depth,unseen_q
20260521,0,0.2598760724067688,1.9538018703460693,1.7925622463226318,0.9741379310344828,0.9741379310344828,deeponet_residual_linear,20260921,0.8999999761581421,3,1,000001.SZ,depth,unseen_q
20260521,1,0.25584879517555237,1.6369824409484863,1.4066060781478882,0.944206008583691,0.944206008583691,deeponet_residual_linear,20260921,0.8999999761581421,3,1,000001.SZ,depth,unseen_q
20260522,0,0.3034420311450958,2.721750497817993,2.643583297729492,0.974025974025974,0.974025974025974,deeponet_residual_linear,20260921,0.8999999761581421,3,1,000001.SZ,depth,unseen_q
20260522,1,0.24811658263206482,1.752288579940796,1.5700693130493164,0.9527896995708155,0.9527896995708155,deeponet_residual_linear,20260921,0.8999999761581421,3,1,000001.SZ,depth,unseen_q
20260525,0,0.2588736116886139,2.166606903076172,2.061074733734131,0.9782608695652174,0.9782608695652174,deeponet_residual_linear,20260921,0.8999999761581421,3,1,000001.SZ,depth,unseen_q
20260525,1,0.2628800570964813,1.963472843170166,1.7971410751342773,0.9653679653679653,0.9653679653679653,deeponet_residual_linear,20260921,0.8999999761581421,3,1,000001.SZ,depth,unseen_q
20260526,0,0.3124445974826813,2.4053518772125244,2.225578546524048,0.9568965517241379,0.9568965517241379,deeponet_residual_linear,20260921,0.8999999761581421,3,1,000001.SZ,depth,unseen_q
20260526,1,0.331698477268219,2.0774893760681152,1.767615556716919,0.9525862068965517,0.9525862068965517,deeponet_residual_linear,20260921,0.8999999761581421,3,1,000001.SZ,depth,unseen_q
20260528,0,0.2596491575241089,2.117799758911133,1.9981271028518677,0.974025974025974,0.974025974025974,deeponet_residual_linear,20260921,0.8999999761581421,3,1,000001.SZ,depth,unseen_q
20260528,1,0.23628830909729004,1.6103118658065796,1.4221692085266113,0.9613733905579399,0.9613733905579399,deeponet_residual_linear,20260921,0.8999999761581421,3,1,000001.SZ,depth,unseen_q
20260529,0,0.26503732800483704,2.2506253719329834,2.150688409805298,0.9827586206896551,0.9827586206896551,deeponet_residual_linear,20260921,0.8999999761581421,3,1,000001.SZ,depth,unseen_q
20260529,1,0.3912990689277649,2.4813146591186523,2.1233956813812256,0.9098712446351931,0.9098712446351931,deeponet_residual_linear,20260921,0.8999999761581421,3,1,000001.SZ,depth,unseen_q
20260506,0,0.3592682182788849,2.319507598876953,2.001213788986206,0.9438775510204082,0.9438775510204082,deeponet_residual_linear,20260921,0.8999999761581421,9,1,000001.SZ,depth,unseen_q
20260506,1,0.2937585115432739,1.9704256057739258,1.7286359071731567,0.9094827586206896,0.9094827586206896,deeponet_residual_linear,20260921,0.8999999761581421,9,1,000001.SZ,depth,unseen_q
20260507,0,0.4132128357887268,2.4387664794921875,2.0154263973236084,0.8626609442060086,0.8626609442060086,deeponet_residual_linear,20260921,0.8999999761581421,9,1,000001.SZ,depth,unseen_q
20260507,1,0.3538897931575775,2.421989917755127,2.142763137817383,0.9484978540772532,0.9484978540772532,deeponet_residual_linear,20260921,0.8999999761581421,9,1,000001.SZ,depth,unseen_q
20260508,0,0.3996128439903259,2.135939121246338,1.6708920001983643,0.8938053097345132,0.8938053097345132,deeponet_residual_linear,20260921,0.8999999761581421,9,1,000001.SZ,depth,unseen_q
20260508,1,0.4267441928386688,1.883446455001831,1.2874475717544556,0.8722466960352423,0.8722466960352423,deeponet_residual_linear,20260921,0.8999999761581421,9,1,000001.SZ,depth,unseen_q
20260511,0,0.4362623989582062,2.5327999591827393,2.0753440856933594,0.8608695652173913,0.8608695652173913,deeponet_residual_linear,20260921,0.8999999761581421,9,1,000001.SZ,depth,unseen_q
20260511,1,0.38515767455101013,2.6242852210998535,2.317462205886841,0.9224137931034483,0.9224137931034483,deeponet_residual_linear,20260921,0.8999999761581421,9,1,000001.SZ,depth,unseen_q
20260512,0,0.49591565132141113,2.277462959289551,1.6070396900177002,0.8777292576419214,0.8777292576419214,deeponet_residual_linear,20260921,0.8999999761581421,9,1,000001.SZ,depth,unseen_q
20260512,1,0.42364147305488586,2.1761634349823,1.6611006259918213,0.9043478260869565,0.9043478260869565,deeponet_residual_linear,20260921,0.8999999761581421,9,1,000001.SZ,depth,unseen_q
20260513,0,0.38358399271965027,2.044813871383667,1.597057580947876,0.8706896551724138,0.8706896551724138,deeponet_residual_linear,20260921,0.8999999761581421,9,1,000001.SZ,depth,unseen_q
20260513,1,0.2635502517223358,1.4759998321533203,1.1861240863800049,0.9227467811158798,0.9227467811158798,deeponet_residual_linear,20260921,0.8999999761581421,9,1,000001.SZ,depth,unseen_q
20260514,0,0.29901745915412903,2.396620750427246,2.248232364654541,0.935064935064935,0.935064935064935,deeponet_residual_linear,20260921,0.8999999761581421,9,1,000001.SZ,depth,unseen_q
20260514,1,0.4428309202194214,2.2677369117736816,1.727594017982483,0.8961038961038961,0.8961038961038961,deeponet_residual_linear,20260921,0.8999999761581421,9,1,000001.SZ,depth,unseen_q
20260515,0,0.4255746603012085,2.215947151184082,1.7059974670410156,0.8546255506607929,0.8546255506607929,deeponet_residual_linear,20260921,0.8999999761581421,9,1,000001.SZ,depth,unseen_q
20260515,1,0.3629777729511261,2.1321117877960205,1.7576953172683716,0.9356223175965666,0.9356223175965666,deeponet_residual_linear,20260921,0.8999999761581421,9,1,000001.SZ,depth,unseen_q
20260518,0,0.35723912715911865,2.5032570362091064,2.235973358154297,0.9425837320574163,0.9425837320574163,deeponet_residual_linear,20260921,0.8999999761581421,9,1,000001.SZ,depth,unseen_q
20260518,1,0.37747111916542053,2.363635301589966,2.010866641998291,0.9141630901287554,0.9141630901287554,deeponet_residual_linear,20260921,0.8999999761581421,9,1,000001.SZ,depth,unseen_q
20260519,0,0.4861484169960022,3.221524238586426,2.8115346431732178,0.922077922077922,0.922077922077922,deeponet_residual_linear,20260921,0.8999999761581421,9,1,000001.SZ,depth,unseen_q
20260519,1,0.34120169281959534,2.382450819015503,2.1250593662261963,0.9094827586206896,0.9094827586206896,deeponet_residual_linear,20260921,0.8999999761581421,9,1,000001.SZ,depth,unseen_q
20260520,0,0.42547541856765747,2.659280300140381,2.2604119777679443,0.9155555555555556,0.9155555555555556,deeponet_residual_linear,20260921,0.8999999761581421,9,1,000001.SZ,depth,unseen_q
20260520,1,0.36514270305633545,2.1676011085510254,1.796644926071167,0.9043478260869565,0.9043478260869565,deeponet_residual_linear,20260921,0.8999999761581421,9,1,000001.SZ,depth,unseen_q
20260521,0,0.3537248969078064,2.3185384273529053,2.0138609409332275,0.9094827586206896,0.9094827586206896,deeponet_residual_linear,20260921,0.8999999761581421,9,1,000001.SZ,depth,unseen_q
20260521,1,0.3277176022529602,1.7846382856369019,1.4115039110183716,0.871244635193133,0.871244635193133,deeponet_residual_linear,20260921,0.8999999761581421,9,1,000001.SZ,depth,unseen_q
20260522,0,0.4411052167415619,3.1073145866394043,2.7813804149627686,0.9307359307359307,0.9307359307359307,deeponet_residual_linear,20260921,0.8999999761581421,9,1,000001.SZ,depth,unseen_q
20260522,1,0.33702540397644043,2.066606044769287,1.740694284439087,0.9098712446351931,0.9098712446351931,deeponet_residual_linear,20260921,0.8999999761581421,9,1,000001.SZ,depth,unseen_q
20260525,0,0.36985495686531067,2.4670963287353516,2.1592328548431396,0.9391304347826087,0.9391304347826087,deeponet_residual_linear,20260921,0.8999999761581421,9,1,000001.SZ,depth,unseen_q
20260525,1,0.3122590184211731,2.14174747467041,1.8965368270874023,0.9307359307359307,0.9307359307359307,deeponet_residual_linear,20260921,0.8999999761581421,9,1,000001.SZ,depth,unseen_q
20260526,0,0.44490253925323486,2.4454634189605713,1.944573163986206,0.8577586206896551,0.8577586206896551,deeponet_residual_linear,20260921,0.8999999761581421,9,1,000001.SZ,depth,unseen_q
20260526,1,0.3567523956298828,2.3407983779907227,2.0341172218322754,0.9181034482758621,0.9181034482758621,deeponet_residual_linear,20260921,0.8999999761581421,9,1,000001.SZ,depth,unseen_q
20260528,0,0.39529889822006226,2.386956214904785,1.995448112487793,0.922077922077922,0.922077922077922,deeponet_residual_linear,20260921,0.8999999761581421,9,1,000001.SZ,depth,unseen_q
20260528,1,0.24867816269397736,1.792555570602417,1.6189990043640137,0.9356223175965666,0.9356223175965666,deeponet_residual_linear,20260921,0.8999999761581421,9,1,000001.SZ,depth,unseen_q
20260529,0,0.4026346802711487,2.5006680488586426,2.119248390197754,0.9181034482758621,0.9181034482758621,deeponet_residual_linear,20260921,0.8999999761581421,9,1,000001.SZ,depth,unseen_q
20260529,1,0.5109360814094543,2.9136245250701904,2.3646905422210693,0.8755364806866953,0.8755364806866953,deeponet_residual_linear,20260921,0.8999999761581421,9,1,000001.SZ,depth,unseen_q
20260506,0,0.5364487171173096,3.090480327606201,2.5219786167144775,0.8877551020408163,0.8877551020408163,deeponet_residual_linear,20260921,0.8999999761581421,30,1,000001.SZ,depth,unseen_q
20260506,1,0.5951118469238281,2.5456206798553467,1.6942464113235474,0.8318965517241379,0.8318965517241379,deeponet_residual_linear,20260921,0.8999999761581421,30,1,000001.SZ,depth,unseen_q
20260507,0,0.5855594873428345,3.0224461555480957,2.3141591548919678,0.8497854077253219,0.8497854077253219,deeponet_residual_linear,20260921,0.8999999761581421,30,1,000001.SZ,depth,unseen_q
20260507,1,0.6419131755828857,2.951687812805176,2.084827184677124,0.8412017167381974,0.8412017167381974,deeponet_residual_linear,20260921,0.8999999761581421,30,1,000001.SZ,depth,unseen_q
20260508,0,0.6586700677871704,2.6918537616729736,1.718142032623291,0.7522123893805309,0.7522123893805309,deeponet_residual_linear,20260921,0.8999999761581421,30,1,000001.SZ,depth,unseen_q
20260508,1,0.7602683305740356,2.821017265319824,1.625600814819336,0.7709251101321586,0.7709251101321586,deeponet_residual_linear,20260921,0.8999999761581421,30,1,000001.SZ,depth,unseen_q
20260511,0,0.63735032081604,3.6088778972625732,2.917721748352051,0.8304347826086956,0.8304347826086956,deeponet_residual_linear,20260921,0.8999999761581421,30,1,000001.SZ,depth,unseen_q
20260511,1,0.6766479015350342,3.1099905967712402,2.195868492126465,0.7974137931034483,0.7974137931034483,deeponet_residual_linear,20260921,0.8999999761581421,30,1,000001.SZ,depth,unseen_q
20260512,0,0.6621152758598328,2.8301069736480713,1.8823456764221191,0.777292576419214,0.777292576419214,deeponet_residual_linear,20260921,0.8999999761581421,30,1,000001.SZ,depth,unseen_q
20260512,1,0.5072394609451294,2.707894802093506,2.116770029067993,0.8434782608695652,0.8434782608695652,deeponet_residual_linear,20260921,0.8999999761581421,30,1,000001.SZ,depth,unseen_q
20260513,0,0.6941303014755249,2.6962642669677734,1.6350048780441284,0.728448275862069,0.728448275862069,deeponet_residual_linear,20260921,0.8999999761581421,30,1,000001.SZ,depth,unseen_q
20260513,1,0.3999600410461426,1.9104937314987183,1.3882172107696533,0.8497854077253219,0.8497854077253219,deeponet_residual_linear,20260921,0.8999999761581421,30,1,000001.SZ,depth,unseen_q
20260514,0,0.6772924065589905,3.5916244983673096,2.796299695968628,0.8311688311688312,0.8311688311688312,deeponet_residual_linear,20260921,0.8999999761581421,30,1,000001.SZ,depth,unseen_q
20260514,1,0.6580706834793091,2.826465368270874,1.8879053592681885,0.7878787878787878,0.7878787878787878,deeponet_residual_linear,20260921,0.8999999761581421,30,1,000001.SZ,depth,unseen_q
20260515,0,0.70439612865448,2.8983497619628906,1.8619470596313477,0.7665198237885462,0.7665198237885462,deeponet_residual_linear,20260921,0.8999999761581421,30,1,000001.SZ,depth,unseen_q
20260515,1,0.5393515825271606,2.780872344970703,2.127711534500122,0.8412017167381974,0.8412017167381974,deeponet_residual_linear,20260921,0.8999999761581421,30,1,000001.SZ,depth,unseen_q
20260518,0,0.5652524828910828,3.1241400241851807,2.49204421043396,0.8325358851674641,0.8325358851674641,deeponet_residual_linear,20260921,0.8999999761581421,30,1,000001.SZ,depth,unseen_q
20260518,1,0.580578625202179,3.11942720413208,2.4478373527526855,0.8755364806866953,0.8755364806866953,deeponet_residual_linear,20260921,0.8999999761581421,30,1,000001.SZ,depth,unseen_q
20260519,0,0.6206489205360413,4.073775768280029,3.540597438812256,0.8658008658008658,0.8658008658008658,deeponet_residual_linear,20260921,0.8999999761581421,30,1,000001.SZ,depth,unseen_q
20260519,1,0.48641690611839294,2.5281448364257812,1.9441388845443726,0.8103448275862069,0.8103448275862069,deeponet_residual_linear,20260921,0.8999999761581421,30,1,000001.SZ,depth,unseen_q
20260520,0,0.5373687744140625,3.247781753540039,2.7163054943084717,0.84,0.84,deeponet_residual_linear,20260921,0.8999999761581421,30,1,000001.SZ,depth,unseen_q
20260520,1,0.5852555632591248,2.79911470413208,2.035754442214966,0.8391304347826087,0.8391304347826087,deeponet_residual_linear,20260921,0.8999999761581421,30,1,000001.SZ,depth,unseen_q
20260521,0,0.6608797311782837,3.2344930171966553,2.3909173011779785,0.8103448275862069,0.8103448275862069,deeponet_residual_linear,20260921,0.8999999761581421,30,1,000001.SZ,depth,unseen_q
20260521,1,0.49863266944885254,2.3346402645111084,1.671718716621399,0.776824034334764,0.776824034334764,deeponet_residual_linear,20260921,0.8999999761581421,30,1,000001.SZ,depth,unseen_q
20260522,0,0.6644457578659058,3.9557769298553467,3.283607006072998,0.8571428571428571,0.8571428571428571,deeponet_residual_linear,20260921,0.8999999761581421,30,1,000001.SZ,depth,unseen_q
20260522,1,0.5407928228378296,2.624842882156372,1.9290717840194702,0.7811158798283262,0.7811158798283262,deeponet_residual_linear,20260921,0.8999999761581421,30,1,000001.SZ,depth,unseen_q
20260525,0,0.5862155556678772,3.000505208969116,2.285092830657959,0.8478260869565217,0.8478260869565217,deeponet_residual_linear,20260921,0.8999999761581421,30,1,000001.SZ,depth,unseen_q
20260525,1,0.4277579188346863,2.8442108631134033,2.4858689308166504,0.8831168831168831,0.8831168831168831,deeponet_residual_linear,20260921,0.8999999761581421,30,1,000001.SZ,depth,unseen_q
20260526,0,0.7352169156074524,3.44490122795105,2.4680845737457275,0.8103448275862069,0.8103448275862069,deeponet_residual_linear,20260921,0.8999999761581421,30,1,000001.SZ,depth,unseen_q
20260526,1,0.6766446232795715,3.1614573001861572,2.2602102756500244,0.8232758620689655,0.8232758620689655,deeponet_residual_linear,20260921,0.8999999761581421,30,1,000001.SZ,depth,unseen_q
20260528,0,0.5890900492668152,3.133183479309082,2.4437546730041504,0.8311688311688312,0.8311688311688312,deeponet_residual_linear,20260921,0.8999999761581421,30,1,000001.SZ,depth,unseen_q
20260528,1,0.5861897468566895,2.5344603061676025,1.7026009559631348,0.8111587982832618,0.8111587982832618,deeponet_residual_linear,20260921,0.8999999761581421,30,1,000001.SZ,depth,unseen_q
20260529,0,0.680289089679718,3.5087437629699707,2.685206890106201,0.8275862068965517,0.8275862068965517,deeponet_residual_linear,20260921,0.8999999761581421,30,1,000001.SZ,depth,unseen_q
20260529,1,0.8504059314727783,3.6853747367858887,2.4807040691375732,0.7854077253218884,0.7854077253218884,deeponet_residual_linear,20260921,0.8999999761581421,30,1,000001.SZ,depth,unseen_q
20260506,0,0.9680272340774536,1.9360544681549072,0.9567290544509888,0.6989795918367347,0.6989795918367347,deeponet_linear,20260922,0.5,3,1,000001.SZ,depth,unseen_q
20260506,1,0.8339614272117615,1.667922854423523,-0.27669402956962585,0.43103448275862066,0.43103448275862066,deeponet_linear,20260922,0.5,3,1,000001.SZ,depth,unseen_q
20260507,0,0.9989887475967407,1.9979774951934814,-0.7808096408843994,0.3218884120171674,0.3218884120171674,deeponet_linear,20260922,0.5,3,1,000001.SZ,depth,unseen_q
20260507,1,0.7532915472984314,1.5065830945968628,-0.17508910596370697,0.5450643776824035,0.5450643776824035,deeponet_linear,20260922,0.5,3,1,000001.SZ,depth,unseen_q
20260508,0,0.8561418056488037,1.7122836112976074,-0.17300590872764587,0.4823008849557522,0.4911504424778761,deeponet_linear,20260922,0.5,3,1,000001.SZ,depth,unseen_q
20260508,1,0.8444930911064148,1.6889861822128296,-0.9457380175590515,0.33480176211453744,0.34801762114537443,deeponet_linear,20260922,0.5,3,1,000001.SZ,depth,unseen_q
20260511,0,0.9497371315956116,1.8994742631912231,-1.022752285003662,0.2826086956521739,0.2826086956521739,deeponet_linear,20260922,0.5,3,1,000001.SZ,depth,unseen_q
20260511,1,0.8907858729362488,1.7815717458724976,-0.3188368082046509,0.44396551724137934,0.44396551724137934,deeponet_linear,20260922,0.5,3,1,000001.SZ,depth,unseen_q
20260512,0,1.0049538612365723,2.0099077224731445,-0.4373336434364319,0.462882096069869,0.462882096069869,deeponet_linear,20260922,0.5,3,1,000001.SZ,depth,unseen_q
20260512,1,1.0368460416793823,2.0736920833587646,-0.6764538288116455,0.43043478260869567,0.43043478260869567,deeponet_linear,20260922,0.5,3,1,000001.SZ,depth,unseen_q
20260513,0,0.6791568398475647,1.3583136796951294,0.3017864227294922,0.5905172413793104,0.5905172413793104,deeponet_linear,20260922,0.5,3,1,000001.SZ,depth,unseen_q
20260513,1,0.6452814936637878,1.2905629873275757,-0.3999558985233307,0.44206008583690987,0.49356223175965663,deeponet_linear,20260922,0.5,3,1,000001.SZ,depth,unseen_q
20260514,0,1.0944852828979492,2.1889705657958984,-0.8570905923843384,0.36363636363636365,0.36363636363636365,deeponet_linear,20260922,0.5,3,1,000001.SZ,depth,unseen_q
20260514,1,0.7137536406517029,1.4275072813034058,-0.5785925388336182,0.38961038961038963,0.4069264069264069,deeponet_linear,20260922,0.5,3,1,000001.SZ,depth,unseen_q
20260515,0,1.1007591485977173,2.2015182971954346,0.5829135775566101,0.6387665198237885,0.6387665198237885,deeponet_linear,20260922,0.5,3,1,000001.SZ,depth,unseen_q
20260515,1,0.801708459854126,1.603416919708252,0.04221722111105919,0.5364806866952789,0.6008583690987125,deeponet_linear,20260922,0.5,3,1,000001.SZ,depth,unseen_q
20260518,0,1.0043563842773438,2.0087127685546875,0.5445594787597656,0.5789473684210527,0.5789473684210527,deeponet_linear,20260922,0.5,3,1,000001.SZ,depth,unseen_q
20260518,1,0.6854528784751892,1.3709057569503784,-0.38948678970336914,0.4892703862660944,0.4892703862660944,deeponet_linear,20260922,0.5,3,1,000001.SZ,depth,unseen_q
20260519,0,0.7543178796768188,1.5086357593536377,0.4292117953300476,0.5887445887445888,0.5887445887445888,deeponet_linear,20260922,0.5,3,1,000001.SZ,depth,unseen_q
20260519,1,0.738214373588562,1.476428747177124,-0.14225807785987854,0.47844827586206895,0.4827586206896552,deeponet_linear,20260922,0.5,3,1,000001.SZ,depth,unseen_q
20260520,0,0.6739017963409424,1.3478035926818848,0.13641077280044556,0.6222222222222222,0.6222222222222222,deeponet_linear,20260922,0.5,3,1,000001.SZ,depth,unseen_q
20260520,1,0.5306791067123413,1.0613582134246826,-0.18998678028583527,0.4608695652173913,0.5826086956521739,deeponet_linear,20260922,0.5,3,1,000001.SZ,depth,unseen_q
20260521,0,0.8542802929878235,1.708560585975647,0.7780225872993469,0.6896551724137931,0.6896551724137931,deeponet_linear,20260922,0.5,3,1,000001.SZ,depth,unseen_q
20260521,1,0.7829588055610657,1.5659176111221313,0.017887528985738754,0.5879828326180258,0.6437768240343348,deeponet_linear,20260922,0.5,3,1,000001.SZ,depth,unseen_q
20260522,0,0.8739694952964783,1.7479389905929565,0.8747785091400146,0.5844155844155844,0.5844155844155844,deeponet_linear,20260922,0.5,3,1,000001.SZ,depth,unseen_q
20260522,1,0.758244514465332,1.516489028930664,0.05143824964761734,0.6223175965665236,0.6223175965665236,deeponet_linear,20260922,0.5,3,1,000001.SZ,depth,unseen_q
20260525,0,0.964198648929596,1.928397297859192,-0.2794044017791748,0.4434782608695652,0.4434782608695652,deeponet_linear,20260922,0.5,3,1,000001.SZ,depth,unseen_q
20260525,1,0.7380871176719666,1.476174235343933,-0.011072744615375996,0.5064935064935064,0.5064935064935064,deeponet_linear,20260922,0.5,3,1,000001.SZ,depth,unseen_q
20260526,0,0.8498276472091675,1.699655294418335,0.4157172441482544,0.6120689655172413,0.6120689655172413,deeponet_linear,20260922,0.5,3,1,000001.SZ,depth,unseen_q
20260526,1,0.8560723662376404,1.7121447324752808,-0.0017060573445633054,0.47413793103448276,0.47413793103448276,deeponet_linear,20260922,0.5,3,1,000001.SZ,depth,unseen_q
20260528,0,0.9476838707923889,1.8953677415847778,1.091286063194275,0.696969696969697,0.696969696969697,deeponet_linear,20260922,0.5,3,1,000001.SZ,depth,unseen_q
20260528,1,0.7481800317764282,1.4963600635528564,0.182047501206398,0.6051502145922747,0.6137339055793991,deeponet_linear,20260922,0.5,3,1,000001.SZ,depth,unseen_q
20260529,0,0.8202623128890991,1.6405246257781982,0.20484107732772827,0.5517241379310345,0.5603448275862069,deeponet_linear,20260922,0.5,3,1,000001.SZ,depth,unseen_q
20260529,1,1.1044895648956299,2.2089791297912598,0.7139439582824707,0.6909871244635193,0.6909871244635193,deeponet_linear,20260922,0.5,3,1,000001.SZ,depth,unseen_q
20260506,0,1.0997549295425415,2.199509859085083,1.0164140462875366,0.7142857142857143,0.7142857142857143,deeponet_linear,20260922,0.5,9,1,000001.SZ,depth,unseen_q
20260506,1,0.8785634636878967,1.7571269273757935,-0.19253553450107574,0.46551724137931033,0.46551724137931033,deeponet_linear,20260922,0.5,9,1,000001.SZ,depth,unseen_q
20260507,0,1.1419463157653809,2.2838926315307617,-0.9450399279594421,0.34763948497854075,0.34763948497854075,deeponet_linear,20260922,0.5,9,1,000001.SZ,depth,unseen_q
20260507,1,0.8747085332870483,1.7494170665740967,0.004634106531739235,0.5407725321888412,0.5579399141630901,deeponet_linear,20260922,0.5,9,1,000001.SZ,depth,unseen_q
20260508,0,0.9830328822135925,1.966065764427185,-0.10378874093294144,0.504424778761062,0.504424778761062,deeponet_linear,20260922,0.5,9,1,000001.SZ,depth,unseen_q
20260508,1,1.0286729335784912,2.0573458671569824,-1.2075961828231812,0.32599118942731276,0.32599118942731276,deeponet_linear,20260922,0.5,9,1,000001.SZ,depth,unseen_q
20260511,0,1.0914589166641235,2.182917833328247,-1.2630834579467773,0.26521739130434785,0.26521739130434785,deeponet_linear,20260922,0.5,9,1,000001.SZ,depth,unseen_q
20260511,1,1.0679558515548706,2.135911703109741,-0.25496500730514526,0.43103448275862066,0.43103448275862066,deeponet_linear,20260922,0.5,9,1,000001.SZ,depth,unseen_q
20260512,0,1.2309017181396484,2.461803436279297,-0.529413640499115,0.4497816593886463,0.4497816593886463,deeponet_linear,20260922,0.5,9,1,000001.SZ,depth,unseen_q
20260512,1,1.1326507329940796,2.265301465988159,-0.7195416688919067,0.43043478260869567,0.43043478260869567,deeponet_linear,20260922,0.5,9,1,000001.SZ,depth,unseen_q
20260513,0,0.8456085920333862,1.6912171840667725,0.18764548003673553,0.5732758620689655,0.5732758620689655,deeponet_linear,20260922,0.5,9,1,000001.SZ,depth,unseen_q
20260513,1,0.7376172542572021,1.4752345085144043,-0.2799578309059143,0.5107296137339056,0.5107296137339056,deeponet_linear,20260922,0.5,9,1,000001.SZ,depth,unseen_q
20260514,0,1.1933926343917847,2.3867852687835693,-0.8277541399002075,0.4069264069264069,0.4069264069264069,deeponet_linear,20260922,0.5,9,1,000001.SZ,depth,unseen_q
20260514,1,0.8990888595581055,1.798177719116211,-0.6661474704742432,0.42857142857142855,0.42857142857142855,deeponet_linear,20260922,0.5,9,1,000001.SZ,depth,unseen_q
20260515,0,1.1636931896209717,2.3273863792419434,0.5359695553779602,0.6387665198237885,0.6387665198237885,deeponet_linear,20260922,0.5,9,1,000001.SZ,depth,unseen_q
20260515,1,0.8734495639801025,1.746899127960205,0.016626965254545212,0.5665236051502146,0.6266094420600858,deeponet_linear,20260922,0.5,9,1,000001.SZ,depth,unseen_q
20260518,0,1.0841484069824219,2.1682968139648438,0.5149069428443909,0.5645933014354066,0.5645933014354066,deeponet_linear,20260922,0.5,9,1,000001.SZ,depth,unseen_q
20260518,1,0.7628942728042603,1.5257885456085205,-0.3910435140132904,0.4678111587982833,0.4678111587982833,deeponet_linear,20260922,0.5,9,1,000001.SZ,depth,unseen_q
20260519,0,0.8586082458496094,1.7172164916992188,0.12540163099765778,0.5930735930735931,0.5930735930735931,deeponet_linear,20260922,0.5,9,1,000001.SZ,depth,unseen_q
20260519,1,0.8530228137969971,1.7060456275939941,0.02886813133955002,0.5043103448275862,0.5043103448275862,deeponet_linear,20260922,0.5,9,1,000001.SZ,depth,unseen_q
20260520,0,0.9296009540557861,1.8592019081115723,0.17090702056884766,0.5866666666666667,0.5866666666666667,deeponet_linear,20260922,0.5,9,1,000001.SZ,depth,unseen_q
20260520,1,0.8060204386711121,1.6120408773422241,-0.3331494629383087,0.4652173913043478,0.5782608695652174,deeponet_linear,20260922,0.5,9,1,000001.SZ,depth,unseen_q
20260521,0,1.0167044401168823,2.0334088802337646,0.8721021413803101,0.6896551724137931,0.6896551724137931,deeponet_linear,20260922,0.5,9,1,000001.SZ,depth,unseen_q
20260521,1,0.889354944229126,1.778709888458252,-0.10729552805423737,0.5965665236051502,0.6223175965665236,deeponet_linear,20260922,0.5,9,1,000001.SZ,depth,unseen_q
20260522,0,1.006568193435669,2.013136386871338,0.8302407264709473,0.5800865800865801,0.5800865800865801,deeponet_linear,20260922,0.5,9,1,000001.SZ,depth,unseen_q
20260522,1,0.9110311269760132,1.8220622539520264,0.08243642002344131,0.6180257510729614,0.6180257510729614,deeponet_linear,20260922,0.5,9,1,000001.SZ,depth,unseen_q
20260525,0,1.0455889701843262,2.0911779403686523,-0.3208819329738617,0.45652173913043476,0.45652173913043476,deeponet_linear,20260922,0.5,9,1,000001.SZ,depth,unseen_q
20260525,1,0.8539655208587646,1.7079310417175293,-0.06518107652664185,0.5194805194805194,0.5194805194805194,deeponet_linear,20260922,0.5,9,1,000001.SZ,depth,unseen_q
20260526,0,1.0112130641937256,2.022426128387451,-0.019145317375659943,0.5258620689655172,0.5258620689655172,deeponet_linear,20260922,0.5,9,1,000001.SZ,depth,unseen_q
20260526,1,0.9918087720870972,1.9836175441741943,0.11947345733642578,0.4870689655172414,0.4870689655172414,deeponet_linear,20260922,0.5,9,1,000001.SZ,depth,unseen_q
20260528,0,1.16580331325531,2.33160662651062,0.9485244154930115,0.6926406926406926,0.6926406926406926,deeponet_linear,20260922,0.5,9,1,000001.SZ,depth,unseen_q
20260528,1,0.7625992298126221,1.5251984596252441,0.25815916061401367,0.6394849785407726,0.6523605150214592,deeponet_linear,20260922,0.5,9,1,000001.SZ,depth,unseen_q
20260529,0,0.9178915619850159,1.8357831239700317,0.04174463450908661,0.5301724137931034,0.5301724137931034,deeponet_linear,20260922,0.5,9,1,000001.SZ,depth,unseen_q
20260529,1,1.2455089092254639,2.4910178184509277,0.7641282081604004,0.6781115879828327,0.6781115879828327,deeponet_linear,20260922,0.5,9,1,000001.SZ,depth,unseen_q
20260506,0,1.2732731103897095,2.546546220779419,1.1853034496307373,0.7346938775510204,0.7346938775510204,deeponet_linear,20260922,0.5,30,1,000001.SZ,depth,unseen_q
20260506,1,1.0595306158065796,2.119061231613159,-0.5537179708480835,0.4482758620689655,0.4482758620689655,deeponet_linear,20260922,0.5,30,1,000001.SZ,depth,unseen_q
20260507,0,1.3711977005004883,2.7423954010009766,-1.0492498874664307,0.3605150214592275,0.3605150214592275,deeponet_linear,20260922,0.5,30,1,000001.SZ,depth,unseen_q
20260507,1,1.150171160697937,2.300342321395874,-0.4339768886566162,0.5450643776824035,0.5536480686695279,deeponet_linear,20260922,0.5,30,1,000001.SZ,depth,unseen_q
20260508,0,1.2089922428131104,2.4179844856262207,-0.3587733805179596,0.4823008849557522,0.4823008849557522,deeponet_linear,20260922,0.5,30,1,000001.SZ,depth,unseen_q
20260508,1,1.2749806642532349,2.5499613285064697,-1.1983622312545776,0.3920704845814978,0.3920704845814978,deeponet_linear,20260922,0.5,30,1,000001.SZ,depth,unseen_q
20260511,0,1.4365144968032837,2.8730289936065674,-0.897584855556488,0.391304347826087,0.391304347826087,deeponet_linear,20260922,0.5,30,1,000001.SZ,depth,unseen_q
20260511,1,1.5018131732940674,3.0036263465881348,-0.7957519888877869,0.4267241379310345,0.4267241379310345,deeponet_linear,20260922,0.5,30,1,000001.SZ,depth,unseen_q
20260512,0,1.385719895362854,2.771439790725708,-0.5932178497314453,0.4759825327510917,0.4759825327510917,deeponet_linear,20260922,0.5,30,1,000001.SZ,depth,unseen_q
20260512,1,1.2534927129745483,2.5069854259490967,-0.6106817126274109,0.44782608695652176,0.44782608695652176,deeponet_linear,20260922,0.5,30,1,000001.SZ,depth,unseen_q
20260513,0,1.1023215055465698,2.2046430110931396,-0.07310851663351059,0.521551724137931,0.521551724137931,deeponet_linear,20260922,0.5,30,1,000001.SZ,depth,unseen_q
20260513,1,0.9849766492843628,1.9699532985687256,-0.28541135787963867,0.5450643776824035,0.5450643776824035,deeponet_linear,20260922,0.5,30,1,000001.SZ,depth,unseen_q
20260514,0,1.5258861780166626,3.051772356033325,-0.6832275986671448,0.4329004329004329,0.4329004329004329,deeponet_linear,20260922,0.5,30,1,000001.SZ,depth,unseen_q
20260514,1,1.2844313383102417,2.5688626766204834,-0.875152051448822,0.46320346320346323,0.46320346320346323,deeponet_linear,20260922,0.5,30,1,000001.SZ,depth,unseen_q
20260515,0,1.3690966367721558,2.7381932735443115,0.3275669813156128,0.6035242290748899,0.6035242290748899,deeponet_linear,20260922,0.5,30,1,000001.SZ,depth,unseen_q
20260515,1,0.9714150428771973,1.9428300857543945,0.056791357696056366,0.6351931330472103,0.6566523605150214,deeponet_linear,20260922,0.5,30,1,000001.SZ,depth,unseen_q
20260518,0,1.3601456880569458,2.7202913761138916,0.3519509434700012,0.5406698564593302,0.5406698564593302,deeponet_linear,20260922,0.5,30,1,000001.SZ,depth,unseen_q
20260518,1,0.9653512239456177,1.9307024478912354,-0.3564853370189667,0.4978540772532189,0.4978540772532189,deeponet_linear,20260922,0.5,30,1,000001.SZ,depth,unseen_q
20260519,0,1.0413645505905151,2.0827291011810303,0.28270581364631653,0.5454545454545454,0.5454545454545454,deeponet_linear,20260922,0.5,30,1,000001.SZ,depth,unseen_q
20260519,1,1.0484423637390137,2.0968847274780273,-0.5437577366828918,0.45689655172413796,0.45689655172413796,deeponet_linear,20260922,0.5,30,1,000001.SZ,depth,unseen_q
20260520,0,1.0917208194732666,2.183441638946533,0.19419057667255402,0.5777777777777777,0.5777777777777777,deeponet_linear,20260922,0.5,30,1,000001.SZ,depth,unseen_q
20260520,1,1.0348933935165405,2.069786787033081,-0.4645511507987976,0.47391304347826085,0.5478260869565217,deeponet_linear,20260922,0.5,30,1,000001.SZ,depth,unseen_q
20260521,0,1.318618655204773,2.637237310409546,0.8914979100227356,0.6594827586206896,0.6594827586206896,deeponet_linear,20260922,0.5,30,1,000001.SZ,depth,unseen_q
20260521,1,1.1400184631347656,2.2800369262695312,-0.16565179824829102,0.592274678111588,0.592274678111588,deeponet_linear,20260922,0.5,30,1,000001.SZ,depth,unseen_q
20260522,0,1.2762374877929688,2.5524749755859375,0.8433843851089478,0.6233766233766234,0.6233766233766234,deeponet_linear,20260922,0.5,30,1,000001.SZ,depth,unseen_q
20260522,1,1.2007375955581665,2.401475191116333,-0.10998240113258362,0.5622317596566524,0.5622317596566524,deeponet_linear,20260922,0.5,30,1,000001.SZ,depth,unseen_q
20260525,0,1.2948631048202515,2.589726209640503,-0.58832848072052,0.4652173913043478,0.4652173913043478,deeponet_linear,20260922,0.5,30,1,000001.SZ,depth,unseen_q
20260525,1,1.0201209783554077,2.0402419567108154,0.13903993368148804,0.5584415584415584,0.5584415584415584,deeponet_linear,20260922,0.5,30,1,000001.SZ,depth,unseen_q
20260526,0,1.3311285972595215,2.662257194519043,0.07966595888137817,0.5517241379310345,0.5517241379310345,deeponet_linear,20260922,0.5,30,1,000001.SZ,depth,unseen_q
20260526,1,1.2171051502227783,2.4342103004455566,-0.020763520151376724,0.5172413793103449,0.5172413793103449,deeponet_linear,20260922,0.5,30,1,000001.SZ,depth,unseen_q
20260528,0,1.282106876373291,2.564213752746582,1.015956163406372,0.658008658008658,0.658008658008658,deeponet_linear,20260922,0.5,30,1,000001.SZ,depth,unseen_q
20260528,1,0.9865624904632568,1.9731249809265137,0.04848981276154518,0.6266094420600858,0.6394849785407726,deeponet_linear,20260922,0.5,30,1,000001.SZ,depth,unseen_q
20260529,0,1.2416505813598633,2.4833011627197266,0.2361166775226593,0.5689655172413793,0.5689655172413793,deeponet_linear,20260922,0.5,30,1,000001.SZ,depth,unseen_q
20260529,1,1.7069003582000732,3.4138007164001465,0.40987372398376465,0.5793991416309013,0.5793991416309013,deeponet_linear,20260922,0.5,30,1,000001.SZ,depth,unseen_q
20260506,0,0.5237033367156982,3.286235809326172,2.798536539077759,0.8724489795918368,0.8724489795918368,deeponet_linear,20260922,0.8999999761581421,3,1,000001.SZ,depth,unseen_q
20260506,1,0.4502449035644531,2.0437746047973633,1.4291061162948608,0.6982758620689655,0.6982758620689655,deeponet_linear,20260922,0.8999999761581421,3,1,000001.SZ,depth,unseen_q
20260507,0,0.6045355796813965,2.1938371658325195,1.2309573888778687,0.6609442060085837,0.6609442060085837,deeponet_linear,20260922,0.8999999761581421,3,1,000001.SZ,depth,unseen_q
20260507,1,0.42793676257133484,2.306950807571411,1.8138467073440552,0.8197424892703863,0.8197424892703863,deeponet_linear,20260922,0.8999999761581421,3,1,000001.SZ,depth,unseen_q
20260508,0,0.561887264251709,2.250365734100342,1.4082390069961548,0.7168141592920354,0.7168141592920354,deeponet_linear,20260922,0.8999999761581421,3,1,000001.SZ,depth,unseen_q
20260508,1,0.6327323913574219,1.8446532487869263,0.7239856719970703,0.5859030837004405,0.5859030837004405,deeponet_linear,20260922,0.8999999761581421,3,1,000001.SZ,depth,unseen_q
20260511,0,0.6910748481750488,2.495724678039551,1.3919684886932373,0.7304347826086957,0.7304347826086957,deeponet_linear,20260922,0.8999999761581421,3,1,000001.SZ,depth,unseen_q
20260511,1,0.5501661896705627,2.6053481101989746,1.8812696933746338,0.7241379310344828,0.7241379310344828,deeponet_linear,20260922,0.8999999761581421,3,1,000001.SZ,depth,unseen_q
20260512,0,0.6243897676467896,2.307781457901001,1.3237521648406982,0.7467248908296943,0.7467248908296943,deeponet_linear,20260922,0.8999999761581421,3,1,000001.SZ,depth,unseen_q
20260512,1,0.5999415516853333,2.1102068424224854,1.1379047632217407,0.6217391304347826,0.6217391304347826,deeponet_linear,20260922,0.8999999761581421,3,1,000001.SZ,depth,unseen_q
20260513,0,0.3324526846408844,2.2074222564697266,1.9281461238861084,0.853448275862069,0.853448275862069,deeponet_linear,20260922,0.8999999761581421,3,1,000001.SZ,depth,unseen_q
20260513,1,0.5027238130569458,1.567620873451233,0.7027167081832886,0.6394849785407726,0.6394849785407726,deeponet_linear,20260922,0.8999999761581421,3,1,000001.SZ,depth,unseen_q
20260514,0,0.6703304648399353,2.311367988586426,1.2133839130401611,0.6363636363636364,0.6363636363636364,deeponet_linear,20260922,0.8999999761581421,3,1,000001.SZ,depth,unseen_q
20260514,1,0.483807235956192,2.0088953971862793,1.3016012907028198,0.7575757575757576,0.7575757575757576,deeponet_linear,20260922,0.8999999761581421,3,1,000001.SZ,depth,unseen_q
20260515,0,0.503257691860199,2.9897923469543457,2.4790961742401123,0.8590308370044053,0.8590308370044053,deeponet_linear,20260922,0.8999999761581421,3,1,000001.SZ,depth,unseen_q
20260515,1,0.5012798309326172,2.377162218093872,1.7182533740997314,0.7939914163090128,0.7939914163090128,deeponet_linear,20260922,0.8999999761581421,3,1,000001.SZ,depth,unseen_q
20260518,0,0.42967259883880615,3.0488290786743164,2.7368550300598145,0.7990430622009569,0.7990430622009569,deeponet_linear,20260922,0.8999999761581421,3,1,000001.SZ,depth,unseen_q
20260518,1,0.4266248941421509,2.169687509536743,1.6455471515655518,0.7639484978540773,0.7639484978540773,deeponet_linear,20260922,0.8999999761581421,3,1,000001.SZ,depth,unseen_q
20260519,0,0.3840573728084564,3.3323915004730225,3.205345869064331,0.948051948051948,0.948051948051948,deeponet_linear,20260922,0.8999999761581421,3,1,000001.SZ,depth,unseen_q
20260519,1,0.44863611459732056,2.351923704147339,1.818314552307129,0.771551724137931,0.771551724137931,deeponet_linear,20260922,0.8999999761581421,3,1,000001.SZ,depth,unseen_q
20260520,0,0.37117478251457214,2.6286325454711914,2.357853651046753,0.9111111111111111,0.9111111111111111,deeponet_linear,20260922,0.8999999761581421,3,1,000001.SZ,depth,unseen_q
20260520,1,0.38097062706947327,2.137011766433716,1.718838095664978,0.8,0.8,deeponet_linear,20260922,0.8999999761581421,3,1,000001.SZ,depth,unseen_q
20260521,0,0.3725585341453552,2.7727560997009277,2.5345489978790283,0.9051724137931034,0.9051724137931034,deeponet_linear,20260922,0.8999999761581421,3,1,000001.SZ,depth,unseen_q
20260521,1,0.5304388403892517,2.416015148162842,1.6939218044281006,0.7553648068669528,0.7553648068669528,deeponet_linear,20260922,0.8999999761581421,3,1,000001.SZ,depth,unseen_q
20260522,0,0.4401162564754486,3.5108351707458496,3.2882535457611084,0.8701298701298701,0.8701298701298701,deeponet_linear,20260922,0.8999999761581421,3,1,000001.SZ,depth,unseen_q
20260522,1,0.37839075922966003,2.338623285293579,1.9773024320602417,0.8669527896995708,0.8669527896995708,deeponet_linear,20260922,0.8999999761581421,3,1,000001.SZ,depth,unseen_q
20260525,0,0.5374669432640076,2.489677906036377,1.7684299945831299,0.7,0.7,deeponet_linear,20260922,0.8999999761581421,3,1,000001.SZ,depth,unseen_q
20260525,1,0.38318493962287903,2.4555702209472656,2.1115005016326904,0.8441558441558441,0.8441558441558441,deeponet_linear,20260922,0.8999999761581421,3,1,000001.SZ,depth,unseen_q
20260526,0,0.4168189465999603,2.857038736343384,2.5292513370513916,0.8793103448275862,0.8793103448275862,deeponet_linear,20260922,0.8999999761581421,3,1,000001.SZ,depth,unseen_q
20260526,1,0.46079763770103455,2.457836866378784,1.920302152633667,0.7672413793103449,0.7672413793103449,deeponet_linear,20260922,0.8999999761581421,3,1,000001.SZ,depth,unseen_q
20260528,0,0.36376869678497314,3.175732374191284,3.060244083404541,0.948051948051948,0.948051948051948,deeponet_linear,20260922,0.8999999761581421,3,1,000001.SZ,depth,unseen_q
20260528,1,0.40451163053512573,2.2148642539978027,1.7573012113571167,0.8369098712446352,0.8369098712446352,deeponet_linear,20260922,0.8999999761581421,3,1,000001.SZ,depth,unseen_q
20260529,0,0.40231791138648987,2.5103063583374023,2.1320881843566895,0.8017241379310345,0.8017241379310345,deeponet_linear,20260922,0.8999999761581421,3,1,000001.SZ,depth,unseen_q
20260529,1,0.45447638630867004,3.6223647594451904,3.3917653560638428,0.9055793991416309,0.9055793991416309,deeponet_linear,20260922,0.8999999761581421,3,1,000001.SZ,depth,unseen_q
20260506,0,0.5980316400527954,3.618687152862549,3.028280258178711,0.8571428571428571,0.8571428571428571,deeponet_linear,20260922,0.8999999761581421,9,1,000001.SZ,depth,unseen_q
20260506,1,0.4724723696708679,2.277240514755249,1.6653698682785034,0.7155172413793104,0.7155172413793104,deeponet_linear,20260922,0.8999999761581421,9,1,000001.SZ,depth,unseen_q
20260507,0,0.7498197555541992,2.505096673965454,1.2568213939666748,0.6394849785407726,0.6394849785407726,deeponet_linear,20260922,0.8999999761581421,9,1,000001.SZ,depth,unseen_q
20260507,1,0.477265864610672,2.692725896835327,2.172743082046509,0.8497854077253219,0.8497854077253219,deeponet_linear,20260922,0.8999999761581421,9,1,000001.SZ,depth,unseen_q
20260508,0,0.6402713060379028,2.5817689895629883,1.626533031463623,0.7123893805309734,0.7123893805309734,deeponet_linear,20260922,0.8999999761581421,9,1,000001.SZ,depth,unseen_q
20260508,1,0.7895603775978088,2.067986011505127,0.6110816597938538,0.5859030837004405,0.5859030837004405,deeponet_linear,20260922,0.8999999761581421,9,1,000001.SZ,depth,unseen_q
20260511,0,0.7731501460075378,2.647765874862671,1.3768320083618164,0.6695652173913044,0.6695652173913044,deeponet_linear,20260922,0.8999999761581421,9,1,000001.SZ,depth,unseen_q
20260511,1,0.6342520117759705,2.983701705932617,2.1439971923828125,0.75,0.75,deeponet_linear,20260922,0.8999999761581421,9,1,000001.SZ,depth,unseen_q
20260512,0,0.7128442525863647,2.5430257320404053,1.3966717720031738,0.7248908296943232,0.7248908296943232,deeponet_linear,20260922,0.8999999761581421,9,1,000001.SZ,depth,unseen_q
20260512,1,0.6829411387443542,2.3704922199249268,1.2557624578475952,0.6565217391304348,0.6565217391304348,deeponet_linear,20260922,0.8999999761581421,9,1,000001.SZ,depth,unseen_q
20260513,0,0.43488192558288574,2.4412899017333984,1.9644076824188232,0.8189655172413793,0.8189655172413793,deeponet_linear,20260922,0.8999999761581421,9,1,000001.SZ,depth,unseen_q
20260513,1,0.5353983044624329,1.8080471754074097,0.9215632677078247,0.6523605150214592,0.6523605150214592,deeponet_linear,20260922,0.8999999761581421,9,1,000001.SZ,depth,unseen_q
20260514,0,0.6443907618522644,2.4383022785186768,1.4369009733200073,0.6493506493506493,0.6493506493506493,deeponet_linear,20260922,0.8999999761581421,9,1,000001.SZ,depth,unseen_q
20260514,1,0.6259502172470093,2.358863115310669,1.3837034702301025,0.7619047619047619,0.7619047619047619,deeponet_linear,20260922,0.8999999761581421,9,1,000001.SZ,depth,unseen_q
20260515,0,0.5049453377723694,3.0975801944732666,2.609612226486206,0.8458149779735683,0.8458149779735683,deeponet_linear,20260922,0.8999999761581421,9,1,000001.SZ,depth,unseen_q
20260515,1,0.5608605742454529,2.5949549674987793,1.841542363166809,0.8111587982832618,0.8111587982832618,deeponet_linear,20260922,0.8999999761581421,9,1,000001.SZ,depth,unseen_q
20260518,0,0.4891549050807953,3.3092188835144043,2.9136364459991455,0.8181818181818182,0.8181818181818182,deeponet_linear,20260922,0.8999999761581421,9,1,000001.SZ,depth,unseen_q
20260518,1,0.4962289035320282,2.452057361602783,1.824499249458313,0.7854077253218884,0.7854077253218884,deeponet_linear,20260922,0.8999999761581421,9,1,000001.SZ,depth,unseen_q
20260519,0,0.49555474519729614,3.5193560123443604,3.160308361053467,0.935064935064935,0.935064935064935,deeponet_linear,20260922,0.8999999761581421,9,1,000001.SZ,depth,unseen_q
20260519,1,0.4702760875225067,2.6753735542297363,2.1685266494750977,0.7844827586206896,0.7844827586206896,deeponet_linear,20260922,0.8999999761581421,9,1,000001.SZ,depth,unseen_q
20260520,0,0.477779358625412,3.0361509323120117,2.600740671157837,0.8622222222222222,0.8622222222222222,deeponet_linear,20260922,0.8999999761581421,9,1,000001.SZ,depth,unseen_q
20260520,1,0.5035516023635864,2.4046695232391357,1.746957778930664,0.7565217391304347,0.7869565217391304,deeponet_linear,20260922,0.8999999761581421,9,1,000001.SZ,depth,unseen_q
20260521,0,0.4688342809677124,3.172598361968994,2.7936625480651855,0.8706896551724138,0.8706896551724138,deeponet_linear,20260922,0.8999999761581421,9,1,000001.SZ,depth,unseen_q
20260521,1,0.5577331185340881,2.490108013153076,1.7183023691177368,0.7339055793991416,0.7339055793991416,deeponet_linear,20260922,0.8999999761581421,9,1,000001.SZ,depth,unseen_q
20260522,0,0.5178037285804749,3.8099071979522705,3.4678750038146973,0.8441558441558441,0.8441558441558441,deeponet_linear,20260922,0.8999999761581421,9,1,000001.SZ,depth,unseen_q
20260522,1,0.4129170775413513,2.573082208633423,2.1840600967407227,0.871244635193133,0.871244635193133,deeponet_linear,20260922,0.8999999761581421,9,1,000001.SZ,depth,unseen_q
20260525,0,0.5865441560745239,2.708207607269287,1.918899416923523,0.6956521739130435,0.6956521739130435,deeponet_linear,20260922,0.8999999761581421,9,1,000001.SZ,depth,unseen_q
20260525,1,0.4254103899002075,2.6489169597625732,2.2476203441619873,0.8528138528138528,0.8528138528138528,deeponet_linear,20260922,0.8999999761581421,9,1,000001.SZ,depth,unseen_q
20260526,0,0.5284883975982666,2.890474796295166,2.29187273979187,0.8103448275862069,0.8103448275862069,deeponet_linear,20260922,0.8999999761581421,9,1,000001.SZ,depth,unseen_q
20260526,1,0.4802400469779968,2.731642961502075,2.213953733444214,0.7801724137931034,0.7801724137931034,deeponet_linear,20260922,0.8999999761581421,9,1,000001.SZ,depth,unseen_q
20260528,0,0.47662922739982605,3.433896064758301,3.100796937942505,0.9047619047619048,0.9047619047619048,deeponet_linear,20260922,0.8999999761581421,9,1,000001.SZ,depth,unseen_q
20260528,1,0.37050315737724304,2.3198721408843994,1.97358238697052,0.8497854077253219,0.8497854077253219,deeponet_linear,20260922,0.8999999761581421,9,1,000001.SZ,depth,unseen_q
20260529,0,0.4749978184700012,2.670011520385742,2.150020122528076,0.7801724137931034,0.7801724137931034,deeponet_linear,20260922,0.8999999761581421,9,1,000001.SZ,depth,unseen_q
20260529,1,0.5627262592315674,4.070298194885254,3.6810574531555176,0.8969957081545065,0.8969957081545065,deeponet_linear,20260922,0.8999999761581421,9,1,000001.SZ,depth,unseen_q
20260506,0,0.7181401252746582,4.346929550170898,3.6383118629455566,0.8724489795918368,0.8724489795918368,deeponet_linear,20260922,0.8999999761581421,30,1,000001.SZ,depth,unseen_q
20260506,1,0.7025992274284363,2.770235538482666,1.706296443939209,0.7155172413793104,0.7155172413793104,deeponet_linear,20260922,0.8999999761581421,30,1,000001.SZ,depth,unseen_q
20260507,0,0.8634867668151855,3.0457136631011963,1.6484254598617554,0.6566523605150214,0.6566523605150214,deeponet_linear,20260922,0.8999999761581421,30,1,000001.SZ,depth,unseen_q
20260507,1,0.7460249066352844,3.2591211795806885,2.208839178085327,0.8454935622317596,0.8454935622317596,deeponet_linear,20260922,0.8999999761581421,30,1,000001.SZ,depth,unseen_q
20260508,0,0.7649741172790527,2.9377036094665527,1.7596943378448486,0.6991150442477876,0.6991150442477876,deeponet_linear,20260922,0.8999999761581421,30,1,000001.SZ,depth,unseen_q
20260508,1,1.0388907194137573,2.8890674114227295,1.0141074657440186,0.6387665198237885,0.6387665198237885,deeponet_linear,20260922,0.8999999761581421,30,1,000001.SZ,depth,unseen_q
20260511,0,0.893364667892456,3.649044990539551,2.327894449234009,0.7260869565217392,0.7260869565217392,deeponet_linear,20260922,0.8999999761581421,30,1,000001.SZ,depth,unseen_q
20260511,1,0.8607742786407471,3.4258856773376465,2.1304216384887695,0.7112068965517241,0.7112068965517241,deeponet_linear,20260922,0.8999999761581421,30,1,000001.SZ,depth,unseen_q
20260512,0,0.8175601959228516,3.0450146198272705,1.762367844581604,0.7554585152838428,0.7554585152838428,deeponet_linear,20260922,0.8999999761581421,30,1,000001.SZ,depth,unseen_q
20260512,1,0.6671950221061707,2.7660865783691406,1.7896208763122559,0.6869565217391305,0.6869565217391305,deeponet_linear,20260922,0.8999999761581421,30,1,000001.SZ,depth,unseen_q
20260513,0,0.584558367729187,2.844247579574585,2.0939135551452637,0.7844827586206896,0.7844827586206896,deeponet_linear,20260922,0.8999999761581421,30,1,000001.SZ,depth,unseen_q
20260513,1,0.6380881071090698,2.218311071395874,1.1776684522628784,0.6781115879828327,0.6781115879828327,deeponet_linear,20260922,0.8999999761581421,30,1,000001.SZ,depth,unseen_q
20260514,0,0.9186357855796814,3.506870746612549,2.0869991779327393,0.7142857142857143,0.7142857142857143,deeponet_linear,20260922,0.8999999761581421,30,1,000001.SZ,depth,unseen_q
20260514,1,0.8639587759971619,3.027348756790161,1.6242891550064087,0.7056277056277056,0.7056277056277056,deeponet_linear,20260922,0.8999999761581421,30,1,000001.SZ,depth,unseen_q
20260515,0,0.7252543568611145,3.740938901901245,2.8630378246307373,0.8325991189427313,0.8325991189427313,deeponet_linear,20260922,0.8999999761581421,30,1,000001.SZ,depth,unseen_q
20260515,1,0.6611672043800354,3.1423158645629883,2.274976968765259,0.7896995708154506,0.7939914163090128,deeponet_linear,20260922,0.8999999761581421,30,1,000001.SZ,depth,unseen_q
20260518,0,0.6962409019470215,4.023375034332275,3.288616895675659,0.8086124401913876,0.8086124401913876,deeponet_linear,20260922,0.8999999761581421,30,1,000001.SZ,depth,unseen_q
20260518,1,0.6393103003501892,3.1471352577209473,2.3356435298919678,0.7982832618025751,0.7982832618025751,deeponet_linear,20260922,0.8999999761581421,30,1,000001.SZ,depth,unseen_q
20260519,0,0.6526367664337158,4.497509002685547,3.9902939796447754,0.9134199134199135,0.9134199134199135,deeponet_linear,20260922,0.8999999761581421,30,1,000001.SZ,depth,unseen_q
20260519,1,0.6052908301353455,2.8679866790771484,2.071756362915039,0.7327586206896551,0.7327586206896551,deeponet_linear,20260922,0.8999999761581421,30,1,000001.SZ,depth,unseen_q
20260520,0,0.5381473302841187,3.6095633506774902,3.16658616065979,0.8622222222222222,0.8622222222222222,deeponet_linear,20260922,0.8999999761581421,30,1,000001.SZ,depth,unseen_q
20260520,1,0.6688659191131592,2.9931650161743164,2.069291830062866,0.717391304347826,0.7565217391304347,deeponet_linear,20260922,0.8999999761581421,30,1,000001.SZ,depth,unseen_q
20260521,0,0.6680580377578735,3.930432081222534,3.2428951263427734,0.8405172413793104,0.8405172413793104,deeponet_linear,20260922,0.8999999761581421,30,1,000001.SZ,depth,unseen_q
20260521,1,0.6638867259025574,2.9721407890319824,2.0554592609405518,0.7553648068669528,0.7553648068669528,deeponet_linear,20260922,0.8999999761581421,30,1,000001.SZ,depth,unseen_q
20260522,0,0.6659846305847168,4.582580089569092,4.063263893127441,0.8484848484848485,0.8484848484848485,deeponet_linear,20260922,0.8999999761581421,30,1,000001.SZ,depth,unseen_q
20260522,1,0.6090973019599915,3.185079336166382,2.458606004714966,0.8197424892703863,0.8197424892703863,deeponet_linear,20260922,0.8999999761581421,30,1,000001.SZ,depth,unseen_q
20260525,0,0.7793845534324646,3.2797045707702637,2.151169538497925,0.7217391304347827,0.7217391304347827,deeponet_linear,20260922,0.8999999761581421,30,1,000001.SZ,depth,unseen_q
20260525,1,0.4846155047416687,3.33341121673584,2.9552252292633057,0.8874458874458875,0.8874458874458875,deeponet_linear,20260922,0.8999999761581421,30,1,000001.SZ,depth,unseen_q
20260526,0,0.7341325879096985,3.7918012142181396,2.9044203758239746,0.7887931034482759,0.7887931034482759,deeponet_linear,20260922,0.8999999761581421,30,1,000001.SZ,depth,unseen_q
20260526,1,0.7222669720649719,3.468752145767212,2.530272960662842,0.7629310344827587,0.7629310344827587,deeponet_linear,20260922,0.8999999761581421,30,1,000001.SZ,depth,unseen_q
20260528,0,0.5774045586585999,4.070535182952881,3.644657850265503,0.8831168831168831,0.8831168831168831,deeponet_linear,20260922,0.8999999761581421,30,1,000001.SZ,depth,unseen_q
20260528,1,0.5856634378433228,2.8786697387695312,2.134178638458252,0.8412017167381974,0.8412017167381974,deeponet_linear,20260922,0.8999999761581421,30,1,000001.SZ,depth,unseen_q
20260529,0,0.7079138159751892,3.6681339740753174,2.815382957458496,0.7931034482758621,0.7931034482758621,deeponet_linear,20260922,0.8999999761581421,30,1,000001.SZ,depth,unseen_q
20260529,1,0.7826425433158875,4.732490062713623,3.9590063095092773,0.8583690987124464,0.8583690987124464,deeponet_linear,20260922,0.8999999761581421,30,1,000001.SZ,depth,unseen_q
20260506,0,0.22496001422405243,0.44992002844810486,0.031403906643390656,0.3622448979591837,0.4642857142857143,deeponet_residual_linear,20260922,0.5,3,1,000001.SZ,depth,unseen_q
20260506,1,0.30000585317611694,0.6000117063522339,-0.09141112118959427,0.5517241379310345,0.5517241379310345,deeponet_residual_linear,20260922,0.5,3,1,000001.SZ,depth,unseen_q
20260507,0,0.3269105553627014,0.6538211107254028,0.05064476281404495,0.4206008583690987,0.4206008583690987,deeponet_residual_linear,20260922,0.5,3,1,000001.SZ,depth,unseen_q
20260507,1,0.28741616010665894,0.5748323202133179,-0.05538827180862427,0.5493562231759657,0.575107296137339,deeponet_residual_linear,20260922,0.5,3,1,000001.SZ,depth,unseen_q
20260508,0,0.35109207034111023,0.7021841406822205,-0.006148934364318848,0.35398230088495575,0.42920353982300885,deeponet_residual_linear,20260922,0.5,3,1,000001.SZ,depth,unseen_q
20260508,1,0.27196311950683594,0.5439262390136719,-0.1541384905576706,0.3788546255506608,0.45374449339207046,deeponet_residual_linear,20260922,0.5,3,1,000001.SZ,depth,unseen_q
20260511,0,0.3391037583351135,0.678207516670227,-0.2510020434856415,0.3347826086956522,0.3347826086956522,deeponet_residual_linear,20260922,0.5,3,1,000001.SZ,depth,unseen_q
20260511,1,0.24978098273277283,0.49956196546554565,0.07110775262117386,0.5129310344827587,0.5172413793103449,deeponet_residual_linear,20260922,0.5,3,1,000001.SZ,depth,unseen_q
20260512,0,0.3693599998950958,0.7387199997901917,-0.10239535570144653,0.3930131004366812,0.4017467248908297,deeponet_residual_linear,20260922,0.5,3,1,000001.SZ,depth,unseen_q
20260512,1,0.28045210242271423,0.5609042048454285,-0.11596547812223434,0.5521739130434783,0.6260869565217392,deeponet_residual_linear,20260922,0.5,3,1,000001.SZ,depth,unseen_q
20260513,0,0.2746269106864929,0.5492538213729858,0.07024253159761429,0.4827586206896552,0.5086206896551724,deeponet_residual_linear,20260922,0.5,3,1,000001.SZ,depth,unseen_q
20260513,1,0.14802499115467072,0.29604998230934143,-0.027020199224352837,0.5708154506437768,0.6909871244635193,deeponet_residual_linear,20260922,0.5,3,1,000001.SZ,depth,unseen_q
20260514,0,0.2893759310245514,0.5787518620491028,0.0638425275683403,0.36796536796536794,0.36796536796536794,deeponet_residual_linear,20260922,0.5,3,1,000001.SZ,depth,unseen_q
20260514,1,0.2792457938194275,0.558491587638855,-0.11190569400787354,0.5411255411255411,0.5887445887445888,deeponet_residual_linear,20260922,0.5,3,1,000001.SZ,depth,unseen_q
20260515,0,0.541854977607727,1.083709955215454,-0.18277807533740997,0.3876651982378855,0.4008810572687225,deeponet_residual_linear,20260922,0.5,3,1,000001.SZ,depth,unseen_q
20260515,1,0.37915146350860596,0.7583029270172119,0.07019808143377304,0.5708154506437768,0.7339055793991416,deeponet_residual_linear,20260922,0.5,3,1,000001.SZ,depth,unseen_q
20260518,0,0.25401628017425537,0.5080325603485107,0.010071850381791592,0.41626794258373206,0.41626794258373206,deeponet_residual_linear,20260922,0.5,3,1,000001.SZ,depth,unseen_q
20260518,1,0.2924516201019287,0.5849032402038574,-0.1238737478852272,0.648068669527897,0.648068669527897,deeponet_residual_linear,20260922,0.5,3,1,000001.SZ,depth,unseen_q
20260519,0,0.4054192900657654,0.8108385801315308,0.10227230936288834,0.3852813852813853,0.3852813852813853,deeponet_residual_linear,20260922,0.5,3,1,000001.SZ,depth,unseen_q
20260519,1,0.34084296226501465,0.6816859245300293,-0.013680844567716122,0.5818965517241379,0.5905172413793104,deeponet_residual_linear,20260922,0.5,3,1,000001.SZ,depth,unseen_q
20260520,0,0.24106207489967346,0.4821241497993469,-0.08813062310218811,0.37333333333333335,0.37777777777777777,deeponet_residual_linear,20260922,0.5,3,1,000001.SZ,depth,unseen_q
20260520,1,0.161232128739357,0.322464257478714,0.01108812727034092,0.4608695652173913,0.6347826086956522,deeponet_residual_linear,20260922,0.5,3,1,000001.SZ,depth,unseen_q
20260521,0,0.3293028771877289,0.6586057543754578,0.04374014586210251,0.3706896551724138,0.4870689655172414,deeponet_residual_linear,20260922,0.5,3,1,000001.SZ,depth,unseen_q
20260521,1,0.29440587759017944,0.5888117551803589,-0.1214684545993805,0.5107296137339056,0.6738197424892703,deeponet_residual_linear,20260922,0.5,3,1,000001.SZ,depth,unseen_q
20260522,0,0.3661826252937317,0.7323652505874634,0.21099521219730377,0.46320346320346323,0.49783549783549785,deeponet_residual_linear,20260922,0.5,3,1,000001.SZ,depth,unseen_q
20260522,1,0.2735404372215271,0.5470808744430542,-0.20722530782222748,0.36909871244635195,0.5579399141630901,deeponet_residual_linear,20260922,0.5,3,1,000001.SZ,depth,unseen_q
20260525,0,0.25853872299194336,0.5170774459838867,0.07940588891506195,0.4434782608695652,0.45652173913043476,deeponet_residual_linear,20260922,0.5,3,1,000001.SZ,depth,unseen_q
20260525,1,0.28832390904426575,0.5766478180885315,-0.12172619998455048,0.39826839826839827,0.4588744588744589,deeponet_residual_linear,20260922,0.5,3,1,000001.SZ,depth,unseen_q
20260526,0,0.3868595063686371,0.7737190127372742,0.12202934920787811,0.4525862068965517,0.45689655172413796,deeponet_residual_linear,20260922,0.5,3,1,000001.SZ,depth,unseen_q
20260526,1,0.32570910453796387,0.6514182090759277,-0.018447507172822952,0.5129310344827587,0.603448275862069,deeponet_residual_linear,20260922,0.5,3,1,000001.SZ,depth,unseen_q
20260528,0,0.3161160945892334,0.6322321891784668,0.11238125711679459,0.4329004329004329,0.4458874458874459,deeponet_residual_linear,20260922,0.5,3,1,000001.SZ,depth,unseen_q
20260528,1,0.2712588906288147,0.5425177812576294,-0.010255553759634495,0.6566523605150214,0.6995708154506438,deeponet_residual_linear,20260922,0.5,3,1,000001.SZ,depth,unseen_q
20260529,0,0.3845790922641754,0.7691581845283508,0.24678991734981537,0.41379310344827586,0.6163793103448276,deeponet_residual_linear,20260922,0.5,3,1,000001.SZ,depth,unseen_q
20260529,1,0.5503427982330322,1.1006855964660645,-0.2235923856496811,0.51931330472103,0.5450643776824035,deeponet_residual_linear,20260922,0.5,3,1,000001.SZ,depth,unseen_q
20260506,0,0.4732871949672699,0.9465743899345398,0.08997531980276108,0.5306122448979592,0.5306122448979592,deeponet_residual_linear,20260922,0.5,9,1,000001.SZ,depth,unseen_q
20260506,1,0.45816344022750854,0.9163268804550171,-0.0072525604628026485,0.5732758620689655,0.5732758620689655,deeponet_residual_linear,20260922,0.5,9,1,000001.SZ,depth,unseen_q
20260507,0,0.6587647795677185,1.317529559135437,-0.11358550935983658,0.48497854077253216,0.48497854077253216,deeponet_residual_linear,20260922,0.5,9,1,000001.SZ,depth,unseen_q
20260507,1,0.5369847416877747,1.0739694833755493,0.1243211179971695,0.5236051502145923,0.5407725321888412,deeponet_residual_linear,20260922,0.5,9,1,000001.SZ,depth,unseen_q
20260508,0,0.5899612307548523,1.1799224615097046,0.06178795546293259,0.5442477876106194,0.5486725663716814,deeponet_residual_linear,20260922,0.5,9,1,000001.SZ,depth,unseen_q
20260508,1,0.5537199974060059,1.1074399948120117,-0.41604161262512207,0.43171806167400884,0.4713656387665198,deeponet_residual_linear,20260922,0.5,9,1,000001.SZ,depth,unseen_q
20260511,0,0.5526112914085388,1.1052225828170776,-0.4913331866264343,0.41739130434782606,0.41739130434782606,deeponet_residual_linear,20260922,0.5,9,1,000001.SZ,depth,unseen_q
20260511,1,0.5363022089004517,1.0726044178009033,0.1349770724773407,0.49137931034482757,0.4956896551724138,deeponet_residual_linear,20260922,0.5,9,1,000001.SZ,depth,unseen_q
20260512,0,0.7493965029716492,1.4987930059432983,-0.19460569322109222,0.48034934497816595,0.48034934497816595,deeponet_residual_linear,20260922,0.5,9,1,000001.SZ,depth,unseen_q
20260512,1,0.5378782749176025,1.075756549835205,-0.15908457338809967,0.6347826086956522,0.6391304347826087,deeponet_residual_linear,20260922,0.5,9,1,000001.SZ,depth,unseen_q
20260513,0,0.5474388599395752,1.0948777198791504,-0.04450281336903572,0.5818965517241379,0.5818965517241379,deeponet_residual_linear,20260922,0.5,9,1,000001.SZ,depth,unseen_q
20260513,1,0.34313687682151794,0.6862737536430359,0.09290841221809387,0.6952789699570815,0.6952789699570815,deeponet_residual_linear,20260922,0.5,9,1,000001.SZ,depth,unseen_q
20260514,0,0.5330396294593811,1.0660792589187622,0.093142069876194,0.47619047619047616,0.47619047619047616,deeponet_residual_linear,20260922,0.5,9,1,000001.SZ,depth,unseen_q
20260514,1,0.5475425124168396,1.0950850248336792,-0.19950824975967407,0.4935064935064935,0.49783549783549785,deeponet_residual_linear,20260922,0.5,9,1,000001.SZ,depth,unseen_q
20260515,0,0.7235623598098755,1.447124719619751,-0.2297821193933487,0.45374449339207046,0.45374449339207046,deeponet_residual_linear,20260922,0.5,9,1,000001.SZ,depth,unseen_q
20260515,1,0.4690602123737335,0.938120424747467,0.04472103714942932,0.5836909871244635,0.7296137339055794,deeponet_residual_linear,20260922,0.5,9,1,000001.SZ,depth,unseen_q
20260518,0,0.5053799152374268,1.0107598304748535,-0.019580690190196037,0.5263157894736842,0.5263157894736842,deeponet_residual_linear,20260922,0.5,9,1,000001.SZ,depth,unseen_q
20260518,1,0.4506838321685791,0.9013676643371582,-0.12543043494224548,0.6008583690987125,0.6008583690987125,deeponet_residual_linear,20260922,0.5,9,1,000001.SZ,depth,unseen_q
20260519,0,0.6140006184577942,1.2280012369155884,-0.20153780281543732,0.4805194805194805,0.4805194805194805,deeponet_residual_linear,20260922,0.5,9,1,000001.SZ,depth,unseen_q
20260519,1,0.5911485552787781,1.1822971105575562,0.15743887424468994,0.5862068965517241,0.5862068965517241,deeponet_residual_linear,20260922,0.5,9,1,000001.SZ,depth,unseen_q
20260520,0,0.6188894510269165,1.237778902053833,-0.053660858422517776,0.4711111111111111,0.4711111111111111,deeponet_residual_linear,20260922,0.5,9,1,000001.SZ,depth,unseen_q
20260520,1,0.5344604253768921,1.0689208507537842,-0.1321159452199936,0.5043478260869565,0.6347826086956522,deeponet_residual_linear,20260922,0.5,9,1,000001.SZ,depth,unseen_q
20260521,0,0.6138447523117065,1.227689504623413,0.13640321791172028,0.5129310344827587,0.521551724137931,deeponet_residual_linear,20260922,0.5,9,1,000001.SZ,depth,unseen_q
20260521,1,0.48226234316825867,0.9645246863365173,-0.24672377109527588,0.5536480686695279,0.6523605150214592,deeponet_residual_linear,20260922,0.5,9,1,000001.SZ,depth,unseen_q
20260522,0,0.6101300120353699,1.2202600240707397,0.16588756442070007,0.5930735930735931,0.6017316017316018,deeponet_residual_linear,20260922,0.5,9,1,000001.SZ,depth,unseen_q
20260522,1,0.5580522418022156,1.1161044836044312,-0.17608729004859924,0.4034334763948498,0.5450643776824035,deeponet_residual_linear,20260922,0.5,9,1,000001.SZ,depth,unseen_q
20260525,0,0.48535481095314026,0.9707096219062805,0.03777166083455086,0.5434782608695652,0.5434782608695652,deeponet_residual_linear,20260922,0.5,9,1,000001.SZ,depth,unseen_q
20260525,1,0.4857209026813507,0.9714418053627014,-0.17591328918933868,0.48484848484848486,0.49783549783549785,deeponet_residual_linear,20260922,0.5,9,1,000001.SZ,depth,unseen_q
20260526,0,0.671784520149231,1.343569040298462,-0.3128712773323059,0.4956896551724138,0.4956896551724138,deeponet_residual_linear,20260922,0.5,9,1,000001.SZ,depth,unseen_q
20260526,1,0.5903172492980957,1.1806344985961914,0.10259454697370529,0.5775862068965517,0.603448275862069,deeponet_residual_linear,20260922,0.5,9,1,000001.SZ,depth,unseen_q
20260528,0,0.600750207901001,1.201500415802002,-0.03049107827246189,0.5454545454545454,0.5454545454545454,deeponet_residual_linear,20260922,0.5,9,1,000001.SZ,depth,unseen_q
20260528,1,0.38970521092414856,0.7794104218482971,0.06590640544891357,0.6781115879828327,0.6909871244635193,deeponet_residual_linear,20260922,0.5,9,1,000001.SZ,depth,unseen_q
20260529,0,0.6402087807655334,1.280417561531067,0.08152927458286285,0.6163793103448276,0.6206896551724138,deeponet_residual_linear,20260922,0.5,9,1,000001.SZ,depth,unseen_q
20260529,1,0.8589614033699036,1.7179228067398071,-0.17342714965343475,0.5364806866952789,0.5364806866952789,deeponet_residual_linear,20260922,0.5,9,1,000001.SZ,depth,unseen_q
20260506,0,0.7987851500511169,1.5975703001022339,0.25886470079421997,0.5918367346938775,0.5918367346938775,deeponet_residual_linear,20260922,0.5,30,1,000001.SZ,depth,unseen_q
20260506,1,0.80318284034729,1.60636568069458,-0.3684350848197937,0.5646551724137931,0.5646551724137931,deeponet_residual_linear,20260922,0.5,30,1,000001.SZ,depth,unseen_q
20260507,0,1.00965416431427,2.01930832862854,-0.2177954763174057,0.5407725321888412,0.5407725321888412,deeponet_residual_linear,20260922,0.5,30,1,000001.SZ,depth,unseen_q
20260507,1,0.9365617036819458,1.8731234073638916,-0.31435292959213257,0.5321888412017167,0.5407725321888412,deeponet_residual_linear,20260922,0.5,30,1,000001.SZ,depth,unseen_q
20260508,0,0.9716838002204895,1.943367600440979,-0.19319768249988556,0.5132743362831859,0.5132743362831859,deeponet_residual_linear,20260922,0.5,30,1,000001.SZ,depth,unseen_q
20260508,1,1.0121302604675293,2.0242605209350586,-0.4069039225578308,0.5330396475770925,0.5418502202643172,deeponet_residual_linear,20260922,0.5,30,1,000001.SZ,depth,unseen_q
20260511,0,1.173410177230835,2.34682035446167,-0.12583458423614502,0.4782608695652174,0.4782608695652174,deeponet_residual_linear,20260922,0.5,30,1,000001.SZ,depth,unseen_q
20260511,1,1.1751835346221924,2.3503670692443848,-0.40581417083740234,0.47413793103448276,0.47413793103448276,deeponet_residual_linear,20260922,0.5,30,1,000001.SZ,depth,unseen_q
20260512,0,1.1058809757232666,2.211761951446533,-0.25840991735458374,0.49344978165938863,0.49344978165938863,deeponet_residual_linear,20260922,0.5,30,1,000001.SZ,depth,unseen_q
20260512,1,0.8939045071601868,1.7878090143203735,-0.05017104744911194,0.5434782608695652,0.5434782608695652,deeponet_residual_linear,20260922,0.5,30,1,000001.SZ,depth,unseen_q
20260513,0,1.0738916397094727,2.1477832794189453,-0.30525457859039307,0.4956896551724138,0.4956896551724138,deeponet_residual_linear,20260922,0.5,30,1,000001.SZ,depth,unseen_q
20260513,1,0.6993460655212402,1.3986921310424805,0.08745487034320831,0.6566523605150214,0.6566523605150214,deeponet_residual_linear,20260922,0.5,30,1,000001.SZ,depth,unseen_q
20260514,0,1.1335963010787964,2.2671926021575928,0.23766860365867615,0.5584415584415584,0.5584415584415584,deeponet_residual_linear,20260922,0.5,30,1,000001.SZ,depth,unseen_q
20260514,1,1.0201760530471802,2.0403521060943604,-0.4085172712802887,0.46320346320346323,0.46320346320346323,deeponet_residual_linear,20260922,0.5,30,1,000001.SZ,depth,unseen_q
20260515,0,1.058853268623352,2.117706537246704,-0.4381847381591797,0.5022026431718062,0.5022026431718062,deeponet_residual_linear,20260922,0.5,30,1,000001.SZ,depth,unseen_q
20260515,1,0.7435620427131653,1.4871240854263306,0.08488024771213531,0.648068669527897,0.7339055793991416,deeponet_residual_linear,20260922,0.5,30,1,000001.SZ,depth,unseen_q
20260518,0,0.9585429430007935,1.917085886001587,-0.18253673613071442,0.4258373205741627,0.4258373205741627,deeponet_residual_linear,20260922,0.5,30,1,000001.SZ,depth,unseen_q
20260518,1,0.7721205353736877,1.5442410707473755,-0.09072724729776382,0.6437768240343348,0.6437768240343348,deeponet_residual_linear,20260922,0.5,30,1,000001.SZ,depth,unseen_q
20260519,0,0.8906564712524414,1.7813129425048828,-0.044233597815036774,0.4935064935064935,0.4935064935064935,deeponet_residual_linear,20260922,0.5,30,1,000001.SZ,depth,unseen_q
20260519,1,0.8228742480278015,1.645748496055603,-0.41518697142601013,0.5129310344827587,0.5129310344827587,deeponet_residual_linear,20260922,0.5,30,1,000001.SZ,depth,unseen_q
20260520,0,0.9811619520187378,1.9623239040374756,-0.030377265065908432,0.5111111111111111,0.5111111111111111,deeponet_residual_linear,20260922,0.5,30,1,000001.SZ,depth,unseen_q
20260520,1,0.8753722906112671,1.7507445812225342,-0.2635956108570099,0.5652173913043478,0.6478260869565218,deeponet_residual_linear,20260922,0.5,30,1,000001.SZ,depth,unseen_q
20260521,0,1.0665864944458008,2.1331729888916016,0.15579582750797272,0.5560344827586207,0.5560344827586207,deeponet_residual_linear,20260922,0.5,30,1,000001.SZ,depth,unseen_q
20260521,1,0.8817762732505798,1.7635525465011597,-0.305186927318573,0.5793991416309013,0.6137339055793991,deeponet_residual_linear,20260922,0.5,30,1,000001.SZ,depth,unseen_q
20260522,0,1.0692459344863892,2.1384918689727783,0.17900784313678741,0.5800865800865801,0.5800865800865801,deeponet_residual_linear,20260922,0.5,30,1,000001.SZ,depth,unseen_q
20260522,1,0.917191743850708,1.834383487701416,-0.3685031831264496,0.463519313304721,0.51931330472103,deeponet_residual_linear,20260922,0.5,30,1,000001.SZ,depth,unseen_q
20260525,0,0.8832436800003052,1.7664873600006104,-0.22967490553855896,0.5217391304347826,0.5217391304347826,deeponet_residual_linear,20260922,0.5,30,1,000001.SZ,depth,unseen_q
20260525,1,0.7827656269073486,1.5655312538146973,0.0283046904951334,0.5584415584415584,0.5584415584415584,deeponet_residual_linear,20260922,0.5,30,1,000001.SZ,depth,unseen_q
20260526,0,1.2088916301727295,2.417783260345459,-0.2140599638223648,0.5043103448275862,0.5043103448275862,deeponet_residual_linear,20260922,0.5,30,1,000001.SZ,depth,unseen_q
20260526,1,1.0596286058425903,2.1192572116851807,-0.03766418620944023,0.6120689655172413,0.6120689655172413,deeponet_residual_linear,20260922,0.5,30,1,000001.SZ,depth,unseen_q
20260528,0,0.9835225343704224,1.9670450687408447,0.036940623074769974,0.5411255411255411,0.5411255411255411,deeponet_residual_linear,20260922,0.5,30,1,000001.SZ,depth,unseen_q
20260528,1,0.7953334450721741,1.5906668901443481,-0.14356614649295807,0.648068669527897,0.6609442060085837,deeponet_residual_linear,20260922,0.5,30,1,000001.SZ,depth,unseen_q
20260529,0,1.0839265584945679,2.1678531169891357,0.2759423851966858,0.625,0.6293103448275862,deeponet_residual_linear,20260922,0.5,30,1,000001.SZ,depth,unseen_q
20260529,1,1.4751782417297363,2.9503564834594727,-0.5276815891265869,0.4978540772532189,0.4978540772532189,deeponet_residual_linear,20260922,0.5,30,1,000001.SZ,depth,unseen_q
20260506,0,0.2711962163448334,2.0400707721710205,1.8720978498458862,0.9795918367346939,0.9795918367346939,deeponet_residual_linear,20260922,0.8999999761581421,3,1,000001.SZ,depth,unseen_q
20260506,1,0.2507248818874359,1.7929610013961792,1.6143890619277954,0.9655172413793104,0.9655172413793104,deeponet_residual_linear,20260922,0.8999999761581421,3,1,000001.SZ,depth,unseen_q
20260507,0,0.2594188153743744,2.168766975402832,2.0624117851257324,0.9613733905579399,0.9613733905579399,deeponet_residual_linear,20260922,0.8999999761581421,3,1,000001.SZ,depth,unseen_q
20260507,1,0.28211092948913574,2.111048698425293,1.933533787727356,0.9699570815450643,0.9699570815450643,deeponet_residual_linear,20260922,0.8999999761581421,3,1,000001.SZ,depth,unseen_q
20260508,0,0.29684069752693176,1.8527332544326782,1.573814868927002,0.9601769911504425,0.9601769911504425,deeponet_residual_linear,20260922,0.8999999761581421,3,1,000001.SZ,depth,unseen_q
20260508,1,0.2574354112148285,1.7270153760910034,1.5151808261871338,0.9383259911894273,0.947136563876652,deeponet_residual_linear,20260922,0.8999999761581421,3,1,000001.SZ,depth,unseen_q
20260511,0,0.36084750294685364,2.452669858932495,2.1637189388275146,0.9565217391304348,0.9565217391304348,deeponet_residual_linear,20260922,0.8999999761581421,3,1,000001.SZ,depth,unseen_q
20260511,1,0.2894517183303833,2.395869255065918,2.271207332611084,0.9698275862068966,0.9698275862068966,deeponet_residual_linear,20260922,0.8999999761581421,3,1,000001.SZ,depth,unseen_q
20260512,0,0.3304491341114044,1.9877463579177856,1.6585601568222046,0.9650655021834061,0.9650655021834061,deeponet_residual_linear,20260922,0.8999999761581421,3,1,000001.SZ,depth,unseen_q
20260512,1,0.26948603987693787,1.8976614475250244,1.6983617544174194,0.9434782608695652,0.9434782608695652,deeponet_residual_linear,20260922,0.8999999761581421,3,1,000001.SZ,depth,unseen_q
20260513,0,0.24717232584953308,1.851133942604065,1.6959866285324097,0.9655172413793104,0.9655172413793104,deeponet_residual_linear,20260922,0.8999999761581421,3,1,000001.SZ,depth,unseen_q
20260513,1,0.17214173078536987,1.2047498226165771,1.0755828619003296,0.9699570815450643,0.9699570815450643,deeponet_residual_linear,20260922,0.8999999761581421,3,1,000001.SZ,depth,unseen_q
20260514,0,0.2905617356300354,2.2885475158691406,2.134280204772949,0.9696969696969697,0.9696969696969697,deeponet_residual_linear,20260922,0.8999999761581421,3,1,000001.SZ,depth,unseen_q
20260514,1,0.2770249545574188,1.9686387777328491,1.7682361602783203,0.961038961038961,0.961038961038961,deeponet_residual_linear,20260922,0.8999999761581421,3,1,000001.SZ,depth,unseen_q
20260515,0,0.3488905429840088,2.0684566497802734,1.7133445739746094,0.8854625550660793,0.8854625550660793,deeponet_residual_linear,20260922,0.8999999761581421,3,1,000001.SZ,depth,unseen_q
20260515,1,0.3220600485801697,2.0409655570983887,1.7460567951202393,0.9656652360515021,0.9656652360515021,deeponet_residual_linear,20260922,0.8999999761581421,3,1,000001.SZ,depth,unseen_q
20260518,0,0.25607791543006897,2.2740495204925537,2.202367067337036,0.9712918660287081,0.9712918660287081,deeponet_residual_linear,20260922,0.8999999761581421,3,1,000001.SZ,depth,unseen_q
20260518,1,0.28691646456718445,2.1027610301971436,1.9111602306365967,0.9527896995708155,0.9527896995708155,deeponet_residual_linear,20260922,0.8999999761581421,3,1,000001.SZ,depth,unseen_q
20260519,0,0.36414676904678345,3.0310184955596924,2.878406286239624,0.9567099567099567,0.9567099567099567,deeponet_residual_linear,20260922,0.8999999761581421,3,1,000001.SZ,depth,unseen_q
20260519,1,0.308614045381546,2.174736261367798,1.946885347366333,0.9568965517241379,0.9568965517241379,deeponet_residual_linear,20260922,0.8999999761581421,3,1,000001.SZ,depth,unseen_q
20260520,0,0.2816343903541565,2.2698974609375,2.1332859992980957,0.9644444444444444,0.9644444444444444,deeponet_residual_linear,20260922,0.8999999761581421,3,1,000001.SZ,depth,unseen_q
20260520,1,0.21634134650230408,1.9685373306274414,1.91981840133667,0.9782608695652174,0.9782608695652174,deeponet_residual_linear,20260922,0.8999999761581421,3,1,000001.SZ,depth,unseen_q
20260521,0,0.259034663438797,1.9571467638015747,1.798846960067749,0.9827586206896551,0.9827586206896551,deeponet_residual_linear,20260922,0.8999999761581421,3,1,000001.SZ,depth,unseen_q
20260521,1,0.2594220042228699,1.7622487545013428,1.5542560815811157,0.9527896995708155,0.9527896995708155,deeponet_residual_linear,20260922,0.8999999761581421,3,1,000001.SZ,depth,unseen_q
20260522,0,0.3015798032283783,2.702260971069336,2.6238770484924316,0.974025974025974,0.974025974025974,deeponet_residual_linear,20260922,0.8999999761581421,3,1,000001.SZ,depth,unseen_q
20260522,1,0.2573837339878082,1.8893431425094604,1.7182196378707886,0.9570815450643777,0.9570815450643777,deeponet_residual_linear,20260922,0.8999999761581421,3,1,000001.SZ,depth,unseen_q
20260525,0,0.26338261365890503,2.2284319400787354,2.1270835399627686,0.9782608695652174,0.9782608695652174,deeponet_residual_linear,20260922,0.8999999761581421,3,1,000001.SZ,depth,unseen_q
20260525,1,0.2809043526649475,2.1624207496643066,2.000765085220337,0.9653679653679653,0.9653679653679653,deeponet_residual_linear,20260922,0.8999999761581421,3,1,000001.SZ,depth,unseen_q
20260526,0,0.3129161298274994,2.414252519607544,2.235525369644165,0.9655172413793104,0.9655172413793104,deeponet_residual_linear,20260922,0.8999999761581421,3,1,000001.SZ,depth,unseen_q
20260526,1,0.34766969084739685,2.2180583477020264,1.9033987522125244,0.9612068965517241,0.9612068965517241,deeponet_residual_linear,20260922,0.8999999761581421,3,1,000001.SZ,depth,unseen_q
20260528,0,0.26403817534446716,2.193059206008911,2.081228494644165,0.974025974025974,0.974025974025974,deeponet_residual_linear,20260922,0.8999999761581421,3,1,000001.SZ,depth,unseen_q
20260528,1,0.24943263828754425,1.7490233182907104,1.5626975297927856,0.9613733905579399,0.9613733905579399,deeponet_residual_linear,20260922,0.8999999761581421,3,1,000001.SZ,depth,unseen_q
20260529,0,0.2733194828033447,2.284118413925171,2.171849250793457,0.9827586206896551,0.9827586206896551,deeponet_residual_linear,20260922,0.8999999761581421,3,1,000001.SZ,depth,unseen_q
20260529,1,0.3804834485054016,2.724334955215454,2.454210042953491,0.9184549356223176,0.9184549356223176,deeponet_residual_linear,20260922,0.8999999761581421,3,1,000001.SZ,depth,unseen_q
20260506,0,0.3679496943950653,2.417372465133667,2.101841449737549,0.9591836734693877,0.9591836734693877,deeponet_residual_linear,20260922,0.8999999761581421,9,1,000001.SZ,depth,unseen_q
20260506,1,0.2858634889125824,2.0522491931915283,1.850652813911438,0.9181034482758621,0.9181034482758621,deeponet_residual_linear,20260922,0.8999999761581421,9,1,000001.SZ,depth,unseen_q
20260507,0,0.39996543526649475,2.4705514907836914,2.088275909423828,0.9012875536480687,0.9012875536480687,deeponet_residual_linear,20260922,0.8999999761581421,9,1,000001.SZ,depth,unseen_q
20260507,1,0.3522496223449707,2.5384433269500732,2.2924301624298096,0.944206008583691,0.944206008583691,deeponet_residual_linear,20260922,0.8999999761581421,9,1,000001.SZ,depth,unseen_q
20260508,0,0.3988291025161743,2.2313451766967773,1.7921087741851807,0.9203539823008849,0.9203539823008849,deeponet_residual_linear,20260922,0.8999999761581421,9,1,000001.SZ,depth,unseen_q
20260508,1,0.41755765676498413,1.956930160522461,1.402268648147583,0.8810572687224669,0.8810572687224669,deeponet_residual_linear,20260922,0.8999999761581421,9,1,000001.SZ,depth,unseen_q
20260511,0,0.43749386072158813,2.59385347366333,2.1485822200775146,0.8739130434782608,0.8739130434782608,deeponet_residual_linear,20260922,0.8999999761581421,9,1,000001.SZ,depth,unseen_q
20260511,1,0.4028002917766571,2.8327484130859375,2.533935070037842,0.9310344827586207,0.9310344827586207,deeponet_residual_linear,20260922,0.8999999761581421,9,1,000001.SZ,depth,unseen_q
20260512,0,0.500078022480011,2.3853397369384766,1.7314796447753906,0.9039301310043668,0.9039301310043668,deeponet_residual_linear,20260922,0.8999999761581421,9,1,000001.SZ,depth,unseen_q
20260512,1,0.4296237528324127,2.312222957611084,1.816219449043274,0.9043478260869565,0.9043478260869565,deeponet_residual_linear,20260922,0.8999999761581421,9,1,000001.SZ,depth,unseen_q
20260513,0,0.3846733868122101,2.1551454067230225,1.7322484254837036,0.8879310344827587,0.8879310344827587,deeponet_residual_linear,20260922,0.8999999761581421,9,1,000001.SZ,depth,unseen_q
20260513,1,0.26627305150032043,1.5680897235870361,1.2944295406341553,0.9356223175965666,0.9356223175965666,deeponet_residual_linear,20260922,0.8999999761581421,9,1,000001.SZ,depth,unseen_q
20260514,0,0.30582675337791443,2.4978911876678467,2.357797384262085,0.9437229437229437,0.9437229437229437,deeponet_residual_linear,20260922,0.8999999761581421,9,1,000001.SZ,depth,unseen_q
20260514,1,0.43703025579452515,2.3543310165405273,1.8503382205963135,0.9134199134199135,0.9134199134199135,deeponet_residual_linear,20260922,0.8999999761581421,9,1,000001.SZ,depth,unseen_q
20260515,0,0.431376576423645,2.337841510772705,1.843860387802124,0.8766519823788547,0.8766519823788547,deeponet_residual_linear,20260922,0.8999999761581421,9,1,000001.SZ,depth,unseen_q
20260515,1,0.3681109845638275,2.2316887378692627,1.8693335056304932,0.944206008583691,0.944206008583691,deeponet_residual_linear,20260922,0.8999999761581421,9,1,000001.SZ,depth,unseen_q
20260518,0,0.36110854148864746,2.6255362033843994,2.3791489601135254,0.9473684210526315,0.9473684210526315,deeponet_residual_linear,20260922,0.8999999761581421,9,1,000001.SZ,depth,unseen_q
20260518,1,0.3805951178073883,2.4332802295684814,2.0901124477386475,0.9313304721030042,0.9313304721030042,deeponet_residual_linear,20260922,0.8999999761581421,9,1,000001.SZ,depth,unseen_q
20260519,0,0.49154895544052124,3.2497928142547607,2.833369016647339,0.9264069264069265,0.9264069264069265,deeponet_residual_linear,20260922,0.8999999761581421,9,1,000001.SZ,depth,unseen_q
20260519,1,0.34729135036468506,2.5322604179382324,2.297097682952881,0.9353448275862069,0.9353448275862069,deeponet_residual_linear,20260922,0.8999999761581421,9,1,000001.SZ,depth,unseen_q
20260520,0,0.42819944024086,2.7573368549346924,2.3761727809906006,0.9288888888888889,0.9288888888888889,deeponet_residual_linear,20260922,0.8999999761581421,9,1,000001.SZ,depth,unseen_q
20260520,1,0.3748778998851776,2.308105945587158,1.947938084602356,0.8869565217391304,0.9173913043478261,deeponet_residual_linear,20260922,0.8999999761581421,9,1,000001.SZ,depth,unseen_q
20260521,0,0.35376599431037903,2.3538999557495117,2.057960271835327,0.9224137931034483,0.9224137931034483,deeponet_residual_linear,20260922,0.8999999761581421,9,1,000001.SZ,depth,unseen_q
20260521,1,0.32475945353507996,1.9124293327331543,1.5786383152008057,0.8969957081545065,0.9012875536480687,deeponet_residual_linear,20260922,0.8999999761581421,9,1,000001.SZ,depth,unseen_q
20260522,0,0.4355267286300659,3.113852024078369,2.8034982681274414,0.9307359307359307,0.9307359307359307,deeponet_residual_linear,20260922,0.8999999761581421,9,1,000001.SZ,depth,unseen_q
20260522,1,0.33862215280532837,2.217226266860962,1.924977421760559,0.927038626609442,0.927038626609442,deeponet_residual_linear,20260922,0.8999999761581421,9,1,000001.SZ,depth,unseen_q
20260525,0,0.37392035126686096,2.569882869720459,2.277553081512451,0.9434782608695652,0.9434782608695652,deeponet_residual_linear,20260922,0.8999999761581421,9,1,000001.SZ,depth,unseen_q
20260525,1,0.3266165554523468,2.362741231918335,2.136885404586792,0.9437229437229437,0.9437229437229437,deeponet_residual_linear,20260922,0.8999999761581421,9,1,000001.SZ,depth,unseen_q
20260526,0,0.43911102414131165,2.4767394065856934,1.998146891593933,0.8663793103448276,0.8663793103448276,deeponet_residual_linear,20260922,0.8999999761581421,9,1,000001.SZ,depth,unseen_q
20260526,1,0.3713662624359131,2.5003724098205566,2.197050094604492,0.9267241379310345,0.9267241379310345,deeponet_residual_linear,20260922,0.8999999761581421,9,1,000001.SZ,depth,unseen_q
20260528,0,0.39278271794319153,2.4829907417297363,2.121781587600708,0.9437229437229437,0.9437229437229437,deeponet_residual_linear,20260922,0.8999999761581421,9,1,000001.SZ,depth,unseen_q
20260528,1,0.2589494287967682,1.9411365985870361,1.7790472507476807,0.9356223175965666,0.9484978540772532,deeponet_residual_linear,20260922,0.8999999761581421,9,1,000001.SZ,depth,unseen_q
20260529,0,0.40636539459228516,2.5645556449890137,2.189781427383423,0.9310344827586207,0.9310344827586207,deeponet_residual_linear,20260922,0.8999999761581421,9,1,000001.SZ,depth,unseen_q
20260529,1,0.5104245543479919,3.215650796890259,2.743502140045166,0.8969957081545065,0.8969957081545065,deeponet_residual_linear,20260922,0.8999999761581421,9,1,000001.SZ,depth,unseen_q
20260506,0,0.5321852564811707,3.2338685989379883,2.7118730545043945,0.9030612244897959,0.9030612244897959,deeponet_residual_linear,20260922,0.8999999761581421,30,1,000001.SZ,depth,unseen_q
20260506,1,0.5904446840286255,2.69415283203125,1.8915793895721436,0.8663793103448276,0.8663793103448276,deeponet_residual_linear,20260922,0.8999999761581421,30,1,000001.SZ,depth,unseen_q
20260507,0,0.5808650255203247,3.1456336975097656,2.479879856109619,0.8798283261802575,0.8798283261802575,deeponet_residual_linear,20260922,0.8999999761581421,30,1,000001.SZ,depth,unseen_q
20260507,1,0.6377162933349609,3.1381940841674805,2.3284518718719482,0.8583690987124464,0.8583690987124464,deeponet_residual_linear,20260922,0.8999999761581421,30,1,000001.SZ,depth,unseen_q
20260508,0,0.6258065700531006,2.7918291091918945,1.9252699613571167,0.7920353982300885,0.7920353982300885,deeponet_residual_linear,20260922,0.8999999761581421,30,1,000001.SZ,depth,unseen_q
20260508,1,0.7484214901924133,2.940990924835205,1.8051849603652954,0.8061674008810573,0.8061674008810573,deeponet_residual_linear,20260922,0.8999999761581421,30,1,000001.SZ,depth,unseen_q
20260511,0,0.6334169507026672,3.746549606323242,3.099644660949707,0.8478260869565217,0.8478260869565217,deeponet_residual_linear,20260922,0.8999999761581421,30,1,000001.SZ,depth,unseen_q
20260511,1,0.6489346623420715,3.314157009124756,2.520359516143799,0.8362068965517241,0.8362068965517241,deeponet_residual_linear,20260922,0.8999999761581421,30,1,000001.SZ,depth,unseen_q
20260512,0,0.637122392654419,2.9519853591918945,2.0971758365631104,0.7903930131004366,0.7903930131004366,deeponet_residual_linear,20260922,0.8999999761581421,30,1,000001.SZ,depth,unseen_q
20260512,1,0.4985868036746979,2.877290964126587,2.350146770477295,0.8565217391304348,0.8565217391304348,deeponet_residual_linear,20260922,0.8999999761581421,30,1,000001.SZ,depth,unseen_q
20260513,0,0.6659832000732422,2.8213696479797363,1.8617541790008545,0.7543103448275862,0.7543103448275862,deeponet_residual_linear,20260922,0.8999999761581421,30,1,000001.SZ,depth,unseen_q
20260513,1,0.3972305953502655,2.034888982772827,1.550534725189209,0.8497854077253219,0.8497854077253219,deeponet_residual_linear,20260922,0.8999999761581421,30,1,000001.SZ,depth,unseen_q
20260514,0,0.665215790271759,3.7367477416992188,3.0078954696655273,0.8441558441558441,0.8441558441558441,deeponet_residual_linear,20260922,0.8999999761581421,30,1,000001.SZ,depth,unseen_q
20260514,1,0.6420261859893799,2.956791400909424,2.09092378616333,0.8095238095238095,0.8095238095238095,deeponet_residual_linear,20260922,0.8999999761581421,30,1,000001.SZ,depth,unseen_q
20260515,0,0.6879259943962097,3.053680896759033,2.0972862243652344,0.801762114537445,0.801762114537445,deeponet_residual_linear,20260922,0.8999999761581421,30,1,000001.SZ,depth,unseen_q
20260515,1,0.5341649055480957,2.9105679988861084,2.30279803276062,0.871244635193133,0.8755364806866953,deeponet_residual_linear,20260922,0.8999999761581421,30,1,000001.SZ,depth,unseen_q
20260518,0,0.5524078607559204,3.3081188201904297,2.754129409790039,0.8660287081339713,0.8660287081339713,deeponet_residual_linear,20260922,0.8999999761581421,30,1,000001.SZ,depth,unseen_q
20260518,1,0.5818043947219849,3.244774580001831,2.601457357406616,0.9055793991416309,0.9055793991416309,deeponet_residual_linear,20260922,0.8999999761581421,30,1,000001.SZ,depth,unseen_q
20260519,0,0.6147298216819763,4.1601433753967285,3.6633546352386475,0.8874458874458875,0.8874458874458875,deeponet_residual_linear,20260922,0.8999999761581421,30,1,000001.SZ,depth,unseen_q
20260519,1,0.46911972761154175,2.6984410285949707,2.2002522945404053,0.853448275862069,0.853448275862069,deeponet_residual_linear,20260922,0.8999999761581421,30,1,000001.SZ,depth,unseen_q
20260520,0,0.5340331792831421,3.4216806888580322,2.9420182704925537,0.8666666666666667,0.8666666666666667,deeponet_residual_linear,20260922,0.8999999761581421,30,1,000001.SZ,depth,unseen_q
20260520,1,0.5782568454742432,2.972683906555176,2.2702128887176514,0.8217391304347826,0.8608695652173913,deeponet_residual_linear,20260922,0.8999999761581421,30,1,000001.SZ,depth,unseen_q
20260521,0,0.6601407527923584,3.326035499572754,2.507192850112915,0.8318965517241379,0.8318965517241379,deeponet_residual_linear,20260922,0.8999999761581421,30,1,000001.SZ,depth,unseen_q
20260521,1,0.47706130146980286,2.486692190170288,1.9157121181488037,0.8154506437768241,0.8197424892703863,deeponet_residual_linear,20260922,0.8999999761581421,30,1,000001.SZ,depth,unseen_q
20260522,0,0.6572912931442261,4.033692836761475,3.3988876342773438,0.8701298701298701,0.8701298701298701,deeponet_residual_linear,20260922,0.8999999761581421,30,1,000001.SZ,depth,unseen_q
20260522,1,0.5203713178634644,2.8004608154296875,2.199647903442383,0.8497854077253219,0.8497854077253219,deeponet_residual_linear,20260922,0.8999999761581421,30,1,000001.SZ,depth,unseen_q
20260525,0,0.5758475661277771,3.1595535278320312,2.5098228454589844,0.8782608695652174,0.8782608695652174,deeponet_residual_linear,20260922,0.8999999761581421,30,1,000001.SZ,depth,unseen_q
20260525,1,0.4285852611064911,3.1327621936798096,2.8444900512695312,0.922077922077922,0.922077922077922,deeponet_residual_linear,20260922,0.8999999761581421,30,1,000001.SZ,depth,unseen_q
20260526,0,0.7242652773857117,3.537086009979248,2.610694408416748,0.8318965517241379,0.8318965517241379,deeponet_residual_linear,20260922,0.8999999761581421,30,1,000001.SZ,depth,unseen_q
20260526,1,0.6690776944160461,3.348850965499878,2.51336932182312,0.8491379310344828,0.8491379310344828,deeponet_residual_linear,20260922,0.8999999761581421,30,1,000001.SZ,depth,unseen_q
20260528,0,0.5781002044677734,3.2887141704559326,2.665642261505127,0.8528138528138528,0.8528138528138528,deeponet_residual_linear,20260922,0.8999999761581421,30,1,000001.SZ,depth,unseen_q
20260528,1,0.565727710723877,2.6834726333618164,1.9400217533111572,0.8283261802575107,0.8412017167381974,deeponet_residual_linear,20260922,0.8999999761581421,30,1,000001.SZ,depth,unseen_q
20260529,0,0.6811602115631104,3.6465699672698975,2.855311870574951,0.8491379310344828,0.8491379310344828,deeponet_residual_linear,20260922,0.8999999761581421,30,1,000001.SZ,depth,unseen_q
20260529,1,0.8111577033996582,4.039475917816162,3.021450996398926,0.8369098712446352,0.8369098712446352,deeponet_residual_linear,20260922,0.8999999761581421,30,1,000001.SZ,depth,unseen_q
20260506,0,0.968548059463501,1.937096118927002,0.9601311683654785,0.6989795918367347,0.6989795918367347,deeponet_linear,20260923,0.5,3,1,000001.SZ,depth,unseen_q
20260506,1,0.8312709927558899,1.6625419855117798,-0.2548823952674866,0.4396551724137931,0.4396551724137931,deeponet_linear,20260923,0.5,3,1,000001.SZ,depth,unseen_q
20260507,0,0.9989051222801208,1.9978102445602417,-0.779447078704834,0.3218884120171674,0.3218884120171674,deeponet_linear,20260923,0.5,3,1,000001.SZ,depth,unseen_q
20260507,1,0.7534687519073486,1.5069375038146973,-0.1473812609910965,0.5536480686695279,0.5536480686695279,deeponet_linear,20260923,0.5,3,1,000001.SZ,depth,unseen_q
20260508,0,0.8550809621810913,1.7101619243621826,-0.17097586393356323,0.4823008849557522,0.4911504424778761,deeponet_linear,20260923,0.5,3,1,000001.SZ,depth,unseen_q
20260508,1,0.8410350680351257,1.6820701360702515,-0.9214087724685669,0.3568281938325991,0.3568281938325991,deeponet_linear,20260923,0.5,3,1,000001.SZ,depth,unseen_q
20260511,0,0.9503167271614075,1.900633454322815,-1.0228526592254639,0.2826086956521739,0.2826086956521739,deeponet_linear,20260923,0.5,3,1,000001.SZ,depth,unseen_q
20260511,1,0.89058518409729,1.78117036819458,-0.29325562715530396,0.44396551724137934,0.44396551724137934,deeponet_linear,20260923,0.5,3,1,000001.SZ,depth,unseen_q
20260512,0,1.0048835277557373,2.0097670555114746,-0.4360291659832001,0.462882096069869,0.462882096069869,deeponet_linear,20260923,0.5,3,1,000001.SZ,depth,unseen_q
20260512,1,1.0345585346221924,2.0691170692443848,-0.6562924385070801,0.43043478260869567,0.43043478260869567,deeponet_linear,20260923,0.5,3,1,000001.SZ,depth,unseen_q
20260513,0,0.679766058921814,1.359532117843628,0.3079304099082947,0.5991379310344828,0.5991379310344828,deeponet_linear,20260923,0.5,3,1,000001.SZ,depth,unseen_q
20260513,1,0.6436494588851929,1.2872989177703857,-0.38493070006370544,0.4978540772532189,0.4978540772532189,deeponet_linear,20260923,0.5,3,1,000001.SZ,depth,unseen_q
20260514,0,1.095206618309021,2.190413236618042,-0.8573318123817444,0.36363636363636365,0.36363636363636365,deeponet_linear,20260923,0.5,3,1,000001.SZ,depth,unseen_q
20260514,1,0.7108867168426514,1.4217734336853027,-0.555709958076477,0.4069264069264069,0.4069264069264069,deeponet_linear,20260923,0.5,3,1,000001.SZ,depth,unseen_q
20260515,0,1.1009069681167603,2.2018139362335205,0.5835884809494019,0.6387665198237885,0.6387665198237885,deeponet_linear,20260923,0.5,3,1,000001.SZ,depth,unseen_q
20260515,1,0.8024251461029053,1.6048502922058105,0.06153729930520058,0.5965665236051502,0.6008583690987125,deeponet_linear,20260923,0.5,3,1,000001.SZ,depth,unseen_q
20260518,0,1.0062001943588257,2.0124003887176514,0.5456687211990356,0.5741626794258373,0.5741626794258373,deeponet_linear,20260923,0.5,3,1,000001.SZ,depth,unseen_q
20260518,1,0.6858966946601868,1.3717933893203735,-0.36932873725891113,0.49356223175965663,0.49356223175965663,deeponet_linear,20260923,0.5,3,1,000001.SZ,depth,unseen_q
20260519,0,0.754332423210144,1.508664846420288,0.4346218705177307,0.5887445887445888,0.5887445887445888,deeponet_linear,20260923,0.5,3,1,000001.SZ,depth,unseen_q
20260519,1,0.7360730171203613,1.4721460342407227,-0.11128450930118561,0.49137931034482757,0.49137931034482757,deeponet_linear,20260923,0.5,3,1,000001.SZ,depth,unseen_q
20260520,0,0.6751405596733093,1.3502811193466187,0.13998079299926758,0.6266666666666667,0.6266666666666667,deeponet_linear,20260923,0.5,3,1,000001.SZ,depth,unseen_q
20260520,1,0.5319657325744629,1.0639314651489258,-0.16617701947689056,0.5782608695652174,0.5826086956521739,deeponet_linear,20260923,0.5,3,1,000001.SZ,depth,unseen_q
20260521,0,0.8547140955924988,1.7094281911849976,0.783632755279541,0.6939655172413793,0.6939655172413793,deeponet_linear,20260923,0.5,3,1,000001.SZ,depth,unseen_q
20260521,1,0.7869056463241577,1.5738112926483154,0.039764098823070526,0.6180257510729614,0.6437768240343348,deeponet_linear,20260923,0.5,3,1,000001.SZ,depth,unseen_q
20260522,0,0.8735297322273254,1.7470594644546509,0.8787593245506287,0.5887445887445888,0.5887445887445888,deeponet_linear,20260923,0.5,3,1,000001.SZ,depth,unseen_q
20260522,1,0.7588391900062561,1.5176783800125122,0.07991195470094681,0.6266094420600858,0.6266094420600858,deeponet_linear,20260923,0.5,3,1,000001.SZ,depth,unseen_q
20260525,0,0.9643750786781311,1.9287501573562622,-0.27959826588630676,0.4434782608695652,0.4434782608695652,deeponet_linear,20260923,0.5,3,1,000001.SZ,depth,unseen_q
20260525,1,0.7378376722335815,1.475675344467163,0.012283026240766048,0.5064935064935064,0.5064935064935064,deeponet_linear,20260923,0.5,3,1,000001.SZ,depth,unseen_q
20260526,0,0.84951251745224,1.69902503490448,0.4172000288963318,0.6163793103448276,0.6163793103448276,deeponet_linear,20260923,0.5,3,1,000001.SZ,depth,unseen_q
20260526,1,0.8553057909011841,1.7106115818023682,0.021116595715284348,0.4827586206896552,0.4827586206896552,deeponet_linear,20260923,0.5,3,1,000001.SZ,depth,unseen_q
20260528,0,0.9482945799827576,1.8965891599655151,1.096380352973938,0.696969696969697,0.696969696969697,deeponet_linear,20260923,0.5,3,1,000001.SZ,depth,unseen_q
20260528,1,0.7488351464271545,1.497670292854309,0.2008638232946396,0.6223175965665236,0.6223175965665236,deeponet_linear,20260923,0.5,3,1,000001.SZ,depth,unseen_q
20260529,0,0.8198447227478027,1.6396894454956055,0.20966576039791107,0.5517241379310345,0.5603448275862069,deeponet_linear,20260923,0.5,3,1,000001.SZ,depth,unseen_q
20260529,1,1.108964204788208,2.217928409576416,0.7448325753211975,0.6952789699570815,0.6952789699570815,deeponet_linear,20260923,0.5,3,1,000001.SZ,depth,unseen_q
20260506,0,1.10124671459198,2.20249342918396,1.024553656578064,0.7142857142857143,0.7142857142857143,deeponet_linear,20260923,0.5,9,1,000001.SZ,depth,unseen_q
20260506,1,0.877249002456665,1.75449800491333,-0.172071635723114,0.46551724137931033,0.46551724137931033,deeponet_linear,20260923,0.5,9,1,000001.SZ,depth,unseen_q
20260507,0,1.1402653455734253,2.2805306911468506,-0.9361680150032043,0.34763948497854075,0.34763948497854075,deeponet_linear,20260923,0.5,9,1,000001.SZ,depth,unseen_q
20260507,1,0.8752316832542419,1.7504633665084839,0.028020264580845833,0.5622317596566524,0.5622317596566524,deeponet_linear,20260923,0.5,9,1,000001.SZ,depth,unseen_q
20260508,0,0.9818162322044373,1.9636324644088745,-0.09717568755149841,0.5,0.5,deeponet_linear,20260923,0.5,9,1,000001.SZ,depth,unseen_q
20260508,1,1.0242764949798584,2.048552989959717,-1.183889389038086,0.3303964757709251,0.3303964757709251,deeponet_linear,20260923,0.5,9,1,000001.SZ,depth,unseen_q
20260511,0,1.0926804542541504,2.185360908508301,-1.2601286172866821,0.26521739130434785,0.26521739130434785,deeponet_linear,20260923,0.5,9,1,000001.SZ,depth,unseen_q
20260511,1,1.0664076805114746,2.132815361022949,-0.2392302006483078,0.43103448275862066,0.43103448275862066,deeponet_linear,20260923,0.5,9,1,000001.SZ,depth,unseen_q
20260512,0,1.229653000831604,2.459306001663208,-0.5251433253288269,0.45414847161572053,0.45414847161572053,deeponet_linear,20260923,0.5,9,1,000001.SZ,depth,unseen_q
20260512,1,1.1312674283981323,2.2625348567962646,-0.7015799283981323,0.43478260869565216,0.43478260869565216,deeponet_linear,20260923,0.5,9,1,000001.SZ,depth,unseen_q
20260513,0,0.8454636931419373,1.6909273862838745,0.19992825388908386,0.5862068965517241,0.5862068965517241,deeponet_linear,20260923,0.5,9,1,000001.SZ,depth,unseen_q
20260513,1,0.7367909550666809,1.4735819101333618,-0.2669009864330292,0.5236051502145923,0.5236051502145923,deeponet_linear,20260923,0.5,9,1,000001.SZ,depth,unseen_q
20260514,0,1.1932802200317383,2.3865604400634766,-0.8273097276687622,0.4069264069264069,0.4069264069264069,deeponet_linear,20260923,0.5,9,1,000001.SZ,depth,unseen_q
20260514,1,0.8973992466926575,1.794798493385315,-0.6535853147506714,0.42857142857142855,0.42857142857142855,deeponet_linear,20260923,0.5,9,1,000001.SZ,depth,unseen_q
20260515,0,1.1635438203811646,2.327087640762329,0.5382310152053833,0.6387665198237885,0.6387665198237885,deeponet_linear,20260923,0.5,9,1,000001.SZ,depth,unseen_q
20260515,1,0.8746717572212219,1.7493435144424438,0.03301282972097397,0.6266094420600858,0.6266094420600858,deeponet_linear,20260923,0.5,9,1,000001.SZ,depth,unseen_q
20260518,0,1.0872166156768799,2.1744332313537598,0.5189070105552673,0.5645933014354066,0.5645933014354066,deeponet_linear,20260923,0.5,9,1,000001.SZ,depth,unseen_q
20260518,1,0.7636343240737915,1.527268648147583,-0.3750242292881012,0.47639484978540775,0.47639484978540775,deeponet_linear,20260923,0.5,9,1,000001.SZ,depth,unseen_q
20260519,0,0.8590307831764221,1.7180615663528442,0.14063191413879395,0.5930735930735931,0.5930735930735931,deeponet_linear,20260923,0.5,9,1,000001.SZ,depth,unseen_q
20260519,1,0.8520219326019287,1.7040438652038574,0.059080444276332855,0.5129310344827587,0.5129310344827587,deeponet_linear,20260923,0.5,9,1,000001.SZ,depth,unseen_q
20260520,0,0.9298112392425537,1.8596224784851074,0.17895156145095825,0.5911111111111111,0.5911111111111111,deeponet_linear,20260923,0.5,9,1,000001.SZ,depth,unseen_q
20260520,1,0.8069843649864197,1.6139687299728394,-0.31440359354019165,0.5826086956521739,0.5826086956521739,deeponet_linear,20260923,0.5,9,1,000001.SZ,depth,unseen_q
20260521,0,1.018011212348938,2.036022424697876,0.8826684355735779,0.6896551724137931,0.6896551724137931,deeponet_linear,20260923,0.5,9,1,000001.SZ,depth,unseen_q
20260521,1,0.8921214938163757,1.7842429876327515,-0.08867675065994263,0.6223175965665236,0.6223175965665236,deeponet_linear,20260923,0.5,9,1,000001.SZ,depth,unseen_q
20260522,0,1.0076816082000732,2.0153632164001465,0.8423945307731628,0.5800865800865801,0.5800865800865801,deeponet_linear,20260923,0.5,9,1,000001.SZ,depth,unseen_q
20260522,1,0.911142110824585,1.82228422164917,0.1066150814294815,0.6223175965665236,0.6223175965665236,deeponet_linear,20260923,0.5,9,1,000001.SZ,depth,unseen_q
20260525,0,1.0462504625320435,2.092500925064087,-0.31792208552360535,0.45652173913043476,0.45652173913043476,deeponet_linear,20260923,0.5,9,1,000001.SZ,depth,unseen_q
20260525,1,0.8538254499435425,1.707650899887085,-0.05017135664820671,0.5238095238095238,0.5238095238095238,deeponet_linear,20260923,0.5,9,1,000001.SZ,depth,unseen_q
20260526,0,1.0111572742462158,2.0223145484924316,-0.012880096212029457,0.5258620689655172,0.5258620689655172,deeponet_linear,20260923,0.5,9,1,000001.SZ,depth,unseen_q
20260526,1,0.990430474281311,1.980860948562622,0.13660858571529388,0.4870689655172414,0.4870689655172414,deeponet_linear,20260923,0.5,9,1,000001.SZ,depth,unseen_q
20260528,0,1.1675207614898682,2.3350415229797363,0.9593059420585632,0.6926406926406926,0.6926406926406926,deeponet_linear,20260923,0.5,9,1,000001.SZ,depth,unseen_q
20260528,1,0.764380693435669,1.528761386871338,0.2736818790435791,0.6523605150214592,0.6523605150214592,deeponet_linear,20260923,0.5,9,1,000001.SZ,depth,unseen_q
20260529,0,0.9179484248161316,1.8358968496322632,0.049212004989385605,0.5301724137931034,0.5301724137931034,deeponet_linear,20260923,0.5,9,1,000001.SZ,depth,unseen_q
20260529,1,1.247792363166809,2.495584726333618,0.7878891825675964,0.6781115879828327,0.6781115879828327,deeponet_linear,20260923,0.5,9,1,000001.SZ,depth,unseen_q
20260506,0,1.2715771198272705,2.543154239654541,1.1795451641082764,0.7346938775510204,0.7346938775510204,deeponet_linear,20260923,0.5,30,1,000001.SZ,depth,unseen_q
20260506,1,1.0582326650619507,2.1164653301239014,-0.49349597096443176,0.47413793103448276,0.47413793103448276,deeponet_linear,20260923,0.5,30,1,000001.SZ,depth,unseen_q
20260507,0,1.3696492910385132,2.7392985820770264,-1.0193452835083008,0.3605150214592275,0.3605150214592275,deeponet_linear,20260923,0.5,30,1,000001.SZ,depth,unseen_q
20260507,1,1.1484825611114502,2.2969651222229004,-0.35526949167251587,0.5708154506437768,0.5708154506437768,deeponet_linear,20260923,0.5,30,1,000001.SZ,depth,unseen_q
20260508,0,1.2073973417282104,2.414794683456421,-0.3420252799987793,0.4823008849557522,0.4823008849557522,deeponet_linear,20260923,0.5,30,1,000001.SZ,depth,unseen_q
20260508,1,1.2663826942443848,2.5327653884887695,-1.1303343772888184,0.4008810572687225,0.4008810572687225,deeponet_linear,20260923,0.5,30,1,000001.SZ,depth,unseen_q
20260511,0,1.43684720993042,2.87369441986084,-0.9028280973434448,0.391304347826087,0.391304347826087,deeponet_linear,20260923,0.5,30,1,000001.SZ,depth,unseen_q
20260511,1,1.4984424114227295,2.996884822845459,-0.7280816435813904,0.4353448275862069,0.4353448275862069,deeponet_linear,20260923,0.5,30,1,000001.SZ,depth,unseen_q
20260512,0,1.3899973630905151,2.7799947261810303,-0.5885783433914185,0.4759825327510917,0.4759825327510917,deeponet_linear,20260923,0.5,30,1,000001.SZ,depth,unseen_q
20260512,1,1.2513337135314941,2.5026674270629883,-0.5574638247489929,0.44782608695652176,0.44782608695652176,deeponet_linear,20260923,0.5,30,1,000001.SZ,depth,unseen_q
20260513,0,1.1031477451324463,2.2062954902648926,-0.06760139763355255,0.5172413793103449,0.5172413793103449,deeponet_linear,20260923,0.5,30,1,000001.SZ,depth,unseen_q
20260513,1,0.9868416786193848,1.9736833572387695,-0.24642857909202576,0.5536480686695279,0.5536480686695279,deeponet_linear,20260923,0.5,30,1,000001.SZ,depth,unseen_q
20260514,0,1.5302048921585083,3.0604097843170166,-0.6873114705085754,0.43722943722943725,0.43722943722943725,deeponet_linear,20260923,0.5,30,1,000001.SZ,depth,unseen_q
20260514,1,1.2815903425216675,2.563180685043335,-0.8246564269065857,0.4675324675324675,0.4675324675324675,deeponet_linear,20260923,0.5,30,1,000001.SZ,depth,unseen_q
20260515,0,1.3690468072891235,2.738093614578247,0.32361629605293274,0.6035242290748899,0.6035242290748899,deeponet_linear,20260923,0.5,30,1,000001.SZ,depth,unseen_q
20260515,1,0.9779931306838989,1.9559862613677979,0.1047862321138382,0.6609442060085837,0.6609442060085837,deeponet_linear,20260923,0.5,30,1,000001.SZ,depth,unseen_q
20260518,0,1.3634824752807617,2.7269649505615234,0.36216217279434204,0.5406698564593302,0.5406698564593302,deeponet_linear,20260923,0.5,30,1,000001.SZ,depth,unseen_q
20260518,1,0.9704968333244324,1.9409936666488647,-0.30955368280410767,0.5021459227467812,0.5021459227467812,deeponet_linear,20260923,0.5,30,1,000001.SZ,depth,unseen_q
20260519,0,1.0417314767837524,2.083462953567505,0.30142438411712646,0.5454545454545454,0.5454545454545454,deeponet_linear,20260923,0.5,30,1,000001.SZ,depth,unseen_q
20260519,1,1.0344102382659912,2.0688204765319824,-0.4343927502632141,0.46120689655172414,0.46120689655172414,deeponet_linear,20260923,0.5,30,1,000001.SZ,depth,unseen_q
20260520,0,1.0936881303787231,2.1873762607574463,0.20528742671012878,0.5733333333333334,0.5733333333333334,deeponet_linear,20260923,0.5,30,1,000001.SZ,depth,unseen_q
20260520,1,1.035218358039856,2.070436716079712,-0.40153536200523376,0.5652173913043478,0.5652173913043478,deeponet_linear,20260923,0.5,30,1,000001.SZ,depth,unseen_q
20260521,0,1.3265331983566284,2.653066396713257,0.909522533416748,0.6681034482758621,0.6681034482758621,deeponet_linear,20260923,0.5,30,1,000001.SZ,depth,unseen_q
20260521,1,1.1405177116394043,2.2810354232788086,-0.1112636998295784,0.6051502145922747,0.6051502145922747,deeponet_linear,20260923,0.5,30,1,000001.SZ,depth,unseen_q
20260522,0,1.2795003652572632,2.5590007305145264,0.8498632311820984,0.6233766233766234,0.6233766233766234,deeponet_linear,20260923,0.5,30,1,000001.SZ,depth,unseen_q
20260522,1,1.2003459930419922,2.4006919860839844,-0.018653269857168198,0.5793991416309013,0.5793991416309013,deeponet_linear,20260923,0.5,30,1,000001.SZ,depth,unseen_q
20260525,0,1.2968111038208008,2.5936222076416016,-0.5838773250579834,0.4608695652173913,0.4608695652173913,deeponet_linear,20260923,0.5,30,1,000001.SZ,depth,unseen_q
20260525,1,1.0190589427947998,2.0381178855895996,0.19214218854904175,0.5670995670995671,0.5670995670995671,deeponet_linear,20260923,0.5,30,1,000001.SZ,depth,unseen_q
20260526,0,1.3385642766952515,2.677128553390503,0.08563313633203506,0.5474137931034483,0.5474137931034483,deeponet_linear,20260923,0.5,30,1,000001.SZ,depth,unseen_q
20260526,1,1.219982624053955,2.43996524810791,0.03974153846502304,0.5301724137931034,0.5301724137931034,deeponet_linear,20260923,0.5,30,1,000001.SZ,depth,unseen_q
20260528,0,1.280139684677124,2.560279369354248,1.023409128189087,0.6623376623376623,0.6623376623376623,deeponet_linear,20260923,0.5,30,1,000001.SZ,depth,unseen_q
20260528,1,0.9909722805023193,1.9819445610046387,0.09310130029916763,0.6437768240343348,0.6437768240343348,deeponet_linear,20260923,0.5,30,1,000001.SZ,depth,unseen_q
20260529,0,1.2467397451400757,2.4934794902801514,0.24384784698486328,0.5775862068965517,0.5775862068965517,deeponet_linear,20260923,0.5,30,1,000001.SZ,depth,unseen_q
20260529,1,1.710064172744751,3.420128345489502,0.4851873517036438,0.592274678111588,0.592274678111588,deeponet_linear,20260923,0.5,30,1,000001.SZ,depth,unseen_q
20260506,0,0.5111274123191833,3.230154037475586,2.759874105453491,0.8826530612244898,0.8826530612244898,deeponet_linear,20260923,0.8999999761581421,3,1,000001.SZ,depth,unseen_q
20260506,1,0.45873257517814636,1.978482723236084,1.3262721300125122,0.6810344827586207,0.6810344827586207,deeponet_linear,20260923,0.8999999761581421,3,1,000001.SZ,depth,unseen_q
20260507,0,0.5851088166236877,2.231571912765503,1.326692819595337,0.6523605150214592,0.6523605150214592,deeponet_linear,20260923,0.8999999761581421,3,1,000001.SZ,depth,unseen_q
20260507,1,0.44435930252075195,2.2920429706573486,1.7541556358337402,0.8068669527896996,0.8068669527896996,deeponet_linear,20260923,0.8999999761581421,3,1,000001.SZ,depth,unseen_q
20260508,0,0.5584143400192261,2.264662027359009,1.4347918033599854,0.7168141592920354,0.7168141592920354,deeponet_linear,20260923,0.8999999761581421,3,1,000001.SZ,depth,unseen_q
20260508,1,0.6286756992340088,1.833237886428833,0.7198581695556641,0.6035242290748899,0.6035242290748899,deeponet_linear,20260923,0.8999999761581421,3,1,000001.SZ,depth,unseen_q
20260511,0,0.6826786994934082,2.4920578002929688,1.4083755016326904,0.7260869565217392,0.7260869565217392,deeponet_linear,20260923,0.8999999761581421,3,1,000001.SZ,depth,unseen_q
20260511,1,0.5673765540122986,2.5229034423828125,1.7351880073547363,0.7068965517241379,0.7068965517241379,deeponet_linear,20260923,0.8999999761581421,3,1,000001.SZ,depth,unseen_q
20260512,0,0.6306744813919067,2.346130847930908,1.3559776544570923,0.759825327510917,0.759825327510917,deeponet_linear,20260923,0.8999999761581421,3,1,000001.SZ,depth,unseen_q
20260512,1,0.6234991550445557,2.094715118408203,1.0596461296081543,0.6260869565217392,0.6260869565217392,deeponet_linear,20260923,0.8999999761581421,3,1,000001.SZ,depth,unseen_q
20260513,0,0.3370530307292938,2.2448782920837402,1.9634653329849243,0.853448275862069,0.853448275862069,deeponet_linear,20260923,0.8999999761581421,3,1,000001.SZ,depth,unseen_q
20260513,1,0.5082955956459045,1.5328328609466553,0.6453021168708801,0.630901287553648,0.630901287553648,deeponet_linear,20260923,0.8999999761581421,3,1,000001.SZ,depth,unseen_q
20260514,0,0.6790749430656433,2.357020616531372,1.2485884428024292,0.645021645021645,0.645021645021645,deeponet_linear,20260923,0.8999999761581421,3,1,000001.SZ,depth,unseen_q
20260514,1,0.49818548560142517,1.9665510654449463,1.212725043296814,0.7489177489177489,0.7489177489177489,deeponet_linear,20260923,0.8999999761581421,3,1,000001.SZ,depth,unseen_q
20260515,0,0.5083972215652466,3.0522143840789795,2.5442750453948975,0.8590308370044053,0.8590308370044053,deeponet_linear,20260923,0.8999999761581421,3,1,000001.SZ,depth,unseen_q
20260515,1,0.49865537881851196,2.3215672969818115,1.6553207635879517,0.7896995708154506,0.7896995708154506,deeponet_linear,20260923,0.8999999761581421,3,1,000001.SZ,depth,unseen_q
20260518,0,0.4247904419898987,3.0370562076568604,2.734344244003296,0.8277511961722488,0.8277511961722488,deeponet_linear,20260923,0.8999999761581421,3,1,000001.SZ,depth,unseen_q
20260518,1,0.47219327092170715,2.104566812515259,1.450225591659546,0.7167381974248928,0.7167381974248928,deeponet_linear,20260923,0.8999999761581421,3,1,000001.SZ,depth,unseen_q
20260519,0,0.3934726119041443,3.393580198287964,3.258293867111206,0.948051948051948,0.948051948051948,deeponet_linear,20260923,0.8999999761581421,3,1,000001.SZ,depth,unseen_q
20260519,1,0.4689095616340637,2.3085384368896484,1.7133991718292236,0.7456896551724138,0.7456896551724138,deeponet_linear,20260923,0.8999999761581421,3,1,000001.SZ,depth,unseen_q
20260520,0,0.3782304525375366,2.695399284362793,2.423673152923584,0.9155555555555556,0.9155555555555556,deeponet_linear,20260923,0.8999999761581421,3,1,000001.SZ,depth,unseen_q
20260520,1,0.38373005390167236,2.060774803161621,1.6166433095932007,0.7869565217391304,0.7869565217391304,deeponet_linear,20260923,0.8999999761581421,3,1,000001.SZ,depth,unseen_q
20260521,0,0.37231865525245667,2.7809314727783203,2.54536771774292,0.9094827586206896,0.9094827586206896,deeponet_linear,20260923,0.8999999761581421,3,1,000001.SZ,depth,unseen_q
20260521,1,0.5327872037887573,2.379096508026123,1.6419026851654053,0.7510729613733905,0.7510729613733905,deeponet_linear,20260923,0.8999999761581421,3,1,000001.SZ,depth,unseen_q
20260522,0,0.4513898491859436,3.601609706878662,3.37353777885437,0.8658008658008658,0.8658008658008658,deeponet_linear,20260923,0.8999999761581421,3,1,000001.SZ,depth,unseen_q
20260522,1,0.38695240020751953,2.2381370067596436,1.8302903175354004,0.8583690987124464,0.8583690987124464,deeponet_linear,20260923,0.8999999761581421,3,1,000001.SZ,depth,unseen_q
20260525,0,0.5488365888595581,2.504960298538208,1.7591087818145752,0.7,0.7,deeponet_linear,20260923,0.8999999761581421,3,1,000001.SZ,depth,unseen_q
20260525,1,0.3905991017818451,2.325031280517578,1.9297913312911987,0.8181818181818182,0.8181818181818182,deeponet_linear,20260923,0.8999999761581421,3,1,000001.SZ,depth,unseen_q
20260526,0,0.408430814743042,2.876465320587158,2.5745046138763428,0.8836206896551724,0.8836206896551724,deeponet_linear,20260923,0.8999999761581421,3,1,000001.SZ,depth,unseen_q
20260526,1,0.47247886657714844,2.412191390991211,1.8340423107147217,0.75,0.75,deeponet_linear,20260923,0.8999999761581421,3,1,000001.SZ,depth,unseen_q
20260528,0,0.3721109926700592,3.218276262283325,3.0925681591033936,0.9437229437229437,0.9437229437229437,deeponet_linear,20260923,0.8999999761581421,3,1,000001.SZ,depth,unseen_q
20260528,1,0.4227692186832428,2.167325973510742,1.652234673500061,0.8240343347639485,0.8240343347639485,deeponet_linear,20260923,0.8999999761581421,3,1,000001.SZ,depth,unseen_q
20260529,0,0.4159415066242218,2.5640437602996826,2.165201187133789,0.7887931034482759,0.7887931034482759,deeponet_linear,20260923,0.8999999761581421,3,1,000001.SZ,depth,unseen_q
20260529,1,0.45701995491981506,3.493608236312866,3.2244606018066406,0.8884120171673819,0.8884120171673819,deeponet_linear,20260923,0.8999999761581421,3,1,000001.SZ,depth,unseen_q
20260506,0,0.5922400951385498,3.4907000064849854,2.882774829864502,0.8571428571428571,0.8571428571428571,deeponet_linear,20260923,0.8999999761581421,9,1,000001.SZ,depth,unseen_q
20260506,1,0.49726250767707825,2.1679270267486572,1.4667527675628662,0.6853448275862069,0.6853448275862069,deeponet_linear,20260923,0.8999999761581421,9,1,000001.SZ,depth,unseen_q
20260507,0,0.7494283318519592,2.49369478225708,1.243547797203064,0.648068669527897,0.648068669527897,deeponet_linear,20260923,0.8999999761581421,9,1,000001.SZ,depth,unseen_q
20260507,1,0.4929383099079132,2.5869250297546387,2.0013105869293213,0.8240343347639485,0.8240343347639485,deeponet_linear,20260923,0.8999999761581421,9,1,000001.SZ,depth,unseen_q
20260508,0,0.6485480070114136,2.5486395359039307,1.5644296407699585,0.7035398230088495,0.7035398230088495,deeponet_linear,20260923,0.8999999761581421,9,1,000001.SZ,depth,unseen_q
20260508,1,0.805651843547821,2.0250167846679688,0.5171416997909546,0.5814977973568282,0.5814977973568282,deeponet_linear,20260923,0.8999999761581421,9,1,000001.SZ,depth,unseen_q
20260511,0,0.7893572449684143,2.5812642574310303,1.2531875371932983,0.6434782608695652,0.6434782608695652,deeponet_linear,20260923,0.8999999761581421,9,1,000001.SZ,depth,unseen_q
20260511,1,0.6635791063308716,2.8209619522094727,1.8672550916671753,0.7025862068965517,0.7025862068965517,deeponet_linear,20260923,0.8999999761581421,9,1,000001.SZ,depth,unseen_q
20260512,0,0.7397271990776062,2.5420007705688477,1.3281829357147217,0.7205240174672489,0.7205240174672489,deeponet_linear,20260923,0.8999999761581421,9,1,000001.SZ,depth,unseen_q
20260512,1,0.7256981730461121,2.31217885017395,1.0759782791137695,0.6434782608695652,0.6434782608695652,deeponet_linear,20260923,0.8999999761581421,9,1,000001.SZ,depth,unseen_q
20260513,0,0.4445747137069702,2.416656494140625,1.9093838930130005,0.8189655172413793,0.8189655172413793,deeponet_linear,20260923,0.8999999761581421,9,1,000001.SZ,depth,unseen_q
20260513,1,0.5528703927993774,1.7470192909240723,0.801598072052002,0.6394849785407726,0.6394849785407726,deeponet_linear,20260923,0.8999999761581421,9,1,000001.SZ,depth,unseen_q
20260514,0,0.6764257550239563,2.433800458908081,1.3511862754821777,0.645021645021645,0.645021645021645,deeponet_linear,20260923,0.8999999761581421,9,1,000001.SZ,depth,unseen_q
20260514,1,0.6508418321609497,2.247737407684326,1.1825672388076782,0.7359307359307359,0.7359307359307359,deeponet_linear,20260923,0.8999999761581421,9,1,000001.SZ,depth,unseen_q
20260515,0,0.5153258442878723,3.0833380222320557,2.5658583641052246,0.8414096916299559,0.8414096916299559,deeponet_linear,20260923,0.8999999761581421,9,1,000001.SZ,depth,unseen_q
20260515,1,0.5586953163146973,2.464815616607666,1.684281349182129,0.7939914163090128,0.7939914163090128,deeponet_linear,20260923,0.8999999761581421,9,1,000001.SZ,depth,unseen_q
20260518,0,0.4907655715942383,3.208512544631958,2.783726692199707,0.8181818181818182,0.8181818181818182,deeponet_linear,20260923,0.8999999761581421,9,1,000001.SZ,depth,unseen_q
20260518,1,0.5417975187301636,2.2916064262390137,1.510014295578003,0.7339055793991416,0.7339055793991416,deeponet_linear,20260923,0.8999999761581421,9,1,000001.SZ,depth,unseen_q
20260519,0,0.496263712644577,3.4395415782928467,3.058767795562744,0.9264069264069265,0.9264069264069265,deeponet_linear,20260923,0.8999999761581421,9,1,000001.SZ,depth,unseen_q
20260519,1,0.4893372654914856,2.542926549911499,1.955315113067627,0.7629310344827587,0.7629310344827587,deeponet_linear,20260923,0.8999999761581421,9,1,000001.SZ,depth,unseen_q
20260520,0,0.4879065155982971,3.008568286895752,2.5409440994262695,0.8577777777777778,0.8577777777777778,deeponet_linear,20260923,0.8999999761581421,9,1,000001.SZ,depth,unseen_q
20260520,1,0.5272333025932312,2.282545804977417,1.5350990295410156,0.7565217391304347,0.7565217391304347,deeponet_linear,20260923,0.8999999761581421,9,1,000001.SZ,depth,unseen_q
20260521,0,0.4684567153453827,3.1009573936462402,2.705054998397827,0.875,0.875,deeponet_linear,20260923,0.8999999761581421,9,1,000001.SZ,depth,unseen_q
20260521,1,0.5770571231842041,2.411799192428589,1.5721062421798706,0.7296137339055794,0.7296137339055794,deeponet_linear,20260923,0.8999999761581421,9,1,000001.SZ,depth,unseen_q
20260522,0,0.5210682153701782,3.7778713703155518,3.4196689128875732,0.8528138528138528,0.8528138528138528,deeponet_linear,20260923,0.8999999761581421,9,1,000001.SZ,depth,unseen_q
20260522,1,0.4334340989589691,2.4077327251434326,1.9260808229446411,0.8497854077253219,0.8497854077253219,deeponet_linear,20260923,0.8999999761581421,9,1,000001.SZ,depth,unseen_q
20260525,0,0.6148084402084351,2.6622188091278076,1.7907522916793823,0.691304347826087,0.691304347826087,deeponet_linear,20260923,0.8999999761581421,9,1,000001.SZ,depth,unseen_q
20260525,1,0.43739649653434753,2.4260737895965576,1.9391008615493774,0.8181818181818182,0.8181818181818182,deeponet_linear,20260923,0.8999999761581421,9,1,000001.SZ,depth,unseen_q
20260526,0,0.5343090891838074,2.842629909515381,2.217514753341675,0.8060344827586207,0.8060344827586207,deeponet_linear,20260923,0.8999999761581421,9,1,000001.SZ,depth,unseen_q
20260526,1,0.49793189764022827,2.609687328338623,2.017279624938965,0.75,0.75,deeponet_linear,20260923,0.8999999761581421,9,1,000001.SZ,depth,unseen_q
20260528,0,0.4885035455226898,3.3946967124938965,3.0221118927001953,0.8874458874458875,0.8874458874458875,deeponet_linear,20260923,0.8999999761581421,9,1,000001.SZ,depth,unseen_q
20260528,1,0.39378413558006287,2.2099618911743164,1.7779923677444458,0.8197424892703863,0.8197424892703863,deeponet_linear,20260923,0.8999999761581421,9,1,000001.SZ,depth,unseen_q
20260529,0,0.4929335117340088,2.6435132026672363,2.0720579624176025,0.7413793103448276,0.7413793103448276,deeponet_linear,20260923,0.8999999761581421,9,1,000001.SZ,depth,unseen_q
20260529,1,0.5676105618476868,3.8221423625946045,3.3586513996124268,0.8841201716738197,0.8841201716738197,deeponet_linear,20260923,0.8999999761581421,9,1,000001.SZ,depth,unseen_q
20260506,0,0.7025884389877319,3.9696977138519287,3.205651044845581,0.8571428571428571,0.8571428571428571,deeponet_linear,20260923,0.8999999761581421,30,1,000001.SZ,depth,unseen_q
20260506,1,0.7339478135108948,2.5112454891204834,1.304187297821045,0.6724137931034483,0.6724137931034483,deeponet_linear,20260923,0.8999999761581421,30,1,000001.SZ,depth,unseen_q
20260507,0,0.8988914489746094,2.8929967880249023,1.369017481803894,0.6394849785407726,0.6394849785407726,deeponet_linear,20260923,0.8999999761581421,30,1,000001.SZ,depth,unseen_q
20260507,1,0.779775857925415,3.011146068572998,1.814493179321289,0.8154506437768241,0.8154506437768241,deeponet_linear,20260923,0.8999999761581421,30,1,000001.SZ,depth,unseen_q
20260508,0,0.8153398633003235,2.8129963874816895,1.4778958559036255,0.6637168141592921,0.6637168141592921,deeponet_linear,20260923,0.8999999761581421,30,1,000001.SZ,depth,unseen_q
20260508,1,1.0715898275375366,2.7314670085906982,0.7353593111038208,0.6123348017621145,0.6123348017621145,deeponet_linear,20260923,0.8999999761581421,30,1,000001.SZ,depth,unseen_q
20260511,0,0.9511085748672485,3.3778786659240723,1.8445770740509033,0.6869565217391305,0.6869565217391305,deeponet_linear,20260923,0.8999999761581421,30,1,000001.SZ,depth,unseen_q
20260511,1,0.9461525082588196,3.165405750274658,1.5913761854171753,0.6637931034482759,0.6637931034482759,deeponet_linear,20260923,0.8999999761581421,30,1,000001.SZ,depth,unseen_q
20260512,0,0.8978736996650696,2.9471263885498047,1.4392237663269043,0.7030567685589519,0.7030567685589519,deeponet_linear,20260923,0.8999999761581421,30,1,000001.SZ,depth,unseen_q
20260512,1,0.7475855946540833,2.607419013977051,1.3903096914291382,0.6478260869565218,0.6478260869565218,deeponet_linear,20260923,0.8999999761581421,30,1,000001.SZ,depth,unseen_q
20260513,0,0.611303448677063,2.6598732471466064,1.7965829372406006,0.7672413793103449,0.7672413793103449,deeponet_linear,20260923,0.8999999761581421,30,1,000001.SZ,depth,unseen_q
20260513,1,0.6835917830467224,2.1088991165161133,0.9271442890167236,0.6394849785407726,0.6394849785407726,deeponet_linear,20260923,0.8999999761581421,30,1,000001.SZ,depth,unseen_q
20260514,0,1.0006904602050781,3.3593404293060303,1.6974495649337769,0.683982683982684,0.683982683982684,deeponet_linear,20260923,0.8999999761581421,30,1,000001.SZ,depth,unseen_q
20260514,1,0.9462751150131226,2.8497092723846436,1.1964486837387085,0.6753246753246753,0.6753246753246753,deeponet_linear,20260923,0.8999999761581421,30,1,000001.SZ,depth,unseen_q
20260515,0,0.7572919130325317,3.5480194091796875,2.541794776916504,0.8061674008810573,0.8061674008810573,deeponet_linear,20260923,0.8999999761581421,30,1,000001.SZ,depth,unseen_q
20260515,1,0.6638461351394653,2.85947847366333,1.914732813835144,0.776824034334764,0.776824034334764,deeponet_linear,20260923,0.8999999761581421,30,1,000001.SZ,depth,unseen_q
20260518,0,0.7263488173484802,3.7271742820739746,2.8430957794189453,0.7894736842105263,0.7894736842105263,deeponet_linear,20260923,0.8999999761581421,30,1,000001.SZ,depth,unseen_q
20260518,1,0.6949939131736755,2.7950639724731445,1.756345272064209,0.7510729613733905,0.7510729613733905,deeponet_linear,20260923,0.8999999761581421,30,1,000001.SZ,depth,unseen_q
20260519,0,0.6390126347541809,4.069537162780762,3.4893903732299805,0.8831168831168831,0.8831168831168831,deeponet_linear,20260923,0.8999999761581421,30,1,000001.SZ,depth,unseen_q
20260519,1,0.6576135754585266,2.6404242515563965,1.6564964056015015,0.7155172413793104,0.7155172413793104,deeponet_linear,20260923,0.8999999761581421,30,1,000001.SZ,depth,unseen_q
20260520,0,0.5551280379295349,3.342271327972412,2.7900192737579346,0.8444444444444444,0.8444444444444444,deeponet_linear,20260923,0.8999999761581421,30,1,000001.SZ,depth,unseen_q
20260520,1,0.7087441682815552,2.7221713066101074,1.6308540105819702,0.7217391304347827,0.7217391304347827,deeponet_linear,20260923,0.8999999761581421,30,1,000001.SZ,depth,unseen_q
20260521,0,0.6739411354064941,3.6713521480560303,2.9043376445770264,0.8318965517241379,0.8318965517241379,deeponet_linear,20260923,0.8999999761581421,30,1,000001.SZ,depth,unseen_q
20260521,1,0.6961280107498169,2.7609992027282715,1.710929036140442,0.7124463519313304,0.7124463519313304,deeponet_linear,20260923,0.8999999761581421,30,1,000001.SZ,depth,unseen_q
20260522,0,0.6888231635093689,4.308235168457031,3.663236379623413,0.8354978354978355,0.8354978354978355,deeponet_linear,20260923,0.8999999761581421,30,1,000001.SZ,depth,unseen_q
20260522,1,0.6592175364494324,2.909270763397217,1.9885449409484863,0.7896995708154506,0.7896995708154506,deeponet_linear,20260923,0.8999999761581421,30,1,000001.SZ,depth,unseen_q
20260525,0,0.8476626873016357,3.074357032775879,1.7237896919250488,0.6782608695652174,0.6782608695652174,deeponet_linear,20260923,0.8999999761581421,30,1,000001.SZ,depth,unseen_q
20260525,1,0.478570818901062,2.8597230911254883,2.3782269954681396,0.8354978354978355,0.8354978354978355,deeponet_linear,20260923,0.8999999761581421,30,1,000001.SZ,depth,unseen_q
20260526,0,0.7744827270507812,3.5684332847595215,2.5243349075317383,0.7844827586206896,0.7844827586206896,deeponet_linear,20260923,0.8999999761581421,30,1,000001.SZ,depth,unseen_q
20260526,1,0.7529909610748291,3.1909730434417725,2.106238842010498,0.7543103448275862,0.7543103448275862,deeponet_linear,20260923,0.8999999761581421,30,1,000001.SZ,depth,unseen_q
20260528,0,0.5849010944366455,3.791067123413086,3.276581287384033,0.8744588744588745,0.8744588744588745,deeponet_linear,20260923,0.8999999761581421,30,1,000001.SZ,depth,unseen_q
20260528,1,0.6065462231636047,2.607710123062134,1.743271827697754,0.8025751072961373,0.8025751072961373,deeponet_linear,20260923,0.8999999761581421,30,1,000001.SZ,depth,unseen_q
20260529,0,0.743938684463501,3.4542202949523926,2.457928419113159,0.75,0.75,deeponet_linear,20260923,0.8999999761581421,30,1,000001.SZ,depth,unseen_q
20260529,1,0.8269779086112976,4.299315452575684,3.3066999912261963,0.8068669527896996,0.8068669527896996,deeponet_linear,20260923,0.8999999761581421,30,1,000001.SZ,depth,unseen_q
20260506,0,0.2243468165397644,0.4486936330795288,0.03430916741490364,0.3877551020408163,0.4744897959183674,deeponet_residual_linear,20260923,0.5,3,1,000001.SZ,depth,unseen_q
20260506,1,0.3001942038536072,0.6003884077072144,-0.06925001740455627,0.6206896551724138,0.6206896551724138,deeponet_residual_linear,20260923,0.5,3,1,000001.SZ,depth,unseen_q
20260507,0,0.3270621597766876,0.6541243195533752,0.05200730264186859,0.463519313304721,0.463519313304721,deeponet_residual_linear,20260923,0.5,3,1,000001.SZ,depth,unseen_q
20260507,1,0.2899777293205261,0.5799554586410522,-0.027077753096818924,0.6566523605150214,0.6566523605150214,deeponet_residual_linear,20260923,0.5,3,1,000001.SZ,depth,unseen_q
20260508,0,0.3504430651664734,0.7008861303329468,-0.005103934556245804,0.4026548672566372,0.4646017699115044,deeponet_residual_linear,20260923,0.5,3,1,000001.SZ,depth,unseen_q
20260508,1,0.27079927921295166,0.5415985584259033,-0.12951216101646423,0.5330396475770925,0.5330396475770925,deeponet_residual_linear,20260923,0.5,3,1,000001.SZ,depth,unseen_q
20260511,0,0.3392145335674286,0.6784290671348572,-0.2511022686958313,0.34782608695652173,0.34782608695652173,deeponet_residual_linear,20260923,0.5,3,1,000001.SZ,depth,unseen_q
20260511,1,0.2519737780094147,0.5039475560188293,0.09683552384376526,0.5732758620689655,0.5732758620689655,deeponet_residual_linear,20260923,0.5,3,1,000001.SZ,depth,unseen_q
20260512,0,0.3696628510951996,0.7393257021903992,-0.10118375718593597,0.4017467248908297,0.4104803493449782,deeponet_residual_linear,20260923,0.5,3,1,000001.SZ,depth,unseen_q
20260512,1,0.2832394540309906,0.5664789080619812,-0.09530925750732422,0.6478260869565218,0.6565217391304348,deeponet_residual_linear,20260923,0.5,3,1,000001.SZ,depth,unseen_q
20260513,0,0.2747105658054352,0.5494211316108704,0.07594899833202362,0.5258620689655172,0.5474137931034483,deeponet_residual_linear,20260923,0.5,3,1,000001.SZ,depth,unseen_q
20260513,1,0.14985810220241547,0.29971620440483093,-0.011838415637612343,0.7167381974248928,0.7167381974248928,deeponet_residual_linear,20260923,0.5,3,1,000001.SZ,depth,unseen_q
20260514,0,0.2901070713996887,0.5802141427993774,0.06356459856033325,0.4155844155844156,0.4155844155844156,deeponet_residual_linear,20260923,0.5,3,1,000001.SZ,depth,unseen_q
20260514,1,0.2809617817401886,0.5619235634803772,-0.08862978965044022,0.6190476190476191,0.6233766233766234,deeponet_residual_linear,20260923,0.5,3,1,000001.SZ,depth,unseen_q
20260515,0,0.5420008301734924,1.0840016603469849,-0.18206453323364258,0.3832599118942731,0.4008810572687225,deeponet_residual_linear,20260923,0.5,3,1,000001.SZ,depth,unseen_q
20260515,1,0.38332730531692505,0.7666546106338501,0.09022962301969528,0.7253218884120172,0.7553648068669528,deeponet_residual_linear,20260923,0.5,3,1,000001.SZ,depth,unseen_q
20260518,0,0.25457191467285156,0.5091438293457031,0.011181080713868141,0.44976076555023925,0.44976076555023925,deeponet_residual_linear,20260923,0.5,3,1,000001.SZ,depth,unseen_q
20260518,1,0.2955342233181,0.5910684466362,-0.10299650579690933,0.6695278969957081,0.6695278969957081,deeponet_residual_linear,20260923,0.5,3,1,000001.SZ,depth,unseen_q
20260519,0,0.40423867106437683,0.8084773421287537,0.10768241435289383,0.4458874458874459,0.4458874458874459,deeponet_residual_linear,20260923,0.5,3,1,000001.SZ,depth,unseen_q
20260519,1,0.34212756156921387,0.6842551231384277,0.017970478162169456,0.625,0.6336206896551724,deeponet_residual_linear,20260923,0.5,3,1,000001.SZ,depth,unseen_q
20260520,0,0.2408105432987213,0.4816210865974426,-0.08457770198583603,0.4222222222222222,0.4266666666666667,deeponet_residual_linear,20260923,0.5,3,1,000001.SZ,depth,unseen_q
20260520,1,0.16275028884410858,0.32550057768821716,0.03537328541278839,0.6695652173913044,0.6739130434782609,deeponet_residual_linear,20260923,0.5,3,1,000001.SZ,depth,unseen_q
20260521,0,0.329706072807312,0.659412145614624,0.04831475391983986,0.4353448275862069,0.5431034482758621,deeponet_residual_linear,20260923,0.5,3,1,000001.SZ,depth,unseen_q
20260521,1,0.2978576421737671,0.5957152843475342,-0.09897550940513611,0.6824034334763949,0.7081545064377682,deeponet_residual_linear,20260923,0.5,3,1,000001.SZ,depth,unseen_q
20260522,0,0.3655916750431061,0.7311833500862122,0.214682936668396,0.5108225108225108,0.5454545454545454,deeponet_residual_linear,20260923,0.5,3,1,000001.SZ,depth,unseen_q
20260522,1,0.27372774481773376,0.5474554896354675,-0.17827247083187103,0.5793991416309013,0.5965665236051502,deeponet_residual_linear,20260923,0.5,3,1,000001.SZ,depth,unseen_q
20260525,0,0.2585148215293884,0.5170296430587769,0.07908391207456589,0.4956521739130435,0.5043478260869565,deeponet_residual_linear,20260923,0.5,3,1,000001.SZ,depth,unseen_q
20260525,1,0.2887105345726013,0.5774210691452026,-0.09828739613294601,0.5238095238095238,0.5238095238095238,deeponet_residual_linear,20260923,0.5,3,1,000001.SZ,depth,unseen_q
20260526,0,0.38654303550720215,0.7730860710144043,0.12355716526508331,0.4870689655172414,0.49137931034482757,deeponet_residual_linear,20260923,0.5,3,1,000001.SZ,depth,unseen_q
20260526,1,0.33021870255470276,0.6604374051094055,0.005502752028405666,0.646551724137931,0.6810344827586207,deeponet_residual_linear,20260923,0.5,3,1,000001.SZ,depth,unseen_q
20260528,0,0.31574738025665283,0.6314947605133057,0.11744452267885208,0.5064935064935064,0.5194805194805194,deeponet_residual_linear,20260923,0.5,3,1,000001.SZ,depth,unseen_q
20260528,1,0.2723065912723541,0.5446131825447083,0.007875782437622547,0.703862660944206,0.7167381974248928,deeponet_residual_linear,20260923,0.5,3,1,000001.SZ,depth,unseen_q
20260529,0,0.3844907879829407,0.7689815759658813,0.25038087368011475,0.4956896551724138,0.6594827586206896,deeponet_residual_linear,20260923,0.5,3,1,000001.SZ,depth,unseen_q
20260529,1,0.5510355234146118,1.1020710468292236,-0.19269876182079315,0.5879828326180258,0.5879828326180258,deeponet_residual_linear,20260923,0.5,3,1,000001.SZ,depth,unseen_q
20260506,0,0.473711758852005,0.94742351770401,0.09811487793922424,0.5459183673469388,0.5459183673469388,deeponet_residual_linear,20260923,0.5,9,1,000001.SZ,depth,unseen_q
20260506,1,0.45993733406066895,0.9198746681213379,0.013211279176175594,0.5948275862068966,0.5948275862068966,deeponet_residual_linear,20260923,0.5,9,1,000001.SZ,depth,unseen_q
20260507,0,0.6579086780548096,1.3158173561096191,-0.10471361875534058,0.4892703862660944,0.4892703862660944,deeponet_residual_linear,20260923,0.5,9,1,000001.SZ,depth,unseen_q
20260507,1,0.538168728351593,1.076337456703186,0.14770732820034027,0.5665236051502146,0.5665236051502146,deeponet_residual_linear,20260923,0.5,9,1,000001.SZ,depth,unseen_q
20260508,0,0.5931743383407593,1.1863486766815186,0.06840002536773682,0.5619469026548672,0.5619469026548672,deeponet_residual_linear,20260923,0.5,9,1,000001.SZ,depth,unseen_q
20260508,1,0.551870584487915,1.10374116897583,-0.3927024006843567,0.4889867841409692,0.4889867841409692,deeponet_residual_linear,20260923,0.5,9,1,000001.SZ,depth,unseen_q
20260511,0,0.5548515915870667,1.1097031831741333,-0.48837828636169434,0.43478260869565216,0.43478260869565216,deeponet_residual_linear,20260923,0.5,9,1,000001.SZ,depth,unseen_q
20260511,1,0.5354785323143005,1.070957064628601,0.15070758759975433,0.5344827586206896,0.5344827586206896,deeponet_residual_linear,20260923,0.5,9,1,000001.SZ,depth,unseen_q
20260512,0,0.7492210865020752,1.4984421730041504,-0.19033536314964294,0.5021834061135371,0.5021834061135371,deeponet_residual_linear,20260923,0.5,9,1,000001.SZ,depth,unseen_q
20260512,1,0.5407838821411133,1.0815677642822266,-0.1409897655248642,0.6434782608695652,0.6478260869565218,deeponet_residual_linear,20260923,0.5,9,1,000001.SZ,depth,unseen_q
20260513,0,0.5484998226165771,1.0969996452331543,-0.032231152057647705,0.5862068965517241,0.5862068965517241,deeponet_residual_linear,20260923,0.5,9,1,000001.SZ,depth,unseen_q
20260513,1,0.3448018729686737,0.6896037459373474,0.1059652715921402,0.6995708154506438,0.6995708154506438,deeponet_residual_linear,20260923,0.5,9,1,000001.SZ,depth,unseen_q
20260514,0,0.533566951751709,1.067133903503418,0.09358645230531693,0.49783549783549785,0.49783549783549785,deeponet_residual_linear,20260923,0.5,9,1,000001.SZ,depth,unseen_q
20260514,1,0.5484362244606018,1.0968724489212036,-0.18694926798343658,0.5064935064935064,0.5108225108225108,deeponet_residual_linear,20260923,0.5,9,1,000001.SZ,depth,unseen_q
20260515,0,0.7219863533973694,1.4439727067947388,-0.22752061486244202,0.4581497797356828,0.4581497797356828,deeponet_residual_linear,20260923,0.5,9,1,000001.SZ,depth,unseen_q
20260515,1,0.4726235568523407,0.9452471137046814,0.06081625074148178,0.7381974248927039,0.7381974248927039,deeponet_residual_linear,20260923,0.5,9,1,000001.SZ,depth,unseen_q
20260518,0,0.5079620480537415,1.015924096107483,-0.015580660663545132,0.5263157894736842,0.5263157894736842,deeponet_residual_linear,20260923,0.5,9,1,000001.SZ,depth,unseen_q
20260518,1,0.4529261589050293,0.9058523178100586,-0.10941118001937866,0.6137339055793991,0.6137339055793991,deeponet_residual_linear,20260923,0.5,9,1,000001.SZ,depth,unseen_q
20260519,0,0.6142659783363342,1.2285319566726685,-0.18630750477313995,0.5151515151515151,0.5151515151515151,deeponet_residual_linear,20260923,0.5,9,1,000001.SZ,depth,unseen_q
20260519,1,0.5914717316627502,1.1829434633255005,0.18765118718147278,0.5948275862068966,0.5948275862068966,deeponet_residual_linear,20260923,0.5,9,1,000001.SZ,depth,unseen_q
20260520,0,0.6205570697784424,1.2411141395568848,-0.045616261661052704,0.5022222222222222,0.5022222222222222,deeponet_residual_linear,20260923,0.5,9,1,000001.SZ,depth,unseen_q
20260520,1,0.535923182964325,1.07184636592865,-0.11342336982488632,0.6391304347826087,0.6391304347826087,deeponet_residual_linear,20260923,0.5,9,1,000001.SZ,depth,unseen_q
20260521,0,0.6145139932632446,1.2290279865264893,0.14696641266345978,0.5387931034482759,0.5387931034482759,deeponet_residual_linear,20260923,0.5,9,1,000001.SZ,depth,unseen_q
20260521,1,0.48462435603141785,0.9692487120628357,-0.22834251821041107,0.6652360515021459,0.6652360515021459,deeponet_residual_linear,20260923,0.5,9,1,000001.SZ,depth,unseen_q
20260522,0,0.6127501726150513,1.2255003452301025,0.1780180186033249,0.6406926406926406,0.6406926406926406,deeponet_residual_linear,20260923,0.5,9,1,000001.SZ,depth,unseen_q
20260522,1,0.5570195913314819,1.1140391826629639,-0.1524084508419037,0.51931330472103,0.5493562231759657,deeponet_residual_linear,20260923,0.5,9,1,000001.SZ,depth,unseen_q
20260525,0,0.4872762858867645,0.974552571773529,0.040731530636548996,0.5521739130434783,0.5521739130434783,deeponet_residual_linear,20260923,0.5,9,1,000001.SZ,depth,unseen_q
20260525,1,0.48633596301078796,0.9726719260215759,-0.1609066277742386,0.5151515151515151,0.5151515151515151,deeponet_residual_linear,20260923,0.5,9,1,000001.SZ,depth,unseen_q
20260526,0,0.6720197796821594,1.3440395593643188,-0.3066060245037079,0.5,0.5,deeponet_residual_linear,20260923,0.5,9,1,000001.SZ,depth,unseen_q
20260526,1,0.5915027856826782,1.1830055713653564,0.11970505863428116,0.6206896551724138,0.6206896551724138,deeponet_residual_linear,20260923,0.5,9,1,000001.SZ,depth,unseen_q
20260528,0,0.6016495823860168,1.2032991647720337,-0.019709566608071327,0.5454545454545454,0.5454545454545454,deeponet_residual_linear,20260923,0.5,9,1,000001.SZ,depth,unseen_q
20260528,1,0.39145562052726746,0.7829112410545349,0.08015304058790207,0.6866952789699571,0.6995708154506438,deeponet_residual_linear,20260923,0.5,9,1,000001.SZ,depth,unseen_q
20260529,0,0.6421671509742737,1.2843343019485474,0.08897320181131363,0.6336206896551724,0.6336206896551724,deeponet_residual_linear,20260923,0.5,9,1,000001.SZ,depth,unseen_q
20260529,1,0.8585107922554016,1.7170215845108032,-0.14966611564159393,0.5450643776824035,0.5450643776824035,deeponet_residual_linear,20260923,0.5,9,1,000001.SZ,depth,unseen_q
20260506,0,0.7990816831588745,1.598163366317749,0.25310635566711426,0.5918367346938775,0.5918367346938775,deeponet_residual_linear,20260923,0.5,30,1,000001.SZ,depth,unseen_q
20260506,1,0.8077361583709717,1.6154723167419434,-0.3082130253314972,0.5862068965517241,0.5862068965517241,deeponet_residual_linear,20260923,0.5,30,1,000001.SZ,depth,unseen_q
20260507,0,1.0065643787384033,2.0131287574768066,-0.18789085745811462,0.5321888412017167,0.5321888412017167,deeponet_residual_linear,20260923,0.5,30,1,000001.SZ,depth,unseen_q
20260507,1,0.9346978664398193,1.8693957328796387,-0.23563817143440247,0.5536480686695279,0.5536480686695279,deeponet_residual_linear,20260923,0.5,30,1,000001.SZ,depth,unseen_q
20260508,0,0.9764817953109741,1.9529635906219482,-0.17644958198070526,0.5088495575221239,0.5088495575221239,deeponet_residual_linear,20260923,0.5,30,1,000001.SZ,depth,unseen_q
20260508,1,1.0121827125549316,2.0243654251098633,-0.3392212390899658,0.5638766519823789,0.5638766519823789,deeponet_residual_linear,20260923,0.5,30,1,000001.SZ,depth,unseen_q
20260511,0,1.176924228668213,2.353848457336426,-0.1310778260231018,0.4826086956521739,0.4826086956521739,deeponet_residual_linear,20260923,0.5,30,1,000001.SZ,depth,unseen_q
20260511,1,1.171837329864502,2.343674659729004,-0.33814388513565063,0.49137931034482757,0.49137931034482757,deeponet_residual_linear,20260923,0.5,30,1,000001.SZ,depth,unseen_q
20260512,0,1.1074414253234863,2.2148828506469727,-0.2537704110145569,0.4978165938864629,0.4978165938864629,deeponet_residual_linear,20260923,0.5,30,1,000001.SZ,depth,unseen_q
20260512,1,0.8986241817474365,1.797248363494873,0.0031720574479550123,0.5652173913043478,0.5695652173913044,deeponet_residual_linear,20260923,0.5,30,1,000001.SZ,depth,unseen_q
20260513,0,1.0751370191574097,2.1502740383148193,-0.2997607886791229,0.5,0.5,deeponet_residual_linear,20260923,0.5,30,1,000001.SZ,depth,unseen_q
20260513,1,0.7021607756614685,1.404321551322937,0.1264376938343048,0.6609442060085837,0.6609442060085837,deeponet_residual_linear,20260923,0.5,30,1,000001.SZ,depth,unseen_q
20260514,0,1.1319730281829834,2.263946056365967,0.23358476161956787,0.5584415584415584,0.5584415584415584,deeponet_residual_linear,20260923,0.5,30,1,000001.SZ,depth,unseen_q
20260514,1,1.0190808773040771,2.0381617546081543,-0.3580215871334076,0.48917748917748916,0.48917748917748916,deeponet_residual_linear,20260923,0.5,30,1,000001.SZ,depth,unseen_q
20260515,0,1.061173439025879,2.122346878051758,-0.44213542342185974,0.4889867841409692,0.4889867841409692,deeponet_residual_linear,20260923,0.5,30,1,000001.SZ,depth,unseen_q
20260515,1,0.7541435956954956,1.5082871913909912,0.13257955014705658,0.7339055793991416,0.7339055793991416,deeponet_residual_linear,20260923,0.5,30,1,000001.SZ,depth,unseen_q
20260518,0,0.9575091600418091,1.9150183200836182,-0.1723254770040512,0.42105263157894735,0.42105263157894735,deeponet_residual_linear,20260923,0.5,30,1,000001.SZ,depth,unseen_q
20260518,1,0.7825775742530823,1.5651551485061646,-0.04378318041563034,0.6652360515021459,0.6652360515021459,deeponet_residual_linear,20260923,0.5,30,1,000001.SZ,depth,unseen_q
20260519,0,0.8879982233047485,1.775996446609497,-0.025515075773000717,0.48917748917748916,0.48917748917748916,deeponet_residual_linear,20260923,0.5,30,1,000001.SZ,depth,unseen_q
20260519,1,0.8090964555740356,1.6181929111480713,-0.3058219850063324,0.5387931034482759,0.5387931034482759,deeponet_residual_linear,20260923,0.5,30,1,000001.SZ,depth,unseen_q
20260520,0,0.9861759543418884,1.9723519086837769,-0.019280415028333664,0.52,0.52,deeponet_residual_linear,20260923,0.5,30,1,000001.SZ,depth,unseen_q
20260520,1,0.8787307143211365,1.757461428642273,-0.200578510761261,0.6521739130434783,0.6521739130434783,deeponet_residual_linear,20260923,0.5,30,1,000001.SZ,depth,unseen_q
20260521,0,1.069560170173645,2.13912034034729,0.17382045090198517,0.5474137931034483,0.5474137931034483,deeponet_residual_linear,20260923,0.5,30,1,000001.SZ,depth,unseen_q
20260521,1,0.8803467154502869,1.7606934309005737,-0.2509765326976776,0.6180257510729614,0.6180257510729614,deeponet_residual_linear,20260923,0.5,30,1,000001.SZ,depth,unseen_q
20260522,0,1.0704959630966187,2.1409919261932373,0.18548668920993805,0.5757575757575758,0.5757575757575758,deeponet_residual_linear,20260923,0.5,30,1,000001.SZ,depth,unseen_q
20260522,1,0.9125019311904907,1.8250038623809814,-0.27764540910720825,0.5321888412017167,0.5407725321888412,deeponet_residual_linear,20260923,0.5,30,1,000001.SZ,depth,unseen_q
20260525,0,0.8850871920585632,1.7701743841171265,-0.22522370517253876,0.5217391304347826,0.5217391304347826,deeponet_residual_linear,20260923,0.5,30,1,000001.SZ,depth,unseen_q
20260525,1,0.7827754616737366,1.5655509233474731,0.08140692859888077,0.5627705627705628,0.5627705627705628,deeponet_residual_linear,20260923,0.5,30,1,000001.SZ,depth,unseen_q
20260526,0,1.2143410444259644,2.4286820888519287,-0.20809277892112732,0.4956896551724138,0.4956896551724138,deeponet_residual_linear,20260923,0.5,30,1,000001.SZ,depth,unseen_q
20260526,1,1.0676451921463013,2.1352903842926025,0.022838059812784195,0.6336206896551724,0.6336206896551724,deeponet_residual_linear,20260923,0.5,30,1,000001.SZ,depth,unseen_q
20260528,0,0.98438960313797,1.96877920627594,0.0443936288356781,0.5367965367965368,0.5367965367965368,deeponet_residual_linear,20260923,0.5,30,1,000001.SZ,depth,unseen_q
20260528,1,0.7992721199989319,1.5985442399978638,-0.100148044526577,0.6566523605150214,0.6695278969957081,deeponet_residual_linear,20260923,0.5,30,1,000001.SZ,depth,unseen_q
20260529,0,1.08978271484375,2.1795654296875,0.2836090326309204,0.6336206896551724,0.6336206896551724,deeponet_residual_linear,20260923,0.5,30,1,000001.SZ,depth,unseen_q
20260529,1,1.4719326496124268,2.9438652992248535,-0.45236802101135254,0.5021459227467812,0.5021459227467812,deeponet_residual_linear,20260923,0.5,30,1,000001.SZ,depth,unseen_q
20260506,0,0.2680947482585907,2.0029375553131104,1.8334354162216187,0.9795918367346939,0.9795918367346939,deeponet_residual_linear,20260923,0.8999999761581421,3,1,000001.SZ,depth,unseen_q
20260506,1,0.24652458727359772,1.7022931575775146,1.5115550756454468,0.9655172413793104,0.9655172413793104,deeponet_residual_linear,20260923,0.8999999761581421,3,1,000001.SZ,depth,unseen_q
20260507,0,0.25919637084007263,2.244910478591919,2.1581473350524902,0.9699570815450643,0.9699570815450643,deeponet_residual_linear,20260923,0.8999999761581421,3,1,000001.SZ,depth,unseen_q
20260507,1,0.27480241656303406,2.0486788749694824,1.8738428354263306,0.9699570815450643,0.9699570815450643,deeponet_residual_linear,20260923,0.8999999761581421,3,1,000001.SZ,depth,unseen_q
20260508,0,0.28822988271713257,1.8567537069320679,1.600367546081543,0.9557522123893806,0.9557522123893806,deeponet_residual_linear,20260923,0.8999999761581421,3,1,000001.SZ,depth,unseen_q
20260508,1,0.2608824372291565,1.7306010723114014,1.511045217514038,0.9515418502202643,0.9515418502202643,deeponet_residual_linear,20260923,0.8999999761581421,3,1,000001.SZ,depth,unseen_q
20260511,0,0.35806116461753845,2.4602229595184326,2.1801259517669678,0.9565217391304348,0.9565217391304348,deeponet_residual_linear,20260923,0.8999999761581421,3,1,000001.SZ,depth,unseen_q
20260511,1,0.27498775720596313,2.2500760555267334,2.1251258850097656,0.9612068965517241,0.9612068965517241,deeponet_residual_linear,20260923,0.8999999761581421,3,1,000001.SZ,depth,unseen_q
20260512,0,0.33068928122520447,2.014007091522217,1.6907856464385986,0.9606986899563319,0.9606986899563319,deeponet_residual_linear,20260923,0.8999999761581421,3,1,000001.SZ,depth,unseen_q
20260512,1,0.26263371109962463,1.8213497400283813,1.6201030015945435,0.9391304347826087,0.9391304347826087,deeponet_residual_linear,20260923,0.8999999761581421,3,1,000001.SZ,depth,unseen_q
20260513,0,0.24726848304271698,1.8795815706253052,1.7313058376312256,0.9612068965517241,0.9612068965517241,deeponet_residual_linear,20260923,0.8999999761581421,3,1,000001.SZ,depth,unseen_q
20260513,1,0.1715627908706665,1.1576602458953857,1.018168330192566,0.9656652360515021,0.9656652360515021,deeponet_residual_linear,20260923,0.8999999761581421,3,1,000001.SZ,depth,unseen_q
20260514,0,0.2935473620891571,2.3226823806762695,2.1694846153259277,0.9696969696969697,0.9696969696969697,deeponet_residual_linear,20260923,0.8999999761581421,3,1,000001.SZ,depth,unseen_q
20260514,1,0.27490222454071045,1.8932923078536987,1.679360032081604,0.9567099567099567,0.9567099567099567,deeponet_residual_linear,20260923,0.8999999761581421,3,1,000001.SZ,depth,unseen_q
20260515,0,0.3436216711997986,2.1100616455078125,1.7785232067108154,0.8898678414096917,0.8898678414096917,deeponet_residual_linear,20260923,0.8999999761581421,3,1,000001.SZ,depth,unseen_q
20260515,1,0.31974223256111145,1.9859836101531982,1.68312406539917,0.9656652360515021,0.9656652360515021,deeponet_residual_linear,20260923,0.8999999761581421,3,1,000001.SZ,depth,unseen_q
20260518,0,0.25775855779647827,2.275402307510376,2.1998565196990967,0.9760765550239234,0.9760765550239234,deeponet_residual_linear,20260923,0.8999999761581421,3,1,000001.SZ,depth,unseen_q
20260518,1,0.27959784865379333,1.9318664073944092,1.7158385515213013,0.944206008583691,0.944206008583691,deeponet_residual_linear,20260923,0.8999999761581421,3,1,000001.SZ,depth,unseen_q
20260519,0,0.37300553917884827,3.091094493865967,2.931354522705078,0.9567099567099567,0.9567099567099567,deeponet_residual_linear,20260923,0.8999999761581421,3,1,000001.SZ,depth,unseen_q
20260519,1,0.3040050268173218,2.0815858840942383,1.8419698476791382,0.9568965517241379,0.9568965517241379,deeponet_residual_linear,20260923,0.8999999761581421,3,1,000001.SZ,depth,unseen_q
20260520,0,0.2861649692058563,2.3316140174865723,2.1991052627563477,0.9644444444444444,0.9644444444444444,deeponet_residual_linear,20260923,0.8999999761581421,3,1,000001.SZ,depth,unseen_q
20260520,1,0.20246443152427673,1.859027624130249,1.8176236152648926,0.9739130434782609,0.9739130434782609,deeponet_residual_linear,20260923,0.8999999761581421,3,1,000001.SZ,depth,unseen_q
20260521,0,0.2614746689796448,1.9706817865371704,1.8096656799316406,0.978448275862069,0.978448275862069,deeponet_residual_linear,20260923,0.8999999761581421,3,1,000001.SZ,depth,unseen_q
20260521,1,0.26348382234573364,1.7287571430206299,1.5022369623184204,0.9527896995708155,0.9527896995708155,deeponet_residual_linear,20260923,0.8999999761581421,3,1,000001.SZ,depth,unseen_q
20260522,0,0.3083239197731018,2.7839767932891846,2.7091615200042725,0.9783549783549783,0.9783549783549783,deeponet_residual_linear,20260923,0.8999999761581421,3,1,000001.SZ,depth,unseen_q
20260522,1,0.2500988245010376,1.757163643836975,1.5712076425552368,0.9484978540772532,0.9484978540772532,deeponet_residual_linear,20260923,0.8999999761581421,3,1,000001.SZ,depth,unseen_q
20260525,0,0.2602432668209076,2.2146964073181152,2.117762327194214,0.9782608695652174,0.9782608695652174,deeponet_residual_linear,20260923,0.8999999761581421,3,1,000001.SZ,depth,unseen_q
20260525,1,0.26865139603614807,1.992547631263733,1.8190561532974243,0.9696969696969697,0.9696969696969697,deeponet_residual_linear,20260923,0.8999999761581421,3,1,000001.SZ,depth,unseen_q
20260526,0,0.3101028800010681,2.444828748703003,2.2807788848876953,0.9612068965517241,0.9612068965517241,deeponet_residual_linear,20260923,0.8999999761581421,3,1,000001.SZ,depth,unseen_q
20260526,1,0.33572906255722046,2.125169038772583,1.8171387910842896,0.9612068965517241,0.9612068965517241,deeponet_residual_linear,20260923,0.8999999761581421,3,1,000001.SZ,depth,unseen_q
20260528,0,0.26635274291038513,2.2235474586486816,2.1135525703430176,0.9783549783549783,0.9783549783549783,deeponet_residual_linear,20260923,0.8999999761581421,3,1,000001.SZ,depth,unseen_q
20260528,1,0.2449120134115219,1.6559689044952393,1.4576811790466309,0.9527896995708155,0.9656652360515021,deeponet_residual_linear,20260923,0.8999999761581421,3,1,000001.SZ,depth,unseen_q
20260529,0,0.26522302627563477,2.2944157123565674,2.2049622535705566,0.9827586206896551,0.9827586206896551,deeponet_residual_linear,20260923,0.8999999761581421,3,1,000001.SZ,depth,unseen_q
20260529,1,0.39157217741012573,2.612668514251709,2.286905288696289,0.9184549356223176,0.9184549356223176,deeponet_residual_linear,20260923,0.8999999761581421,3,1,000001.SZ,depth,unseen_q
20260506,0,0.3635319769382477,2.292132616043091,1.9563360214233398,0.9489795918367347,0.9489795918367347,deeponet_residual_linear,20260923,0.8999999761581421,9,1,000001.SZ,depth,unseen_q
20260506,1,0.2894754409790039,1.9005793333053589,1.6520357131958008,0.9137931034482759,0.9137931034482759,deeponet_residual_linear,20260923,0.8999999761581421,9,1,000001.SZ,depth,unseen_q
20260507,0,0.40206238627433777,2.4641263484954834,2.0750021934509277,0.9012875536480687,0.9012875536480687,deeponet_residual_linear,20260923,0.8999999761581421,9,1,000001.SZ,depth,unseen_q
20260507,1,0.34885692596435547,2.3945119380950928,2.120997667312622,0.9527896995708155,0.9527896995708155,deeponet_residual_linear,20260923,0.8999999761581421,9,1,000001.SZ,depth,unseen_q
20260508,0,0.4001173973083496,2.184238910675049,1.7300052642822266,0.915929203539823,0.915929203539823,deeponet_residual_linear,20260923,0.8999999761581421,9,1,000001.SZ,depth,unseen_q
20260508,1,0.42886725068092346,1.9043974876403809,1.308328628540039,0.8854625550660793,0.8854625550660793,deeponet_residual_linear,20260923,0.8999999761581421,9,1,000001.SZ,depth,unseen_q
20260511,0,0.43904033303260803,2.498030662536621,2.024937868118286,0.8695652173913043,0.8695652173913043,deeponet_residual_linear,20260923,0.8999999761581421,9,1,000001.SZ,depth,unseen_q
20260511,1,0.3898222744464874,2.5853986740112305,2.257192850112915,0.9137931034482759,0.9137931034482759,deeponet_residual_linear,20260923,0.8999999761581421,9,1,000001.SZ,depth,unseen_q
20260512,0,0.4974939227104187,2.325380563735962,1.662990927696228,0.8864628820960698,0.8864628820960698,deeponet_residual_linear,20260923,0.8999999761581421,9,1,000001.SZ,depth,unseen_q
20260512,1,0.43244868516921997,2.1740455627441406,1.6364351511001587,0.9043478260869565,0.9043478260869565,deeponet_residual_linear,20260923,0.8999999761581421,9,1,000001.SZ,depth,unseen_q
20260513,0,0.38723647594451904,2.1162524223327637,1.6772245168685913,0.8836206896551724,0.8836206896551724,deeponet_residual_linear,20260923,0.8999999761581421,9,1,000001.SZ,depth,unseen_q
20260513,1,0.2642304301261902,1.4680323600769043,1.174464464187622,0.9227467811158798,0.9227467811158798,deeponet_residual_linear,20260923,0.8999999761581421,9,1,000001.SZ,depth,unseen_q
20260514,0,0.3034522533416748,2.424570322036743,2.2720823287963867,0.9393939393939394,0.9393939393939394,deeponet_residual_linear,20260923,0.8999999761581421,9,1,000001.SZ,depth,unseen_q
20260514,1,0.4423322379589081,2.204026222229004,1.6492021083831787,0.9047619047619048,0.9047619047619048,deeponet_residual_linear,20260923,0.8999999761581421,9,1,000001.SZ,depth,unseen_q
20260515,0,0.4327485263347626,2.305582046508789,1.8001065254211426,0.8766519823788547,0.8766519823788547,deeponet_residual_linear,20260923,0.8999999761581421,9,1,000001.SZ,depth,unseen_q
20260515,1,0.36211830377578735,2.093904495239258,1.7120848894119263,0.9356223175965666,0.9356223175965666,deeponet_residual_linear,20260923,0.8999999761581421,9,1,000001.SZ,depth,unseen_q
20260518,0,0.3568592667579651,2.5131096839904785,2.249239206314087,0.9473684210526315,0.9473684210526315,deeponet_residual_linear,20260923,0.8999999761581421,9,1,000001.SZ,depth,unseen_q
20260518,1,0.3766714334487915,2.173844814300537,1.7756273746490479,0.9098712446351931,0.9098712446351931,deeponet_residual_linear,20260923,0.8999999761581421,9,1,000001.SZ,depth,unseen_q
20260519,0,0.49071887135505676,3.166900157928467,2.731828451156616,0.922077922077922,0.922077922077922,deeponet_residual_linear,20260923,0.8999999761581421,9,1,000001.SZ,depth,unseen_q
20260519,1,0.3440738022327423,2.3552560806274414,2.083885908126831,0.9224137931034483,0.9224137931034483,deeponet_residual_linear,20260923,0.8999999761581421,9,1,000001.SZ,depth,unseen_q
20260520,0,0.4295133352279663,2.712127447128296,2.316376209259033,0.9155555555555556,0.9155555555555556,deeponet_residual_linear,20260923,0.8999999761581421,9,1,000001.SZ,depth,unseen_q
20260520,1,0.3706837296485901,2.1302309036254883,1.7360793352127075,0.908695652173913,0.908695652173913,deeponet_residual_linear,20260923,0.8999999761581421,9,1,000001.SZ,depth,unseen_q
20260521,0,0.35424095392227173,2.283964157104492,1.9693529605865479,0.9181034482758621,0.9181034482758621,deeponet_residual_linear,20260923,0.8999999761581421,9,1,000001.SZ,depth,unseen_q
20260521,1,0.34236854314804077,1.830689549446106,1.4324405193328857,0.8969957081545065,0.8969957081545065,deeponet_residual_linear,20260923,0.8999999761581421,9,1,000001.SZ,depth,unseen_q
20260522,0,0.4345255196094513,3.0732851028442383,2.7552926540374756,0.935064935064935,0.935064935064935,deeponet_residual_linear,20260923,0.8999999761581421,9,1,000001.SZ,depth,unseen_q
20260522,1,0.34157073497772217,2.016739845275879,1.666998028755188,0.9055793991416309,0.9055793991416309,deeponet_residual_linear,20260923,0.8999999761581421,9,1,000001.SZ,depth,unseen_q
20260525,0,0.3712383508682251,2.462001085281372,2.1494057178497314,0.9347826086956522,0.9347826086956522,deeponet_residual_linear,20260923,0.8999999761581421,9,1,000001.SZ,depth,unseen_q
20260525,1,0.3193340003490448,2.101360559463501,1.828365683555603,0.935064935064935,0.935064935064935,deeponet_residual_linear,20260923,0.8999999761581421,9,1,000001.SZ,depth,unseen_q
20260526,0,0.4475466012954712,2.434124231338501,1.9237887859344482,0.8620689655172413,0.8620689655172413,deeponet_residual_linear,20260923,0.8999999761581421,9,1,000001.SZ,depth,unseen_q
20260526,1,0.3611083924770355,2.3225173950195312,2.000375986099243,0.9224137931034483,0.9224137931034483,deeponet_residual_linear,20260923,0.8999999761581421,9,1,000001.SZ,depth,unseen_q
20260528,0,0.3931528925895691,2.420783042907715,2.0430965423583984,0.9393939393939394,0.9393939393939394,deeponet_residual_linear,20260923,0.8999999761581421,9,1,000001.SZ,depth,unseen_q
20260528,1,0.25491219758987427,1.7765525579452515,1.5834101438522339,0.9313304721030042,0.944206008583691,deeponet_residual_linear,20260923,0.8999999761581421,9,1,000001.SZ,depth,unseen_q
20260529,0,0.39824986457824707,2.485954761505127,2.11181902885437,0.9310344827586207,0.9310344827586207,deeponet_residual_linear,20260923,0.8999999761581421,9,1,000001.SZ,depth,unseen_q
20260529,1,0.5129966139793396,2.962869882583618,2.4210963249206543,0.8841201716738197,0.8841201716738197,deeponet_residual_linear,20260923,0.8999999761581421,9,1,000001.SZ,depth,unseen_q
20260506,0,0.5314537882804871,2.886277198791504,2.279212236404419,0.8928571428571429,0.8928571428571429,deeponet_residual_linear,20260923,0.8999999761581421,30,1,000001.SZ,depth,unseen_q
20260506,1,0.6032329201698303,2.3980422019958496,1.48947012424469,0.8362068965517241,0.8362068965517241,deeponet_residual_linear,20260923,0.8999999761581421,30,1,000001.SZ,depth,unseen_q
20260507,0,0.5814656019210815,2.9233086109161377,2.200471878051758,0.8583690987124464,0.8583690987124464,deeponet_residual_linear,20260923,0.8999999761581421,30,1,000001.SZ,depth,unseen_q
20260507,1,0.6477099061012268,2.842763662338257,1.9341802597045898,0.8497854077253219,0.8497854077253219,deeponet_residual_linear,20260923,0.8999999761581421,30,1,000001.SZ,depth,unseen_q
20260508,0,0.6541650295257568,2.6231071949005127,1.6434714794158936,0.7566371681415929,0.7566371681415929,deeponet_residual_linear,20260923,0.8999999761581421,30,1,000001.SZ,depth,unseen_q
20260508,1,0.7577609419822693,2.7367589473724365,1.5265463590621948,0.7973568281938326,0.7973568281938326,deeponet_residual_linear,20260923,0.8999999761581421,30,1,000001.SZ,depth,unseen_q
20260511,0,0.667427122592926,3.4279158115386963,2.6163272857666016,0.8043478260869565,0.8043478260869565,deeponet_residual_linear,20260923,0.8999999761581421,30,1,000001.SZ,depth,unseen_q
20260511,1,0.7078852653503418,3.000821590423584,1.9813140630722046,0.7931034482758621,0.7931034482758621,deeponet_residual_linear,20260923,0.8999999761581421,30,1,000001.SZ,depth,unseen_q
20260512,0,0.6817722320556641,2.7827696800231934,1.7740318775177002,0.7685589519650655,0.7685589519650655,deeponet_residual_linear,20260923,0.8999999761581421,30,1,000001.SZ,depth,unseen_q
20260512,1,0.5318148136138916,2.6242427825927734,1.950766682624817,0.8217391304347826,0.8217391304347826,deeponet_residual_linear,20260923,0.8999999761581421,30,1,000001.SZ,depth,unseen_q
20260513,0,0.7002764940261841,2.6520917415618896,1.564423680305481,0.7370689655172413,0.7370689655172413,deeponet_residual_linear,20260923,0.8999999761581421,30,1,000001.SZ,depth,unseen_q
20260513,1,0.4146754741668701,1.8693593740463257,1.3000104427337646,0.8497854077253219,0.8497854077253219,deeponet_residual_linear,20260923,0.8999999761581421,30,1,000001.SZ,depth,unseen_q
20260514,0,0.692978024482727,3.4806325435638428,2.6183457374572754,0.8311688311688312,0.8311688311688312,deeponet_residual_linear,20260923,0.8999999761581421,30,1,000001.SZ,depth,unseen_q
20260514,1,0.6926316022872925,2.7157299518585205,1.6630834341049194,0.7792207792207793,0.7792207792207793,deeponet_residual_linear,20260923,0.8999999761581421,30,1,000001.SZ,depth,unseen_q
20260515,0,0.7276530861854553,2.876140594482422,1.776043176651001,0.7709251101321586,0.7709251101321586,deeponet_residual_linear,20260923,0.8999999761581421,30,1,000001.SZ,depth,unseen_q
20260515,1,0.5342360138893127,2.6225008964538574,1.9425362348556519,0.8669527896995708,0.8669527896995708,deeponet_residual_linear,20260923,0.8999999761581421,30,1,000001.SZ,depth,unseen_q
20260518,0,0.5685308575630188,2.983948230743408,2.308608293533325,0.84688995215311,0.84688995215311,deeponet_residual_linear,20260923,0.8999999761581421,30,1,000001.SZ,depth,unseen_q
20260518,1,0.5847422480583191,2.78705096244812,2.021958351135254,0.8755364806866953,0.8755364806866953,deeponet_residual_linear,20260923,0.8999999761581421,30,1,000001.SZ,depth,unseen_q
20260519,0,0.5967133045196533,3.7233870029449463,3.1624507904052734,0.9004329004329005,0.9004329004329005,deeponet_residual_linear,20260923,0.8999999761581421,30,1,000001.SZ,depth,unseen_q
20260519,1,0.4872555434703827,2.402564764022827,1.7850672006607056,0.8491379310344828,0.8491379310344828,deeponet_residual_linear,20260923,0.8999999761581421,30,1,000001.SZ,depth,unseen_q
20260520,0,0.5481978058815002,3.148756742477417,2.5654513835906982,0.84,0.84,deeponet_residual_linear,20260923,0.8999999761581421,30,1,000001.SZ,depth,unseen_q
20260520,1,0.5966315865516663,2.6587305068969727,1.8318341970443726,0.8304347826086956,0.8304347826086956,deeponet_residual_linear,20260923,0.8999999761581421,30,1,000001.SZ,depth,unseen_q
20260521,0,0.6657851934432983,3.066478967666626,2.168635606765747,0.8189655172413793,0.8189655172413793,deeponet_residual_linear,20260923,0.8999999761581421,30,1,000001.SZ,depth,unseen_q
20260521,1,0.5233949422836304,2.303800582885742,1.571263074874878,0.7939914163090128,0.7939914163090128,deeponet_residual_linear,20260923,0.8999999761581421,30,1,000001.SZ,depth,unseen_q
20260522,0,0.6755240559577942,3.750135898590088,2.9988598823547363,0.8614718614718615,0.8614718614718615,deeponet_residual_linear,20260923,0.8999999761581421,30,1,000001.SZ,depth,unseen_q
20260522,1,0.5452585220336914,2.4740867614746094,1.7294621467590332,0.8111587982832618,0.8111587982832618,deeponet_residual_linear,20260923,0.8999999761581421,30,1,000001.SZ,depth,unseen_q
20260525,0,0.5862000584602356,2.8383545875549316,2.0824429988861084,0.8434782608695652,0.8434782608695652,deeponet_residual_linear,20260923,0.8999999761581421,30,1,000001.SZ,depth,unseen_q
20260525,1,0.415582537651062,2.645158290863037,2.2674918174743652,0.8917748917748918,0.8917748917748918,deeponet_residual_linear,20260923,0.8999999761581421,30,1,000001.SZ,depth,unseen_q
20260526,0,0.7622959017753601,3.3090789318084717,2.2306089401245117,0.8146551724137931,0.8146551724137931,deeponet_residual_linear,20260923,0.8999999761581421,30,1,000001.SZ,depth,unseen_q
20260526,1,0.6910536289215088,3.0535755157470703,2.0893354415893555,0.8362068965517241,0.8362068965517241,deeponet_residual_linear,20260923,0.8999999761581421,30,1,000001.SZ,depth,unseen_q
20260528,0,0.5919373035430908,3.0219271183013916,2.2975659370422363,0.8398268398268398,0.8398268398268398,deeponet_residual_linear,20260923,0.8999999761581421,30,1,000001.SZ,depth,unseen_q
20260528,1,0.5787101984024048,2.396393060684204,1.5487157106399536,0.8240343347639485,0.8283261802575107,deeponet_residual_linear,20260923,0.8999999761581421,30,1,000001.SZ,depth,unseen_q
20260529,0,0.686027467250824,3.370206356048584,2.497689723968506,0.8318965517241379,0.8318965517241379,deeponet_residual_linear,20260923,0.8999999761581421,30,1,000001.SZ,depth,unseen_q
20260529,1,0.8663522005081177,3.6280200481414795,2.369144916534424,0.7939914163090128,0.7939914163090128,deeponet_residual_linear,20260923,0.8999999761581421,30,1,000001.SZ,depth,unseen_q
