date,pinball_bps,mae_bps,signed_error_bps,coverage_lt,coverage_le,origin_sides,model,seed,raw,region,alpha,symbol,target,task
20260506,0.5125769025175636,1.0251538050351272,-0.09148052365003813,0.40654205607476634,0.5171339563862928,428,state_tree,-1,True,primary,0.5,000001.SZ,liquidity,unseen_q
20260507,0.6270650924098297,1.2541301848196593,-0.15122963618264373,0.3848354792560801,0.5028612303290414,466,state_tree,-1,True,primary,0.5,000001.SZ,liquidity,unseen_q
20260508,0.6302676449980192,1.2605352899960385,-0.2632347298925513,0.3635025754231052,0.48344370860927155,453,state_tree,-1,True,primary,0.5,000001.SZ,liquidity,unseen_q
20260511,0.6721987850526098,1.3443975701052195,-0.2429132285387933,0.4126984126984127,0.43722943722943725,462,state_tree,-1,True,primary,0.5,000001.SZ,liquidity,unseen_q
20260512,0.6607450614214357,1.3214901228428715,-0.18778394883005023,0.4037763253449528,0.5279593318809005,459,state_tree,-1,True,primary,0.5,000001.SZ,liquidity,unseen_q
20260513,0.5105134410925726,1.0210268821851451,-0.06817457243553289,0.4236559139784946,0.5978494623655914,465,state_tree,-1,True,primary,0.5,000001.SZ,liquidity,unseen_q
20260514,0.6398162499320993,1.2796324998641986,-0.15427907844488925,0.4025974025974026,0.4797979797979798,462,state_tree,-1,True,primary,0.5,000001.SZ,liquidity,unseen_q
20260515,0.6484663503155614,1.2969327006311229,-0.18441537708523043,0.34347826086956523,0.5768115942028985,460,state_tree,-1,True,primary,0.5,000001.SZ,liquidity,unseen_q
20260518,0.5359795509836639,1.0719591019673278,-0.16574082424480252,0.42383107088989436,0.5377073906485671,442,state_tree,-1,True,primary,0.5,000001.SZ,liquidity,unseen_q
20260519,0.6204188346809473,1.2408376693618945,-0.17091868019350367,0.38660907127429806,0.4895608351331893,463,state_tree,-1,True,primary,0.5,000001.SZ,liquidity,unseen_q
20260520,0.5694342860089635,1.138868572017927,-0.16136174870526793,0.367032967032967,0.5443223443223443,455,state_tree,-1,True,primary,0.5,000001.SZ,liquidity,unseen_q
20260521,0.6148137656667884,1.2296275313335767,-0.14138530199591084,0.3455197132616487,0.582078853046595,465,state_tree,-1,True,primary,0.5,000001.SZ,liquidity,unseen_q
20260522,0.6356174007726906,1.2712348015453812,-0.16807010920511778,0.38146551724137934,0.5272988505747126,464,state_tree,-1,True,primary,0.5,000001.SZ,liquidity,unseen_q
20260525,0.5291807417962747,1.0583614835925494,-0.11831725870921599,0.39913232104121477,0.4750542299349241,461,state_tree,-1,True,primary,0.5,000001.SZ,liquidity,unseen_q
20260526,0.7086741949812676,1.4173483899625352,-0.1478620463987239,0.44683908045977005,0.5301724137931034,464,state_tree,-1,True,primary,0.5,000001.SZ,liquidity,unseen_q
20260528,0.5591183408699067,1.1182366817398135,-0.07592861202174328,0.40660919540229884,0.6005747126436782,464,state_tree,-1,True,primary,0.5,000001.SZ,liquidity,unseen_q
20260529,0.8288651983307131,1.6577303966614263,-0.10742036398869756,0.45304659498207883,0.571326164874552,465,state_tree,-1,True,primary,0.5,000001.SZ,liquidity,unseen_q
20260506,0.38320100146734515,2.079361910450024,1.641199982217309,0.9088785046728972,0.9088785046728972,428,state_tree,-1,True,primary,0.8999999761581421,000001.SZ,liquidity,unseen_q
20260507,0.39646184606313717,2.448200810765285,2.069096521626527,0.9263233190271817,0.9263233190271817,466,state_tree,-1,True,primary,0.8999999761581421,000001.SZ,liquidity,unseen_q
20260508,0.41887648693641344,2.2533018522967034,1.7694362034964617,0.8977189109639441,0.8977189109639441,453,state_tree,-1,True,primary,0.8999999761581421,000001.SZ,liquidity,unseen_q
20260511,0.4533193730091551,2.626523215667626,2.149855715203031,0.8932178932178932,0.8932178932178932,462,state_tree,-1,True,primary,0.8999999761581421,000001.SZ,liquidity,unseen_q
20260512,0.43821710897936134,2.232087685746481,1.6945669357387585,0.8852578068264343,0.8852578068264343,459,state_tree,-1,True,primary,0.8999999761581421,000001.SZ,liquidity,unseen_q
20260513,0.3423833750584473,1.8061566088662704,1.4017374069867798,0.8888888888888888,0.8888888888888888,465,state_tree,-1,True,primary,0.8999999761581421,000001.SZ,liquidity,unseen_q
20260514,0.40468630695637725,2.4705189908105387,2.076433094887287,0.9069264069264069,0.9069264069264069,462,state_tree,-1,True,primary,0.8999999761581421,000001.SZ,liquidity,unseen_q
20260515,0.44423087423055607,2.273403536664594,1.7311773384405627,0.8768115942028986,0.8768115942028986,460,state_tree,-1,True,primary,0.8999999761581421,000001.SZ,liquidity,unseen_q
20260518,0.3887819973416372,2.2148909999037554,1.7966588636148144,0.9072398190045249,0.9072398190045249,442,state_tree,-1,True,primary,0.8999999761581421,000001.SZ,liquidity,unseen_q
20260519,0.41927112814866874,2.6495485519615545,2.263758004510763,0.9244060475161987,0.9244060475161987,463,state_tree,-1,True,primary,0.8999999761581421,000001.SZ,liquidity,unseen_q
20260520,0.37708198382136976,2.37710159120554,2.0286721503717833,0.9186813186813186,0.9186813186813186,455,state_tree,-1,True,primary,0.8999999761581421,000001.SZ,liquidity,unseen_q
20260521,0.35610820028355894,2.0468833229111767,1.6683337523705144,0.8831541218637993,0.8831541218637993,465,state_tree,-1,True,primary,0.8999999761581421,000001.SZ,liquidity,unseen_q
20260522,0.40648729266057737,2.539321160230615,2.1579333472596764,0.9051724137931034,0.9051724137931034,464,state_tree,-1,True,primary,0.8999999761581421,000001.SZ,liquidity,unseen_q
20260525,0.33797158905322855,2.2969342220688755,2.026238925726275,0.940708604483008,0.940708604483008,461,state_tree,-1,True,primary,0.8999999761581421,000001.SZ,liquidity,unseen_q
20260526,0.44965948251034993,2.568833481840829,2.086893270413693,0.8900862068965517,0.8900862068965517,464,state_tree,-1,True,primary,0.8999999761581421,000001.SZ,liquidity,unseen_q
20260528,0.37925341828256015,2.09769735636343,1.6739882495253622,0.8936781609195402,0.8936781609195402,464,state_tree,-1,True,primary,0.8999999761581421,000001.SZ,liquidity,unseen_q
20260529,0.531897434479189,2.5876793547748793,1.904855720808875,0.8630824372759857,0.8630824372759857,465,state_tree,-1,True,primary,0.8999999761581421,000001.SZ,liquidity,unseen_q
20260506,0.47480587749845676,0.9496117549969135,-0.06329087901486079,0.35436137071651086,0.6160436137071652,428,state_tree,-1,True,all_queries_diagnostic,0.5,000001.SZ,liquidity,unseen_q
20260507,0.6114748842130774,1.2229497684261548,-0.12257820693664291,0.3714830710538865,0.5762994754411063,466,state_tree,-1,True,all_queries_diagnostic,0.5,000001.SZ,liquidity,unseen_q
20260508,0.5927303120857407,1.1854606241714813,-0.20133463006175664,0.3355408388520971,0.5634044640667157,453,state_tree,-1,True,all_queries_diagnostic,0.5,000001.SZ,liquidity,unseen_q
20260511,0.6284219063265836,1.2568438126531671,-0.19880539172839143,0.372053872053872,0.5293410293410293,462,state_tree,-1,True,all_queries_diagnostic,0.5,000001.SZ,liquidity,unseen_q
20260512,0.6037151670065567,1.2074303340131134,-0.1503138513203967,0.3604454127329944,0.5911401597676107,459,state_tree,-1,True,all_queries_diagnostic,0.5,000001.SZ,liquidity,unseen_q
20260513,0.45647595542650177,0.9129519108530035,-0.05944305264940758,0.35675029868578256,0.6802867383512544,465,state_tree,-1,True,all_queries_diagnostic,0.5,000001.SZ,liquidity,unseen_q
20260514,0.62457292518446,1.24914585036892,-0.1248275757257555,0.37253487253487255,0.5543530543530543,462,state_tree,-1,True,all_queries_diagnostic,0.5,000001.SZ,liquidity,unseen_q
20260515,0.6276452050727254,1.2552904101454507,-0.16845351492377733,0.3234299516908212,0.6227053140096619,460,state_tree,-1,True,all_queries_diagnostic,0.5,000001.SZ,liquidity,unseen_q
20260518,0.5168231441796747,1.0336462883593494,-0.1095770454850912,0.3886375062845651,0.6196581196581196,442,state_tree,-1,True,all_queries_diagnostic,0.5,000001.SZ,liquidity,unseen_q
20260519,0.603774015914752,1.207548031829504,-0.12323317571507883,0.37437005039596827,0.5699544036477081,463,state_tree,-1,True,all_queries_diagnostic,0.5,000001.SZ,liquidity,unseen_q
20260520,0.553523853720663,1.107047707441326,-0.11184051532376353,0.3399267399267399,0.611965811965812,455,state_tree,-1,True,all_queries_diagnostic,0.5,000001.SZ,liquidity,unseen_q
20260521,0.6107996915577659,1.2215993831155318,-0.07869996972485518,0.33548387096774196,0.6317801672640382,465,state_tree,-1,True,all_queries_diagnostic,0.5,000001.SZ,liquidity,unseen_q
20260522,0.6219167893871039,1.2438335787742079,-0.13044950582785647,0.3647030651340996,0.5830938697318008,464,state_tree,-1,True,all_queries_diagnostic,0.5,000001.SZ,liquidity,unseen_q
20260525,0.5112395924251619,1.0224791848503239,-0.09059046318511378,0.3555073511689564,0.5777295733911786,461,state_tree,-1,True,all_queries_diagnostic,0.5,000001.SZ,liquidity,unseen_q
20260526,0.675411076128077,1.350822152256154,-0.10986694907128486,0.3979885057471264,0.6039272030651341,464,state_tree,-1,True,all_queries_diagnostic,0.5,000001.SZ,liquidity,unseen_q
20260528,0.5234545979666317,1.0469091959332635,-0.05889246986163244,0.35799808429118773,0.6611590038314176,464,state_tree,-1,True,all_queries_diagnostic,0.5,000001.SZ,liquidity,unseen_q
20260529,0.7813611975428306,1.5627223950856612,-0.05097817291491963,0.4040621266427718,0.640621266427718,465,state_tree,-1,True,all_queries_diagnostic,0.5,000001.SZ,liquidity,unseen_q
20260506,0.3646001941912259,2.07495855500763,1.6821978085482756,0.9187435098650052,0.9187435098650052,428,state_tree,-1,True,all_queries_diagnostic,0.8999999761581421,000001.SZ,liquidity,unseen_q
20260507,0.3996056926473132,2.45348362842371,2.0678404271642483,0.9227467811158798,0.9227467811158798,466,state_tree,-1,True,all_queries_diagnostic,0.8999999761581421,000001.SZ,liquidity,unseen_q
20260508,0.3895843359112828,2.216688336037992,1.7968996873728507,0.9085111601667892,0.9085111601667892,453,state_tree,-1,True,all_queries_diagnostic,0.8999999761581421,000001.SZ,liquidity,unseen_q
20260511,0.43960851830141484,2.610930666029022,2.1646421658054673,0.9006734006734006,0.9006734006734006,462,state_tree,-1,True,all_queries_diagnostic,0.8999999761581421,000001.SZ,liquidity,unseen_q
20260512,0.4097449549516922,2.201153179293079,1.7270791896790598,0.8963931251512951,0.8963931251512951,459,state_tree,-1,True,all_queries_diagnostic,0.8999999761581421,000001.SZ,liquidity,unseen_q
20260513,0.3249533376335991,1.7982267702797343,1.4354002043221894,0.9137395459976105,0.9137395459976105,465,state_tree,-1,True,all_queries_diagnostic,0.8999999761581421,000001.SZ,liquidity,unseen_q
20260514,0.40884967521569704,2.4939681875791284,2.0953361713264362,0.9062049062049062,0.9062049062049062,462,state_tree,-1,True,all_queries_diagnostic,0.8999999761581421,000001.SZ,liquidity,unseen_q
20260515,0.4407754781735905,2.2807304671128534,1.7489744927040936,0.8942028985507245,0.8942028985507245,460,state_tree,-1,True,all_queries_diagnostic,0.8999999761581421,000001.SZ,liquidity,unseen_q
20260518,0.3910084551098111,2.282428572481334,1.8755146896165265,0.9195575666163902,0.9195575666163902,442,state_tree,-1,True,all_queries_diagnostic,0.8999999761581421,000001.SZ,liquidity,unseen_q
20260519,0.4218965636179979,2.660195635588546,2.2705032707732293,0.9188864890808736,0.9188864890808736,463,state_tree,-1,True,all_queries_diagnostic,0.8999999761581421,000001.SZ,liquidity,unseen_q
20260520,0.37567175006144743,2.402881875947076,2.064423092829432,0.9230769230769231,0.9230769230769231,455,state_tree,-1,True,all_queries_diagnostic,0.8999999761581421,000001.SZ,liquidity,unseen_q
20260521,0.36395385720928947,2.1338920754283124,1.757480556016171,0.9003584229390681,0.9003584229390681,465,state_tree,-1,True,all_queries_diagnostic,0.8999999761581421,000001.SZ,liquidity,unseen_q
20260522,0.40794859946447903,2.5616175723000363,2.182150596780159,0.8979885057471265,0.8979885057471265,464,state_tree,-1,True,all_queries_diagnostic,0.8999999761581421,000001.SZ,liquidity,unseen_q
20260525,0.34654333628965345,2.3385169756944557,2.0567880014880546,0.9419137141479875,0.9419137141479875,461,state_tree,-1,True,all_queries_diagnostic,0.8999999761581421,000001.SZ,liquidity,unseen_q
20260526,0.4357371960064037,2.571489862857493,2.125019465216887,0.9011015325670497,0.9011015325670497,464,state_tree,-1,True,all_queries_diagnostic,0.8999999761581421,000001.SZ,liquidity,unseen_q
20260528,0.369138668494807,2.117084980596863,1.723509657238242,0.915948275862069,0.915948275862069,464,state_tree,-1,True,all_queries_diagnostic,0.8999999761581421,000001.SZ,liquidity,unseen_q
20260529,0.499655001035391,2.572964197249751,1.9670678612200927,0.8833930704898447,0.8833930704898447,465,state_tree,-1,True,all_queries_diagnostic,0.8999999761581421,000001.SZ,liquidity,unseen_q
20260506,0.5125769025175636,1.0251538050351272,-0.09148052365003813,0.40654205607476634,0.5171339563862928,428,state_tree,-1,False,primary,0.5,000001.SZ,liquidity,unseen_q
20260507,0.6270650924098297,1.2541301848196593,-0.15122963618264373,0.3848354792560801,0.5028612303290414,466,state_tree,-1,False,primary,0.5,000001.SZ,liquidity,unseen_q
20260508,0.6302676449980192,1.2605352899960385,-0.2632347298925513,0.3635025754231052,0.48344370860927155,453,state_tree,-1,False,primary,0.5,000001.SZ,liquidity,unseen_q
20260511,0.6721987850526098,1.3443975701052195,-0.2429132285387933,0.4126984126984127,0.43722943722943725,462,state_tree,-1,False,primary,0.5,000001.SZ,liquidity,unseen_q
20260512,0.6607450614214357,1.3214901228428715,-0.18778394883005023,0.4037763253449528,0.5279593318809005,459,state_tree,-1,False,primary,0.5,000001.SZ,liquidity,unseen_q
20260513,0.5105134410925726,1.0210268821851451,-0.06817457243553289,0.4236559139784946,0.5978494623655914,465,state_tree,-1,False,primary,0.5,000001.SZ,liquidity,unseen_q
20260514,0.6398162499320993,1.2796324998641986,-0.15427907844488925,0.4025974025974026,0.4797979797979798,462,state_tree,-1,False,primary,0.5,000001.SZ,liquidity,unseen_q
20260515,0.6484663503155614,1.2969327006311229,-0.18441537708523043,0.34347826086956523,0.5768115942028985,460,state_tree,-1,False,primary,0.5,000001.SZ,liquidity,unseen_q
20260518,0.5359795509836639,1.0719591019673278,-0.16574082424480252,0.42383107088989436,0.5377073906485671,442,state_tree,-1,False,primary,0.5,000001.SZ,liquidity,unseen_q
20260519,0.6204188346809473,1.2408376693618945,-0.17091868019350367,0.38660907127429806,0.4895608351331893,463,state_tree,-1,False,primary,0.5,000001.SZ,liquidity,unseen_q
20260520,0.5694342860089635,1.138868572017927,-0.16136174870526793,0.367032967032967,0.5443223443223443,455,state_tree,-1,False,primary,0.5,000001.SZ,liquidity,unseen_q
20260521,0.6148137656667884,1.2296275313335767,-0.14138530199591084,0.3455197132616487,0.582078853046595,465,state_tree,-1,False,primary,0.5,000001.SZ,liquidity,unseen_q
20260522,0.6356174007726906,1.2712348015453812,-0.16807010920511778,0.38146551724137934,0.5272988505747126,464,state_tree,-1,False,primary,0.5,000001.SZ,liquidity,unseen_q
20260525,0.5291807417962747,1.0583614835925494,-0.11831725870921599,0.39913232104121477,0.4750542299349241,461,state_tree,-1,False,primary,0.5,000001.SZ,liquidity,unseen_q
20260526,0.7086741949812676,1.4173483899625352,-0.1478620463987239,0.44683908045977005,0.5301724137931034,464,state_tree,-1,False,primary,0.5,000001.SZ,liquidity,unseen_q
20260528,0.5591183408699067,1.1182366817398135,-0.07592861202174328,0.40660919540229884,0.6005747126436782,464,state_tree,-1,False,primary,0.5,000001.SZ,liquidity,unseen_q
20260529,0.8288651983307131,1.6577303966614263,-0.10742036398869756,0.45304659498207883,0.571326164874552,465,state_tree,-1,False,primary,0.5,000001.SZ,liquidity,unseen_q
20260506,0.38298281238663767,2.077180020163152,1.639018091930437,0.9088785046728972,0.9088785046728972,428,state_tree,-1,False,primary,0.8999999761581421,000001.SZ,liquidity,unseen_q
20260507,0.39618738350228233,2.4454561858111066,2.066351896672348,0.9263233190271817,0.9263233190271817,466,state_tree,-1,False,primary,0.8999999761581421,000001.SZ,liquidity,unseen_q
20260508,0.417845018405106,2.242987169442841,1.7591215206425992,0.8977189109639441,0.8977189109639441,453,state_tree,-1,False,primary,0.8999999761581421,000001.SZ,liquidity,unseen_q
20260511,0.4533193730091551,2.626523215667626,2.149855715203031,0.8932178932178932,0.8932178932178932,462,state_tree,-1,False,primary,0.8999999761581421,000001.SZ,liquidity,unseen_q
20260512,0.43821710897936134,2.232087685746481,1.6945669357387585,0.8852578068264343,0.8852578068264343,459,state_tree,-1,False,primary,0.8999999761581421,000001.SZ,liquidity,unseen_q
20260513,0.3418628148030699,1.8009510075536086,1.3965318056741183,0.8888888888888888,0.8888888888888888,465,state_tree,-1,False,primary,0.8999999761581421,000001.SZ,liquidity,unseen_q
20260514,0.40468630695637725,2.4705189908105387,2.076433094887287,0.9069264069264069,0.9069264069264069,462,state_tree,-1,False,primary,0.8999999761581421,000001.SZ,liquidity,unseen_q
20260515,0.44381662738172023,2.269261069163877,1.7270348709398455,0.8768115942028986,0.8768115942028986,460,state_tree,-1,False,primary,0.8999999761581421,000001.SZ,liquidity,unseen_q
20260518,0.38876192936164256,2.214690320151655,1.7964581838627138,0.9072398190045249,0.9072398190045249,442,state_tree,-1,False,primary,0.8999999761581421,000001.SZ,liquidity,unseen_q
20260519,0.4172558142813801,2.62939541809355,2.2436048706427587,0.9244060475161987,0.9244060475161987,463,state_tree,-1,False,primary,0.8999999761581421,000001.SZ,liquidity,unseen_q
20260520,0.3761553040756223,2.3678347959574415,2.019405355123685,0.9186813186813186,0.9186813186813186,455,state_tree,-1,False,primary,0.8999999761581421,000001.SZ,liquidity,unseen_q
20260521,0.3544971808937827,2.030773132854383,1.6522235623137207,0.8831541218637993,0.8831541218637993,465,state_tree,-1,False,primary,0.8999999761581421,000001.SZ,liquidity,unseen_q
20260522,0.40648729266057737,2.539321160230615,2.1579333472596764,0.9051724137931034,0.9051724137931034,464,state_tree,-1,False,primary,0.8999999761581421,000001.SZ,liquidity,unseen_q
20260525,0.33797158905322855,2.2969342220688755,2.026238925726275,0.940708604483008,0.940708604483008,461,state_tree,-1,False,primary,0.8999999761581421,000001.SZ,liquidity,unseen_q
20260526,0.44965948251034993,2.568833481840829,2.086893270413693,0.8900862068965517,0.8900862068965517,464,state_tree,-1,False,primary,0.8999999761581421,000001.SZ,liquidity,unseen_q
20260528,0.3791360392939405,2.096523566757087,1.6728144599190191,0.8936781609195402,0.8936781609195402,464,state_tree,-1,False,primary,0.8999999761581421,000001.SZ,liquidity,unseen_q
20260529,0.5314599584263334,2.5833045952893463,1.9004809613233424,0.8630824372759857,0.8630824372759857,465,state_tree,-1,False,primary,0.8999999761581421,000001.SZ,liquidity,unseen_q
20260506,0.47480587749845676,0.9496117549969135,-0.06329087901486079,0.35436137071651086,0.6160436137071652,428,state_tree,-1,False,all_queries_diagnostic,0.5,000001.SZ,liquidity,unseen_q
20260507,0.6114748842130774,1.2229497684261548,-0.12257820693664291,0.3714830710538865,0.5762994754411063,466,state_tree,-1,False,all_queries_diagnostic,0.5,000001.SZ,liquidity,unseen_q
20260508,0.5927303120857407,1.1854606241714813,-0.20133463006175664,0.3355408388520971,0.5634044640667157,453,state_tree,-1,False,all_queries_diagnostic,0.5,000001.SZ,liquidity,unseen_q
20260511,0.6284219063265836,1.2568438126531671,-0.19880539172839143,0.372053872053872,0.5293410293410293,462,state_tree,-1,False,all_queries_diagnostic,0.5,000001.SZ,liquidity,unseen_q
20260512,0.6037151670065567,1.2074303340131134,-0.1503138513203967,0.3604454127329944,0.5911401597676107,459,state_tree,-1,False,all_queries_diagnostic,0.5,000001.SZ,liquidity,unseen_q
20260513,0.45647595542650177,0.9129519108530035,-0.05944305264940758,0.35675029868578256,0.6802867383512544,465,state_tree,-1,False,all_queries_diagnostic,0.5,000001.SZ,liquidity,unseen_q
20260514,0.62457292518446,1.24914585036892,-0.1248275757257555,0.37253487253487255,0.5543530543530543,462,state_tree,-1,False,all_queries_diagnostic,0.5,000001.SZ,liquidity,unseen_q
20260515,0.6276452050727254,1.2552904101454507,-0.16845351492377733,0.3234299516908212,0.6227053140096619,460,state_tree,-1,False,all_queries_diagnostic,0.5,000001.SZ,liquidity,unseen_q
20260518,0.5168231441796747,1.0336462883593494,-0.1095770454850912,0.3886375062845651,0.6196581196581196,442,state_tree,-1,False,all_queries_diagnostic,0.5,000001.SZ,liquidity,unseen_q
20260519,0.603774015914752,1.207548031829504,-0.12323317571507883,0.37437005039596827,0.5699544036477081,463,state_tree,-1,False,all_queries_diagnostic,0.5,000001.SZ,liquidity,unseen_q
20260520,0.553523853720663,1.107047707441326,-0.11184051532376353,0.3399267399267399,0.611965811965812,455,state_tree,-1,False,all_queries_diagnostic,0.5,000001.SZ,liquidity,unseen_q
20260521,0.6107996915577659,1.2215993831155318,-0.07869996972485518,0.33548387096774196,0.6317801672640382,465,state_tree,-1,False,all_queries_diagnostic,0.5,000001.SZ,liquidity,unseen_q
20260522,0.6219167893871039,1.2438335787742079,-0.13044950582785647,0.3647030651340996,0.5830938697318008,464,state_tree,-1,False,all_queries_diagnostic,0.5,000001.SZ,liquidity,unseen_q
20260525,0.5112395924251619,1.0224791848503239,-0.09059046318511378,0.3555073511689564,0.5777295733911786,461,state_tree,-1,False,all_queries_diagnostic,0.5,000001.SZ,liquidity,unseen_q
20260526,0.675411076128077,1.350822152256154,-0.10986694907128486,0.3979885057471264,0.6039272030651341,464,state_tree,-1,False,all_queries_diagnostic,0.5,000001.SZ,liquidity,unseen_q
20260528,0.5234545979666317,1.0469091959332635,-0.05889246986163244,0.35799808429118773,0.6611590038314176,464,state_tree,-1,False,all_queries_diagnostic,0.5,000001.SZ,liquidity,unseen_q
20260529,0.7813611975428306,1.5627223950856612,-0.05097817291491963,0.4040621266427718,0.640621266427718,465,state_tree,-1,False,all_queries_diagnostic,0.5,000001.SZ,liquidity,unseen_q
20260506,0.3646001941912259,2.07495855500763,1.6821978085482756,0.9187435098650052,0.9187435098650052,428,state_tree,-1,False,all_queries_diagnostic,0.8999999761581421,000001.SZ,liquidity,unseen_q
20260507,0.3996056926473132,2.45348362842371,2.0678404271642483,0.9227467811158798,0.9227467811158798,466,state_tree,-1,False,all_queries_diagnostic,0.8999999761581421,000001.SZ,liquidity,unseen_q
20260508,0.3895432086172244,2.216606081449875,1.7968996873728507,0.9087564385577631,0.9087564385577631,453,state_tree,-1,False,all_queries_diagnostic,0.8999999761581421,000001.SZ,liquidity,unseen_q
20260511,0.43960851830141484,2.610930666029022,2.1646421658054673,0.9006734006734006,0.9006734006734006,462,state_tree,-1,False,all_queries_diagnostic,0.8999999761581421,000001.SZ,liquidity,unseen_q
20260512,0.4097449549516922,2.201153179293079,1.7270791896790598,0.8963931251512951,0.8963931251512951,459,state_tree,-1,False,all_queries_diagnostic,0.8999999761581421,000001.SZ,liquidity,unseen_q
20260513,0.32495043974872084,1.7982209745099778,1.4354002043221894,0.9137395459976105,0.9137395459976105,465,state_tree,-1,False,all_queries_diagnostic,0.8999999761581421,000001.SZ,liquidity,unseen_q
20260514,0.40884967521569704,2.4939681875791284,2.0953361713264362,0.9062049062049062,0.9062049062049062,462,state_tree,-1,False,all_queries_diagnostic,0.8999999761581421,000001.SZ,liquidity,unseen_q
20260515,0.4407754781735905,2.2807304671128534,1.7489744927040936,0.8942028985507245,0.8942028985507245,460,state_tree,-1,False,all_queries_diagnostic,0.8999999761581421,000001.SZ,liquidity,unseen_q
20260518,0.3910084551098111,2.282428572481334,1.8755146896165265,0.9195575666163902,0.9195575666163902,442,state_tree,-1,False,all_queries_diagnostic,0.8999999761581421,000001.SZ,liquidity,unseen_q
20260519,0.4218230672081823,2.660048642768915,2.2705032707732293,0.9203263738900888,0.9203263738900888,463,state_tree,-1,False,all_queries_diagnostic,0.8999999761581421,000001.SZ,liquidity,unseen_q
20260520,0.37567175006144743,2.402881875947076,2.064423092829432,0.9230769230769231,0.9230769230769231,455,state_tree,-1,False,all_queries_diagnostic,0.8999999761581421,000001.SZ,liquidity,unseen_q
20260521,0.3638734878006867,2.1337313366111066,1.757480556016171,0.9008363201911588,0.9008363201911588,465,state_tree,-1,False,all_queries_diagnostic,0.8999999761581421,000001.SZ,liquidity,unseen_q
20260522,0.40794859946447903,2.5616175723000363,2.182150596780159,0.8979885057471265,0.8979885057471265,464,state_tree,-1,False,all_queries_diagnostic,0.8999999761581421,000001.SZ,liquidity,unseen_q
20260525,0.34654333628965345,2.3385169756944557,2.0567880014880546,0.9419137141479875,0.9419137141479875,461,state_tree,-1,False,all_queries_diagnostic,0.8999999761581421,000001.SZ,liquidity,unseen_q
20260526,0.4357371960064037,2.571489862857493,2.125019465216887,0.9011015325670497,0.9011015325670497,464,state_tree,-1,False,all_queries_diagnostic,0.8999999761581421,000001.SZ,liquidity,unseen_q
20260528,0.369138668494807,2.117084980596863,1.723509657238242,0.915948275862069,0.915948275862069,464,state_tree,-1,False,all_queries_diagnostic,0.8999999761581421,000001.SZ,liquidity,unseen_q
20260529,0.4995794075250401,2.572813010229049,1.9670678612200927,0.8836320191158902,0.8836320191158902,465,state_tree,-1,False,all_queries_diagnostic,0.8999999761581421,000001.SZ,liquidity,unseen_q
20260506,0.5232477188110352,1.0464954376220703,0.014671709388494492,0.4532710280373832,0.5638629283489096,428,persistence,-1,True,primary,0.5,000001.SZ,liquidity,unseen_q
20260507,0.6485498547554016,1.2970997095108032,0.04665789753198624,0.44849785407725323,0.5679542203147354,466,persistence,-1,True,primary,0.5,000001.SZ,liquidity,unseen_q
20260508,0.629604160785675,1.25920832157135,-0.10235459357500076,0.4370860927152318,0.5592347314201619,453,persistence,-1,True,primary,0.5,000001.SZ,liquidity,unseen_q
20260511,0.6892350316047668,1.3784700632095337,-0.04374728351831436,0.4812409812409812,0.5086580086580087,462,persistence,-1,True,primary,0.5,000001.SZ,liquidity,unseen_q
20260512,0.6755037903785706,1.3510075807571411,-0.0573800727725029,0.44517066085693535,0.5715323166303558,459,persistence,-1,True,primary,0.5,000001.SZ,liquidity,unseen_q
20260513,0.5237395763397217,1.0474791526794434,0.01716037653386593,0.4559139784946237,0.632258064516129,465,persistence,-1,True,primary,0.5,000001.SZ,liquidity,unseen_q
20260514,0.6504306793212891,1.3008613586425781,0.05063570290803909,0.4812409812409812,0.5627705627705628,462,persistence,-1,True,primary,0.5,000001.SZ,liquidity,unseen_q
20260515,0.6686473488807678,1.3372946977615356,-0.03845963254570961,0.39565217391304347,0.631159420289855,460,persistence,-1,True,primary,0.5,000001.SZ,liquidity,unseen_q
20260518,0.5495386123657227,1.0990772247314453,-0.016519464552402496,0.48340874811463047,0.6003016591251885,442,persistence,-1,True,primary,0.5,000001.SZ,liquidity,unseen_q
20260519,0.6143772006034851,1.2287544012069702,0.052858754992485046,0.4874010079193664,0.591792656587473,463,persistence,-1,True,primary,0.5,000001.SZ,liquidity,unseen_q
20260520,0.5818380117416382,1.1636760234832764,0.03139743208885193,0.4424908424908425,0.6241758241758242,455,persistence,-1,True,primary,0.5,000001.SZ,liquidity,unseen_q
20260521,0.6298506259918213,1.2597012519836426,0.021396787837147713,0.3913978494623656,0.6279569892473118,465,persistence,-1,True,primary,0.5,000001.SZ,liquidity,unseen_q
20260522,0.6337944269180298,1.2675888538360596,0.06033780798316002,0.47198275862068967,0.6199712643678161,464,persistence,-1,True,primary,0.5,000001.SZ,liquidity,unseen_q
20260525,0.5419894456863403,1.0839788913726807,0.048452820628881454,0.4613159797541576,0.5379609544468547,461,persistence,-1,True,primary,0.5,000001.SZ,liquidity,unseen_q
20260526,0.7327033877372742,1.4654067754745483,0.02373829297721386,0.49209770114942525,0.5811781609195402,464,persistence,-1,True,primary,0.5,000001.SZ,liquidity,unseen_q
20260528,0.5714434385299683,1.1428868770599365,0.03392036631703377,0.43462643678160917,0.6300287356321839,464,persistence,-1,True,primary,0.5,000001.SZ,liquidity,unseen_q
20260529,0.8619911670684814,1.723982334136963,0.055172648280858994,0.48960573476702507,0.6086021505376344,465,persistence,-1,True,primary,0.5,000001.SZ,liquidity,unseen_q
20260506,0.5173790454864502,1.0464954376220703,0.014671709388494492,0.4532710280373832,0.5638629283489096,428,persistence,-1,True,primary,0.8999999761581421,000001.SZ,liquidity,unseen_q
20260507,0.6298867464065552,1.2970997095108032,0.04665789753198624,0.44849785407725323,0.5679542203147354,466,persistence,-1,True,primary,0.8999999761581421,000001.SZ,liquidity,unseen_q
20260508,0.6705460548400879,1.25920832157135,-0.10235459357500076,0.4370860927152318,0.5592347314201619,453,persistence,-1,True,primary,0.8999999761581421,000001.SZ,liquidity,unseen_q
20260511,0.7067339420318604,1.3784700632095337,-0.04374728351831436,0.4812409812409812,0.5086580086580087,462,persistence,-1,True,primary,0.8999999761581421,000001.SZ,liquidity,unseen_q
20260512,0.6984558701515198,1.3510075807571411,-0.0573800727725029,0.44517066085693535,0.5715323166303558,459,persistence,-1,True,primary,0.8999999761581421,000001.SZ,liquidity,unseen_q
20260513,0.5168753862380981,1.0474791526794434,0.01716037653386593,0.4559139784946237,0.632258064516129,465,persistence,-1,True,primary,0.8999999761581421,000001.SZ,liquidity,unseen_q
20260514,0.6301763653755188,1.3008613586425781,0.05063570290803909,0.4812409812409812,0.5627705627705628,462,persistence,-1,True,primary,0.8999999761581421,000001.SZ,liquidity,unseen_q
20260515,0.6840311884880066,1.3372946977615356,-0.03845963254570961,0.39565217391304347,0.631159420289855,460,persistence,-1,True,primary,0.8999999761581421,000001.SZ,liquidity,unseen_q
20260518,0.5561463832855225,1.0990772247314453,-0.016519464552402496,0.48340874811463047,0.6003016591251885,442,persistence,-1,True,primary,0.8999999761581421,000001.SZ,liquidity,unseen_q
20260519,0.5932337045669556,1.2287544012069702,0.052858754992485046,0.4874010079193664,0.591792656587473,463,persistence,-1,True,primary,0.8999999761581421,000001.SZ,liquidity,unseen_q
20260520,0.5692790746688843,1.1636760234832764,0.03139743208885193,0.4424908424908425,0.6241758241758242,455,persistence,-1,True,primary,0.8999999761581421,000001.SZ,liquidity,unseen_q
20260521,0.6212919354438782,1.2597012519836426,0.021396787837147713,0.3913978494623656,0.6279569892473118,465,persistence,-1,True,primary,0.8999999761581421,000001.SZ,liquidity,unseen_q
20260522,0.6096593141555786,1.2675888538360596,0.06033780798316002,0.47198275862068967,0.6199712643678161,464,persistence,-1,True,primary,0.8999999761581421,000001.SZ,liquidity,unseen_q
20260525,0.5226082801818848,1.0839788913726807,0.048452820628881454,0.4613159797541576,0.5379609544468547,461,persistence,-1,True,primary,0.8999999761581421,000001.SZ,liquidity,unseen_q
20260526,0.7232080698013306,1.4654067754745483,0.02373829297721386,0.49209770114942525,0.5811781609195402,464,persistence,-1,True,primary,0.8999999761581421,000001.SZ,liquidity,unseen_q
20260528,0.5578753352165222,1.1428868770599365,0.03392036631703377,0.43462643678160917,0.6300287356321839,464,persistence,-1,True,primary,0.8999999761581421,000001.SZ,liquidity,unseen_q
20260529,0.8399221301078796,1.723982334136963,0.055172648280858994,0.48960573476702507,0.6086021505376344,465,persistence,-1,True,primary,0.8999999761581421,000001.SZ,liquidity,unseen_q
20260506,0.4872618317604065,0.974523663520813,0.01567593775689602,0.37642782969885774,0.6401869158878505,428,persistence,-1,True,all_queries_diagnostic,0.5,000001.SZ,liquidity,unseen_q
20260507,0.6324869394302368,1.2649738788604736,0.03569009527564049,0.4093943729136862,0.6177873152122079,466,persistence,-1,True,all_queries_diagnostic,0.5,000001.SZ,liquidity,unseen_q
20260508,0.5987036228179932,1.1974072456359863,-0.07392152398824692,0.38361540348295314,0.6168751532989943,453,persistence,-1,True,all_queries_diagnostic,0.5,000001.SZ,liquidity,unseen_q
20260511,0.6469098329544067,1.2938196659088135,-0.03826696053147316,0.4227994227994228,0.5870610870610871,462,persistence,-1,True,all_queries_diagnostic,0.5,000001.SZ,liquidity,unseen_q
20260512,0.6192278265953064,1.2384556531906128,-0.047192927449941635,0.38174776083272816,0.6177680948922779,459,persistence,-1,True,all_queries_diagnostic,0.5,000001.SZ,liquidity,unseen_q
20260513,0.46967825293540955,0.9393565058708191,0.005491324700415134,0.37347670250896053,0.7003584229390681,465,persistence,-1,True,all_queries_diagnostic,0.5,000001.SZ,liquidity,unseen_q
20260514,0.6390278339385986,1.2780556678771973,0.038795143365859985,0.4227994227994228,0.6127946127946128,462,persistence,-1,True,all_queries_diagnostic,0.5,000001.SZ,liquidity,unseen_q
20260515,0.6453887224197388,1.2907774448394775,-0.05433863401412964,0.35628019323671495,0.6591787439613527,460,persistence,-1,True,all_queries_diagnostic,0.5,000001.SZ,liquidity,unseen_q
20260518,0.5330384373664856,1.0660768747329712,0.005048742983490229,0.4230769230769231,0.6591251885369532,442,persistence,-1,True,all_queries_diagnostic,0.5,000001.SZ,liquidity,unseen_q
20260519,0.6098169684410095,1.219633936882019,0.052407581359148026,0.44204463642908565,0.6409887209023278,463,persistence,-1,True,all_queries_diagnostic,0.5,000001.SZ,liquidity,unseen_q
20260520,0.5691583156585693,1.1383166313171387,0.037602465599775314,0.3934065934065934,0.6730158730158731,455,persistence,-1,True,all_queries_diagnostic,0.5,000001.SZ,liquidity,unseen_q
20260521,0.6284798979759216,1.2569597959518433,0.0447375550866127,0.3538829151732377,0.6540023894862604,465,persistence,-1,True,all_queries_diagnostic,0.5,000001.SZ,liquidity,unseen_q
20260522,0.6297163963317871,1.2594327926635742,0.04603341221809387,0.4231321839080459,0.6472701149425287,464,persistence,-1,True,all_queries_diagnostic,0.5,000001.SZ,liquidity,unseen_q
20260525,0.5253056883811951,1.0506113767623901,0.040364738553762436,0.39575801397927207,0.6220776090624247,461,persistence,-1,True,all_queries_diagnostic,0.5,000001.SZ,liquidity,unseen_q
20260526,0.6976599097251892,1.3953198194503784,0.025477318093180656,0.4231321839080459,0.6369731800766283,464,persistence,-1,True,all_queries_diagnostic,0.5,000001.SZ,liquidity,unseen_q
20260528,0.5347548127174377,1.0695096254348755,0.02413169853389263,0.36877394636015326,0.6764846743295019,464,persistence,-1,True,all_queries_diagnostic,0.5,000001.SZ,liquidity,unseen_q
20260529,0.8121073246002197,1.6242146492004395,0.07414652407169342,0.42246117084826756,0.662126642771804,465,persistence,-1,True,all_queries_diagnostic,0.5,000001.SZ,liquidity,unseen_q
20260506,0.4809914827346802,0.974523663520813,0.01567593775689602,0.37642782969885774,0.6401869158878505,428,persistence,-1,True,all_queries_diagnostic,0.8999999761581421,000001.SZ,liquidity,unseen_q
20260507,0.6182109713554382,1.2649738788604736,0.03569009527564049,0.4093943729136862,0.6177873152122079,466,persistence,-1,True,all_queries_diagnostic,0.8999999761581421,000001.SZ,liquidity,unseen_q
20260508,0.6282722353935242,1.1974072456359863,-0.07392152398824692,0.38361540348295314,0.6168751532989943,453,persistence,-1,True,all_queries_diagnostic,0.8999999761581421,000001.SZ,liquidity,unseen_q
20260511,0.6622166633605957,1.2938196659088135,-0.03826696053147316,0.4227994227994228,0.5870610870610871,462,persistence,-1,True,all_queries_diagnostic,0.8999999761581421,000001.SZ,liquidity,unseen_q
20260512,0.6381050944328308,1.2384556531906128,-0.047192927449941635,0.38174776083272816,0.6177680948922779,459,persistence,-1,True,all_queries_diagnostic,0.8999999761581421,000001.SZ,liquidity,unseen_q
20260513,0.46748170256614685,0.9393565058708191,0.005491324700415134,0.37347670250896053,0.7003584229390681,465,persistence,-1,True,all_queries_diagnostic,0.8999999761581421,000001.SZ,liquidity,unseen_q
20260514,0.6235097646713257,1.2780556678771973,0.038795143365859985,0.4227994227994228,0.6127946127946128,462,persistence,-1,True,all_queries_diagnostic,0.8999999761581421,000001.SZ,liquidity,unseen_q
20260515,0.6671241521835327,1.2907774448394775,-0.05433863401412964,0.35628019323671495,0.6591787439613527,460,persistence,-1,True,all_queries_diagnostic,0.8999999761581421,000001.SZ,liquidity,unseen_q
20260518,0.5310189127922058,1.0660768747329712,0.005048742983490229,0.4230769230769231,0.6591251885369532,442,persistence,-1,True,all_queries_diagnostic,0.8999999761581421,000001.SZ,liquidity,unseen_q
20260519,0.5888538956642151,1.219633936882019,0.052407581359148026,0.44204463642908565,0.6409887209023278,463,persistence,-1,True,all_queries_diagnostic,0.8999999761581421,000001.SZ,liquidity,unseen_q
20260520,0.5541173219680786,1.1383166313171387,0.037602465599775314,0.3934065934065934,0.6730158730158731,455,persistence,-1,True,all_queries_diagnostic,0.8999999761581421,000001.SZ,liquidity,unseen_q
20260521,0.6105849146842957,1.2569597959518433,0.0447375550866127,0.3538829151732377,0.6540023894862604,465,persistence,-1,True,all_queries_diagnostic,0.8999999761581421,000001.SZ,liquidity,unseen_q
20260522,0.6113030910491943,1.2594327926635742,0.04603341221809387,0.4231321839080459,0.6472701149425287,464,persistence,-1,True,all_queries_diagnostic,0.8999999761581421,000001.SZ,liquidity,unseen_q
20260525,0.5091598033905029,1.0506113767623901,0.040364738553762436,0.39575801397927207,0.6220776090624247,461,persistence,-1,True,all_queries_diagnostic,0.8999999761581421,000001.SZ,liquidity,unseen_q
20260526,0.6874690055847168,1.3953198194503784,0.025477318093180656,0.4231321839080459,0.6369731800766283,464,persistence,-1,True,all_queries_diagnostic,0.8999999761581421,000001.SZ,liquidity,unseen_q
20260528,0.5251021385192871,1.0695096254348755,0.02413169853389263,0.36877394636015326,0.6764846743295019,464,persistence,-1,True,all_queries_diagnostic,0.8999999761581421,000001.SZ,liquidity,unseen_q
20260529,0.7824487090110779,1.6242146492004395,0.07414652407169342,0.42246117084826756,0.662126642771804,465,persistence,-1,True,all_queries_diagnostic,0.8999999761581421,000001.SZ,liquidity,unseen_q
20260506,0.5232477188110352,1.0464954376220703,0.014671709388494492,0.4532710280373832,0.5638629283489096,428,persistence,-1,False,primary,0.5,000001.SZ,liquidity,unseen_q
20260507,0.6485498547554016,1.2970997095108032,0.04665789753198624,0.44849785407725323,0.5679542203147354,466,persistence,-1,False,primary,0.5,000001.SZ,liquidity,unseen_q
20260508,0.629604160785675,1.25920832157135,-0.10235459357500076,0.4370860927152318,0.5592347314201619,453,persistence,-1,False,primary,0.5,000001.SZ,liquidity,unseen_q
20260511,0.6892350316047668,1.3784700632095337,-0.04374728351831436,0.4812409812409812,0.5086580086580087,462,persistence,-1,False,primary,0.5,000001.SZ,liquidity,unseen_q
20260512,0.6755037903785706,1.3510075807571411,-0.0573800727725029,0.44517066085693535,0.5715323166303558,459,persistence,-1,False,primary,0.5,000001.SZ,liquidity,unseen_q
20260513,0.5237395763397217,1.0474791526794434,0.01716037653386593,0.4559139784946237,0.632258064516129,465,persistence,-1,False,primary,0.5,000001.SZ,liquidity,unseen_q
20260514,0.6504306793212891,1.3008613586425781,0.05063570290803909,0.4812409812409812,0.5627705627705628,462,persistence,-1,False,primary,0.5,000001.SZ,liquidity,unseen_q
20260515,0.6686473488807678,1.3372946977615356,-0.03845963254570961,0.39565217391304347,0.631159420289855,460,persistence,-1,False,primary,0.5,000001.SZ,liquidity,unseen_q
20260518,0.5495386123657227,1.0990772247314453,-0.016519464552402496,0.48340874811463047,0.6003016591251885,442,persistence,-1,False,primary,0.5,000001.SZ,liquidity,unseen_q
20260519,0.6143772006034851,1.2287544012069702,0.052858754992485046,0.4874010079193664,0.591792656587473,463,persistence,-1,False,primary,0.5,000001.SZ,liquidity,unseen_q
20260520,0.5818380117416382,1.1636760234832764,0.03139743208885193,0.4424908424908425,0.6241758241758242,455,persistence,-1,False,primary,0.5,000001.SZ,liquidity,unseen_q
20260521,0.6298506259918213,1.2597012519836426,0.021396787837147713,0.3913978494623656,0.6279569892473118,465,persistence,-1,False,primary,0.5,000001.SZ,liquidity,unseen_q
20260522,0.6337944269180298,1.2675888538360596,0.06033780798316002,0.47198275862068967,0.6199712643678161,464,persistence,-1,False,primary,0.5,000001.SZ,liquidity,unseen_q
20260525,0.5419894456863403,1.0839788913726807,0.048452820628881454,0.4613159797541576,0.5379609544468547,461,persistence,-1,False,primary,0.5,000001.SZ,liquidity,unseen_q
20260526,0.7327033877372742,1.4654067754745483,0.02373829297721386,0.49209770114942525,0.5811781609195402,464,persistence,-1,False,primary,0.5,000001.SZ,liquidity,unseen_q
20260528,0.5714434385299683,1.1428868770599365,0.03392036631703377,0.43462643678160917,0.6300287356321839,464,persistence,-1,False,primary,0.5,000001.SZ,liquidity,unseen_q
20260529,0.8619911670684814,1.723982334136963,0.055172648280858994,0.48960573476702507,0.6086021505376344,465,persistence,-1,False,primary,0.5,000001.SZ,liquidity,unseen_q
20260506,0.5173790454864502,1.0464954376220703,0.014671709388494492,0.4532710280373832,0.5638629283489096,428,persistence,-1,False,primary,0.8999999761581421,000001.SZ,liquidity,unseen_q
20260507,0.6298867464065552,1.2970997095108032,0.04665789753198624,0.44849785407725323,0.5679542203147354,466,persistence,-1,False,primary,0.8999999761581421,000001.SZ,liquidity,unseen_q
20260508,0.6705460548400879,1.25920832157135,-0.10235459357500076,0.4370860927152318,0.5592347314201619,453,persistence,-1,False,primary,0.8999999761581421,000001.SZ,liquidity,unseen_q
20260511,0.7067339420318604,1.3784700632095337,-0.04374728351831436,0.4812409812409812,0.5086580086580087,462,persistence,-1,False,primary,0.8999999761581421,000001.SZ,liquidity,unseen_q
20260512,0.6984558701515198,1.3510075807571411,-0.0573800727725029,0.44517066085693535,0.5715323166303558,459,persistence,-1,False,primary,0.8999999761581421,000001.SZ,liquidity,unseen_q
20260513,0.5168753862380981,1.0474791526794434,0.01716037653386593,0.4559139784946237,0.632258064516129,465,persistence,-1,False,primary,0.8999999761581421,000001.SZ,liquidity,unseen_q
20260514,0.6301763653755188,1.3008613586425781,0.05063570290803909,0.4812409812409812,0.5627705627705628,462,persistence,-1,False,primary,0.8999999761581421,000001.SZ,liquidity,unseen_q
20260515,0.6840311884880066,1.3372946977615356,-0.03845963254570961,0.39565217391304347,0.631159420289855,460,persistence,-1,False,primary,0.8999999761581421,000001.SZ,liquidity,unseen_q
20260518,0.5561463832855225,1.0990772247314453,-0.016519464552402496,0.48340874811463047,0.6003016591251885,442,persistence,-1,False,primary,0.8999999761581421,000001.SZ,liquidity,unseen_q
20260519,0.5932337045669556,1.2287544012069702,0.052858754992485046,0.4874010079193664,0.591792656587473,463,persistence,-1,False,primary,0.8999999761581421,000001.SZ,liquidity,unseen_q
20260520,0.5692790746688843,1.1636760234832764,0.03139743208885193,0.4424908424908425,0.6241758241758242,455,persistence,-1,False,primary,0.8999999761581421,000001.SZ,liquidity,unseen_q
20260521,0.6212919354438782,1.2597012519836426,0.021396787837147713,0.3913978494623656,0.6279569892473118,465,persistence,-1,False,primary,0.8999999761581421,000001.SZ,liquidity,unseen_q
20260522,0.6096593141555786,1.2675888538360596,0.06033780798316002,0.47198275862068967,0.6199712643678161,464,persistence,-1,False,primary,0.8999999761581421,000001.SZ,liquidity,unseen_q
20260525,0.5226082801818848,1.0839788913726807,0.048452820628881454,0.4613159797541576,0.5379609544468547,461,persistence,-1,False,primary,0.8999999761581421,000001.SZ,liquidity,unseen_q
20260526,0.7232080698013306,1.4654067754745483,0.02373829297721386,0.49209770114942525,0.5811781609195402,464,persistence,-1,False,primary,0.8999999761581421,000001.SZ,liquidity,unseen_q
20260528,0.5578753352165222,1.1428868770599365,0.03392036631703377,0.43462643678160917,0.6300287356321839,464,persistence,-1,False,primary,0.8999999761581421,000001.SZ,liquidity,unseen_q
20260529,0.8399221301078796,1.723982334136963,0.055172648280858994,0.48960573476702507,0.6086021505376344,465,persistence,-1,False,primary,0.8999999761581421,000001.SZ,liquidity,unseen_q
20260506,0.4872618317604065,0.974523663520813,0.01567593775689602,0.37642782969885774,0.6401869158878505,428,persistence,-1,False,all_queries_diagnostic,0.5,000001.SZ,liquidity,unseen_q
20260507,0.6324869394302368,1.2649738788604736,0.03569009527564049,0.4093943729136862,0.6177873152122079,466,persistence,-1,False,all_queries_diagnostic,0.5,000001.SZ,liquidity,unseen_q
20260508,0.5987036228179932,1.1974072456359863,-0.07392152398824692,0.38361540348295314,0.6168751532989943,453,persistence,-1,False,all_queries_diagnostic,0.5,000001.SZ,liquidity,unseen_q
20260511,0.6469098329544067,1.2938196659088135,-0.03826696053147316,0.4227994227994228,0.5870610870610871,462,persistence,-1,False,all_queries_diagnostic,0.5,000001.SZ,liquidity,unseen_q
20260512,0.6192278265953064,1.2384556531906128,-0.047192927449941635,0.38174776083272816,0.6177680948922779,459,persistence,-1,False,all_queries_diagnostic,0.5,000001.SZ,liquidity,unseen_q
20260513,0.46967825293540955,0.9393565058708191,0.005491324700415134,0.37347670250896053,0.7003584229390681,465,persistence,-1,False,all_queries_diagnostic,0.5,000001.SZ,liquidity,unseen_q
20260514,0.6390278339385986,1.2780556678771973,0.038795143365859985,0.4227994227994228,0.6127946127946128,462,persistence,-1,False,all_queries_diagnostic,0.5,000001.SZ,liquidity,unseen_q
20260515,0.6453887224197388,1.2907774448394775,-0.05433863401412964,0.35628019323671495,0.6591787439613527,460,persistence,-1,False,all_queries_diagnostic,0.5,000001.SZ,liquidity,unseen_q
20260518,0.5330384373664856,1.0660768747329712,0.005048742983490229,0.4230769230769231,0.6591251885369532,442,persistence,-1,False,all_queries_diagnostic,0.5,000001.SZ,liquidity,unseen_q
20260519,0.6098169684410095,1.219633936882019,0.052407581359148026,0.44204463642908565,0.6409887209023278,463,persistence,-1,False,all_queries_diagnostic,0.5,000001.SZ,liquidity,unseen_q
20260520,0.5691583156585693,1.1383166313171387,0.037602465599775314,0.3934065934065934,0.6730158730158731,455,persistence,-1,False,all_queries_diagnostic,0.5,000001.SZ,liquidity,unseen_q
20260521,0.6284798979759216,1.2569597959518433,0.0447375550866127,0.3538829151732377,0.6540023894862604,465,persistence,-1,False,all_queries_diagnostic,0.5,000001.SZ,liquidity,unseen_q
20260522,0.6297163963317871,1.2594327926635742,0.04603341221809387,0.4231321839080459,0.6472701149425287,464,persistence,-1,False,all_queries_diagnostic,0.5,000001.SZ,liquidity,unseen_q
20260525,0.5253056883811951,1.0506113767623901,0.040364738553762436,0.39575801397927207,0.6220776090624247,461,persistence,-1,False,all_queries_diagnostic,0.5,000001.SZ,liquidity,unseen_q
20260526,0.6976599097251892,1.3953198194503784,0.025477318093180656,0.4231321839080459,0.6369731800766283,464,persistence,-1,False,all_queries_diagnostic,0.5,000001.SZ,liquidity,unseen_q
20260528,0.5347548127174377,1.0695096254348755,0.02413169853389263,0.36877394636015326,0.6764846743295019,464,persistence,-1,False,all_queries_diagnostic,0.5,000001.SZ,liquidity,unseen_q
20260529,0.8121073246002197,1.6242146492004395,0.07414652407169342,0.42246117084826756,0.662126642771804,465,persistence,-1,False,all_queries_diagnostic,0.5,000001.SZ,liquidity,unseen_q
20260506,0.4809914827346802,0.974523663520813,0.01567593775689602,0.37642782969885774,0.6401869158878505,428,persistence,-1,False,all_queries_diagnostic,0.8999999761581421,000001.SZ,liquidity,unseen_q
20260507,0.6182109713554382,1.2649738788604736,0.03569009527564049,0.4093943729136862,0.6177873152122079,466,persistence,-1,False,all_queries_diagnostic,0.8999999761581421,000001.SZ,liquidity,unseen_q
20260508,0.6282722353935242,1.1974072456359863,-0.07392152398824692,0.38361540348295314,0.6168751532989943,453,persistence,-1,False,all_queries_diagnostic,0.8999999761581421,000001.SZ,liquidity,unseen_q
20260511,0.6622166633605957,1.2938196659088135,-0.03826696053147316,0.4227994227994228,0.5870610870610871,462,persistence,-1,False,all_queries_diagnostic,0.8999999761581421,000001.SZ,liquidity,unseen_q
20260512,0.6381050944328308,1.2384556531906128,-0.047192927449941635,0.38174776083272816,0.6177680948922779,459,persistence,-1,False,all_queries_diagnostic,0.8999999761581421,000001.SZ,liquidity,unseen_q
20260513,0.46748170256614685,0.9393565058708191,0.005491324700415134,0.37347670250896053,0.7003584229390681,465,persistence,-1,False,all_queries_diagnostic,0.8999999761581421,000001.SZ,liquidity,unseen_q
20260514,0.6235097646713257,1.2780556678771973,0.038795143365859985,0.4227994227994228,0.6127946127946128,462,persistence,-1,False,all_queries_diagnostic,0.8999999761581421,000001.SZ,liquidity,unseen_q
20260515,0.6671241521835327,1.2907774448394775,-0.05433863401412964,0.35628019323671495,0.6591787439613527,460,persistence,-1,False,all_queries_diagnostic,0.8999999761581421,000001.SZ,liquidity,unseen_q
20260518,0.5310189127922058,1.0660768747329712,0.005048742983490229,0.4230769230769231,0.6591251885369532,442,persistence,-1,False,all_queries_diagnostic,0.8999999761581421,000001.SZ,liquidity,unseen_q
20260519,0.5888538956642151,1.219633936882019,0.052407581359148026,0.44204463642908565,0.6409887209023278,463,persistence,-1,False,all_queries_diagnostic,0.8999999761581421,000001.SZ,liquidity,unseen_q
20260520,0.5541173219680786,1.1383166313171387,0.037602465599775314,0.3934065934065934,0.6730158730158731,455,persistence,-1,False,all_queries_diagnostic,0.8999999761581421,000001.SZ,liquidity,unseen_q
20260521,0.6105849146842957,1.2569597959518433,0.0447375550866127,0.3538829151732377,0.6540023894862604,465,persistence,-1,False,all_queries_diagnostic,0.8999999761581421,000001.SZ,liquidity,unseen_q
20260522,0.6113030910491943,1.2594327926635742,0.04603341221809387,0.4231321839080459,0.6472701149425287,464,persistence,-1,False,all_queries_diagnostic,0.8999999761581421,000001.SZ,liquidity,unseen_q
20260525,0.5091598033905029,1.0506113767623901,0.040364738553762436,0.39575801397927207,0.6220776090624247,461,persistence,-1,False,all_queries_diagnostic,0.8999999761581421,000001.SZ,liquidity,unseen_q
20260526,0.6874690055847168,1.3953198194503784,0.025477318093180656,0.4231321839080459,0.6369731800766283,464,persistence,-1,False,all_queries_diagnostic,0.8999999761581421,000001.SZ,liquidity,unseen_q
20260528,0.5251021385192871,1.0695096254348755,0.02413169853389263,0.36877394636015326,0.6764846743295019,464,persistence,-1,False,all_queries_diagnostic,0.8999999761581421,000001.SZ,liquidity,unseen_q
20260529,0.7824487090110779,1.6242146492004395,0.07414652407169342,0.42246117084826756,0.662126642771804,465,persistence,-1,False,all_queries_diagnostic,0.8999999761581421,000001.SZ,liquidity,unseen_q
20260506,0.5358505845069885,1.071701169013977,0.14317479729652405,0.6323987538940811,0.6323987538940811,428,conditional_mlp,20260921,True,primary,0.5,000001.SZ,liquidity,unseen_q
20260507,0.6286993026733398,1.2573986053466797,0.05221100151538849,0.5386266094420601,0.5386266094420601,466,conditional_mlp,20260921,True,primary,0.5,000001.SZ,liquidity,unseen_q
20260508,0.6365711092948914,1.2731422185897827,-0.06287213414907455,0.5452538631346578,0.5452538631346578,453,conditional_mlp,20260921,True,primary,0.5,000001.SZ,liquidity,unseen_q
20260511,0.6856103539466858,1.3712207078933716,-0.018579117953777313,0.5367965367965368,0.5367965367965368,462,conditional_mlp,20260921,True,primary,0.5,000001.SZ,liquidity,unseen_q
20260512,0.6701701283454895,1.340340256690979,-0.006497628521174192,0.49818445896877267,0.49818445896877267,459,conditional_mlp,20260921,True,primary,0.5,000001.SZ,liquidity,unseen_q
20260513,0.5194228887557983,1.0388457775115967,0.05482867732644081,0.5885304659498208,0.5885304659498208,465,conditional_mlp,20260921,True,primary,0.5,000001.SZ,liquidity,unseen_q
20260514,0.6523686051368713,1.3047372102737427,0.041136063635349274,0.48556998556998554,0.48556998556998554,462,conditional_mlp,20260921,True,primary,0.5,000001.SZ,liquidity,unseen_q
20260515,0.673389196395874,1.346778392791748,0.05921369045972824,0.5876811594202899,0.5876811594202899,460,conditional_mlp,20260921,True,primary,0.5,000001.SZ,liquidity,unseen_q
20260518,0.562647819519043,1.125295639038086,0.07247351109981537,0.6327300150829563,0.6327300150829563,442,conditional_mlp,20260921,True,primary,0.5,000001.SZ,liquidity,unseen_q
20260519,0.6364091634750366,1.2728183269500732,0.0801812931895256,0.591792656587473,0.591792656587473,463,conditional_mlp,20260921,True,primary,0.5,000001.SZ,liquidity,unseen_q
20260520,0.5989492535591125,1.197898507118225,0.11464150249958038,0.6139194139194138,0.6139194139194138,455,conditional_mlp,20260921,True,primary,0.5,000001.SZ,liquidity,unseen_q
20260521,0.6199965476989746,1.2399930953979492,0.05295886471867561,0.5261648745519713,0.5261648745519713,465,conditional_mlp,20260921,True,primary,0.5,000001.SZ,liquidity,unseen_q
20260522,0.6464439034461975,1.292887806892395,0.08985668420791626,0.5244252873563218,0.5244252873563218,464,conditional_mlp,20260921,True,primary,0.5,000001.SZ,liquidity,unseen_q
20260525,0.5623392462730408,1.1246784925460815,0.07918599992990494,0.5278380332610267,0.5278380332610267,461,conditional_mlp,20260921,True,primary,0.5,000001.SZ,liquidity,unseen_q
20260526,0.7315091490745544,1.4630182981491089,0.05850290507078171,0.5783045977011494,0.5783045977011494,464,conditional_mlp,20260921,True,primary,0.5,000001.SZ,liquidity,unseen_q
20260528,0.580115020275116,1.160230040550232,0.08889462053775787,0.5790229885057472,0.5790229885057472,464,conditional_mlp,20260921,True,primary,0.5,000001.SZ,liquidity,unseen_q
20260529,0.8388721346855164,1.6777442693710327,0.09528495371341705,0.5978494623655914,0.5978494623655914,465,conditional_mlp,20260921,True,primary,0.5,000001.SZ,liquidity,unseen_q
20260506,0.3789975047111511,2.249685525894165,1.8646130561828613,0.9306853582554516,0.9306853582554516,428,conditional_mlp,20260921,True,primary,0.8999999761581421,000001.SZ,liquidity,unseen_q
20260507,0.42144468426704407,2.4646966457366943,2.027259111404419,0.9241773962804006,0.9241773962804006,466,conditional_mlp,20260921,True,primary,0.8999999761581421,000001.SZ,liquidity,unseen_q
20260508,0.4944559335708618,2.1541190147399902,1.4565088748931885,0.888888888888889,0.888888888888889,453,conditional_mlp,20260921,True,primary,0.8999999761581421,000001.SZ,liquidity,unseen_q
20260511,0.4769952893257141,2.8836183547973633,2.412034749984741,0.9083694083694084,0.9083694083694084,462,conditional_mlp,20260921,True,primary,0.8999999761581421,000001.SZ,liquidity,unseen_q
20260512,0.46216708421707153,2.41795015335083,1.8670201301574707,0.907770515613653,0.907770515613653,459,conditional_mlp,20260921,True,primary,0.8999999761581421,000001.SZ,liquidity,unseen_q
20260513,0.353835791349411,1.8526115417480469,1.4311749935150146,0.8974910394265233,0.8974910394265233,465,conditional_mlp,20260921,True,primary,0.8999999761581421,000001.SZ,liquidity,unseen_q
20260514,0.4380245804786682,2.5377197265625,2.0770883560180664,0.9148629148629149,0.9148629148629149,462,conditional_mlp,20260921,True,primary,0.8999999761581421,000001.SZ,liquidity,unseen_q
20260515,0.456064373254776,2.350893020629883,1.7984553575515747,0.8608695652173913,0.8608695652173913,460,conditional_mlp,20260921,True,primary,0.8999999761581421,000001.SZ,liquidity,unseen_q
20260518,0.4082731604576111,2.6158649921417236,2.24914813041687,0.9336349924585219,0.9336349924585219,442,conditional_mlp,20260921,True,primary,0.8999999761581421,000001.SZ,liquidity,unseen_q
20260519,0.4371882975101471,2.7692296504974365,2.3685667514801025,0.925845932325414,0.925845932325414,463,conditional_mlp,20260921,True,primary,0.8999999761581421,000001.SZ,liquidity,unseen_q
20260520,0.4072623550891876,2.4888484477996826,2.092904806137085,0.9238095238095237,0.9238095238095237,455,conditional_mlp,20260921,True,primary,0.8999999761581421,000001.SZ,liquidity,unseen_q
20260521,0.40505778789520264,2.03322696685791,1.5288894176483154,0.8939068100358424,0.8939068100358424,465,conditional_mlp,20260921,True,primary,0.8999999761581421,000001.SZ,liquidity,unseen_q
20260522,0.4165108799934387,2.5445003509521484,2.1393485069274902,0.9224137931034483,0.9224137931034483,464,conditional_mlp,20260921,True,primary,0.8999999761581421,000001.SZ,liquidity,unseen_q
20260525,0.3901402950286865,2.588048219680786,2.2597098350524902,0.9450469992769343,0.9450469992769343,461,conditional_mlp,20260921,True,primary,0.8999999761581421,000001.SZ,liquidity,unseen_q
20260526,0.48997315764427185,2.6812760829925537,2.126662254333496,0.9044540229885057,0.9044540229885057,464,conditional_mlp,20260921,True,primary,0.8999999761581421,000001.SZ,liquidity,unseen_q
20260528,0.38645637035369873,2.268704891204834,1.86974036693573,0.9195402298850575,0.9195402298850575,464,conditional_mlp,20260921,True,primary,0.8999999761581421,000001.SZ,liquidity,unseen_q
20260529,0.5318309664726257,2.8245818614959717,2.2011499404907227,0.8896057347670251,0.8896057347670251,465,conditional_mlp,20260921,True,primary,0.8999999761581421,000001.SZ,liquidity,unseen_q
20260506,0.5057964324951172,1.0115928649902344,0.14755304157733917,0.6586188992731049,0.6586188992731049,428,conditional_mlp,20260921,True,all_queries_diagnostic,0.5,000001.SZ,liquidity,unseen_q
20260507,0.6213383674621582,1.2426767349243164,0.04106973856687546,0.5424415832141154,0.5424415832141154,466,conditional_mlp,20260921,True,all_queries_diagnostic,0.5,000001.SZ,liquidity,unseen_q
20260508,0.6079624891281128,1.2159249782562256,-0.033664580434560776,0.5737061564876134,0.5737061564876134,453,conditional_mlp,20260921,True,all_queries_diagnostic,0.5,000001.SZ,liquidity,unseen_q
20260511,0.6520385146141052,1.3040770292282104,-0.013670149259269238,0.5646945646945646,0.5646945646945646,462,conditional_mlp,20260921,True,all_queries_diagnostic,0.5,000001.SZ,liquidity,unseen_q
20260512,0.6201600432395935,1.240320086479187,0.004396563861519098,0.513677075768579,0.513677075768579,459,conditional_mlp,20260921,True,all_queries_diagnostic,0.5,000001.SZ,liquidity,unseen_q
20260513,0.47027045488357544,0.9405409097671509,0.04542681947350502,0.6102747909199522,0.6102747909199522,465,conditional_mlp,20260921,True,all_queries_diagnostic,0.5,000001.SZ,liquidity,unseen_q
20260514,0.6461225152015686,1.2922450304031372,0.029252899810671806,0.4846079846079846,0.4846079846079846,462,conditional_mlp,20260921,True,all_queries_diagnostic,0.5,000001.SZ,liquidity,unseen_q
20260515,0.6559059619903564,1.311811923980713,0.044734448194503784,0.6067632850241546,0.6067632850241546,460,conditional_mlp,20260921,True,all_queries_diagnostic,0.5,000001.SZ,liquidity,unseen_q
20260518,0.5546975135803223,1.1093950271606445,0.09755031764507294,0.6784816490698843,0.6784816490698843,442,conditional_mlp,20260921,True,all_queries_diagnostic,0.5,000001.SZ,liquidity,unseen_q
20260519,0.635007381439209,1.270014762878418,0.08112362027168274,0.6177105831533477,0.6177105831533477,463,conditional_mlp,20260921,True,all_queries_diagnostic,0.5,000001.SZ,liquidity,unseen_q
20260520,0.5916323661804199,1.1832647323608398,0.12285234779119492,0.6258852258852259,0.6258852258852259,455,conditional_mlp,20260921,True,all_queries_diagnostic,0.5,000001.SZ,liquidity,unseen_q
20260521,0.6228763461112976,1.2457526922225952,0.07898284494876862,0.5266427718040622,0.5266427718040622,465,conditional_mlp,20260921,True,all_queries_diagnostic,0.5,000001.SZ,liquidity,unseen_q
20260522,0.6466591954231262,1.2933183908462524,0.0770646408200264,0.5308908045977012,0.5308908045977012,464,conditional_mlp,20260921,True,all_queries_diagnostic,0.5,000001.SZ,liquidity,unseen_q
20260525,0.552353024482727,1.104706048965454,0.0722697302699089,0.5379609544468547,0.5379609544468547,461,conditional_mlp,20260921,True,all_queries_diagnostic,0.5,000001.SZ,liquidity,unseen_q
20260526,0.7026938199996948,1.4053876399993896,0.061320092529058456,0.58022030651341,0.58022030651341,464,conditional_mlp,20260921,True,all_queries_diagnostic,0.5,000001.SZ,liquidity,unseen_q
20260528,0.5475152134895325,1.095030426979065,0.08227146416902542,0.587883141762452,0.587883141762452,464,conditional_mlp,20260921,True,all_queries_diagnostic,0.5,000001.SZ,liquidity,unseen_q
20260529,0.7949262261390686,1.5898524522781372,0.11696634441614151,0.6100358422939068,0.6100358422939068,465,conditional_mlp,20260921,True,all_queries_diagnostic,0.5,000001.SZ,liquidity,unseen_q
20260506,0.36725348234176636,2.2355353832244873,1.8762856721878052,0.9293873312564901,0.9293873312564901,428,conditional_mlp,20260921,True,all_queries_diagnostic,0.8999999761581421,000001.SZ,liquidity,unseen_q
20260507,0.42951861023902893,2.4773945808410645,2.022946834564209,0.9165474487362899,0.9165474487362899,466,conditional_mlp,20260921,True,all_queries_diagnostic,0.8999999761581421,000001.SZ,liquidity,unseen_q
20260508,0.4719955027103424,2.1372764110565186,1.4916068315505981,0.8994358597007603,0.8994358597007603,453,conditional_mlp,20260921,True,all_queries_diagnostic,0.8999999761581421,000001.SZ,liquidity,unseen_q
20260511,0.47023630142211914,2.880427122116089,2.424943208694458,0.9114959114959115,0.9114959114959115,462,conditional_mlp,20260921,True,all_queries_diagnostic,0.8999999761581421,000001.SZ,liquidity,unseen_q
20260512,0.43608585000038147,2.3804593086242676,1.8853598833084106,0.9082546598886467,0.9082546598886467,459,conditional_mlp,20260921,True,all_queries_diagnostic,0.8999999761581421,000001.SZ,liquidity,unseen_q
20260513,0.33892226219177246,1.8204772472381592,1.4282909631729126,0.9065710872162485,0.9065710872162485,465,conditional_mlp,20260921,True,all_queries_diagnostic,0.8999999761581421,000001.SZ,liquidity,unseen_q
20260514,0.4399639070034027,2.5376369953155518,2.072136640548706,0.9134199134199135,0.9134199134199135,462,conditional_mlp,20260921,True,all_queries_diagnostic,0.8999999761581421,000001.SZ,liquidity,unseen_q
20260515,0.45550480484962463,2.3440120220184326,1.7912530899047852,0.8685990338164251,0.8685990338164251,460,conditional_mlp,20260921,True,all_queries_diagnostic,0.8999999761581421,000001.SZ,liquidity,unseen_q
20260518,0.413937509059906,2.6544909477233887,2.2832701206207275,0.9353946706887883,0.9353946706887883,442,conditional_mlp,20260921,True,all_queries_diagnostic,0.8999999761581421,000001.SZ,liquidity,unseen_q
20260519,0.44137176871299744,2.784515857696533,2.3772153854370117,0.9200863930885529,0.9200863930885529,463,conditional_mlp,20260921,True,all_queries_diagnostic,0.8999999761581421,000001.SZ,liquidity,unseen_q
20260520,0.4089188575744629,2.504577159881592,2.108424425125122,0.9235653235653236,0.9235653235653236,455,conditional_mlp,20260921,True,all_queries_diagnostic,0.8999999761581421,000001.SZ,liquidity,unseen_q
20260521,0.4162848889827728,2.08170747756958,1.5614222288131714,0.8929510155316607,0.8929510155316607,465,conditional_mlp,20260921,True,all_queries_diagnostic,0.8999999761581421,000001.SZ,liquidity,unseen_q
20260522,0.4174709618091583,2.541855812072754,2.1336426734924316,0.9099616858237548,0.9099616858237548,464,conditional_mlp,20260921,True,all_queries_diagnostic,0.8999999761581421,000001.SZ,liquidity,unseen_q
20260525,0.3934538662433624,2.5952465534210205,2.2604238986968994,0.9416726922149915,0.9416726922149915,461,conditional_mlp,20260921,True,all_queries_diagnostic,0.8999999761581421,000001.SZ,liquidity,unseen_q
20260526,0.47795718908309937,2.6656339168548584,2.1371495723724365,0.9070881226053641,0.9070881226053641,464,conditional_mlp,20260921,True,all_queries_diagnostic,0.8999999761581421,000001.SZ,liquidity,unseen_q
20260528,0.3791208565235138,2.2551426887512207,1.871126413345337,0.9240900383141762,0.9240900383141762,464,conditional_mlp,20260921,True,all_queries_diagnostic,0.8999999761581421,000001.SZ,liquidity,unseen_q
20260529,0.5089641809463501,2.802234172821045,2.2303824424743652,0.8965352449223416,0.8965352449223416,465,conditional_mlp,20260921,True,all_queries_diagnostic,0.8999999761581421,000001.SZ,liquidity,unseen_q
20260506,0.5358906388282776,1.0717812776565552,0.143255814909935,0.6323987538940811,0.6323987538940811,428,conditional_mlp,20260921,False,primary,0.5,000001.SZ,liquidity,unseen_q
20260507,0.6287524104118347,1.2575048208236694,0.05208468437194824,0.5386266094420601,0.5386266094420601,466,conditional_mlp,20260921,False,primary,0.5,000001.SZ,liquidity,unseen_q
20260508,0.6365935206413269,1.2731870412826538,-0.06290800869464874,0.5467255334805003,0.5467255334805003,453,conditional_mlp,20260921,False,primary,0.5,000001.SZ,liquidity,unseen_q
20260511,0.6856103539466858,1.3712207078933716,-0.018579117953777313,0.5367965367965368,0.5367965367965368,462,conditional_mlp,20260921,False,primary,0.5,000001.SZ,liquidity,unseen_q
20260512,0.6701579689979553,1.3403159379959106,-0.006458606570959091,0.4989106753812636,0.4989106753812636,459,conditional_mlp,20260921,False,primary,0.5,000001.SZ,liquidity,unseen_q
20260513,0.5195965766906738,1.0391931533813477,0.05451253801584244,0.5870967741935483,0.5870967741935483,465,conditional_mlp,20260921,False,primary,0.5,000001.SZ,liquidity,unseen_q
20260514,0.6523700952529907,1.3047401905059814,0.041140686720609665,0.48556998556998554,0.48556998556998554,462,conditional_mlp,20260921,False,primary,0.5,000001.SZ,liquidity,unseen_q
20260515,0.6735817193984985,1.347163438796997,0.0575084425508976,0.5630434782608695,0.5630434782608695,460,conditional_mlp,20260921,False,primary,0.5,000001.SZ,liquidity,unseen_q
20260518,0.562647819519043,1.125295639038086,0.07247351109981537,0.6327300150829563,0.6327300150829563,442,conditional_mlp,20260921,False,primary,0.5,000001.SZ,liquidity,unseen_q
20260519,0.636396050453186,1.272792100906372,0.08015501499176025,0.591792656587473,0.591792656587473,463,conditional_mlp,20260921,False,primary,0.5,000001.SZ,liquidity,unseen_q
20260520,0.5987830758094788,1.1975661516189575,0.11427051573991776,0.6117216117216117,0.6117216117216117,455,conditional_mlp,20260921,False,primary,0.5,000001.SZ,liquidity,unseen_q
20260521,0.6199907660484314,1.2399815320968628,0.05298173055052757,0.5268817204301075,0.5268817204301075,465,conditional_mlp,20260921,False,primary,0.5,000001.SZ,liquidity,unseen_q
20260522,0.6464751958847046,1.2929503917694092,0.09004388749599457,0.5244252873563218,0.5244252873563218,464,conditional_mlp,20260921,False,primary,0.5,000001.SZ,liquidity,unseen_q
20260525,0.5623398423194885,1.124679684638977,0.07918719202280045,0.5278380332610267,0.5278380332610267,461,conditional_mlp,20260921,False,primary,0.5,000001.SZ,liquidity,unseen_q
20260526,0.7315065860748291,1.4630131721496582,0.05851726979017258,0.5783045977011494,0.5783045977011494,464,conditional_mlp,20260921,False,primary,0.5,000001.SZ,liquidity,unseen_q
20260528,0.5801783204078674,1.1603566408157349,0.08904486894607544,0.5790229885057472,0.5790229885057472,464,conditional_mlp,20260921,False,primary,0.5,000001.SZ,liquidity,unseen_q
20260529,0.8388941884040833,1.6777883768081665,0.09527532756328583,0.5964157706093189,0.5964157706093189,465,conditional_mlp,20260921,False,primary,0.5,000001.SZ,liquidity,unseen_q
20260506,0.3790028393268585,2.2497384548187256,1.8646661043167114,0.9306853582554516,0.9306853582554516,428,conditional_mlp,20260921,False,primary,0.8999999761581421,000001.SZ,liquidity,unseen_q
20260507,0.4214427173137665,2.464676856994629,2.0272395610809326,0.9241773962804006,0.9241773962804006,466,conditional_mlp,20260921,False,primary,0.8999999761581421,000001.SZ,liquidity,unseen_q
20260508,0.4944164752960205,2.154078722000122,1.456557273864746,0.8903605592347313,0.8903605592347313,453,conditional_mlp,20260921,False,primary,0.8999999761581421,000001.SZ,liquidity,unseen_q
20260511,0.4769952893257141,2.8836183547973633,2.412034749984741,0.9083694083694084,0.9083694083694084,462,conditional_mlp,20260921,False,primary,0.8999999761581421,000001.SZ,liquidity,unseen_q
20260512,0.46216708421707153,2.41795015335083,1.8670201301574707,0.907770515613653,0.907770515613653,459,conditional_mlp,20260921,False,primary,0.8999999761581421,000001.SZ,liquidity,unseen_q
20260513,0.3535092771053314,1.852262020111084,1.4315541982650757,0.9010752688172043,0.9010752688172043,465,conditional_mlp,20260921,False,primary,0.8999999761581421,000001.SZ,liquidity,unseen_q
20260514,0.4380245804786682,2.5377197265625,2.0770883560180664,0.9148629148629149,0.9148629148629149,462,conditional_mlp,20260921,False,primary,0.8999999761581421,000001.SZ,liquidity,unseen_q
20260515,0.4551582634449005,2.3505191802978516,1.80025315284729,0.8869565217391304,0.8869565217391304,460,conditional_mlp,20260921,False,primary,0.8999999761581421,000001.SZ,liquidity,unseen_q
20260518,0.4082731604576111,2.6158649921417236,2.24914813041687,0.9336349924585219,0.9336349924585219,442,conditional_mlp,20260921,False,primary,0.8999999761581421,000001.SZ,liquidity,unseen_q
20260519,0.43718820810317993,2.769228935241699,2.368565559387207,0.925845932325414,0.925845932325414,463,conditional_mlp,20260921,False,primary,0.8999999761581421,000001.SZ,liquidity,unseen_q
20260520,0.40729430317878723,2.4891791343688965,2.093238353729248,0.9260073260073259,0.9260073260073259,455,conditional_mlp,20260921,False,primary,0.8999999761581421,000001.SZ,liquidity,unseen_q
20260521,0.40501895546913147,2.033184051513672,1.5289326906204224,0.8939068100358424,0.8939068100358424,465,conditional_mlp,20260921,False,primary,0.8999999761581421,000001.SZ,liquidity,unseen_q
20260522,0.41651445627212524,2.5445361137390137,2.1393842697143555,0.9224137931034483,0.9224137931034483,464,conditional_mlp,20260921,False,primary,0.8999999761581421,000001.SZ,liquidity,unseen_q
20260525,0.3901402950286865,2.588048219680786,2.2597098350524902,0.9450469992769343,0.9450469992769343,461,conditional_mlp,20260921,False,primary,0.8999999761581421,000001.SZ,liquidity,unseen_q
20260526,0.48997315764427185,2.6812760829925537,2.126662254333496,0.9044540229885057,0.9044540229885057,464,conditional_mlp,20260921,False,primary,0.8999999761581421,000001.SZ,liquidity,unseen_q
20260528,0.3864637017250061,2.2687783241271973,1.8698135614395142,0.9195402298850575,0.9195402298850575,464,conditional_mlp,20260921,False,primary,0.8999999761581421,000001.SZ,liquidity,unseen_q
20260529,0.5318076610565186,2.8246078491210938,2.2012405395507812,0.8910394265232975,0.8910394265232975,465,conditional_mlp,20260921,False,primary,0.8999999761581421,000001.SZ,liquidity,unseen_q
20260506,0.5057767629623413,1.0115535259246826,0.1475137323141098,0.6586188992731049,0.6586188992731049,428,conditional_mlp,20260921,False,all_queries_diagnostic,0.5,000001.SZ,liquidity,unseen_q
20260507,0.6213146448135376,1.2426292896270752,0.04102235287427902,0.5424415832141154,0.5424415832141154,466,conditional_mlp,20260921,False,all_queries_diagnostic,0.5,000001.SZ,liquidity,unseen_q
20260508,0.6079630851745605,1.215926170349121,-0.03375110402703285,0.5727250429237184,0.5727250429237184,453,conditional_mlp,20260921,False,all_queries_diagnostic,0.5,000001.SZ,liquidity,unseen_q
20260511,0.6520385146141052,1.3040770292282104,-0.013670149259269238,0.5646945646945646,0.5646945646945646,462,conditional_mlp,20260921,False,all_queries_diagnostic,0.5,000001.SZ,liquidity,unseen_q
20260512,0.6201590895652771,1.2403181791305542,0.004396563861519098,0.513677075768579,0.513677075768579,459,conditional_mlp,20260921,False,all_queries_diagnostic,0.5,000001.SZ,liquidity,unseen_q
20260513,0.47042983770370483,0.9408596754074097,0.04507105052471161,0.6066905615292711,0.6066905615292711,465,conditional_mlp,20260921,False,all_queries_diagnostic,0.5,000001.SZ,liquidity,unseen_q
20260514,0.6461225152015686,1.2922450304031372,0.029252899810671806,0.4846079846079846,0.4846079846079846,462,conditional_mlp,20260921,False,all_queries_diagnostic,0.5,000001.SZ,liquidity,unseen_q
20260515,0.6560792922973633,1.3121585845947266,0.04297010600566864,0.5828502415458937,0.5828502415458937,460,conditional_mlp,20260921,False,all_queries_diagnostic,0.5,000001.SZ,liquidity,unseen_q
20260518,0.5546975135803223,1.1093950271606445,0.09755031764507294,0.6784816490698843,0.6784816490698843,442,conditional_mlp,20260921,False,all_queries_diagnostic,0.5,000001.SZ,liquidity,unseen_q
20260519,0.6350010633468628,1.2700021266937256,0.08112362027168274,0.6177105831533477,0.6177105831533477,463,conditional_mlp,20260921,False,all_queries_diagnostic,0.5,000001.SZ,liquidity,unseen_q
20260520,0.5914781093597412,1.1829562187194824,0.12250610440969467,0.622954822954823,0.622954822954823,455,conditional_mlp,20260921,False,all_queries_diagnostic,0.5,000001.SZ,liquidity,unseen_q
20260521,0.6228982210159302,1.2457964420318604,0.07893921434879303,0.5266427718040622,0.5266427718040622,465,conditional_mlp,20260921,False,all_queries_diagnostic,0.5,000001.SZ,liquidity,unseen_q
20260522,0.6466577649116516,1.2933155298233032,0.0770646408200264,0.5308908045977012,0.5308908045977012,464,conditional_mlp,20260921,False,all_queries_diagnostic,0.5,000001.SZ,liquidity,unseen_q
20260525,0.552353024482727,1.104706048965454,0.0722697302699089,0.5379609544468547,0.5379609544468547,461,conditional_mlp,20260921,False,all_queries_diagnostic,0.5,000001.SZ,liquidity,unseen_q
20260526,0.7026938199996948,1.4053876399993896,0.061320092529058456,0.58022030651341,0.58022030651341,464,conditional_mlp,20260921,False,all_queries_diagnostic,0.5,000001.SZ,liquidity,unseen_q
20260528,0.5475152134895325,1.095030426979065,0.08227144926786423,0.587883141762452,0.587883141762452,464,conditional_mlp,20260921,False,all_queries_diagnostic,0.5,000001.SZ,liquidity,unseen_q
20260529,0.7949292063713074,1.5898584127426147,0.11690361052751541,0.6086021505376344,0.6086021505376344,465,conditional_mlp,20260921,False,all_queries_diagnostic,0.5,000001.SZ,liquidity,unseen_q
20260506,0.36725741624832153,2.235574722290039,1.8763248920440674,0.9293873312564901,0.9293873312564901,428,conditional_mlp,20260921,False,all_queries_diagnostic,0.8999999761581421,000001.SZ,liquidity,unseen_q
20260507,0.4295233488082886,2.4774417877197266,2.022994041442871,0.9165474487362899,0.9165474487362899,466,conditional_mlp,20260921,False,all_queries_diagnostic,0.8999999761581421,000001.SZ,liquidity,unseen_q
20260508,0.4719522297382355,2.137259006500244,1.491693377494812,0.9009075300466028,0.9009075300466028,453,conditional_mlp,20260921,False,all_queries_diagnostic,0.8999999761581421,000001.SZ,liquidity,unseen_q
20260511,0.47023630142211914,2.880427122116089,2.424943208694458,0.9114959114959115,0.9114959114959115,462,conditional_mlp,20260921,False,all_queries_diagnostic,0.8999999761581421,000001.SZ,liquidity,unseen_q
20260512,0.43608585000038147,2.3804593086242676,1.8853598833084106,0.9082546598886467,0.9082546598886467,459,conditional_mlp,20260921,False,all_queries_diagnostic,0.8999999761581421,000001.SZ,liquidity,unseen_q
20260513,0.3386199474334717,1.8201571702957153,1.4286468029022217,0.9101553166069295,0.9101553166069295,465,conditional_mlp,20260921,False,all_queries_diagnostic,0.8999999761581421,000001.SZ,liquidity,unseen_q
20260514,0.4399639070034027,2.5376369953155518,2.072136640548706,0.9134199134199135,0.9134199134199135,462,conditional_mlp,20260921,False,all_queries_diagnostic,0.8999999761581421,000001.SZ,liquidity,unseen_q
20260515,0.4546205401420593,2.3436551094055176,1.7930173873901367,0.892512077294686,0.892512077294686,460,conditional_mlp,20260921,False,all_queries_diagnostic,0.8999999761581421,000001.SZ,liquidity,unseen_q
20260518,0.413937509059906,2.6544909477233887,2.2832701206207275,0.9353946706887883,0.9353946706887883,442,conditional_mlp,20260921,False,all_queries_diagnostic,0.8999999761581421,000001.SZ,liquidity,unseen_q
20260519,0.44137176871299744,2.784515857696533,2.3772153854370117,0.9200863930885529,0.9200863930885529,463,conditional_mlp,20260921,False,all_queries_diagnostic,0.8999999761581421,000001.SZ,liquidity,unseen_q
20260520,0.4089345932006836,2.504885673522949,2.1087706089019775,0.9264957264957264,0.9264957264957264,455,conditional_mlp,20260921,False,all_queries_diagnostic,0.8999999761581421,000001.SZ,liquidity,unseen_q
20260521,0.41624560952186584,2.0816638469696045,1.561465859413147,0.8929510155316607,0.8929510155316607,465,conditional_mlp,20260921,False,all_queries_diagnostic,0.8999999761581421,000001.SZ,liquidity,unseen_q
20260522,0.4174709618091583,2.541855812072754,2.1336426734924316,0.9099616858237548,0.9099616858237548,464,conditional_mlp,20260921,False,all_queries_diagnostic,0.8999999761581421,000001.SZ,liquidity,unseen_q
20260525,0.3934538662433624,2.5952465534210205,2.2604238986968994,0.9416726922149915,0.9416726922149915,461,conditional_mlp,20260921,False,all_queries_diagnostic,0.8999999761581421,000001.SZ,liquidity,unseen_q
20260526,0.47795718908309937,2.6656339168548584,2.1371495723724365,0.9070881226053641,0.9070881226053641,464,conditional_mlp,20260921,False,all_queries_diagnostic,0.8999999761581421,000001.SZ,liquidity,unseen_q
20260528,0.3791208565235138,2.2551426887512207,1.871126413345337,0.9240900383141762,0.9240900383141762,464,conditional_mlp,20260921,False,all_queries_diagnostic,0.8999999761581421,000001.SZ,liquidity,unseen_q
20260529,0.508935272693634,2.8022263050079346,2.230445146560669,0.8979689366786141,0.8979689366786141,465,conditional_mlp,20260921,False,all_queries_diagnostic,0.8999999761581421,000001.SZ,liquidity,unseen_q
20260506,0.5228975415229797,1.0457950830459595,0.05541084334254265,0.5249221183800623,0.5249221183800623,428,conditional_mlp,20260922,True,primary,0.5,000001.SZ,liquidity,unseen_q
20260507,0.6278282999992371,1.2556565999984741,0.009068934246897697,0.4556509298998569,0.4556509298998569,466,conditional_mlp,20260922,True,primary,0.5,000001.SZ,liquidity,unseen_q
20260508,0.6295266151428223,1.2590532302856445,-0.08038461953401566,0.5011037527593819,0.5011037527593819,453,conditional_mlp,20260922,True,primary,0.5,000001.SZ,liquidity,unseen_q
20260511,0.6791917085647583,1.3583834171295166,-0.06526098400354385,0.48268398268398266,0.48268398268398266,462,conditional_mlp,20260922,True,primary,0.5,000001.SZ,liquidity,unseen_q
20260512,0.6671673059463501,1.3343346118927002,-0.041314199566841125,0.4698620188816267,0.4698620188816267,459,conditional_mlp,20260922,True,primary,0.5,000001.SZ,liquidity,unseen_q
20260513,0.5167446136474609,1.0334892272949219,0.00975328590720892,0.49390681003584225,0.49390681003584225,465,conditional_mlp,20260922,True,primary,0.5,000001.SZ,liquidity,unseen_q
20260514,0.6511761546134949,1.3023523092269897,-0.0014253316912800074,0.4336219336219336,0.4336219336219336,462,conditional_mlp,20260922,True,primary,0.5,000001.SZ,liquidity,unseen_q
20260515,0.6727554798126221,1.3455109596252441,0.002704129321500659,0.45289855072463764,0.45289855072463764,460,conditional_mlp,20260922,True,primary,0.5,000001.SZ,liquidity,unseen_q
20260518,0.5498524904251099,1.0997049808502197,-0.004545328672975302,0.5414781297134238,0.5414781297134238,442,conditional_mlp,20260922,True,primary,0.5,000001.SZ,liquidity,unseen_q
20260519,0.6281819343566895,1.256363868713379,0.016009265556931496,0.5176385889128869,0.5176385889128869,463,conditional_mlp,20260922,True,primary,0.5,000001.SZ,liquidity,unseen_q
20260520,0.5864560008049011,1.1729120016098022,0.03262820094823837,0.46446886446886443,0.46446886446886443,455,conditional_mlp,20260922,True,primary,0.5,000001.SZ,liquidity,unseen_q
20260521,0.6168038249015808,1.2336076498031616,0.006418599747121334,0.45806451612903226,0.45806451612903226,465,conditional_mlp,20260922,True,primary,0.5,000001.SZ,liquidity,unseen_q
20260522,0.632533848285675,1.26506769657135,-0.018287938088178635,0.44252873563218387,0.44252873563218387,464,conditional_mlp,20260922,True,primary,0.5,000001.SZ,liquidity,unseen_q
20260525,0.5555621385574341,1.1111242771148682,0.024274731054902077,0.4439624005784526,0.4439624005784526,461,conditional_mlp,20260922,True,primary,0.5,000001.SZ,liquidity,unseen_q
20260526,0.7267356514930725,1.453471302986145,-0.005691947415471077,0.47772988505747127,0.47772988505747127,464,conditional_mlp,20260922,True,primary,0.5,000001.SZ,liquidity,unseen_q
20260528,0.5742214322090149,1.1484428644180298,0.02771953120827675,0.46695402298850575,0.46695402298850575,464,conditional_mlp,20260922,True,primary,0.5,000001.SZ,liquidity,unseen_q
20260529,0.836021363735199,1.672042727470398,0.06417879462242126,0.5405017921146953,0.5405017921146953,465,conditional_mlp,20260922,True,primary,0.5,000001.SZ,liquidity,unseen_q
20260506,0.3815326392650604,2.150632619857788,1.7344592809677124,0.9244548286604362,0.9244548286604362,428,conditional_mlp,20260922,True,primary,0.8999999761581421,000001.SZ,liquidity,unseen_q
20260507,0.42683807015419006,2.411905288696289,1.9477866888046265,0.9120171673819742,0.9120171673819742,466,conditional_mlp,20260922,True,primary,0.8999999761581421,000001.SZ,liquidity,unseen_q
20260508,0.49528008699417114,2.105186700820923,1.393283486366272,0.8933038999264166,0.8933038999264166,453,conditional_mlp,20260922,True,primary,0.8999999761581421,000001.SZ,liquidity,unseen_q
20260511,0.476515531539917,2.8291659355163574,2.3451688289642334,0.9047619047619048,0.9047619047619048,462,conditional_mlp,20260922,True,primary,0.8999999761581421,000001.SZ,liquidity,unseen_q
20260512,0.46693286299705505,2.369642734527588,1.7947214841842651,0.9055918663761802,0.9055918663761802,459,conditional_mlp,20260922,True,primary,0.8999999761581421,000001.SZ,liquidity,unseen_q
20260513,0.3594827651977539,1.7929527759552002,1.3424841165542603,0.8831541218637993,0.8831541218637993,465,conditional_mlp,20260922,True,primary,0.8999999761581421,000001.SZ,liquidity,unseen_q
20260514,0.4437137842178345,2.4929733276367188,2.006932497024536,0.9148629148629149,0.9148629148629149,462,conditional_mlp,20260922,True,primary,0.8999999761581421,000001.SZ,liquidity,unseen_q
20260515,0.4640176594257355,2.2996017932891846,1.7144581079483032,0.8478260869565217,0.8478260869565217,460,conditional_mlp,20260922,True,primary,0.8999999761581421,000001.SZ,liquidity,unseen_q
20260518,0.40685799717903137,2.516014575958252,2.127873659133911,0.9313725490196079,0.9313725490196079,442,conditional_mlp,20260922,True,primary,0.8999999761581421,000001.SZ,liquidity,unseen_q
20260519,0.442003458738327,2.7093026638031006,2.2816195487976074,0.9222462203023758,0.9222462203023758,463,conditional_mlp,20260922,True,primary,0.8999999761581421,000001.SZ,liquidity,unseen_q
20260520,0.41027596592903137,2.3889031410217285,1.9604389667510986,0.9054945054945055,0.9054945054945055,455,conditional_mlp,20260922,True,primary,0.8999999761581421,000001.SZ,liquidity,unseen_q
20260521,0.41266414523124695,1.959152102470398,1.4172799587249756,0.8802867383512545,0.8802867383512545,465,conditional_mlp,20260922,True,primary,0.8999999761581421,000001.SZ,liquidity,unseen_q
20260522,0.4223695695400238,2.4577231407165527,2.0162301063537598,0.9188218390804598,0.9188218390804598,464,conditional_mlp,20260922,True,primary,0.8999999761581421,000001.SZ,liquidity,unseen_q
20260525,0.3877410888671875,2.490396738052368,2.143643379211426,0.9370932754880694,0.9370932754880694,461,conditional_mlp,20260922,True,primary,0.8999999761581421,000001.SZ,liquidity,unseen_q
20260526,0.4941440224647522,2.6211066246032715,2.0410232543945312,0.9008620689655172,0.9008620689655172,464,conditional_mlp,20260922,True,primary,0.8999999761581421,000001.SZ,liquidity,unseen_q
20260528,0.38892367482185364,2.1799299716949463,1.7526031732559204,0.9123563218390804,0.9123563218390804,464,conditional_mlp,20260922,True,primary,0.8999999761581421,000001.SZ,liquidity,unseen_q
20260529,0.5406239628791809,2.7513914108276367,2.087679386138916,0.8788530465949821,0.8788530465949821,465,conditional_mlp,20260922,True,primary,0.8999999761581421,000001.SZ,liquidity,unseen_q
20260506,0.49284031987190247,0.9856806397438049,0.0570058636367321,0.526220145379024,0.526220145379024,428,conditional_mlp,20260922,True,all_queries_diagnostic,0.5,000001.SZ,liquidity,unseen_q
20260507,0.618758499622345,1.23751699924469,-0.0036194135900586843,0.4592274678111588,0.4592274678111588,466,conditional_mlp,20260922,True,all_queries_diagnostic,0.5,000001.SZ,liquidity,unseen_q
20260508,0.5993825197219849,1.1987650394439697,-0.05261467769742012,0.49987736080451306,0.49987736080451306,453,conditional_mlp,20260922,True,all_queries_diagnostic,0.5,000001.SZ,liquidity,unseen_q
20260511,0.6434001922607422,1.2868003845214844,-0.062231771647930145,0.4947089947089947,0.4947089947089947,462,conditional_mlp,20260922,True,all_queries_diagnostic,0.5,000001.SZ,liquidity,unseen_q
20260512,0.6155408620834351,1.2310817241668701,-0.0325983501970768,0.46235778261922056,0.46235778261922056,459,conditional_mlp,20260922,True,all_queries_diagnostic,0.5,000001.SZ,liquidity,unseen_q
20260513,0.4670366942882538,0.9340733885765076,-0.0017779342597350478,0.45280764635603343,0.45280764635603343,465,conditional_mlp,20260922,True,all_queries_diagnostic,0.5,000001.SZ,liquidity,unseen_q
20260514,0.6436675786972046,1.2873351573944092,-0.015097304247319698,0.4264069264069264,0.4264069264069264,462,conditional_mlp,20260922,True,all_queries_diagnostic,0.5,000001.SZ,liquidity,unseen_q
20260515,0.6539223194122314,1.307844638824463,-0.013524352572858334,0.46111111111111114,0.46111111111111114,460,conditional_mlp,20260922,True,all_queries_diagnostic,0.5,000001.SZ,liquidity,unseen_q
20260518,0.5383469462394714,1.0766938924789429,0.017396213486790657,0.5520361990950227,0.5520361990950227,442,conditional_mlp,20260922,True,all_queries_diagnostic,0.5,000001.SZ,liquidity,unseen_q
20260519,0.6245803236961365,1.249160647392273,0.01397972833365202,0.5183585313174947,0.5183585313174947,463,conditional_mlp,20260922,True,all_queries_diagnostic,0.5,000001.SZ,liquidity,unseen_q
20260520,0.5766586661338806,1.1533173322677612,0.038480810821056366,0.4678876678876679,0.4678876678876679,455,conditional_mlp,20260922,True,all_queries_diagnostic,0.5,000001.SZ,liquidity,unseen_q
20260521,0.6188564896583557,1.2377129793167114,0.03039245307445526,0.4587813620071684,0.4587813620071684,465,conditional_mlp,20260922,True,all_queries_diagnostic,0.5,000001.SZ,liquidity,unseen_q
20260522,0.6309513449668884,1.2619026899337769,-0.03389668092131615,0.42911877394636017,0.42911877394636017,464,conditional_mlp,20260922,True,all_queries_diagnostic,0.5,000001.SZ,liquidity,unseen_q
20260525,0.5440617799758911,1.0881235599517822,0.014916091226041317,0.4345625451916124,0.4345625451916124,461,conditional_mlp,20260922,True,all_queries_diagnostic,0.5,000001.SZ,liquidity,unseen_q
20260526,0.6970385909080505,1.394077181816101,-0.00496054720133543,0.4595306513409962,0.4595306513409962,464,conditional_mlp,20260922,True,all_queries_diagnostic,0.5,000001.SZ,liquidity,unseen_q
20260528,0.5426042079925537,1.0852084159851074,0.018376385793089867,0.45689655172413796,0.45689655172413796,464,conditional_mlp,20260922,True,all_queries_diagnostic,0.5,000001.SZ,liquidity,unseen_q
20260529,0.7911496162414551,1.5822992324829102,0.08411980420351028,0.5359617682198328,0.5359617682198328,465,conditional_mlp,20260922,True,all_queries_diagnostic,0.5,000001.SZ,liquidity,unseen_q
20260506,0.36932992935180664,2.1316144466400146,1.7411930561065674,0.9215991692627207,0.9215991692627207,428,conditional_mlp,20260922,True,all_queries_diagnostic,0.8999999761581421,000001.SZ,liquidity,unseen_q
20260507,0.43619203567504883,2.4248173236846924,1.9405417442321777,0.905102527420124,0.905102527420124,466,conditional_mlp,20260922,True,all_queries_diagnostic,0.8999999761581421,000001.SZ,liquidity,unseen_q
20260508,0.4715125262737274,2.0834219455718994,1.4254963397979736,0.9021339220014717,0.9021339220014717,453,conditional_mlp,20260922,True,all_queries_diagnostic,0.8999999761581421,000001.SZ,liquidity,unseen_q
20260511,0.46963146328926086,2.822974443435669,2.354639768600464,0.9086099086099086,0.9086099086099086,462,conditional_mlp,20260922,True,all_queries_diagnostic,0.8999999761581421,000001.SZ,liquidity,unseen_q
20260512,0.43927186727523804,2.3257744312286377,1.8090386390686035,0.9070442992011619,0.9070442992011619,459,conditional_mlp,20260922,True,all_queries_diagnostic,0.8999999761581421,000001.SZ,liquidity,unseen_q
20260513,0.3427378535270691,1.7540054321289062,1.3356622457504272,0.897252090800478,0.897252090800478,465,conditional_mlp,20260922,True,all_queries_diagnostic,0.8999999761581421,000001.SZ,liquidity,unseen_q
20260514,0.445649117231369,2.490215539932251,1.9986469745635986,0.9139009139009139,0.9139009139009139,462,conditional_mlp,20260922,True,all_queries_diagnostic,0.8999999761581421,000001.SZ,liquidity,unseen_q
20260515,0.46317243576049805,2.2891814708709717,1.7035459280014038,0.8606280193236715,0.8606280193236715,460,conditional_mlp,20260922,True,all_queries_diagnostic,0.8999999761581421,000001.SZ,liquidity,unseen_q
20260518,0.41161584854125977,2.5483343601226807,2.1563785076141357,0.9338863750628457,0.9338863750628457,442,conditional_mlp,20260922,True,all_queries_diagnostic,0.8999999761581421,000001.SZ,liquidity,unseen_q
20260519,0.4456605911254883,2.720022439956665,2.285876512527466,0.9162467002639789,0.9162467002639789,463,conditional_mlp,20260922,True,all_queries_diagnostic,0.8999999761581421,000001.SZ,liquidity,unseen_q
20260520,0.41028791666030884,2.3980519771575928,1.971845269203186,0.9098901098901099,0.9098901098901099,455,conditional_mlp,20260922,True,all_queries_diagnostic,0.8999999761581421,000001.SZ,liquidity,unseen_q
20260521,0.42252737283706665,2.0018582344055176,1.4460043907165527,0.8845878136200717,0.8845878136200717,465,conditional_mlp,20260922,True,all_queries_diagnostic,0.8999999761581421,000001.SZ,liquidity,unseen_q
20260522,0.42189833521842957,2.4487483501434326,2.0061895847320557,0.9080459770114943,0.9080459770114943,464,conditional_mlp,20260922,True,all_queries_diagnostic,0.8999999761581421,000001.SZ,liquidity,unseen_q
20260525,0.3900146782398224,2.492295980453491,2.140333652496338,0.93588816582309,0.93588816582309,461,conditional_mlp,20260922,True,all_queries_diagnostic,0.8999999761581421,000001.SZ,liquidity,unseen_q
20260526,0.4824424684047699,2.603055715560913,2.0477135181427,0.9046934865900383,0.9046934865900383,464,conditional_mlp,20260922,True,all_queries_diagnostic,0.8999999761581421,000001.SZ,liquidity,unseen_q
20260528,0.3809692859649658,2.1612157821655273,1.7490966320037842,0.9188218390804598,0.9188218390804598,464,conditional_mlp,20260922,True,all_queries_diagnostic,0.8999999761581421,000001.SZ,liquidity,unseen_q
20260529,0.5164973735809326,2.724081516265869,2.113858461380005,0.8893667861409796,0.8893667861409796,465,conditional_mlp,20260922,True,all_queries_diagnostic,0.8999999761581421,000001.SZ,liquidity,unseen_q
20260506,0.5228575468063354,1.045715093612671,0.05547082796692848,0.5264797507788161,0.5264797507788161,428,conditional_mlp,20260922,False,primary,0.5,000001.SZ,liquidity,unseen_q
20260507,0.6277769207954407,1.2555538415908813,0.00915837287902832,0.457796852646638,0.457796852646638,466,conditional_mlp,20260922,False,primary,0.5,000001.SZ,liquidity,unseen_q
20260508,0.6294980645179749,1.2589961290359497,-0.08043865114450455,0.5033112582781457,0.5033112582781457,453,conditional_mlp,20260922,False,primary,0.5,000001.SZ,liquidity,unseen_q
20260511,0.6791914105415344,1.3583828210830688,-0.06523533165454865,0.48268398268398266,0.48268398268398266,462,conditional_mlp,20260922,False,primary,0.5,000001.SZ,liquidity,unseen_q
20260512,0.6670764684677124,1.3341529369354248,-0.0411282517015934,0.47204066811909945,0.47204066811909945,459,conditional_mlp,20260922,False,primary,0.5,000001.SZ,liquidity,unseen_q
20260513,0.5168375968933105,1.033675193786621,0.00956728681921959,0.49390681003584225,0.49390681003584225,465,conditional_mlp,20260922,False,primary,0.5,000001.SZ,liquidity,unseen_q
20260514,0.6511742472648621,1.3023484945297241,-0.0014214911498129368,0.4336219336219336,0.4336219336219336,462,conditional_mlp,20260922,False,primary,0.5,000001.SZ,liquidity,unseen_q
20260515,0.6731798648834229,1.3463597297668457,0.0018978472799062729,0.44855072463768114,0.44855072463768114,460,conditional_mlp,20260922,False,primary,0.5,000001.SZ,liquidity,unseen_q
20260518,0.549866259098053,1.099732518196106,-0.004464247263967991,0.5414781297134238,0.5414781297134238,442,conditional_mlp,20260922,False,primary,0.5,000001.SZ,liquidity,unseen_q
20260519,0.6281719207763672,1.2563438415527344,0.015989243984222412,0.5176385889128869,0.5176385889128869,463,conditional_mlp,20260922,False,primary,0.5,000001.SZ,liquidity,unseen_q
20260520,0.5864628553390503,1.1729257106781006,0.0326145701110363,0.46446886446886443,0.46446886446886443,455,conditional_mlp,20260922,False,primary,0.5,000001.SZ,liquidity,unseen_q
20260521,0.61678546667099,1.23357093334198,0.006472056731581688,0.45949820788530465,0.45949820788530465,465,conditional_mlp,20260922,False,primary,0.5,000001.SZ,liquidity,unseen_q
20260522,0.6325462460517883,1.2650924921035767,-0.018215088173747063,0.44252873563218387,0.44252873563218387,464,conditional_mlp,20260922,False,primary,0.5,000001.SZ,liquidity,unseen_q
20260525,0.5555604100227356,1.1111208200454712,0.02427811175584793,0.4439624005784526,0.4439624005784526,461,conditional_mlp,20260922,False,primary,0.5,000001.SZ,liquidity,unseen_q
20260526,0.7267293334007263,1.4534586668014526,-0.0056792693212628365,0.47772988505747127,0.47772988505747127,464,conditional_mlp,20260922,False,primary,0.5,000001.SZ,liquidity,unseen_q
20260528,0.5742067098617554,1.1484134197235107,0.027760855853557587,0.46695402298850575,0.46695402298850575,464,conditional_mlp,20260922,False,primary,0.5,000001.SZ,liquidity,unseen_q
20260529,0.8360188603401184,1.6720377206802368,0.06418005377054214,0.5397849462365591,0.5397849462365591,465,conditional_mlp,20260922,False,primary,0.5,000001.SZ,liquidity,unseen_q
20260506,0.38153591752052307,2.150665283203125,1.7344919443130493,0.9244548286604362,0.9244548286604362,428,conditional_mlp,20260922,False,primary,0.8999999761581421,000001.SZ,liquidity,unseen_q
20260507,0.426777184009552,2.41198992729187,1.9480445384979248,0.9163090128755365,0.9163090128755365,466,conditional_mlp,20260922,False,primary,0.8999999761581421,000001.SZ,liquidity,unseen_q
20260508,0.49527472257614136,2.105133295059204,1.3932298421859741,0.8933038999264166,0.8933038999264166,453,conditional_mlp,20260922,False,primary,0.8999999761581421,000001.SZ,liquidity,unseen_q
20260511,0.476515531539917,2.8291659355163574,2.3451688289642334,0.9047619047619048,0.9047619047619048,462,conditional_mlp,20260922,False,primary,0.8999999761581421,000001.SZ,liquidity,unseen_q
20260512,0.46693286299705505,2.369642734527588,1.7947214841842651,0.9055918663761802,0.9055918663761802,459,conditional_mlp,20260922,False,primary,0.8999999761581421,000001.SZ,liquidity,unseen_q
20260513,0.35924068093299866,1.7926838397979736,1.3427530527114868,0.8831541218637993,0.8831541218637993,465,conditional_mlp,20260922,False,primary,0.8999999761581421,000001.SZ,liquidity,unseen_q
20260514,0.4437137842178345,2.4929733276367188,2.006932497024536,0.9148629148629149,0.9148629148629149,462,conditional_mlp,20260922,False,primary,0.8999999761581421,000001.SZ,liquidity,unseen_q
20260515,0.4632508456707001,2.2987701892852783,1.7153358459472656,0.8528985507246376,0.8528985507246376,460,conditional_mlp,20260922,False,primary,0.8999999761581421,000001.SZ,liquidity,unseen_q
20260518,0.40685799717903137,2.516014575958252,2.127873659133911,0.9313725490196079,0.9313725490196079,442,conditional_mlp,20260922,False,primary,0.8999999761581421,000001.SZ,liquidity,unseen_q
20260519,0.4420030117034912,2.7092981338500977,2.2816152572631836,0.9222462203023758,0.9222462203023758,463,conditional_mlp,20260922,False,primary,0.8999999761581421,000001.SZ,liquidity,unseen_q
20260520,0.4102410078048706,2.3888492584228516,1.9604589939117432,0.9054945054945055,0.9054945054945055,455,conditional_mlp,20260922,False,primary,0.8999999761581421,000001.SZ,liquidity,unseen_q
20260521,0.41266414523124695,1.959152102470398,1.4172799587249756,0.8802867383512545,0.8802867383512545,465,conditional_mlp,20260922,False,primary,0.8999999761581421,000001.SZ,liquidity,unseen_q
20260522,0.4223717749118805,2.45774507522583,2.016252040863037,0.9188218390804598,0.9188218390804598,464,conditional_mlp,20260922,False,primary,0.8999999761581421,000001.SZ,liquidity,unseen_q
20260525,0.3877410888671875,2.490396738052368,2.143643379211426,0.9370932754880694,0.9370932754880694,461,conditional_mlp,20260922,False,primary,0.8999999761581421,000001.SZ,liquidity,unseen_q
20260526,0.4941440224647522,2.6211066246032715,2.0410232543945312,0.9008620689655172,0.9008620689655172,464,conditional_mlp,20260922,False,primary,0.8999999761581421,000001.SZ,liquidity,unseen_q
20260528,0.38892367482185364,2.1799299716949463,1.7526031732559204,0.9123563218390804,0.9123563218390804,464,conditional_mlp,20260922,False,primary,0.8999999761581421,000001.SZ,liquidity,unseen_q
20260529,0.5406221151351929,2.7514216899871826,2.087722063064575,0.8795698924731182,0.8795698924731182,465,conditional_mlp,20260922,False,primary,0.8999999761581421,000001.SZ,liquidity,unseen_q
20260506,0.4928332269191742,0.9856664538383484,0.05697427690029144,0.52466251298027,0.52466251298027,428,conditional_mlp,20260922,False,all_queries_diagnostic,0.5,000001.SZ,liquidity,unseen_q
20260507,0.6187434196472168,1.2374868392944336,-0.0037740212865173817,0.4554124940391035,0.4554124940391035,466,conditional_mlp,20260922,False,all_queries_diagnostic,0.5,000001.SZ,liquidity,unseen_q
20260508,0.5993413925170898,1.1986827850341797,-0.052621029317379,0.49963208241353935,0.49963208241353935,453,conditional_mlp,20260922,False,all_queries_diagnostic,0.5,000001.SZ,liquidity,unseen_q
20260511,0.6434001922607422,1.2868003845214844,-0.062231771647930145,0.4947089947089947,0.4947089947089947,462,conditional_mlp,20260922,False,all_queries_diagnostic,0.5,000001.SZ,liquidity,unseen_q
20260512,0.6155222654342651,1.2310445308685303,-0.0325983501970768,0.46235778261922056,0.46235778261922056,459,conditional_mlp,20260922,False,all_queries_diagnostic,0.5,000001.SZ,liquidity,unseen_q
20260513,0.4671608805656433,0.9343217611312866,-0.002026328584179282,0.45280764635603343,0.45280764635603343,465,conditional_mlp,20260922,False,all_queries_diagnostic,0.5,000001.SZ,liquidity,unseen_q
20260514,0.6436675786972046,1.2873351573944092,-0.015097304247319698,0.4264069264069264,0.4264069264069264,462,conditional_mlp,20260922,False,all_queries_diagnostic,0.5,000001.SZ,liquidity,unseen_q
20260515,0.6543043255805969,1.3086086511611938,-0.014362738467752934,0.45652173913043476,0.45652173913043476,460,conditional_mlp,20260922,False,all_queries_diagnostic,0.5,000001.SZ,liquidity,unseen_q
20260518,0.5383380055427551,1.0766760110855103,0.017396213486790657,0.5520361990950227,0.5520361990950227,442,conditional_mlp,20260922,False,all_queries_diagnostic,0.5,000001.SZ,liquidity,unseen_q
20260519,0.624576985836029,1.249153971672058,0.01397972833365202,0.5183585313174947,0.5183585313174947,463,conditional_mlp,20260922,False,all_queries_diagnostic,0.5,000001.SZ,liquidity,unseen_q
20260520,0.5766752362251282,1.1533504724502563,0.038447652012109756,0.4678876678876679,0.4678876678876679,455,conditional_mlp,20260922,False,all_queries_diagnostic,0.5,000001.SZ,liquidity,unseen_q
20260521,0.6188564896583557,1.2377129793167114,0.03039245307445526,0.4587813620071684,0.4587813620071684,465,conditional_mlp,20260922,False,all_queries_diagnostic,0.5,000001.SZ,liquidity,unseen_q
20260522,0.6309513449668884,1.2619026899337769,-0.03389668092131615,0.42911877394636017,0.42911877394636017,464,conditional_mlp,20260922,False,all_queries_diagnostic,0.5,000001.SZ,liquidity,unseen_q
20260525,0.5440617799758911,1.0881235599517822,0.014916091226041317,0.4345625451916124,0.4345625451916124,461,conditional_mlp,20260922,False,all_queries_diagnostic,0.5,000001.SZ,liquidity,unseen_q
20260526,0.6970385909080505,1.394077181816101,-0.00496054720133543,0.4595306513409962,0.4595306513409962,464,conditional_mlp,20260922,False,all_queries_diagnostic,0.5,000001.SZ,liquidity,unseen_q
20260528,0.5426042079925537,1.0852084159851074,0.018376383930444717,0.45689655172413796,0.45689655172413796,464,conditional_mlp,20260922,False,all_queries_diagnostic,0.5,000001.SZ,liquidity,unseen_q
20260529,0.7911517024040222,1.5823034048080444,0.08409976214170456,0.535483870967742,0.535483870967742,465,conditional_mlp,20260922,False,all_queries_diagnostic,0.5,000001.SZ,liquidity,unseen_q
20260506,0.3693244159221649,2.1316285133361816,1.7412246465682983,0.9231568016614745,0.9231568016614745,428,conditional_mlp,20260922,False,all_queries_diagnostic,0.8999999761581421,000001.SZ,liquidity,unseen_q
20260507,0.4361368417739868,2.424830675125122,1.940696358680725,0.9084406294706724,0.9084406294706724,466,conditional_mlp,20260922,False,all_queries_diagnostic,0.8999999761581421,000001.SZ,liquidity,unseen_q
20260508,0.4715082049369812,2.083418369293213,1.4255026578903198,0.9021339220014717,0.9021339220014717,453,conditional_mlp,20260922,False,all_queries_diagnostic,0.8999999761581421,000001.SZ,liquidity,unseen_q
20260511,0.46963146328926086,2.822974443435669,2.354639768600464,0.9086099086099086,0.9086099086099086,462,conditional_mlp,20260922,False,all_queries_diagnostic,0.8999999761581421,000001.SZ,liquidity,unseen_q
20260512,0.43927186727523804,2.3257744312286377,1.8090386390686035,0.9070442992011619,0.9070442992011619,459,conditional_mlp,20260922,False,all_queries_diagnostic,0.8999999761581421,000001.SZ,liquidity,unseen_q
20260513,0.342514306306839,1.753757119178772,1.335910677909851,0.897252090800478,0.897252090800478,465,conditional_mlp,20260922,False,all_queries_diagnostic,0.8999999761581421,000001.SZ,liquidity,unseen_q
20260514,0.445649117231369,2.490215539932251,1.9986469745635986,0.9139009139009139,0.9139009139009139,462,conditional_mlp,20260922,False,all_queries_diagnostic,0.8999999761581421,000001.SZ,liquidity,unseen_q
20260515,0.4624353051185608,2.2883777618408203,1.704384207725525,0.8654589371980675,0.8654589371980675,460,conditional_mlp,20260922,False,all_queries_diagnostic,0.8999999761581421,000001.SZ,liquidity,unseen_q
20260518,0.41161584854125977,2.5483343601226807,2.1563785076141357,0.9338863750628457,0.9338863750628457,442,conditional_mlp,20260922,False,all_queries_diagnostic,0.8999999761581421,000001.SZ,liquidity,unseen_q
20260519,0.4456605911254883,2.720022439956665,2.285876512527466,0.9162467002639789,0.9162467002639789,463,conditional_mlp,20260922,False,all_queries_diagnostic,0.8999999761581421,000001.SZ,liquidity,unseen_q
20260520,0.41025805473327637,2.3980185985565186,1.9718784093856812,0.9098901098901099,0.9098901098901099,455,conditional_mlp,20260922,False,all_queries_diagnostic,0.8999999761581421,000001.SZ,liquidity,unseen_q
20260521,0.42252737283706665,2.0018582344055176,1.4460043907165527,0.8845878136200717,0.8845878136200717,465,conditional_mlp,20260922,False,all_queries_diagnostic,0.8999999761581421,000001.SZ,liquidity,unseen_q
20260522,0.42189833521842957,2.4487483501434326,2.0061895847320557,0.9080459770114943,0.9080459770114943,464,conditional_mlp,20260922,False,all_queries_diagnostic,0.8999999761581421,000001.SZ,liquidity,unseen_q
20260525,0.3900146782398224,2.492295980453491,2.140333652496338,0.93588816582309,0.93588816582309,461,conditional_mlp,20260922,False,all_queries_diagnostic,0.8999999761581421,000001.SZ,liquidity,unseen_q
20260526,0.4824424684047699,2.603055715560913,2.0477135181427,0.9046934865900383,0.9046934865900383,464,conditional_mlp,20260922,False,all_queries_diagnostic,0.8999999761581421,000001.SZ,liquidity,unseen_q
20260528,0.3809692859649658,2.1612157821655273,1.7490966320037842,0.9188218390804598,0.9188218390804598,464,conditional_mlp,20260922,False,all_queries_diagnostic,0.8999999761581421,000001.SZ,liquidity,unseen_q
20260529,0.5164873003959656,2.7240772247314453,2.1138784885406494,0.8898446833930704,0.8898446833930704,465,conditional_mlp,20260922,False,all_queries_diagnostic,0.8999999761581421,000001.SZ,liquidity,unseen_q
20260506,0.5168821811676025,1.033764362335205,-0.020275352522730827,0.5046728971962616,0.5046728971962616,428,conditional_mlp,20260923,True,primary,0.5,000001.SZ,liquidity,unseen_q
20260507,0.6312000751495361,1.2624001502990723,-0.06817910820245743,0.4949928469241774,0.4949928469241774,466,conditional_mlp,20260923,True,primary,0.5,000001.SZ,liquidity,unseen_q
20260508,0.6325149536132812,1.2650299072265625,-0.11405373364686966,0.5165562913907285,0.5165562913907285,453,conditional_mlp,20260923,True,primary,0.5,000001.SZ,liquidity,unseen_q
20260511,0.6831321716308594,1.3662643432617188,-0.11830294877290726,0.48412698412698413,0.48412698412698413,462,conditional_mlp,20260923,True,primary,0.5,000001.SZ,liquidity,unseen_q
20260512,0.6708066463470459,1.3416132926940918,-0.08768206089735031,0.5061728395061728,0.5061728395061728,459,conditional_mlp,20260923,True,primary,0.5,000001.SZ,liquidity,unseen_q
20260513,0.5208115577697754,1.0416231155395508,-0.02266673743724823,0.5799283154121864,0.5799283154121864,465,conditional_mlp,20260923,True,primary,0.5,000001.SZ,liquidity,unseen_q
20260514,0.652593731880188,1.305187463760376,-0.021021643653512,0.4805194805194805,0.4805194805194805,462,conditional_mlp,20260923,True,primary,0.5,000001.SZ,liquidity,unseen_q
20260515,0.6770989298820496,1.3541978597640991,-0.054479457437992096,0.5731884057971015,0.5731884057971015,460,conditional_mlp,20260923,True,primary,0.5,000001.SZ,liquidity,unseen_q
20260518,0.5640895366668701,1.1281790733337402,-0.10537547618150711,0.497737556561086,0.497737556561086,442,conditional_mlp,20260923,True,primary,0.5,000001.SZ,liquidity,unseen_q
20260519,0.6304466724395752,1.2608933448791504,-0.0727161318063736,0.4744420446364291,0.4744420446364291,463,conditional_mlp,20260923,True,primary,0.5,000001.SZ,liquidity,unseen_q
20260520,0.5955725908279419,1.1911451816558838,-0.04019319638609886,0.5267399267399268,0.5267399267399268,455,conditional_mlp,20260923,True,primary,0.5,000001.SZ,liquidity,unseen_q
20260521,0.6166342496871948,1.2332684993743896,-0.02242645062506199,0.5469534050179211,0.5469534050179211,465,conditional_mlp,20260923,True,primary,0.5,000001.SZ,liquidity,unseen_q
20260522,0.6366502046585083,1.2733004093170166,-0.03620331734418869,0.5186781609195402,0.5186781609195402,464,conditional_mlp,20260923,True,primary,0.5,000001.SZ,liquidity,unseen_q
20260525,0.5602548718452454,1.1205097436904907,-0.010565602220594883,0.4981923355025307,0.4981923355025307,461,conditional_mlp,20260923,True,primary,0.5,000001.SZ,liquidity,unseen_q
20260526,0.7252154350280762,1.4504308700561523,-0.03234729915857315,0.5344827586206896,0.5344827586206896,464,conditional_mlp,20260923,True,primary,0.5,000001.SZ,liquidity,unseen_q
20260528,0.5778197050094604,1.155639410018921,-0.013540803454816341,0.5632183908045977,0.5632183908045977,464,conditional_mlp,20260923,True,primary,0.5,000001.SZ,liquidity,unseen_q
20260529,0.8431845307350159,1.6863690614700317,0.009482749737799168,0.578494623655914,0.578494623655914,465,conditional_mlp,20260923,True,primary,0.5,000001.SZ,liquidity,unseen_q
20260506,0.3819565176963806,2.0839500427246094,1.650046467781067,0.9252336448598131,0.9252336448598131,428,conditional_mlp,20260923,True,primary,0.8999999761581421,000001.SZ,liquidity,unseen_q
20260507,0.4266614019870758,2.365764856338501,1.8905528783798218,0.9198855507868384,0.9198855507868384,466,conditional_mlp,20260923,True,primary,0.8999999761581421,000001.SZ,liquidity,unseen_q
20260508,0.49562159180641174,2.091493606567383,1.3753132820129395,0.8910963944076528,0.8910963944076528,453,conditional_mlp,20260923,True,primary,0.8999999761581421,000001.SZ,liquidity,unseen_q
20260511,0.48072290420532227,2.8165550231933594,2.3188867568969727,0.9033189033189033,0.9033189033189033,462,conditional_mlp,20260923,True,primary,0.8999999761581421,000001.SZ,liquidity,unseen_q
20260512,0.46720969676971436,2.3335165977478027,1.7488716840744019,0.9012345679012346,0.9012345679012346,459,conditional_mlp,20260923,True,primary,0.8999999761581421,000001.SZ,liquidity,unseen_q
20260513,0.3634387254714966,1.781164288520813,1.3178585767745972,0.9017921146953405,0.9017921146953405,465,conditional_mlp,20260923,True,primary,0.8999999761581421,000001.SZ,liquidity,unseen_q
20260514,0.446757435798645,2.4788870811462402,1.981715440750122,0.9134199134199135,0.9134199134199135,462,conditional_mlp,20260923,True,primary,0.8999999761581421,000001.SZ,liquidity,unseen_q
20260515,0.46564915776252747,2.2565407752990723,1.6565532684326172,0.8644927536231884,0.8644927536231884,460,conditional_mlp,20260923,True,primary,0.8999999761581421,000001.SZ,liquidity,unseen_q
20260518,0.4098016023635864,2.432302713394165,2.0158743858337402,0.9291101055806938,0.9291101055806938,442,conditional_mlp,20260923,True,primary,0.8999999761581421,000001.SZ,liquidity,unseen_q
20260519,0.43987321853637695,2.634957790374756,2.194014310836792,0.9172066234701224,0.9172066234701224,463,conditional_mlp,20260923,True,primary,0.8999999761581421,000001.SZ,liquidity,unseen_q
20260520,0.4124317765235901,2.3414621353149414,1.8957480192184448,0.9120879120879121,0.9120879120879121,455,conditional_mlp,20260923,True,primary,0.8999999761581421,000001.SZ,liquidity,unseen_q
20260521,0.4177647829055786,1.960378646850586,1.4060614109039307,0.8845878136200717,0.8845878136200717,465,conditional_mlp,20260923,True,primary,0.8999999761581421,000001.SZ,liquidity,unseen_q
20260522,0.42436301708221436,2.4360361099243164,1.9841376543045044,0.9181034482758621,0.9181034482758621,464,conditional_mlp,20260923,True,primary,0.8999999761581421,000001.SZ,liquidity,unseen_q
20260525,0.3934308588504791,2.4778175354003906,2.113694906234741,0.9334779464931309,0.9334779464931309,461,conditional_mlp,20260923,True,primary,0.8999999761581421,000001.SZ,liquidity,unseen_q
20260526,0.4924106001853943,2.574779987335205,1.9874484539031982,0.896551724137931,0.896551724137931,464,conditional_mlp,20260923,True,primary,0.8999999761581421,000001.SZ,liquidity,unseen_q
20260528,0.39448052644729614,2.160499334335327,1.7144228219985962,0.9109195402298851,0.9109195402298851,464,conditional_mlp,20260923,True,primary,0.8999999761581421,000001.SZ,liquidity,unseen_q
20260529,0.5500053763389587,2.724243640899658,2.0302913188934326,0.8788530465949821,0.8788530465949821,465,conditional_mlp,20260923,True,primary,0.8999999761581421,000001.SZ,liquidity,unseen_q
20260506,0.4841596782207489,0.9683193564414978,-0.015602687373757362,0.48805815160955346,0.48805815160955346,428,conditional_mlp,20260923,True,all_queries_diagnostic,0.5,000001.SZ,liquidity,unseen_q
20260507,0.6234219670295715,1.246843934059143,-0.07813652604818344,0.4926084883166428,0.4926084883166428,466,conditional_mlp,20260923,True,all_queries_diagnostic,0.5,000001.SZ,liquidity,unseen_q
20260508,0.6021712422370911,1.2043424844741821,-0.08388737589120865,0.5182732401275447,0.5182732401275447,453,conditional_mlp,20260923,True,all_queries_diagnostic,0.5,000001.SZ,liquidity,unseen_q
20260511,0.6492036581039429,1.2984073162078857,-0.11242254078388214,0.5024050024050024,0.5024050024050024,462,conditional_mlp,20260923,True,all_queries_diagnostic,0.5,000001.SZ,liquidity,unseen_q
20260512,0.6204096674919128,1.2408193349838257,-0.07635999470949173,0.49624788186879687,0.49624788186879687,459,conditional_mlp,20260923,True,all_queries_diagnostic,0.5,000001.SZ,liquidity,unseen_q
20260513,0.4721878170967102,0.9443756341934204,-0.031727273017168045,0.5366786140979689,0.5366786140979689,465,conditional_mlp,20260923,True,all_queries_diagnostic,0.5,000001.SZ,liquidity,unseen_q
20260514,0.645722508430481,1.291445016860962,-0.03232336416840553,0.4764309764309764,0.4764309764309764,462,conditional_mlp,20260923,True,all_queries_diagnostic,0.5,000001.SZ,liquidity,unseen_q
20260515,0.6574906706809998,1.3149813413619995,-0.0684356689453125,0.5591787439613527,0.5591787439613527,460,conditional_mlp,20260923,True,all_queries_diagnostic,0.5,000001.SZ,liquidity,unseen_q
20260518,0.5498337149620056,1.0996674299240112,-0.07983887940645218,0.5153343388637506,0.5153343388637506,442,conditional_mlp,20260923,True,all_queries_diagnostic,0.5,000001.SZ,liquidity,unseen_q
20260519,0.6274374127388,1.2548748254776,-0.07129810005426407,0.478521718262539,0.478521718262539,463,conditional_mlp,20260923,True,all_queries_diagnostic,0.5,000001.SZ,liquidity,unseen_q
20260520,0.5858280658721924,1.1716561317443848,-0.03128065541386604,0.5262515262515263,0.5262515262515263,455,conditional_mlp,20260923,True,all_queries_diagnostic,0.5,000001.SZ,liquidity,unseen_q
20260521,0.6200779676437378,1.2401559352874756,0.004220487549901009,0.5287933094384707,0.5287933094384707,465,conditional_mlp,20260923,True,all_queries_diagnostic,0.5,000001.SZ,liquidity,unseen_q
20260522,0.634598433971405,1.26919686794281,-0.04841692000627518,0.514367816091954,0.514367816091954,464,conditional_mlp,20260923,True,all_queries_diagnostic,0.5,000001.SZ,liquidity,unseen_q
20260525,0.5483963489532471,1.0967926979064941,-0.016416871920228004,0.5006025548324897,0.5006025548324897,461,conditional_mlp,20260923,True,all_queries_diagnostic,0.5,000001.SZ,liquidity,unseen_q
20260526,0.697257936000824,1.394515872001648,-0.028863810002803802,0.5337643678160919,0.5337643678160919,464,conditional_mlp,20260923,True,all_queries_diagnostic,0.5,000001.SZ,liquidity,unseen_q
20260528,0.5458890199661255,1.091778039932251,-0.019504966214299202,0.5277777777777778,0.5277777777777778,464,conditional_mlp,20260923,True,all_queries_diagnostic,0.5,000001.SZ,liquidity,unseen_q
20260529,0.7974756360054016,1.5949512720108032,0.03299150988459587,0.5727598566308243,0.5727598566308243,465,conditional_mlp,20260923,True,all_queries_diagnostic,0.5,000001.SZ,liquidity,unseen_q
20260506,0.3693731427192688,2.0691559314727783,1.6630122661590576,0.9231568016614745,0.9231568016614745,428,conditional_mlp,20260923,True,all_queries_diagnostic,0.8999999761581421,000001.SZ,liquidity,unseen_q
20260507,0.4360981583595276,2.382862091064453,1.8883322477340698,0.910824988078207,0.910824988078207,466,conditional_mlp,20260923,True,all_queries_diagnostic,0.8999999761581421,000001.SZ,liquidity,unseen_q
20260508,0.47292041778564453,2.075978994369507,1.4126728773117065,0.9001716948736816,0.9001716948736816,453,conditional_mlp,20260923,True,all_queries_diagnostic,0.8999999761581421,000001.SZ,liquidity,unseen_q
20260511,0.4743633270263672,2.815481185913086,2.3334431648254395,0.9069264069264069,0.9069264069264069,462,conditional_mlp,20260923,True,all_queries_diagnostic,0.8999999761581421,000001.SZ,liquidity,unseen_q
20260512,0.4391966164112091,2.293225049972534,1.7685399055480957,0.9014766400387315,0.9014766400387315,459,conditional_mlp,20260923,True,all_queries_diagnostic,0.8999999761581421,000001.SZ,liquidity,unseen_q
20260513,0.3463086783885956,1.7457062005996704,1.3163609504699707,0.9130227001194743,0.9130227001194743,465,conditional_mlp,20260923,True,all_queries_diagnostic,0.8999999761581421,000001.SZ,liquidity,unseen_q
20260514,0.4485493302345276,2.4795565605163574,1.9780726432800293,0.9119769119769119,0.9119769119769119,462,conditional_mlp,20260923,True,all_queries_diagnostic,0.8999999761581421,000001.SZ,liquidity,unseen_q
20260515,0.4653192460536957,2.251152515411377,1.6506426334381104,0.8727053140096619,0.8727053140096619,460,conditional_mlp,20260923,True,all_queries_diagnostic,0.8999999761581421,000001.SZ,liquidity,unseen_q
20260518,0.41429609060287476,2.4697306156158447,2.0514233112335205,0.9308697838109603,0.9308697838109603,442,conditional_mlp,20260923,True,all_queries_diagnostic,0.8999999761581421,000001.SZ,liquidity,unseen_q
20260519,0.4439479112625122,2.651097536087036,2.2040023803710938,0.9126469882409407,0.9126469882409407,463,conditional_mlp,20260923,True,all_queries_diagnostic,0.8999999761581421,000001.SZ,liquidity,unseen_q
20260520,0.41386669874191284,2.3578758239746094,1.9126780033111572,0.9140415140415141,0.9140415140415141,455,conditional_mlp,20260923,True,all_queries_diagnostic,0.8999999761581421,000001.SZ,liquidity,unseen_q
20260521,0.42760080099105835,2.007195234298706,1.439992070198059,0.8876941457586619,0.8876941457586619,465,conditional_mlp,20260923,True,all_queries_diagnostic,0.8999999761581421,000001.SZ,liquidity,unseen_q
20260522,0.42537274956703186,2.4346349239349365,1.9798619747161865,0.9042145593869731,0.9042145593869731,464,conditional_mlp,20260923,True,all_queries_diagnostic,0.8999999761581421,000001.SZ,liquidity,unseen_q
20260525,0.3959355354309082,2.4851012229919434,2.1165380477905273,0.9322728368281513,0.9322728368281513,461,conditional_mlp,20260923,True,all_queries_diagnostic,0.8999999761581421,000001.SZ,liquidity,unseen_q
20260526,0.48057591915130615,2.560755491256714,1.9995049238204956,0.9008620689655172,0.9008620689655172,464,conditional_mlp,20260923,True,all_queries_diagnostic,0.8999999761581421,000001.SZ,liquidity,unseen_q
20260528,0.3852510154247284,2.1442484855651855,1.7171831130981445,0.9181034482758621,0.9181034482758621,464,conditional_mlp,20260923,True,all_queries_diagnostic,0.8999999761581421,000001.SZ,liquidity,unseen_q
20260529,0.5245490074157715,2.6988675594329834,2.0622122287750244,0.8888888888888888,0.8888888888888888,465,conditional_mlp,20260923,True,all_queries_diagnostic,0.8999999761581421,000001.SZ,liquidity,unseen_q
20260506,0.5169556140899658,1.0339112281799316,-0.020091377198696136,0.5070093457943925,0.5070093457943925,428,conditional_mlp,20260923,False,primary,0.5,000001.SZ,liquidity,unseen_q
20260507,0.631254255771637,1.262508511543274,-0.0680573582649231,0.4949928469241774,0.4949928469241774,466,conditional_mlp,20260923,False,primary,0.5,000001.SZ,liquidity,unseen_q
20260508,0.632519543170929,1.265039086341858,-0.1140604093670845,0.5165562913907285,0.5165562913907285,453,conditional_mlp,20260923,False,primary,0.5,000001.SZ,liquidity,unseen_q
20260511,0.6831321716308594,1.3662643432617188,-0.11830294877290726,0.48412698412698413,0.48412698412698413,462,conditional_mlp,20260923,False,primary,0.5,000001.SZ,liquidity,unseen_q
20260512,0.6708370447158813,1.3416740894317627,-0.08755141496658325,0.5061728395061728,0.5061728395061728,459,conditional_mlp,20260923,False,primary,0.5,000001.SZ,liquidity,unseen_q
20260513,0.5208498239517212,1.0416996479034424,-0.022582242265343666,0.5799283154121864,0.5799283154121864,465,conditional_mlp,20260923,False,primary,0.5,000001.SZ,liquidity,unseen_q
20260514,0.6525911092758179,1.3051822185516357,-0.02101421169936657,0.4805194805194805,0.4805194805194805,462,conditional_mlp,20260923,False,primary,0.5,000001.SZ,liquidity,unseen_q
20260515,0.6772559881210327,1.3545119762420654,-0.05505414679646492,0.5637681159420289,0.5637681159420289,460,conditional_mlp,20260923,False,primary,0.5,000001.SZ,liquidity,unseen_q
20260518,0.5640895366668701,1.1281790733337402,-0.10537547618150711,0.497737556561086,0.497737556561086,442,conditional_mlp,20260923,False,primary,0.5,000001.SZ,liquidity,unseen_q
20260519,0.6304551959037781,1.2609103918075562,-0.07267952710390091,0.4744420446364291,0.4744420446364291,463,conditional_mlp,20260923,False,primary,0.5,000001.SZ,liquidity,unseen_q
20260520,0.5955868363380432,1.1911736726760864,-0.040165673941373825,0.5267399267399268,0.5267399267399268,455,conditional_mlp,20260923,False,primary,0.5,000001.SZ,liquidity,unseen_q
20260521,0.6166256666183472,1.2332513332366943,-0.022368427366018295,0.5469534050179211,0.5469534050179211,465,conditional_mlp,20260923,False,primary,0.5,000001.SZ,liquidity,unseen_q
20260522,0.6366747617721558,1.2733495235443115,-0.036008600145578384,0.5208333333333333,0.5208333333333333,464,conditional_mlp,20260923,False,primary,0.5,000001.SZ,liquidity,unseen_q
20260525,0.560256838798523,1.120513677597046,-0.010561315342783928,0.4981923355025307,0.4981923355025307,461,conditional_mlp,20260923,False,primary,0.5,000001.SZ,liquidity,unseen_q
20260526,0.7252395749092102,1.4504791498184204,-0.03229910507798195,0.5344827586206896,0.5344827586206896,464,conditional_mlp,20260923,False,primary,0.5,000001.SZ,liquidity,unseen_q
20260528,0.5778520107269287,1.1557040214538574,-0.013476311229169369,0.5632183908045977,0.5632183908045977,464,conditional_mlp,20260923,False,primary,0.5,000001.SZ,liquidity,unseen_q
20260529,0.8432058691978455,1.686411738395691,0.009544898755848408,0.578494623655914,0.578494623655914,465,conditional_mlp,20260923,False,primary,0.5,000001.SZ,liquidity,unseen_q
20260506,0.3819565176963806,2.0839500427246094,1.650046467781067,0.9252336448598131,0.9252336448598131,428,conditional_mlp,20260923,False,primary,0.8999999761581421,000001.SZ,liquidity,unseen_q
20260507,0.4266614019870758,2.365764856338501,1.8905528783798218,0.9198855507868384,0.9198855507868384,466,conditional_mlp,20260923,False,primary,0.8999999761581421,000001.SZ,liquidity,unseen_q
20260508,0.4956216514110565,2.091494083404541,1.375313639640808,0.8910963944076528,0.8910963944076528,453,conditional_mlp,20260923,False,primary,0.8999999761581421,000001.SZ,liquidity,unseen_q
20260511,0.48072290420532227,2.8165550231933594,2.3188867568969727,0.9033189033189033,0.9033189033189033,462,conditional_mlp,20260923,False,primary,0.8999999761581421,000001.SZ,liquidity,unseen_q
20260512,0.46720969676971436,2.3335165977478027,1.7488716840744019,0.9012345679012346,0.9012345679012346,459,conditional_mlp,20260923,False,primary,0.8999999761581421,000001.SZ,liquidity,unseen_q
20260513,0.36344462633132935,1.7812235355377197,1.317917823791504,0.9017921146953405,0.9017921146953405,465,conditional_mlp,20260923,False,primary,0.8999999761581421,000001.SZ,liquidity,unseen_q
20260514,0.446757435798645,2.4788870811462402,1.981715440750122,0.9134199134199135,0.9134199134199135,462,conditional_mlp,20260923,False,primary,0.8999999761581421,000001.SZ,liquidity,unseen_q
20260515,0.4652903378009796,2.2565228939056396,1.6574276685714722,0.8760869565217392,0.8760869565217392,460,conditional_mlp,20260923,False,primary,0.8999999761581421,000001.SZ,liquidity,unseen_q
20260518,0.4098016023635864,2.432302713394165,2.0158743858337402,0.9291101055806938,0.9291101055806938,442,conditional_mlp,20260923,False,primary,0.8999999761581421,000001.SZ,liquidity,unseen_q
20260519,0.43987321853637695,2.634957790374756,2.194014310836792,0.9172066234701224,0.9172066234701224,463,conditional_mlp,20260923,False,primary,0.8999999761581421,000001.SZ,liquidity,unseen_q
20260520,0.41243118047714233,2.3414559364318848,1.8957420587539673,0.9120879120879121,0.9120879120879121,455,conditional_mlp,20260923,False,primary,0.8999999761581421,000001.SZ,liquidity,unseen_q
20260521,0.4177647829055786,1.960378646850586,1.4060614109039307,0.8845878136200717,0.8845878136200717,465,conditional_mlp,20260923,False,primary,0.8999999761581421,000001.SZ,liquidity,unseen_q
20260522,0.4243640601634979,2.436046838760376,1.9841482639312744,0.9181034482758621,0.9181034482758621,464,conditional_mlp,20260923,False,primary,0.8999999761581421,000001.SZ,liquidity,unseen_q
20260525,0.3934308588504791,2.4778175354003906,2.113694906234741,0.9334779464931309,0.9334779464931309,461,conditional_mlp,20260923,False,primary,0.8999999761581421,000001.SZ,liquidity,unseen_q
20260526,0.4924106001853943,2.574779987335205,1.9874484539031982,0.896551724137931,0.896551724137931,464,conditional_mlp,20260923,False,primary,0.8999999761581421,000001.SZ,liquidity,unseen_q
20260528,0.39448052644729614,2.160499334335327,1.7144228219985962,0.9109195402298851,0.9109195402298851,464,conditional_mlp,20260923,False,primary,0.8999999761581421,000001.SZ,liquidity,unseen_q
20260529,0.5500063896179199,2.7242534160614014,2.030301094055176,0.8788530465949821,0.8788530465949821,465,conditional_mlp,20260923,False,primary,0.8999999761581421,000001.SZ,liquidity,unseen_q
20260506,0.4841596782207489,0.9683193564414978,-0.015602687373757362,0.48805815160955346,0.48805815160955346,428,conditional_mlp,20260923,False,all_queries_diagnostic,0.5,000001.SZ,liquidity,unseen_q
20260507,0.6234197616577148,1.2468395233154297,-0.07813652604818344,0.4926084883166428,0.4926084883166428,466,conditional_mlp,20260923,False,all_queries_diagnostic,0.5,000001.SZ,liquidity,unseen_q
20260508,0.6021562814712524,1.2043125629425049,-0.08388737589120865,0.5182732401275447,0.5182732401275447,453,conditional_mlp,20260923,False,all_queries_diagnostic,0.5,000001.SZ,liquidity,unseen_q
20260511,0.6492036581039429,1.2984073162078857,-0.11242254078388214,0.5024050024050024,0.5024050024050024,462,conditional_mlp,20260923,False,all_queries_diagnostic,0.5,000001.SZ,liquidity,unseen_q
20260512,0.6203980445861816,1.2407960891723633,-0.07635999470949173,0.49624788186879687,0.49624788186879687,459,conditional_mlp,20260923,False,all_queries_diagnostic,0.5,000001.SZ,liquidity,unseen_q
20260513,0.4721597731113434,0.9443195462226868,-0.03179221600294113,0.5362007168458781,0.5362007168458781,465,conditional_mlp,20260923,False,all_queries_diagnostic,0.5,000001.SZ,liquidity,unseen_q
20260514,0.645722508430481,1.291445016860962,-0.03232336416840553,0.4764309764309764,0.4764309764309764,462,conditional_mlp,20260923,False,all_queries_diagnostic,0.5,000001.SZ,liquidity,unseen_q
20260515,0.6575111746788025,1.315022349357605,-0.06925534456968307,0.5480676328502415,0.5480676328502415,460,conditional_mlp,20260923,False,all_queries_diagnostic,0.5,000001.SZ,liquidity,unseen_q
20260518,0.5498337149620056,1.0996674299240112,-0.07983887940645218,0.5153343388637506,0.5153343388637506,442,conditional_mlp,20260923,False,all_queries_diagnostic,0.5,000001.SZ,liquidity,unseen_q
20260519,0.6274353265762329,1.2548706531524658,-0.07129810005426407,0.478521718262539,0.478521718262539,463,conditional_mlp,20260923,False,all_queries_diagnostic,0.5,000001.SZ,liquidity,unseen_q
20260520,0.5858280658721924,1.1716561317443848,-0.03128065541386604,0.5262515262515263,0.5262515262515263,455,conditional_mlp,20260923,False,all_queries_diagnostic,0.5,000001.SZ,liquidity,unseen_q
20260521,0.6200779676437378,1.2401559352874756,0.004220487549901009,0.5287933094384707,0.5287933094384707,465,conditional_mlp,20260923,False,all_queries_diagnostic,0.5,000001.SZ,liquidity,unseen_q
20260522,0.634598433971405,1.26919686794281,-0.04841692000627518,0.514367816091954,0.514367816091954,464,conditional_mlp,20260923,False,all_queries_diagnostic,0.5,000001.SZ,liquidity,unseen_q
20260525,0.5483963489532471,1.0967926979064941,-0.016416871920228004,0.5006025548324897,0.5006025548324897,461,conditional_mlp,20260923,False,all_queries_diagnostic,0.5,000001.SZ,liquidity,unseen_q
20260526,0.697257936000824,1.394515872001648,-0.028863810002803802,0.5337643678160919,0.5337643678160919,464,conditional_mlp,20260923,False,all_queries_diagnostic,0.5,000001.SZ,liquidity,unseen_q
20260528,0.5458890199661255,1.091778039932251,-0.019504966214299202,0.5277777777777778,0.5277777777777778,464,conditional_mlp,20260923,False,all_queries_diagnostic,0.5,000001.SZ,liquidity,unseen_q
20260529,0.7974734306335449,1.5949468612670898,0.03299150988459587,0.5727598566308243,0.5727598566308243,465,conditional_mlp,20260923,False,all_queries_diagnostic,0.5,000001.SZ,liquidity,unseen_q
20260506,0.3693731427192688,2.0691559314727783,1.6630122661590576,0.9231568016614745,0.9231568016614745,428,conditional_mlp,20260923,False,all_queries_diagnostic,0.8999999761581421,000001.SZ,liquidity,unseen_q
20260507,0.4360981583595276,2.382862091064453,1.8883322477340698,0.910824988078207,0.910824988078207,466,conditional_mlp,20260923,False,all_queries_diagnostic,0.8999999761581421,000001.SZ,liquidity,unseen_q
20260508,0.47292041778564453,2.075978994369507,1.4126728773117065,0.9001716948736816,0.9001716948736816,453,conditional_mlp,20260923,False,all_queries_diagnostic,0.8999999761581421,000001.SZ,liquidity,unseen_q
20260511,0.4743633270263672,2.815481185913086,2.3334431648254395,0.9069264069264069,0.9069264069264069,462,conditional_mlp,20260923,False,all_queries_diagnostic,0.8999999761581421,000001.SZ,liquidity,unseen_q
20260512,0.4391966164112091,2.293225049972534,1.7685399055480957,0.9014766400387315,0.9014766400387315,459,conditional_mlp,20260923,False,all_queries_diagnostic,0.8999999761581421,000001.SZ,liquidity,unseen_q
20260513,0.3463103771209717,1.745761513710022,1.3164259195327759,0.9135005973715651,0.9135005973715651,465,conditional_mlp,20260923,False,all_queries_diagnostic,0.8999999761581421,000001.SZ,liquidity,unseen_q
20260514,0.4485493302345276,2.4795565605163574,1.9780726432800293,0.9119769119769119,0.9119769119769119,462,conditional_mlp,20260923,False,all_queries_diagnostic,0.8999999761581421,000001.SZ,liquidity,unseen_q
20260515,0.46495315432548523,2.2510759830474854,1.6514623165130615,0.883816425120773,0.883816425120773,460,conditional_mlp,20260923,False,all_queries_diagnostic,0.8999999761581421,000001.SZ,liquidity,unseen_q
20260518,0.41429609060287476,2.4697306156158447,2.0514233112335205,0.9308697838109603,0.9308697838109603,442,conditional_mlp,20260923,False,all_queries_diagnostic,0.8999999761581421,000001.SZ,liquidity,unseen_q
20260519,0.4439479112625122,2.651097536087036,2.2040023803710938,0.9126469882409407,0.9126469882409407,463,conditional_mlp,20260923,False,all_queries_diagnostic,0.8999999761581421,000001.SZ,liquidity,unseen_q
20260520,0.41386669874191284,2.3578758239746094,1.9126780033111572,0.9140415140415141,0.9140415140415141,455,conditional_mlp,20260923,False,all_queries_diagnostic,0.8999999761581421,000001.SZ,liquidity,unseen_q
20260521,0.42760080099105835,2.007195234298706,1.439992070198059,0.8876941457586619,0.8876941457586619,465,conditional_mlp,20260923,False,all_queries_diagnostic,0.8999999761581421,000001.SZ,liquidity,unseen_q
20260522,0.42537274956703186,2.4346349239349365,1.9798619747161865,0.9042145593869731,0.9042145593869731,464,conditional_mlp,20260923,False,all_queries_diagnostic,0.8999999761581421,000001.SZ,liquidity,unseen_q
20260525,0.3959355354309082,2.4851012229919434,2.1165380477905273,0.9322728368281513,0.9322728368281513,461,conditional_mlp,20260923,False,all_queries_diagnostic,0.8999999761581421,000001.SZ,liquidity,unseen_q
20260526,0.48057591915130615,2.560755491256714,1.9995049238204956,0.9008620689655172,0.9008620689655172,464,conditional_mlp,20260923,False,all_queries_diagnostic,0.8999999761581421,000001.SZ,liquidity,unseen_q
20260528,0.3852510154247284,2.1442484855651855,1.7171831130981445,0.9181034482758621,0.9181034482758621,464,conditional_mlp,20260923,False,all_queries_diagnostic,0.8999999761581421,000001.SZ,liquidity,unseen_q
20260529,0.5245490074157715,2.6988675594329834,2.0622122287750244,0.8888888888888888,0.8888888888888888,465,conditional_mlp,20260923,False,all_queries_diagnostic,0.8999999761581421,000001.SZ,liquidity,unseen_q
20260506,0.5125407576560974,1.0250815153121948,-0.012357519008219242,0.5856697819314641,0.5856697819314641,428,deeponet,20260921,True,primary,0.5,000001.SZ,liquidity,unseen_q
20260507,0.6198287010192871,1.2396574020385742,-0.07798758894205093,0.5479256080114449,0.5479256080114449,466,deeponet,20260921,True,primary,0.5,000001.SZ,liquidity,unseen_q
20260508,0.626953661441803,1.253907322883606,-0.1706668734550476,0.5305371596762325,0.5305371596762325,453,deeponet,20260921,True,primary,0.5,000001.SZ,liquidity,unseen_q
20260511,0.6662269234657288,1.3324538469314575,-0.1542358249425888,0.49927849927849927,0.49927849927849927,462,deeponet,20260921,True,primary,0.5,000001.SZ,liquidity,unseen_q
20260512,0.6578108072280884,1.3156216144561768,-0.11348655074834824,0.5490196078431373,0.5490196078431373,459,deeponet,20260921,True,primary,0.5,000001.SZ,liquidity,unseen_q
20260513,0.5121214985847473,1.0242429971694946,-0.012588315643370152,0.6186379928315413,0.6186379928315413,465,deeponet,20260921,True,primary,0.5,000001.SZ,liquidity,unseen_q
20260514,0.634549081325531,1.269098162651062,-0.05453268811106682,0.5194805194805194,0.5194805194805194,462,deeponet,20260921,True,primary,0.5,000001.SZ,liquidity,unseen_q
20260515,0.6528289914131165,1.305657982826233,-0.08955222368240356,0.5876811594202899,0.5876811594202899,460,deeponet,20260921,True,primary,0.5,000001.SZ,liquidity,unseen_q
20260518,0.5387808084487915,1.077561616897583,-0.08898433297872543,0.579185520361991,0.579185520361991,442,deeponet,20260921,True,primary,0.5,000001.SZ,liquidity,unseen_q
20260519,0.6127707958221436,1.225541591644287,-0.06341037154197693,0.5493160547156227,0.5493160547156227,463,deeponet,20260921,True,primary,0.5,000001.SZ,liquidity,unseen_q
20260520,0.56905198097229,1.13810396194458,-0.06010488420724869,0.5677655677655677,0.5677655677655677,455,deeponet,20260921,True,primary,0.5,000001.SZ,liquidity,unseen_q
20260521,0.6118122935295105,1.223624587059021,-0.045294150710105896,0.5455197132616487,0.5455197132616487,465,deeponet,20260921,True,primary,0.5,000001.SZ,liquidity,unseen_q
20260522,0.6286462545394897,1.2572925090789795,-0.04640696942806244,0.55316091954023,0.55316091954023,464,deeponet,20260921,True,primary,0.5,000001.SZ,liquidity,unseen_q
20260525,0.5288583636283875,1.057716727256775,-0.0430404469370842,0.5466377440347071,0.5466377440347071,461,deeponet,20260921,True,primary,0.5,000001.SZ,liquidity,unseen_q
20260526,0.7096706032752991,1.4193412065505981,-0.059929292649030685,0.5739942528735632,0.5739942528735632,464,deeponet,20260921,True,primary,0.5,000001.SZ,liquidity,unseen_q
20260528,0.5632800459861755,1.126560091972351,-0.0019258589018136263,0.6027298850574713,0.6027298850574713,464,deeponet,20260921,True,primary,0.5,000001.SZ,liquidity,unseen_q
20260529,0.8311430811882019,1.6622861623764038,-0.034129392355680466,0.6007168458781361,0.6007168458781361,465,deeponet,20260921,True,primary,0.5,000001.SZ,liquidity,unseen_q
20260506,0.38929614424705505,2.3584001064300537,1.9747599363327026,0.9244548286604362,0.9244548286604362,428,deeponet,20260921,True,primary,0.8999999761581421,000001.SZ,liquidity,unseen_q
20260507,0.415973424911499,2.575258255004883,2.1791393756866455,0.9141630901287554,0.9141630901287554,466,deeponet,20260921,True,primary,0.8999999761581421,000001.SZ,liquidity,unseen_q
20260508,0.45826369524002075,2.2504489421844482,1.667401909828186,0.88373804267844,0.88373804267844,453,deeponet,20260921,True,primary,0.8999999761581421,000001.SZ,liquidity,unseen_q
20260511,0.4579051434993744,2.836017370223999,2.400259017944336,0.8975468975468975,0.8975468975468975,462,deeponet,20260921,True,primary,0.8999999761581421,000001.SZ,liquidity,unseen_q
20260512,0.44380876421928406,2.3774101734161377,1.8622411489486694,0.8845315904139434,0.8845315904139434,459,deeponet,20260921,True,primary,0.8999999761581421,000001.SZ,liquidity,unseen_q
20260513,0.35451841354370117,1.9146941900253296,1.5070719718933105,0.8939068100358424,0.8939068100358424,465,deeponet,20260921,True,primary,0.8999999761581421,000001.SZ,liquidity,unseen_q
20260514,0.44092273712158203,2.5951578617095947,2.1416404247283936,0.8997113997113998,0.8997113997113998,462,deeponet,20260921,True,primary,0.8999999761581421,000001.SZ,liquidity,unseen_q
20260515,0.4415954649448395,2.4303138256073,1.9339035749435425,0.881159420289855,0.881159420289855,460,deeponet,20260921,True,primary,0.8999999761581421,000001.SZ,liquidity,unseen_q
20260518,0.40315571427345276,2.6563804149627686,2.3125860691070557,0.9238310708898944,0.9238310708898944,442,deeponet,20260921,True,primary,0.8999999761581421,000001.SZ,liquidity,unseen_q
20260519,0.437849760055542,2.957061290740967,2.6017024517059326,0.9085673146148309,0.9085673146148309,463,deeponet,20260921,True,primary,0.8999999761581421,000001.SZ,liquidity,unseen_q
20260520,0.40280455350875854,2.597425699234009,2.2397711277008057,0.9120879120879121,0.9120879120879121,455,deeponet,20260921,True,primary,0.8999999761581421,000001.SZ,liquidity,unseen_q
20260521,0.3948000967502594,2.2643046379089355,1.8433806896209717,0.8480286738351254,0.8480286738351254,465,deeponet,20260921,True,primary,0.8999999761581421,000001.SZ,liquidity,unseen_q
20260522,0.4255196154117584,2.7542691230773926,2.379037618637085,0.9051724137931034,0.9051724137931034,464,deeponet,20260921,True,primary,0.8999999761581421,000001.SZ,liquidity,unseen_q
20260525,0.37334296107292175,2.5444042682647705,2.247147798538208,0.9313087490961677,0.9313087490961677,461,deeponet,20260921,True,primary,0.8999999761581421,000001.SZ,liquidity,unseen_q
20260526,0.46987250447273254,2.6901695728302,2.188030958175659,0.8951149425287356,0.8951149425287356,464,deeponet,20260921,True,primary,0.8999999761581421,000001.SZ,liquidity,unseen_q
20260528,0.3940436542034149,2.3709614276885986,1.9785927534103394,0.9094827586206896,0.9094827586206896,464,deeponet,20260921,True,primary,0.8999999761581421,000001.SZ,liquidity,unseen_q
20260529,0.5099352598190308,2.970752000808716,2.4386019706726074,0.8924731182795699,0.8924731182795699,465,deeponet,20260921,True,primary,0.8999999761581421,000001.SZ,liquidity,unseen_q
20260506,0.4746302366256714,0.9492604732513428,-0.028828458860516548,0.4872793354101765,0.4872793354101765,428,deeponet,20260921,True,all_queries_diagnostic,0.5,000001.SZ,liquidity,unseen_q
20260507,0.6058475375175476,1.2116950750350952,-0.11077219992876053,0.47019551740581783,0.47019551740581783,466,deeponet,20260921,True,all_queries_diagnostic,0.5,000001.SZ,liquidity,unseen_q
20260508,0.5931286811828613,1.1862573623657227,-0.159360870718956,0.4567083639931322,0.4567083639931322,453,deeponet,20260921,True,all_queries_diagnostic,0.5,000001.SZ,liquidity,unseen_q
20260511,0.6255234479904175,1.251046895980835,-0.17333932220935822,0.46849446849446846,0.46849446849446846,462,deeponet,20260921,True,all_queries_diagnostic,0.5,000001.SZ,liquidity,unseen_q
20260512,0.6019197106361389,1.2038394212722778,-0.12146127969026566,0.4645364318566933,0.4645364318566933,459,deeponet,20260921,True,all_queries_diagnostic,0.5,000001.SZ,liquidity,unseen_q
20260513,0.4573988914489746,0.9147977828979492,-0.03821345791220665,0.505137395459976,0.505137395459976,465,deeponet,20260921,True,all_queries_diagnostic,0.5,000001.SZ,liquidity,unseen_q
20260514,0.6235998868942261,1.2471997737884521,-0.08750975131988525,0.4521404521404521,0.4521404521404521,462,deeponet,20260921,True,all_queries_diagnostic,0.5,000001.SZ,liquidity,unseen_q
20260515,0.631247878074646,1.262495756149292,-0.12393684685230255,0.4780193236714976,0.4780193236714976,460,deeponet,20260921,True,all_queries_diagnostic,0.5,000001.SZ,liquidity,unseen_q
20260518,0.5187819600105286,1.0375639200210571,-0.08923739194869995,0.502262443438914,0.502262443438914,442,deeponet,20260921,True,all_queries_diagnostic,0.5,000001.SZ,liquidity,unseen_q
20260519,0.6039037108421326,1.2078074216842651,-0.08961164951324463,0.482361411087113,0.482361411087113,463,deeponet,20260921,True,all_queries_diagnostic,0.5,000001.SZ,liquidity,unseen_q
20260520,0.5549885630607605,1.109977126121521,-0.07550730556249619,0.48131868131868133,0.48131868131868133,455,deeponet,20260921,True,all_queries_diagnostic,0.5,000001.SZ,liquidity,unseen_q
20260521,0.6082385778427124,1.2164771556854248,-0.039211489260196686,0.45113500597371564,0.45137395459976104,465,deeponet,20260921,True,all_queries_diagnostic,0.5,000001.SZ,liquidity,unseen_q
20260522,0.6205613613128662,1.2411227226257324,-0.08400895446538925,0.4585727969348659,0.4585727969348659,464,deeponet,20260921,True,all_queries_diagnostic,0.5,000001.SZ,liquidity,unseen_q
20260525,0.5131807923316956,1.0263615846633911,-0.07250027358531952,0.4781875150638708,0.4781875150638708,461,deeponet,20260921,True,all_queries_diagnostic,0.5,000001.SZ,liquidity,unseen_q
20260526,0.6759575605392456,1.3519151210784912,-0.07932837307453156,0.4880268199233716,0.4880268199233716,464,deeponet,20260921,True,all_queries_diagnostic,0.5,000001.SZ,liquidity,unseen_q
20260528,0.5258843898773193,1.0517687797546387,-0.029514923691749573,0.507183908045977,0.507183908045977,464,deeponet,20260921,True,all_queries_diagnostic,0.5,000001.SZ,liquidity,unseen_q
20260529,0.779059648513794,1.558119297027588,-0.03721322491765022,0.505137395459976,0.505137395459976,465,deeponet,20260921,True,all_queries_diagnostic,0.5,000001.SZ,liquidity,unseen_q
20260506,0.3785035312175751,2.3266847133636475,1.96209716796875,0.921858774662513,0.921858774662513,428,deeponet,20260921,True,all_queries_diagnostic,0.8999999761581421,000001.SZ,liquidity,unseen_q
20260507,0.42647454142570496,2.5729522705078125,2.1500041484832764,0.9096328087744397,0.9096328087744397,466,deeponet,20260921,True,all_queries_diagnostic,0.8999999761581421,000001.SZ,liquidity,unseen_q
20260508,0.43623459339141846,2.2179911136627197,1.6819024085998535,0.8913416727986264,0.8913416727986264,453,deeponet,20260921,True,all_queries_diagnostic,0.8999999761581421,000001.SZ,liquidity,unseen_q
20260511,0.4533722400665283,2.815180778503418,2.385545492172241,0.9030784030784031,0.9030784030784031,462,deeponet,20260921,True,all_queries_diagnostic,0.8999999761581421,000001.SZ,liquidity,unseen_q
20260512,0.42343056201934814,2.333134174346924,1.8578414916992188,0.8898571774388768,0.8898571774388768,459,deeponet,20260921,True,all_queries_diagnostic,0.8999999761581421,000001.SZ,liquidity,unseen_q
20260513,0.3394604027271271,1.8664394617080688,1.484398365020752,0.9053763440860215,0.9053763440860215,465,deeponet,20260921,True,all_queries_diagnostic,0.8999999761581421,000001.SZ,liquidity,unseen_q
20260514,0.4447697699069977,2.579425811767578,2.1123578548431396,0.8973063973063973,0.8973063973063973,462,deeponet,20260921,True,all_queries_diagnostic,0.8999999761581421,000001.SZ,liquidity,unseen_q
20260515,0.4429694414138794,2.4085488319396973,1.9032626152038574,0.8835748792270531,0.8835748792270531,460,deeponet,20260921,True,all_queries_diagnostic,0.8999999761581421,000001.SZ,liquidity,unseen_q
20260518,0.40943247079849243,2.672163486480713,2.3166232109069824,0.9270990447461036,0.9270990447461036,442,deeponet,20260921,True,all_queries_diagnostic,0.8999999761581421,000001.SZ,liquidity,unseen_q
20260519,0.44466277956962585,2.953448534011841,2.580153703689575,0.9056875449964003,0.9056875449964003,463,deeponet,20260921,True,all_queries_diagnostic,0.8999999761581421,000001.SZ,liquidity,unseen_q
20260520,0.40325695276260376,2.5892140865325928,2.228375196456909,0.9142857142857143,0.9142857142857143,455,deeponet,20260921,True,all_queries_diagnostic,0.8999999761581421,000001.SZ,liquidity,unseen_q
20260521,0.40695586800575256,2.2961642742156982,1.8528159856796265,0.8473118279569892,0.8473118279569892,465,deeponet,20260921,True,all_queries_diagnostic,0.8999999761581421,000001.SZ,liquidity,unseen_q
20260522,0.4301348328590393,2.7367942333221436,2.345655918121338,0.8960727969348659,0.8960727969348659,464,deeponet,20260921,True,all_queries_diagnostic,0.8999999761581421,000001.SZ,liquidity,unseen_q
20260525,0.37965017557144165,2.5366101264953613,2.221637487411499,0.9313087490961677,0.9313087490961677,461,deeponet,20260921,True,all_queries_diagnostic,0.8999999761581421,000001.SZ,liquidity,unseen_q
20260526,0.46079063415527344,2.6596519947052,2.172588586807251,0.8936781609195402,0.8936781609195402,464,deeponet,20260921,True,all_queries_diagnostic,0.8999999761581421,000001.SZ,liquidity,unseen_q
20260528,0.38400617241859436,2.3318636417388916,1.9548141956329346,0.9128352490421455,0.9128352490421455,464,deeponet,20260921,True,all_queries_diagnostic,0.8999999761581421,000001.SZ,liquidity,unseen_q
20260529,0.4909408390522003,2.9336602687835693,2.439723253250122,0.9005973715651134,0.9005973715651134,465,deeponet,20260921,True,all_queries_diagnostic,0.8999999761581421,000001.SZ,liquidity,unseen_q
20260506,0.5125200748443604,1.0250401496887207,-0.012459816411137581,0.5825545171339563,0.5825545171339563,428,deeponet,20260921,False,primary,0.5,000001.SZ,liquidity,unseen_q
20260507,0.6198115944862366,1.2396231889724731,-0.07807996869087219,0.5457796852646638,0.5457796852646638,466,deeponet,20260921,False,primary,0.5,000001.SZ,liquidity,unseen_q
20260508,0.6269204616546631,1.2538409233093262,-0.17081481218338013,0.5283296541574687,0.5283296541574687,453,deeponet,20260921,False,primary,0.5,000001.SZ,liquidity,unseen_q
20260511,0.6662269234657288,1.3324538469314575,-0.1542358249425888,0.49927849927849927,0.49927849927849927,462,deeponet,20260921,False,primary,0.5,000001.SZ,liquidity,unseen_q
20260512,0.6578501462936401,1.3157002925872803,-0.11360324919223785,0.5439360929557008,0.5439360929557008,459,deeponet,20260921,False,primary,0.5,000001.SZ,liquidity,unseen_q
20260513,0.5121297240257263,1.0242594480514526,-0.012631540186703205,0.6150537634408603,0.6150537634408603,465,deeponet,20260921,False,primary,0.5,000001.SZ,liquidity,unseen_q
20260514,0.6345483660697937,1.2690967321395874,-0.05455421656370163,0.5187590187590188,0.5187590187590188,462,deeponet,20260921,False,primary,0.5,000001.SZ,liquidity,unseen_q
20260515,0.6528844237327576,1.3057688474655151,-0.09016403555870056,0.5710144927536233,0.5710144927536233,460,deeponet,20260921,False,primary,0.5,000001.SZ,liquidity,unseen_q
20260518,0.5387697219848633,1.0775394439697266,-0.08902198821306229,0.5784313725490196,0.5784313725490196,442,deeponet,20260921,False,primary,0.5,000001.SZ,liquidity,unseen_q
20260519,0.6127884984016418,1.2255769968032837,-0.06368149071931839,0.5457163426925846,0.5457163426925846,463,deeponet,20260921,False,primary,0.5,000001.SZ,liquidity,unseen_q
20260520,0.5689645409584045,1.137929081916809,-0.06040245294570923,0.558974358974359,0.558974358974359,455,deeponet,20260921,False,primary,0.5,000001.SZ,liquidity,unseen_q
20260521,0.6130672097206116,1.2261344194412231,-0.04801645129919052,0.5340501792114695,0.5340501792114695,465,deeponet,20260921,False,primary,0.5,000001.SZ,liquidity,unseen_q
20260522,0.6286462545394897,1.2572925090789795,-0.04640696942806244,0.55316091954023,0.55316091954023,464,deeponet,20260921,False,primary,0.5,000001.SZ,liquidity,unseen_q
20260525,0.5288583636283875,1.057716727256775,-0.0430404469370842,0.5466377440347071,0.5466377440347071,461,deeponet,20260921,False,primary,0.5,000001.SZ,liquidity,unseen_q
20260526,0.7097220420837402,1.4194440841674805,-0.06005411967635155,0.5739942528735632,0.5739942528735632,464,deeponet,20260921,False,primary,0.5,000001.SZ,liquidity,unseen_q
20260528,0.5636717677116394,1.1273435354232788,-0.0027093393728137016,0.6027298850574713,0.6027298850574713,464,deeponet,20260921,False,primary,0.5,000001.SZ,liquidity,unseen_q
20260529,0.8311237096786499,1.6622474193572998,-0.03416811674833298,0.6007168458781361,0.6007168458781361,465,deeponet,20260921,False,primary,0.5,000001.SZ,liquidity,unseen_q
20260506,0.38929614424705505,2.3584001064300537,1.9747599363327026,0.9244548286604362,0.9244548286604362,428,deeponet,20260921,False,primary,0.8999999761581421,000001.SZ,liquidity,unseen_q
20260507,0.415973424911499,2.575258255004883,2.1791393756866455,0.9141630901287554,0.9141630901287554,466,deeponet,20260921,False,primary,0.8999999761581421,000001.SZ,liquidity,unseen_q
20260508,0.4582599699497223,2.2504115104675293,1.6673647165298462,0.88373804267844,0.88373804267844,453,deeponet,20260921,False,primary,0.8999999761581421,000001.SZ,liquidity,unseen_q
20260511,0.4579051434993744,2.836017370223999,2.400259017944336,0.8975468975468975,0.8975468975468975,462,deeponet,20260921,False,primary,0.8999999761581421,000001.SZ,liquidity,unseen_q
20260512,0.44372278451919556,2.377331495285034,1.86235773563385,0.8896151053013798,0.8896151053013798,459,deeponet,20260921,False,primary,0.8999999761581421,000001.SZ,liquidity,unseen_q
20260513,0.35449305176734924,1.9146689176559448,1.507103681564331,0.8953405017921147,0.8953405017921147,465,deeponet,20260921,False,primary,0.8999999761581421,000001.SZ,liquidity,unseen_q
20260514,0.44092273712158203,2.5951578617095947,2.1416404247283936,0.8997113997113998,0.8997113997113998,462,deeponet,20260921,False,primary,0.8999999761581421,000001.SZ,liquidity,unseen_q
20260515,0.44136229157447815,2.4300429821014404,1.9341481924057007,0.8876811594202898,0.8876811594202898,460,deeponet,20260921,False,primary,0.8999999761581421,000001.SZ,liquidity,unseen_q
20260518,0.40315571427345276,2.6563804149627686,2.3125860691070557,0.9238310708898944,0.9238310708898944,442,deeponet,20260921,False,primary,0.8999999761581421,000001.SZ,liquidity,unseen_q
20260519,0.4378497898578644,2.957061290740967,2.6017024517059326,0.9085673146148309,0.9085673146148309,463,deeponet,20260921,False,primary,0.8999999761581421,000001.SZ,liquidity,unseen_q
20260520,0.4028037488460541,2.5973989963531494,2.239739418029785,0.9120879120879121,0.9120879120879121,455,deeponet,20260921,False,primary,0.8999999761581421,000001.SZ,liquidity,unseen_q
20260521,0.39249688386917114,2.261747121810913,1.8459417819976807,0.8494623655913979,0.8494623655913979,465,deeponet,20260921,False,primary,0.8999999761581421,000001.SZ,liquidity,unseen_q
20260522,0.4255196154117584,2.7542691230773926,2.379037618637085,0.9051724137931034,0.9051724137931034,464,deeponet,20260921,False,primary,0.8999999761581421,000001.SZ,liquidity,unseen_q
20260525,0.37334296107292175,2.5444042682647705,2.247147798538208,0.9313087490961677,0.9313087490961677,461,deeponet,20260921,False,primary,0.8999999761581421,000001.SZ,liquidity,unseen_q
20260526,0.4697711765766144,2.6900668144226074,2.1881556510925293,0.8951149425287356,0.8951149425287356,464,deeponet,20260921,False,primary,0.8999999761581421,000001.SZ,liquidity,unseen_q
20260528,0.39331474900245667,2.3701512813568115,1.9794026613235474,0.9094827586206896,0.9094827586206896,464,deeponet,20260921,False,primary,0.8999999761581421,000001.SZ,liquidity,unseen_q
20260529,0.5099352598190308,2.970752000808716,2.4386019706726074,0.8924731182795699,0.8924731182795699,465,deeponet,20260921,False,primary,0.8999999761581421,000001.SZ,liquidity,unseen_q
20260506,0.4746302366256714,0.9492604732513428,-0.028828458860516548,0.4872793354101765,0.4872793354101765,428,deeponet,20260921,False,all_queries_diagnostic,0.5,000001.SZ,liquidity,unseen_q
20260507,0.6058475375175476,1.2116950750350952,-0.11077219992876053,0.47019551740581783,0.47019551740581783,466,deeponet,20260921,False,all_queries_diagnostic,0.5,000001.SZ,liquidity,unseen_q
20260508,0.5931223630905151,1.1862447261810303,-0.159360870718956,0.4564630856021584,0.4564630856021584,453,deeponet,20260921,False,all_queries_diagnostic,0.5,000001.SZ,liquidity,unseen_q
20260511,0.6255234479904175,1.251046895980835,-0.17333932220935822,0.46849446849446846,0.46849446849446846,462,deeponet,20260921,False,all_queries_diagnostic,0.5,000001.SZ,liquidity,unseen_q
20260512,0.6019450426101685,1.203890085220337,-0.12157785147428513,0.46187363834422657,0.46187363834422657,459,deeponet,20260921,False,all_queries_diagnostic,0.5,000001.SZ,liquidity,unseen_q
20260513,0.45740649104118347,0.9148129820823669,-0.03824518993496895,0.5044205495818399,0.5044205495818399,465,deeponet,20260921,False,all_queries_diagnostic,0.5,000001.SZ,liquidity,unseen_q
20260514,0.6235998868942261,1.2471997737884521,-0.08750975131988525,0.4521404521404521,0.4521404521404521,462,deeponet,20260921,False,all_queries_diagnostic,0.5,000001.SZ,liquidity,unseen_q
20260515,0.6313543319702148,1.2627086639404297,-0.12423620373010635,0.47391304347826085,0.47391304347826085,460,deeponet,20260921,False,all_queries_diagnostic,0.5,000001.SZ,liquidity,unseen_q
20260518,0.5187819600105286,1.0375639200210571,-0.08923739194869995,0.502262443438914,0.502262443438914,442,deeponet,20260921,False,all_queries_diagnostic,0.5,000001.SZ,liquidity,unseen_q
20260519,0.6039037108421326,1.2078074216842651,-0.08961164951324463,0.482361411087113,0.482361411087113,463,deeponet,20260921,False,all_queries_diagnostic,0.5,000001.SZ,liquidity,unseen_q
20260520,0.5549885630607605,1.109977126121521,-0.07550730556249619,0.48131868131868133,0.48131868131868133,455,deeponet,20260921,False,all_queries_diagnostic,0.5,000001.SZ,liquidity,unseen_q
20260521,0.60926353931427,1.21852707862854,-0.04179538041353226,0.44563918757467147,0.4458781362007168,465,deeponet,20260921,False,all_queries_diagnostic,0.5,000001.SZ,liquidity,unseen_q
20260522,0.6205613613128662,1.2411227226257324,-0.08400895446538925,0.4585727969348659,0.4585727969348659,464,deeponet,20260921,False,all_queries_diagnostic,0.5,000001.SZ,liquidity,unseen_q
20260525,0.5131807923316956,1.0263615846633911,-0.07250027358531952,0.4781875150638708,0.4781875150638708,461,deeponet,20260921,False,all_queries_diagnostic,0.5,000001.SZ,liquidity,unseen_q
20260526,0.6760115623474121,1.3520231246948242,-0.07945320755243301,0.48778735632183906,0.48778735632183906,464,deeponet,20260921,False,all_queries_diagnostic,0.5,000001.SZ,liquidity,unseen_q
20260528,0.5262174010276794,1.0524348020553589,-0.030323879793286324,0.5069444444444444,0.5069444444444444,464,deeponet,20260921,False,all_queries_diagnostic,0.5,000001.SZ,liquidity,unseen_q
20260529,0.779059648513794,1.558119297027588,-0.03721322491765022,0.505137395459976,0.505137395459976,465,deeponet,20260921,False,all_queries_diagnostic,0.5,000001.SZ,liquidity,unseen_q
20260506,0.3785035312175751,2.3266847133636475,1.96209716796875,0.921858774662513,0.921858774662513,428,deeponet,20260921,False,all_queries_diagnostic,0.8999999761581421,000001.SZ,liquidity,unseen_q
20260507,0.42647454142570496,2.5729522705078125,2.1500041484832764,0.9096328087744397,0.9096328087744397,466,deeponet,20260921,False,all_queries_diagnostic,0.8999999761581421,000001.SZ,liquidity,unseen_q
20260508,0.43623459339141846,2.2179911136627197,1.6819024085998535,0.8913416727986264,0.8913416727986264,453,deeponet,20260921,False,all_queries_diagnostic,0.8999999761581421,000001.SZ,liquidity,unseen_q
20260511,0.4533722400665283,2.815180778503418,2.385545492172241,0.9030784030784031,0.9030784030784031,462,deeponet,20260921,False,all_queries_diagnostic,0.8999999761581421,000001.SZ,liquidity,unseen_q
20260512,0.42335864901542664,2.3330836296081543,1.8579580783843994,0.8925199709513435,0.8925199709513435,459,deeponet,20260921,False,all_queries_diagnostic,0.8999999761581421,000001.SZ,liquidity,unseen_q
20260513,0.33944013714790344,1.866424322128296,1.4844300746917725,0.9060931899641577,0.9060931899641577,465,deeponet,20260921,False,all_queries_diagnostic,0.8999999761581421,000001.SZ,liquidity,unseen_q
20260514,0.4447697699069977,2.579425811767578,2.1123578548431396,0.8973063973063973,0.8973063973063973,462,deeponet,20260921,False,all_queries_diagnostic,0.8999999761581421,000001.SZ,liquidity,unseen_q
20260515,0.4427381455898285,2.408325672149658,1.9035619497299194,0.8874396135265701,0.8874396135265701,460,deeponet,20260921,False,all_queries_diagnostic,0.8999999761581421,000001.SZ,liquidity,unseen_q
20260518,0.40943247079849243,2.672163486480713,2.3166232109069824,0.9270990447461036,0.9270990447461036,442,deeponet,20260921,False,all_queries_diagnostic,0.8999999761581421,000001.SZ,liquidity,unseen_q
20260519,0.44466277956962585,2.953448534011841,2.580153703689575,0.9056875449964003,0.9056875449964003,463,deeponet,20260921,False,all_queries_diagnostic,0.8999999761581421,000001.SZ,liquidity,unseen_q
20260520,0.4032558798789978,2.589211940765381,2.228375196456909,0.9145299145299145,0.9145299145299145,455,deeponet,20260921,False,all_queries_diagnostic,0.8999999761581421,000001.SZ,liquidity,unseen_q
20260521,0.4048973023891449,2.294114351272583,1.8553998470306396,0.8528076463560335,0.8528076463560335,465,deeponet,20260921,False,all_queries_diagnostic,0.8999999761581421,000001.SZ,liquidity,unseen_q
20260522,0.4301348328590393,2.7367942333221436,2.345655918121338,0.8960727969348659,0.8960727969348659,464,deeponet,20260921,False,all_queries_diagnostic,0.8999999761581421,000001.SZ,liquidity,unseen_q
20260525,0.37965017557144165,2.5366101264953613,2.221637487411499,0.9313087490961677,0.9313087490961677,461,deeponet,20260921,False,all_queries_diagnostic,0.8999999761581421,000001.SZ,liquidity,unseen_q
20260526,0.46068671345710754,2.659543991088867,2.1727135181427,0.8939176245210728,0.8939176245210728,464,deeponet,20260921,False,all_queries_diagnostic,0.8999999761581421,000001.SZ,liquidity,unseen_q
20260528,0.38334962725639343,2.331197500228882,1.9556231498718262,0.9130747126436782,0.9130747126436782,464,deeponet,20260921,False,all_queries_diagnostic,0.8999999761581421,000001.SZ,liquidity,unseen_q
20260529,0.4909408390522003,2.9336602687835693,2.439723253250122,0.9005973715651134,0.9005973715651134,465,deeponet,20260921,False,all_queries_diagnostic,0.8999999761581421,000001.SZ,liquidity,unseen_q
20260506,0.5110162496566772,1.0220324993133545,-0.028656980022788048,0.48753894080996885,0.48753894080996885,428,deeponet,20260922,True,primary,0.5,000001.SZ,liquidity,unseen_q
20260507,0.625415027141571,1.250830054283142,-0.07686203718185425,0.43776824034334766,0.43776824034334766,466,deeponet,20260922,True,primary,0.5,000001.SZ,liquidity,unseen_q
20260508,0.626509428024292,1.253018856048584,-0.1807725727558136,0.4216335540838852,0.4216335540838852,453,deeponet,20260922,True,primary,0.5,000001.SZ,liquidity,unseen_q
20260511,0.6694418787956238,1.3388837575912476,-0.16936497390270233,0.42207792207792205,0.42207792207792205,462,deeponet,20260922,True,primary,0.5,000001.SZ,liquidity,unseen_q
20260512,0.6615006923675537,1.3230013847351074,-0.13263940811157227,0.46332607116920843,0.46332607116920843,459,deeponet,20260922,True,primary,0.5,000001.SZ,liquidity,unseen_q
20260513,0.5129179358482361,1.0258358716964722,-0.02522275783121586,0.5211469534050179,0.5211469534050179,465,deeponet,20260922,True,primary,0.5,000001.SZ,liquidity,unseen_q
20260514,0.6358848214149475,1.271769642829895,-0.05605487897992134,0.45959595959595956,0.45959595959595956,462,deeponet,20260922,True,primary,0.5,000001.SZ,liquidity,unseen_q
20260515,0.6537861824035645,1.307572364807129,-0.11449871957302094,0.47391304347826085,0.47391304347826085,460,deeponet,20260922,True,primary,0.5,000001.SZ,liquidity,unseen_q
20260518,0.5348575711250305,1.069715142250061,-0.0973660796880722,0.4826546003016591,0.4826546003016591,442,deeponet,20260922,True,primary,0.5,000001.SZ,liquidity,unseen_q
20260519,0.6081867814064026,1.2163735628128052,-0.06760153919458389,0.4535637149028078,0.4535637149028078,463,deeponet,20260922,True,primary,0.5,000001.SZ,liquidity,unseen_q
20260520,0.5705344676971436,1.141068935394287,-0.06897676736116409,0.45128205128205123,0.45128205128205123,455,deeponet,20260922,True,primary,0.5,000001.SZ,liquidity,unseen_q
20260521,0.614284873008728,1.228569746017456,-0.04843268543481827,0.47168458781362005,0.47168458781362005,465,deeponet,20260922,True,primary,0.5,000001.SZ,liquidity,unseen_q
20260522,0.624421238899231,1.248842477798462,-0.04484228789806366,0.49712643678160917,0.49712643678160917,464,deeponet,20260922,True,primary,0.5,000001.SZ,liquidity,unseen_q
20260525,0.5277785062789917,1.0555570125579834,-0.041958875954151154,0.45625451916124365,0.45625451916124365,461,deeponet,20260922,True,primary,0.5,000001.SZ,liquidity,unseen_q
20260526,0.7134101390838623,1.4268202781677246,-0.06355716288089752,0.49425287356321834,0.49425287356321834,464,deeponet,20260922,True,primary,0.5,000001.SZ,liquidity,unseen_q
20260528,0.5634751319885254,1.1269502639770508,-0.0155079560354352,0.5258620689655172,0.5258620689655172,464,deeponet,20260922,True,primary,0.5,000001.SZ,liquidity,unseen_q
20260529,0.8382323384284973,1.6764646768569946,-0.03724811598658562,0.5125448028673835,0.5125448028673835,465,deeponet,20260922,True,primary,0.5,000001.SZ,liquidity,unseen_q
20260506,0.38867300748825073,2.295149564743042,1.897254467010498,0.9213395638629283,0.9213395638629283,428,deeponet,20260922,True,primary,0.8999999761581421,000001.SZ,liquidity,unseen_q
20260507,0.4189664423465729,2.533773899078369,2.1198015213012695,0.9134477825464951,0.9134477825464951,466,deeponet,20260922,True,primary,0.8999999761581421,000001.SZ,liquidity,unseen_q
20260508,0.4674077033996582,2.1855087280273438,1.5633666515350342,0.8785871964679912,0.8785871964679912,453,deeponet,20260922,True,primary,0.8999999761581421,000001.SZ,liquidity,unseen_q
20260511,0.47071054577827454,2.756273031234741,2.2685651779174805,0.886002886002886,0.886002886002886,462,deeponet,20260922,True,primary,0.8999999761581421,000001.SZ,liquidity,unseen_q
20260512,0.4502798914909363,2.3173232078552246,1.7709544897079468,0.8867102396514162,0.8867102396514162,459,deeponet,20260922,True,primary,0.8999999761581421,000001.SZ,liquidity,unseen_q
20260513,0.35838618874549866,1.8784373998641968,1.452081322669983,0.896774193548387,0.896774193548387,465,deeponet,20260922,True,primary,0.8999999761581421,000001.SZ,liquidity,unseen_q
20260514,0.44275927543640137,2.538177251815796,2.065823554992676,0.8939393939393939,0.8939393939393939,462,deeponet,20260922,True,primary,0.8999999761581421,000001.SZ,liquidity,unseen_q
20260515,0.45536360144615173,2.3741729259490967,1.8293070793151855,0.8731884057971014,0.8731884057971014,460,deeponet,20260922,True,primary,0.8999999761581421,000001.SZ,liquidity,unseen_q
20260518,0.40128180384635925,2.537864923477173,2.1691269874572754,0.9245852187028658,0.9245852187028658,442,deeponet,20260922,True,primary,0.8999999761581421,000001.SZ,liquidity,unseen_q
20260519,0.4339427351951599,2.817383289337158,2.436872720718384,0.912167026637869,0.912167026637869,463,deeponet,20260922,True,primary,0.8999999761581421,000001.SZ,liquidity,unseen_q
20260520,0.4080899953842163,2.5296013355255127,2.1417770385742188,0.8967032967032967,0.8967032967032967,455,deeponet,20260922,True,primary,0.8999999761581421,000001.SZ,liquidity,unseen_q
20260521,0.3977231979370117,2.1731979846954346,1.7221897840499878,0.8781362007168458,0.8781362007168458,465,deeponet,20260922,True,primary,0.8999999761581421,000001.SZ,liquidity,unseen_q
20260522,0.4233664572238922,2.6333229541778564,2.2332377433776855,0.9001436781609196,0.9001436781609196,464,deeponet,20260922,True,primary,0.8999999761581421,000001.SZ,liquidity,unseen_q
20260525,0.372050017118454,2.468431234359741,2.155413866043091,0.93058568329718,0.93058568329718,461,deeponet,20260922,True,primary,0.8999999761581421,000001.SZ,liquidity,unseen_q
20260526,0.474651038646698,2.6026644706726074,2.0667030811309814,0.8886494252873562,0.8886494252873562,464,deeponet,20260922,True,primary,0.8999999761581421,000001.SZ,liquidity,unseen_q
20260528,0.3883225619792938,2.2868001461029053,1.8876941204071045,0.915948275862069,0.915948275862069,464,deeponet,20260922,True,primary,0.8999999761581421,000001.SZ,liquidity,unseen_q
20260529,0.5109841227531433,2.936248302459717,2.392850399017334,0.8960573476702509,0.8960573476702509,465,deeponet,20260922,True,primary,0.8999999761581421,000001.SZ,liquidity,unseen_q
20260506,0.4756111800670624,0.9512223601341248,-0.017927099019289017,0.5314122533748702,0.5314122533748702,428,deeponet,20260922,True,all_queries_diagnostic,0.5,000001.SZ,liquidity,unseen_q
20260507,0.6098726391792297,1.2197452783584595,-0.07864291965961456,0.4744873628993801,0.4744873628993801,466,deeponet,20260922,True,all_queries_diagnostic,0.5,000001.SZ,liquidity,unseen_q
20260508,0.5935136079788208,1.1870272159576416,-0.14450795948505402,0.45474613686534215,0.45474613686534215,453,deeponet,20260922,True,all_queries_diagnostic,0.5,000001.SZ,liquidity,unseen_q
20260511,0.6288367509841919,1.2576735019683838,-0.15346620976924896,0.4716209716209716,0.4716209716209716,462,deeponet,20260922,True,all_queries_diagnostic,0.5,000001.SZ,liquidity,unseen_q
20260512,0.6058348417282104,1.211669683456421,-0.11365695297718048,0.486322924231421,0.486322924231421,459,deeponet,20260922,True,all_queries_diagnostic,0.5,000001.SZ,liquidity,unseen_q
20260513,0.4599887430667877,0.9199774861335754,-0.029544461518526077,0.5323775388291517,0.5323775388291517,465,deeponet,20260922,True,all_queries_diagnostic,0.5,000001.SZ,liquidity,unseen_q
20260514,0.6260809302330017,1.2521618604660034,-0.05869670584797859,0.5110630110630111,0.5110630110630111,462,deeponet,20260922,True,all_queries_diagnostic,0.5,000001.SZ,liquidity,unseen_q
20260515,0.6328281164169312,1.2656562328338623,-0.1213146224617958,0.4896135265700483,0.4898550724637681,460,deeponet,20260922,True,all_queries_diagnostic,0.5,000001.SZ,liquidity,unseen_q
20260518,0.517958402633667,1.035916805267334,-0.06510766595602036,0.5382101558572147,0.5382101558572147,442,deeponet,20260922,True,all_queries_diagnostic,0.5,000001.SZ,liquidity,unseen_q
20260519,0.6024376153945923,1.2048752307891846,-0.05707940086722374,0.5118790496760259,0.5118790496760259,463,deeponet,20260922,True,all_queries_diagnostic,0.5,000001.SZ,liquidity,unseen_q
20260520,0.5579546689987183,1.1159093379974365,-0.052870310842990875,0.4903540903540904,0.4903540903540904,455,deeponet,20260922,True,all_queries_diagnostic,0.5,000001.SZ,liquidity,unseen_q
20260521,0.6120176911354065,1.224035382270813,-0.016803286969661713,0.4996415770609319,0.4996415770609319,465,deeponet,20260922,True,all_queries_diagnostic,0.5,000001.SZ,liquidity,unseen_q
20260522,0.6187538504600525,1.237507700920105,-0.049002114683389664,0.5234674329501916,0.5234674329501916,464,deeponet,20260922,True,all_queries_diagnostic,0.5,000001.SZ,liquidity,unseen_q
20260525,0.5134837031364441,1.0269674062728882,-0.0400126688182354,0.5092793444203423,0.5092793444203423,461,deeponet,20260922,True,all_queries_diagnostic,0.5,000001.SZ,liquidity,unseen_q
20260526,0.6803688406944275,1.360737681388855,-0.052075888961553574,0.5311302681992337,0.5311302681992337,464,deeponet,20260922,True,all_queries_diagnostic,0.5,000001.SZ,liquidity,unseen_q
20260528,0.5280643105506897,1.0561286211013794,-0.015771767124533653,0.5715996168582376,0.5715996168582376,464,deeponet,20260922,True,all_queries_diagnostic,0.5,000001.SZ,liquidity,unseen_q
20260529,0.787896990776062,1.575793981552124,-0.007040082942694426,0.5517323775388291,0.5517323775388291,465,deeponet,20260922,True,all_queries_diagnostic,0.5,000001.SZ,liquidity,unseen_q
20260506,0.3784485161304474,2.2911417484283447,1.9178059101104736,0.9213395638629283,0.9213395638629283,428,deeponet,20260922,True,all_queries_diagnostic,0.8999999761581421,000001.SZ,liquidity,unseen_q
20260507,0.42959824204444885,2.5623080730438232,2.128889322280884,0.9091559370529328,0.9091559370529328,466,deeponet,20260922,True,all_queries_diagnostic,0.8999999761581421,000001.SZ,liquidity,unseen_q
20260508,0.44426485896110535,2.1751909255981445,1.6083263158798218,0.8883983321069414,0.8883983321069414,453,deeponet,20260922,True,all_queries_diagnostic,0.8999999761581421,000001.SZ,liquidity,unseen_q
20260511,0.46496066451072693,2.7672054767608643,2.296605348587036,0.8936988936988937,0.8936988936988937,462,deeponet,20260922,True,all_queries_diagnostic,0.8999999761581421,000001.SZ,liquidity,unseen_q
20260512,0.42806366086006165,2.2957088947296143,1.7994768619537354,0.8942144759138223,0.8942144759138223,459,deeponet,20260922,True,all_queries_diagnostic,0.8999999761581421,000001.SZ,liquidity,unseen_q
20260513,0.3432633876800537,1.8508028984069824,1.4553452730178833,0.9087216248506571,0.9087216248506571,465,deeponet,20260922,True,all_queries_diagnostic,0.8999999761581421,000001.SZ,liquidity,unseen_q
20260514,0.4469045102596283,2.5528111457824707,2.0737528800964355,0.8927368927368927,0.8927368927368927,462,deeponet,20260922,True,all_queries_diagnostic,0.8999999761581421,000001.SZ,liquidity,unseen_q
20260515,0.4567069113254547,2.379218816757202,1.8322564363479614,0.8758454106280193,0.8758454106280193,460,deeponet,20260922,True,all_queries_diagnostic,0.8999999761581421,000001.SZ,liquidity,unseen_q
20260518,0.40869519114494324,2.5875942707061768,2.212754964828491,0.9273504273504274,0.9273504273504274,442,deeponet,20260922,True,all_queries_diagnostic,0.8999999761581421,000001.SZ,liquidity,unseen_q
20260519,0.4424615800380707,2.8529117107391357,2.4599857330322266,0.9090472762179025,0.9090472762179025,463,deeponet,20260922,True,all_queries_diagnostic,0.8999999761581421,000001.SZ,liquidity,unseen_q
20260520,0.4097815454006195,2.554727554321289,2.1689555644989014,0.8991452991452991,0.8991452991452991,455,deeponet,20260922,True,all_queries_diagnostic,0.8999999761581421,000001.SZ,liquidity,unseen_q
20260521,0.40981271862983704,2.2298057079315186,1.7627254724502563,0.8817204301075269,0.8817204301075269,465,deeponet,20260922,True,all_queries_diagnostic,0.8999999761581421,000001.SZ,liquidity,unseen_q
20260522,0.42909857630729675,2.650634527206421,2.240546941757202,0.8915229885057472,0.8915229885057472,464,deeponet,20260922,True,all_queries_diagnostic,0.8999999761581421,000001.SZ,liquidity,unseen_q
20260525,0.38010817766189575,2.4949073791503906,2.1683640480041504,0.9303446613641841,0.9303446613641841,461,deeponet,20260922,True,all_queries_diagnostic,0.8999999761581421,000001.SZ,liquidity,unseen_q
20260526,0.464442640542984,2.5999999046325684,2.088893175125122,0.89272030651341,0.89272030651341,464,deeponet,20260922,True,all_queries_diagnostic,0.8999999761581421,000001.SZ,liquidity,unseen_q
20260528,0.38038933277130127,2.2785093784332275,1.8971636295318604,0.9193007662835249,0.9193007662835249,464,deeponet,20260922,True,all_queries_diagnostic,0.8999999761581421,000001.SZ,liquidity,unseen_q
20260529,0.49134665727615356,2.9308526515960693,2.435199022293091,0.9037037037037037,0.9037037037037037,465,deeponet,20260922,True,all_queries_diagnostic,0.8999999761581421,000001.SZ,liquidity,unseen_q
20260506,0.510807454586029,1.021614909172058,-0.028059663251042366,0.4953271028037383,0.4953271028037383,428,deeponet,20260922,False,primary,0.5,000001.SZ,liquidity,unseen_q
20260507,0.625210165977478,1.250420331954956,-0.0763043612241745,0.44420600858369097,0.44420600858369097,466,deeponet,20260922,False,primary,0.5,000001.SZ,liquidity,unseen_q
20260508,0.6262499690055847,1.2524999380111694,-0.18004271388053894,0.4282560706401766,0.4282560706401766,453,deeponet,20260922,False,primary,0.5,000001.SZ,liquidity,unseen_q
20260511,0.669424831867218,1.338849663734436,-0.1692461520433426,0.4271284271284271,0.4271284271284271,462,deeponet,20260922,False,primary,0.5,000001.SZ,liquidity,unseen_q
20260512,0.6613644957542419,1.3227289915084839,-0.13197799026966095,0.48366013071895425,0.48366013071895425,459,deeponet,20260922,False,primary,0.5,000001.SZ,liquidity,unseen_q
20260513,0.512735903263092,1.025471806526184,-0.024709105491638184,0.5318996415770609,0.5318996415770609,465,deeponet,20260922,False,primary,0.5,000001.SZ,liquidity,unseen_q
20260514,0.6358265280723572,1.2716530561447144,-0.05564650893211365,0.47113997113997114,0.47113997113997114,462,deeponet,20260922,False,primary,0.5,000001.SZ,liquidity,unseen_q
20260515,0.6539102792739868,1.3078205585479736,-0.1140972450375557,0.49130434782608695,0.49130434782608695,460,deeponet,20260922,False,primary,0.5,000001.SZ,liquidity,unseen_q
20260518,0.5346601605415344,1.0693203210830688,-0.09620855748653412,0.5135746606334841,0.5135746606334841,442,deeponet,20260922,False,primary,0.5,000001.SZ,liquidity,unseen_q
20260519,0.6081644892692566,1.2163289785385132,-0.0669926106929779,0.4758819294456443,0.4758819294456443,463,deeponet,20260922,False,primary,0.5,000001.SZ,liquidity,unseen_q
20260520,0.570458710193634,1.140917420387268,-0.06828323006629944,0.46300366300366297,0.46300366300366297,455,deeponet,20260922,False,primary,0.5,000001.SZ,liquidity,unseen_q
20260521,0.6140238046646118,1.2280476093292236,-0.04746716469526291,0.48315412186379925,0.48315412186379925,465,deeponet,20260922,False,primary,0.5,000001.SZ,liquidity,unseen_q
20260522,0.62442547082901,1.24885094165802,-0.0438666008412838,0.5222701149425287,0.5222701149425287,464,deeponet,20260922,False,primary,0.5,000001.SZ,liquidity,unseen_q
20260525,0.5276936292648315,1.055387258529663,-0.04163360595703125,0.4649313087490961,0.4649313087490961,461,deeponet,20260922,False,primary,0.5,000001.SZ,liquidity,unseen_q
20260526,0.7132572531700134,1.4265145063400269,-0.06279977411031723,0.50933908045977,0.50933908045977,464,deeponet,20260922,False,primary,0.5,000001.SZ,liquidity,unseen_q
20260528,0.563382625579834,1.126765251159668,-0.014618583023548126,0.5610632183908045,0.5610632183908045,464,deeponet,20260922,False,primary,0.5,000001.SZ,liquidity,unseen_q
20260529,0.8379167318344116,1.6758334636688232,-0.036433007568120956,0.5175627240143369,0.5175627240143369,465,deeponet,20260922,False,primary,0.5,000001.SZ,liquidity,unseen_q
20260506,0.38867300748825073,2.295149564743042,1.897254467010498,0.9213395638629283,0.9213395638629283,428,deeponet,20260922,False,primary,0.8999999761581421,000001.SZ,liquidity,unseen_q
20260507,0.4189208447933197,2.5337131023406982,2.1198394298553467,0.9134477825464951,0.9134477825464951,466,deeponet,20260922,False,primary,0.8999999761581421,000001.SZ,liquidity,unseen_q
20260508,0.4674030542373657,2.1854922771453857,1.5633578300476074,0.8785871964679912,0.8785871964679912,453,deeponet,20260922,False,primary,0.8999999761581421,000001.SZ,liquidity,unseen_q
20260511,0.47071054577827454,2.756273031234741,2.2685651779174805,0.886002886002886,0.886002886002886,462,deeponet,20260922,False,primary,0.8999999761581421,000001.SZ,liquidity,unseen_q
20260512,0.45028021931648254,2.317326784133911,1.7709578275680542,0.8867102396514162,0.8867102396514162,459,deeponet,20260922,False,primary,0.8999999761581421,000001.SZ,liquidity,unseen_q
20260513,0.35838618874549866,1.8784373998641968,1.452081322669983,0.896774193548387,0.896774193548387,465,deeponet,20260922,False,primary,0.8999999761581421,000001.SZ,liquidity,unseen_q
20260514,0.4427594840526581,2.538179397583008,2.0658257007598877,0.8939393939393939,0.8939393939393939,462,deeponet,20260922,False,primary,0.8999999761581421,000001.SZ,liquidity,unseen_q
20260515,0.454901784658432,2.373706817626953,1.8298794031143188,0.8797101449275363,0.8797101449275363,460,deeponet,20260922,False,primary,0.8999999761581421,000001.SZ,liquidity,unseen_q
20260518,0.4012836515903473,2.5378835201263428,2.169145345687866,0.9245852187028658,0.9245852187028658,442,deeponet,20260922,False,primary,0.8999999761581421,000001.SZ,liquidity,unseen_q
20260519,0.43399491906166077,2.817403793334961,2.436767816543579,0.912167026637869,0.912167026637869,463,deeponet,20260922,False,primary,0.8999999761581421,000001.SZ,liquidity,unseen_q
20260520,0.4079732596874237,2.529481887817383,2.1419193744659424,0.8996336996336995,0.8996336996336995,455,deeponet,20260922,False,primary,0.8999999761581421,000001.SZ,liquidity,unseen_q
20260521,0.39742574095726013,2.1729390621185303,1.722609519958496,0.882437275985663,0.882437275985663,465,deeponet,20260922,False,primary,0.8999999761581421,000001.SZ,liquidity,unseen_q
20260522,0.4233664572238922,2.6333229541778564,2.2332377433776855,0.9001436781609196,0.9001436781609196,464,deeponet,20260922,False,primary,0.8999999761581421,000001.SZ,liquidity,unseen_q
20260525,0.372050017118454,2.468431234359741,2.155413866043091,0.93058568329718,0.93058568329718,461,deeponet,20260922,False,primary,0.8999999761581421,000001.SZ,liquidity,unseen_q
20260526,0.47465190291404724,2.602673053741455,2.066711664199829,0.8886494252873562,0.8886494252873562,464,deeponet,20260922,False,primary,0.8999999761581421,000001.SZ,liquidity,unseen_q
20260528,0.3882993161678314,2.2868266105651855,1.8877851963043213,0.9166666666666666,0.9166666666666666,464,deeponet,20260922,False,primary,0.8999999761581421,000001.SZ,liquidity,unseen_q
20260529,0.5109842419624329,2.9362499713897705,2.3928518295288086,0.8960573476702509,0.8960573476702509,465,deeponet,20260922,False,primary,0.8999999761581421,000001.SZ,liquidity,unseen_q
20260506,0.47559574246406555,0.9511914849281311,-0.017927099019289017,0.5308930425752856,0.5308930425752856,428,deeponet,20260922,False,all_queries_diagnostic,0.5,000001.SZ,liquidity,unseen_q
20260507,0.6098353862762451,1.2196707725524902,-0.07864291965961456,0.4742489270386266,0.4742489270386266,466,deeponet,20260922,False,all_queries_diagnostic,0.5,000001.SZ,liquidity,unseen_q
20260508,0.5935137867927551,1.1870275735855103,-0.14451396465301514,0.45474613686534215,0.45474613686534215,453,deeponet,20260922,False,all_queries_diagnostic,0.5,000001.SZ,liquidity,unseen_q
20260511,0.6288367509841919,1.2576735019683838,-0.15346620976924896,0.4716209716209716,0.4716209716209716,462,deeponet,20260922,False,all_queries_diagnostic,0.5,000001.SZ,liquidity,unseen_q
20260512,0.6058177947998047,1.2116355895996094,-0.11365695297718048,0.486322924231421,0.486322924231421,459,deeponet,20260922,False,all_queries_diagnostic,0.5,000001.SZ,liquidity,unseen_q
20260513,0.4599887430667877,0.9199774861335754,-0.029544461518526077,0.5323775388291517,0.5323775388291517,465,deeponet,20260922,False,all_queries_diagnostic,0.5,000001.SZ,liquidity,unseen_q
20260514,0.6260808110237122,1.2521616220474243,-0.05869670584797859,0.5108225108225108,0.5108225108225108,462,deeponet,20260922,False,all_queries_diagnostic,0.5,000001.SZ,liquidity,unseen_q
20260515,0.6329473853111267,1.2658947706222534,-0.1218736469745636,0.4835748792270531,0.48381642512077294,460,deeponet,20260922,False,all_queries_diagnostic,0.5,000001.SZ,liquidity,unseen_q
20260518,0.5179283022880554,1.0358566045761108,-0.06510766595602036,0.5379587732528909,0.5379587732528909,442,deeponet,20260922,False,all_queries_diagnostic,0.5,000001.SZ,liquidity,unseen_q
20260519,0.6024225950241089,1.2048451900482178,-0.05707940086722374,0.5118790496760259,0.5118790496760259,463,deeponet,20260922,False,all_queries_diagnostic,0.5,000001.SZ,liquidity,unseen_q
20260520,0.5579858422279358,1.1159716844558716,-0.05296475812792778,0.48766788766788766,0.48766788766788766,455,deeponet,20260922,False,all_queries_diagnostic,0.5,000001.SZ,liquidity,unseen_q
20260521,0.6121177077293396,1.2242354154586792,-0.01717342808842659,0.4960573476702509,0.4960573476702509,465,deeponet,20260922,False,all_queries_diagnostic,0.5,000001.SZ,liquidity,unseen_q
20260522,0.6187500953674316,1.2375001907348633,-0.049002114683389664,0.523227969348659,0.523227969348659,464,deeponet,20260922,False,all_queries_diagnostic,0.5,000001.SZ,liquidity,unseen_q
20260525,0.5134837031364441,1.0269674062728882,-0.0400126688182354,0.5092793444203423,0.5092793444203423,461,deeponet,20260922,False,all_queries_diagnostic,0.5,000001.SZ,liquidity,unseen_q
20260526,0.6803684234619141,1.3607368469238281,-0.052075888961553574,0.5308908045977011,0.5308908045977011,464,deeponet,20260922,False,all_queries_diagnostic,0.5,000001.SZ,liquidity,unseen_q
20260528,0.5280702114105225,1.056140422821045,-0.0158230047672987,0.5711206896551724,0.5711206896551724,464,deeponet,20260922,False,all_queries_diagnostic,0.5,000001.SZ,liquidity,unseen_q
20260529,0.787896454334259,1.575792908668518,-0.007040082942694426,0.5517323775388291,0.5517323775388291,465,deeponet,20260922,False,all_queries_diagnostic,0.5,000001.SZ,liquidity,unseen_q
20260506,0.3784485161304474,2.2911417484283447,1.9178059101104736,0.9213395638629283,0.9213395638629283,428,deeponet,20260922,False,all_queries_diagnostic,0.8999999761581421,000001.SZ,liquidity,unseen_q
20260507,0.42958176136016846,2.562274932861328,2.128889322280884,0.9091559370529328,0.9091559370529328,466,deeponet,20260922,False,all_queries_diagnostic,0.8999999761581421,000001.SZ,liquidity,unseen_q
20260508,0.44426143169403076,2.1751887798309326,1.6083323955535889,0.8886436104979151,0.8886436104979151,453,deeponet,20260922,False,all_queries_diagnostic,0.8999999761581421,000001.SZ,liquidity,unseen_q
20260511,0.46496066451072693,2.7672054767608643,2.296605348587036,0.8936988936988937,0.8936988936988937,462,deeponet,20260922,False,all_queries_diagnostic,0.8999999761581421,000001.SZ,liquidity,unseen_q
20260512,0.42806366086006165,2.2957088947296143,1.7994768619537354,0.8942144759138223,0.8942144759138223,459,deeponet,20260922,False,all_queries_diagnostic,0.8999999761581421,000001.SZ,liquidity,unseen_q
20260513,0.3432633876800537,1.8508028984069824,1.4553452730178833,0.9087216248506571,0.9087216248506571,465,deeponet,20260922,False,all_queries_diagnostic,0.8999999761581421,000001.SZ,liquidity,unseen_q
20260514,0.4469045102596283,2.5528111457824707,2.0737528800964355,0.8927368927368927,0.8927368927368927,462,deeponet,20260922,False,all_queries_diagnostic,0.8999999761581421,000001.SZ,liquidity,unseen_q
20260515,0.4561921954154968,2.378636598587036,1.832815408706665,0.8818840579710145,0.8818840579710145,460,deeponet,20260922,False,all_queries_diagnostic,0.8999999761581421,000001.SZ,liquidity,unseen_q
20260518,0.40869519114494324,2.5875942707061768,2.212754964828491,0.9273504273504274,0.9273504273504274,442,deeponet,20260922,False,all_queries_diagnostic,0.8999999761581421,000001.SZ,liquidity,unseen_q
20260519,0.4424537122249603,2.852895975112915,2.4599857330322266,0.9090472762179025,0.9090472762179025,463,deeponet,20260922,False,all_queries_diagnostic,0.8999999761581421,000001.SZ,liquidity,unseen_q
20260520,0.409695565700531,2.554631233215332,2.1690499782562256,0.9018315018315017,0.9018315018315017,455,deeponet,20260922,False,all_queries_diagnostic,0.8999999761581421,000001.SZ,liquidity,unseen_q
20260521,0.409553587436676,2.229583501815796,1.7630956172943115,0.8848267622461171,0.8848267622461171,465,deeponet,20260922,False,all_queries_diagnostic,0.8999999761581421,000001.SZ,liquidity,unseen_q
20260522,0.42909857630729675,2.650634527206421,2.240546941757202,0.8915229885057472,0.8915229885057472,464,deeponet,20260922,False,all_queries_diagnostic,0.8999999761581421,000001.SZ,liquidity,unseen_q
20260525,0.38010817766189575,2.4949073791503906,2.1683640480041504,0.9303446613641841,0.9303446613641841,461,deeponet,20260922,False,all_queries_diagnostic,0.8999999761581421,000001.SZ,liquidity,unseen_q
20260526,0.464442640542984,2.5999999046325684,2.088893175125122,0.89272030651341,0.89272030651341,464,deeponet,20260922,False,all_queries_diagnostic,0.8999999761581421,000001.SZ,liquidity,unseen_q
20260528,0.3803616762161255,2.2784953117370605,1.8972150087356567,0.91977969348659,0.91977969348659,464,deeponet,20260922,False,all_queries_diagnostic,0.8999999761581421,000001.SZ,liquidity,unseen_q
20260529,0.49134665727615356,2.9308526515960693,2.435199022293091,0.9037037037037037,0.9037037037037037,465,deeponet,20260922,False,all_queries_diagnostic,0.8999999761581421,000001.SZ,liquidity,unseen_q
20260506,0.512671947479248,1.025343894958496,-0.008528285659849644,0.573208722741433,0.573208722741433,428,deeponet,20260923,True,primary,0.5,000001.SZ,liquidity,unseen_q
20260507,0.621196448802948,1.242392897605896,-0.05784321203827858,0.5464949928469242,0.5464949928469242,466,deeponet,20260923,True,primary,0.5,000001.SZ,liquidity,unseen_q
20260508,0.6254512667655945,1.250902533531189,-0.15619143843650818,0.5393671817512876,0.5393671817512876,453,deeponet,20260923,True,primary,0.5,000001.SZ,liquidity,unseen_q
20260511,0.6658148765563965,1.331629753112793,-0.14521820843219757,0.4942279942279942,0.4942279942279942,462,deeponet,20260923,True,primary,0.5,000001.SZ,liquidity,unseen_q
20260512,0.6600365042686462,1.3200730085372925,-0.1065526157617569,0.5519244734931009,0.5519244734931009,459,deeponet,20260923,True,primary,0.5,000001.SZ,liquidity,unseen_q
20260513,0.5131853818893433,1.0263707637786865,-0.007566877640783787,0.6243727598566308,0.6243727598566308,465,deeponet,20260923,True,primary,0.5,000001.SZ,liquidity,unseen_q
20260514,0.6336925625801086,1.2673851251602173,-0.04370389133691788,0.531024531024531,0.531024531024531,462,deeponet,20260923,True,primary,0.5,000001.SZ,liquidity,unseen_q
20260515,0.6537591814994812,1.3075183629989624,-0.08520756661891937,0.5985507246376811,0.5985507246376811,460,deeponet,20260923,True,primary,0.5,000001.SZ,liquidity,unseen_q
20260518,0.537428617477417,1.074857234954834,-0.08467762172222137,0.5739064856711915,0.5739064856711915,442,deeponet,20260923,True,primary,0.5,000001.SZ,liquidity,unseen_q
20260519,0.6080925464630127,1.2161850929260254,-0.05029933527112007,0.5500359971202303,0.5500359971202303,463,deeponet,20260923,True,primary,0.5,000001.SZ,liquidity,unseen_q
20260520,0.5689845681190491,1.1379691362380981,-0.05380453169345856,0.5809523809523809,0.5809523809523809,455,deeponet,20260923,True,primary,0.5,000001.SZ,liquidity,unseen_q
20260521,0.6129522323608398,1.2259044647216797,-0.03918977454304695,0.5885304659498208,0.5885304659498208,465,deeponet,20260923,True,primary,0.5,000001.SZ,liquidity,unseen_q
20260522,0.6255841255187988,1.2511682510375977,-0.033972982317209244,0.5625,0.5625,464,deeponet,20260923,True,primary,0.5,000001.SZ,liquidity,unseen_q
20260525,0.5279901623725891,1.0559803247451782,-0.0381174311041832,0.5365148228488792,0.5365148228488792,461,deeponet,20260923,True,primary,0.5,000001.SZ,liquidity,unseen_q
20260526,0.7102121710777283,1.4204243421554565,-0.05407705157995224,0.5732758620689655,0.5732758620689655,464,deeponet,20260923,True,primary,0.5,000001.SZ,liquidity,unseen_q
20260528,0.5623048543930054,1.1246097087860107,-0.0052737584337592125,0.6091954022988506,0.6091954022988506,464,deeponet,20260923,True,primary,0.5,000001.SZ,liquidity,unseen_q
20260529,0.8336394429206848,1.6672788858413696,-0.026858171448111534,0.5827956989247312,0.5827956989247312,465,deeponet,20260923,True,primary,0.5,000001.SZ,liquidity,unseen_q
20260506,0.3833417594432831,2.1833579540252686,1.7708433866500854,0.9190031152647975,0.9190031152647975,428,deeponet,20260923,True,primary,0.8999999761581421,000001.SZ,liquidity,unseen_q
20260507,0.4164069890975952,2.4726431369781494,2.0497865676879883,0.9141630901287554,0.9141630901287554,466,deeponet,20260923,True,primary,0.8999999761581421,000001.SZ,liquidity,unseen_q
20260508,0.46210822463035583,2.2003324031829834,1.5951448678970337,0.8807947019867549,0.8807947019867549,453,deeponet,20260923,True,primary,0.8999999761581421,000001.SZ,liquidity,unseen_q
20260511,0.46607136726379395,2.715724468231201,2.2294774055480957,0.8852813852813853,0.8852813852813853,462,deeponet,20260923,True,primary,0.8999999761581421,000001.SZ,liquidity,unseen_q
20260512,0.45194539427757263,2.3035788536071777,1.7496099472045898,0.879448075526507,0.879448075526507,459,deeponet,20260923,True,primary,0.8999999761581421,000001.SZ,liquidity,unseen_q
20260513,0.36182844638824463,1.8543164730072021,1.4133245944976807,0.8867383512544802,0.8867383512544802,465,deeponet,20260923,True,primary,0.8999999761581421,000001.SZ,liquidity,unseen_q
20260514,0.4480796456336975,2.5475270748138428,2.0642096996307373,0.8982683982683982,0.8982683982683982,462,deeponet,20260923,True,primary,0.8999999761581421,000001.SZ,liquidity,unseen_q
20260515,0.45132941007614136,2.349649667739868,1.8087388277053833,0.8855072463768116,0.8855072463768116,460,deeponet,20260923,True,primary,0.8999999761581421,000001.SZ,liquidity,unseen_q
20260518,0.4026530086994171,2.4390995502471924,2.0422420501708984,0.9140271493212669,0.9140271493212669,442,deeponet,20260923,True,primary,0.8999999761581421,000001.SZ,liquidity,unseen_q
20260519,0.43374204635620117,2.818582773208618,2.438873291015625,0.9150467962562996,0.9150467962562996,463,deeponet,20260923,True,primary,0.8999999761581421,000001.SZ,liquidity,unseen_q
20260520,0.40286514163017273,2.478986978530884,2.091571092605591,0.9054945054945055,0.9054945054945055,455,deeponet,20260923,True,primary,0.8999999761581421,000001.SZ,liquidity,unseen_q
20260521,0.3984789550304413,2.2176976203918457,1.775924801826477,0.8924731182795699,0.8924731182795699,465,deeponet,20260923,True,primary,0.8999999761581421,000001.SZ,liquidity,unseen_q
20260522,0.42499491572380066,2.6598875522613525,2.2623722553253174,0.9058908045977011,0.9058908045977011,464,deeponet,20260923,True,primary,0.8999999761581421,000001.SZ,liquidity,unseen_q
20260525,0.37083905935287476,2.3914172649383545,2.062174081802368,0.9240780911062907,0.9240780911062907,461,deeponet,20260923,True,primary,0.8999999761581421,000001.SZ,liquidity,unseen_q
20260526,0.47958749532699585,2.6023850440979004,2.0540127754211426,0.8915229885057472,0.8915229885057472,464,deeponet,20260923,True,primary,0.8999999761581421,000001.SZ,liquidity,unseen_q
20260528,0.3924165368080139,2.232046604156494,1.8090170621871948,0.9066091954022989,0.9066091954022989,464,deeponet,20260923,True,primary,0.8999999761581421,000001.SZ,liquidity,unseen_q
20260529,0.517529308795929,2.880664110183716,2.3070068359375,0.8867383512544802,0.8867383512544802,465,deeponet,20260923,True,primary,0.8999999761581421,000001.SZ,liquidity,unseen_q
20260506,0.4765203893184662,0.9530407786369324,-0.004599142353981733,0.6004672897196262,0.6004672897196262,428,deeponet,20260923,True,all_queries_diagnostic,0.5,000001.SZ,liquidity,unseen_q
20260507,0.6075358986854553,1.2150717973709106,-0.06706119328737259,0.572961373390558,0.572961373390558,466,deeponet,20260923,True,all_queries_diagnostic,0.5,000001.SZ,liquidity,unseen_q
20260508,0.5931116938591003,1.1862233877182007,-0.12555235624313354,0.5695364238410596,0.5695364238410596,453,deeponet,20260923,True,all_queries_diagnostic,0.5,000001.SZ,liquidity,unseen_q
20260511,0.6258968114852905,1.251793622970581,-0.13782386481761932,0.5447330447330447,0.5447330447330447,462,deeponet,20260923,True,all_queries_diagnostic,0.5,000001.SZ,liquidity,unseen_q
20260512,0.6047083139419556,1.2094166278839111,-0.09393060952425003,0.5705640280803679,0.5705640280803679,459,deeponet,20260923,True,all_queries_diagnostic,0.5,000001.SZ,liquidity,unseen_q
20260513,0.4598478376865387,0.9196956753730774,-0.017544101923704147,0.6160095579450419,0.6160095579450419,465,deeponet,20260923,True,all_queries_diagnostic,0.5,000001.SZ,liquidity,unseen_q
20260514,0.6242059469223022,1.2484118938446045,-0.053763747215270996,0.5497835497835498,0.5497835497835498,462,deeponet,20260923,True,all_queries_diagnostic,0.5,000001.SZ,liquidity,unseen_q
20260515,0.6326438188552856,1.2652876377105713,-0.0986853539943695,0.5925120772946859,0.5925120772946859,460,deeponet,20260923,True,all_queries_diagnostic,0.5,000001.SZ,liquidity,unseen_q
20260518,0.5201147198677063,1.0402294397354126,-0.06023940071463585,0.603318250377074,0.603318250377074,442,deeponet,20260923,True,all_queries_diagnostic,0.5,000001.SZ,liquidity,unseen_q
20260519,0.6018041372299194,1.2036082744598389,-0.04896257445216179,0.5785937125029997,0.5785937125029997,463,deeponet,20260923,True,all_queries_diagnostic,0.5,000001.SZ,liquidity,unseen_q
20260520,0.5563854575157166,1.112770915031433,-0.04547065496444702,0.588034188034188,0.588034188034188,455,deeponet,20260923,True,all_queries_diagnostic,0.5,000001.SZ,liquidity,unseen_q
20260521,0.6102497577667236,1.2204995155334473,-0.013479423709213734,0.5837514934289129,0.5837514934289129,465,deeponet,20260923,True,all_queries_diagnostic,0.5,000001.SZ,liquidity,unseen_q
20260522,0.619390606880188,1.238781213760376,-0.04649344086647034,0.5591475095785441,0.5591475095785441,464,deeponet,20260923,True,all_queries_diagnostic,0.5,000001.SZ,liquidity,unseen_q
20260525,0.5138858556747437,1.0277717113494873,-0.04391982778906822,0.5651964328753917,0.5651964328753917,461,deeponet,20260923,True,all_queries_diagnostic,0.5,000001.SZ,liquidity,unseen_q
20260526,0.6777218580245972,1.3554437160491943,-0.050149932503700256,0.5866858237547893,0.5866858237547893,464,deeponet,20260923,True,all_queries_diagnostic,0.5,000001.SZ,liquidity,unseen_q
20260528,0.5263672471046448,1.0527344942092896,-0.012667035683989525,0.60727969348659,0.60727969348659,464,deeponet,20260923,True,all_queries_diagnostic,0.5,000001.SZ,liquidity,unseen_q
20260529,0.7832409143447876,1.5664818286895752,-0.004328459035605192,0.5780167264038232,0.5780167264038232,465,deeponet,20260923,True,all_queries_diagnostic,0.5,000001.SZ,liquidity,unseen_q
20260506,0.3728483021259308,2.1703076362609863,1.780763864517212,0.9187435098650052,0.9187435098650052,428,deeponet,20260923,True,all_queries_diagnostic,0.8999999761581421,000001.SZ,liquidity,unseen_q
20260507,0.4272467792034149,2.4922635555267334,2.0472123622894287,0.910824988078207,0.910824988078207,466,deeponet,20260923,True,all_queries_diagnostic,0.8999999761581421,000001.SZ,liquidity,unseen_q
20260508,0.4385205805301666,2.1822237968444824,1.6314784288406372,0.8893794456708364,0.8893794456708364,453,deeponet,20260923,True,all_queries_diagnostic,0.8999999761581421,000001.SZ,liquidity,unseen_q
20260511,0.45967739820480347,2.714926242828369,2.244464635848999,0.8951418951418951,0.8951418951418951,462,deeponet,20260923,True,all_queries_diagnostic,0.8999999761581421,000001.SZ,liquidity,unseen_q
20260512,0.42890438437461853,2.2724738121032715,1.7683312892913818,0.8864681675139191,0.8864681675139191,459,deeponet,20260923,True,all_queries_diagnostic,0.8999999761581421,000001.SZ,liquidity,unseen_q
20260513,0.3441101610660553,1.8147308826446533,1.408138394355774,0.9017921146953405,0.9017921146953405,465,deeponet,20260923,True,all_queries_diagnostic,0.8999999761581421,000001.SZ,liquidity,unseen_q
20260514,0.450448215007782,2.549586057662964,2.0608623027801514,0.8963443963443963,0.8963443963443963,462,deeponet,20260923,True,all_queries_diagnostic,0.8999999761581421,000001.SZ,liquidity,unseen_q
20260515,0.45094063878059387,2.343090534210205,1.8015117645263672,0.8893719806763285,0.8893719806763285,460,deeponet,20260923,True,all_queries_diagnostic,0.8999999761581421,000001.SZ,liquidity,unseen_q
20260518,0.40738698840141296,2.4736766815185547,2.0736286640167236,0.9198089492207139,0.9198089492207139,442,deeponet,20260923,True,all_queries_diagnostic,0.8999999761581421,000001.SZ,liquidity,unseen_q
20260519,0.44027483463287354,2.8391337394714355,2.448230266571045,0.9102471802255819,0.9102471802255819,463,deeponet,20260923,True,all_queries_diagnostic,0.8999999761581421,000001.SZ,liquidity,unseen_q
20260520,0.40266141295433044,2.4907779693603516,2.106818914413452,0.9115995115995116,0.9115995115995116,455,deeponet,20260923,True,all_queries_diagnostic,0.8999999761581421,000001.SZ,liquidity,unseen_q
20260521,0.4086957573890686,2.2634313106536865,1.8075498342514038,0.8929510155316607,0.8929510155316607,465,deeponet,20260923,True,all_queries_diagnostic,0.8999999761581421,000001.SZ,liquidity,unseen_q
20260522,0.42874854803085327,2.6632986068725586,2.2572519779205322,0.8987068965517241,0.8987068965517241,464,deeponet,20260923,True,all_queries_diagnostic,0.8999999761581421,000001.SZ,liquidity,unseen_q
20260525,0.37554430961608887,2.401580572128296,2.063115119934082,0.9264883104362497,0.9264883104362497,461,deeponet,20260923,True,all_queries_diagnostic,0.8999999761581421,000001.SZ,liquidity,unseen_q
20260526,0.46816372871398926,2.588134765625,2.0647594928741455,0.8946360153256705,0.8946360153256705,464,deeponet,20260923,True,all_queries_diagnostic,0.8999999761581421,000001.SZ,liquidity,unseen_q
20260528,0.3825361728668213,2.2112176418304443,1.807681918144226,0.9128352490421455,0.9128352490421455,464,deeponet,20260923,True,all_queries_diagnostic,0.8999999761581421,000001.SZ,liquidity,unseen_q
20260529,0.4952409565448761,2.8601572513580322,2.337094306945801,0.8982078853046596,0.8982078853046596,465,deeponet,20260923,True,all_queries_diagnostic,0.8999999761581421,000001.SZ,liquidity,unseen_q
20260506,0.5127052664756775,1.025410532951355,-0.008383501321077347,0.573208722741433,0.573208722741433,428,deeponet,20260923,False,primary,0.5,000001.SZ,liquidity,unseen_q
20260507,0.6212673187255859,1.2425346374511719,-0.057643964886665344,0.5472103004291845,0.5472103004291845,466,deeponet,20260923,False,primary,0.5,000001.SZ,liquidity,unseen_q
20260508,0.6254991888999939,1.2509983777999878,-0.15599623322486877,0.5393671817512876,0.5393671817512876,453,deeponet,20260923,False,primary,0.5,000001.SZ,liquidity,unseen_q
20260511,0.6658412218093872,1.3316824436187744,-0.1451655477285385,0.4942279942279942,0.4942279942279942,462,deeponet,20260923,False,primary,0.5,000001.SZ,liquidity,unseen_q
20260512,0.6600993275642395,1.320198655128479,-0.10639628022909164,0.5497458242556281,0.5497458242556281,459,deeponet,20260923,False,primary,0.5,000001.SZ,liquidity,unseen_q
20260513,0.5132174491882324,1.0264348983764648,-0.007481333799660206,0.6243727598566308,0.6243727598566308,465,deeponet,20260923,False,primary,0.5,000001.SZ,liquidity,unseen_q
20260514,0.6337472200393677,1.2674944400787354,-0.043541066348552704,0.531024531024531,0.531024531024531,462,deeponet,20260923,False,primary,0.5,000001.SZ,liquidity,unseen_q
20260515,0.6538777947425842,1.3077555894851685,-0.084901362657547,0.5985507246376811,0.5985507246376811,460,deeponet,20260923,False,primary,0.5,000001.SZ,liquidity,unseen_q
20260518,0.5375116467475891,1.0750232934951782,-0.08430083841085434,0.5739064856711915,0.5739064856711915,442,deeponet,20260923,False,primary,0.5,000001.SZ,liquidity,unseen_q
20260519,0.6081981658935547,1.2163963317871094,-0.05000801756978035,0.5493160547156227,0.5493160547156227,463,deeponet,20260923,False,primary,0.5,000001.SZ,liquidity,unseen_q
20260520,0.5690885782241821,1.1381771564483643,-0.05354693904519081,0.5809523809523809,0.5809523809523809,455,deeponet,20260923,False,primary,0.5,000001.SZ,liquidity,unseen_q
20260521,0.6130877733230591,1.2261755466461182,-0.038804639130830765,0.5885304659498208,0.5885304659498208,465,deeponet,20260923,False,primary,0.5,000001.SZ,liquidity,unseen_q
20260522,0.6257195472717285,1.251439094543457,-0.033631615340709686,0.5625,0.5625,464,deeponet,20260923,False,primary,0.5,000001.SZ,liquidity,unseen_q
20260525,0.5280272960662842,1.0560545921325684,-0.03801514208316803,0.5365148228488792,0.5365148228488792,461,deeponet,20260923,False,primary,0.5,000001.SZ,liquidity,unseen_q
20260526,0.7102851271629333,1.4205702543258667,-0.05383928865194321,0.5732758620689655,0.5732758620689655,464,deeponet,20260923,False,primary,0.5,000001.SZ,liquidity,unseen_q
20260528,0.5626850724220276,1.1253701448440552,-0.00552339805290103,0.6091954022988506,0.6091954022988506,464,deeponet,20260923,False,primary,0.5,000001.SZ,liquidity,unseen_q
20260529,0.8336389660835266,1.6672779321670532,-0.026813790202140808,0.5827956989247312,0.5827956989247312,465,deeponet,20260923,False,primary,0.5,000001.SZ,liquidity,unseen_q
20260506,0.3833417594432831,2.1833579540252686,1.7708433866500854,0.9190031152647975,0.9190031152647975,428,deeponet,20260923,False,primary,0.8999999761581421,000001.SZ,liquidity,unseen_q
20260507,0.41640567779541016,2.472630023956299,2.0497734546661377,0.9141630901287554,0.9141630901287554,466,deeponet,20260923,False,primary,0.8999999761581421,000001.SZ,liquidity,unseen_q
20260508,0.46210771799087524,2.200327157974243,1.595139980316162,0.8807947019867549,0.8807947019867549,453,deeponet,20260923,False,primary,0.8999999761581421,000001.SZ,liquidity,unseen_q
20260511,0.46607136726379395,2.715724468231201,2.2294774055480957,0.8852813852813853,0.8852813852813853,462,deeponet,20260923,False,primary,0.8999999761581421,000001.SZ,liquidity,unseen_q
20260512,0.4519168436527252,2.3035635948181152,1.7496626377105713,0.8816267247639797,0.8816267247639797,459,deeponet,20260923,False,primary,0.8999999761581421,000001.SZ,liquidity,unseen_q
20260513,0.36182844638824463,1.8543164730072021,1.4133245944976807,0.8867383512544802,0.8867383512544802,465,deeponet,20260923,False,primary,0.8999999761581421,000001.SZ,liquidity,unseen_q
20260514,0.4480796456336975,2.5475270748138428,2.0642096996307373,0.8982683982683982,0.8982683982683982,462,deeponet,20260923,False,primary,0.8999999761581421,000001.SZ,liquidity,unseen_q
20260515,0.45134028792381287,2.349660873413086,1.8087254762649536,0.8855072463768116,0.8855072463768116,460,deeponet,20260923,False,primary,0.8999999761581421,000001.SZ,liquidity,unseen_q
20260518,0.40265190601348877,2.4390981197357178,2.042243242263794,0.9140271493212669,0.9140271493212669,442,deeponet,20260923,False,primary,0.8999999761581421,000001.SZ,liquidity,unseen_q
20260519,0.43374204635620117,2.818582773208618,2.438873291015625,0.9150467962562996,0.9150467962562996,463,deeponet,20260923,False,primary,0.8999999761581421,000001.SZ,liquidity,unseen_q
20260520,0.4028650224208832,2.478985548019409,2.091569662094116,0.9054945054945055,0.9054945054945055,455,deeponet,20260923,False,primary,0.8999999761581421,000001.SZ,liquidity,unseen_q
20260521,0.39849743247032166,2.2177183628082275,1.7759042978286743,0.8924731182795699,0.8924731182795699,465,deeponet,20260923,False,primary,0.8999999761581421,000001.SZ,liquidity,unseen_q
20260522,0.42499491572380066,2.6598875522613525,2.2623722553253174,0.9058908045977011,0.9058908045977011,464,deeponet,20260923,False,primary,0.8999999761581421,000001.SZ,liquidity,unseen_q
20260525,0.37083905935287476,2.3914172649383545,2.062174081802368,0.9240780911062907,0.9240780911062907,461,deeponet,20260923,False,primary,0.8999999761581421,000001.SZ,liquidity,unseen_q
20260526,0.47958749532699585,2.6023850440979004,2.0540127754211426,0.8915229885057472,0.8915229885057472,464,deeponet,20260923,False,primary,0.8999999761581421,000001.SZ,liquidity,unseen_q
20260528,0.3919277489185333,2.2315237522125244,1.8095853328704834,0.9066091954022989,0.9066091954022989,464,deeponet,20260923,False,primary,0.8999999761581421,000001.SZ,liquidity,unseen_q
20260529,0.517529308795929,2.880664110183716,2.3070068359375,0.8867383512544802,0.8867383512544802,465,deeponet,20260923,False,primary,0.8999999761581421,000001.SZ,liquidity,unseen_q
20260506,0.47651413083076477,0.9530282616615295,-0.004599142353981733,0.6004672897196262,0.6004672897196262,428,deeponet,20260923,False,all_queries_diagnostic,0.5,000001.SZ,liquidity,unseen_q
20260507,0.6075340509414673,1.2150681018829346,-0.06706119328737259,0.5731998092513113,0.5731998092513113,466,deeponet,20260923,False,all_queries_diagnostic,0.5,000001.SZ,liquidity,unseen_q
20260508,0.5931108593940735,1.186221718788147,-0.12555235624313354,0.5695364238410596,0.5695364238410596,453,deeponet,20260923,False,all_queries_diagnostic,0.5,000001.SZ,liquidity,unseen_q
20260511,0.6258968114852905,1.251793622970581,-0.13782386481761932,0.5447330447330447,0.5447330447330447,462,deeponet,20260923,False,all_queries_diagnostic,0.5,000001.SZ,liquidity,unseen_q
20260512,0.6046996116638184,1.2093992233276367,-0.09398314356803894,0.5691115952553861,0.5691115952553861,459,deeponet,20260923,False,all_queries_diagnostic,0.5,000001.SZ,liquidity,unseen_q
20260513,0.4598478376865387,0.9196956753730774,-0.017544101923704147,0.6160095579450419,0.6160095579450419,465,deeponet,20260923,False,all_queries_diagnostic,0.5,000001.SZ,liquidity,unseen_q
20260514,0.6242059469223022,1.2484118938446045,-0.053763747215270996,0.5497835497835498,0.5497835497835498,462,deeponet,20260923,False,all_queries_diagnostic,0.5,000001.SZ,liquidity,unseen_q
20260515,0.6326323747634888,1.2652647495269775,-0.0986853539943695,0.5925120772946859,0.5925120772946859,460,deeponet,20260923,False,all_queries_diagnostic,0.5,000001.SZ,liquidity,unseen_q
20260518,0.5200945138931274,1.0401890277862549,-0.06023940071463585,0.603318250377074,0.603318250377074,442,deeponet,20260923,False,all_queries_diagnostic,0.5,000001.SZ,liquidity,unseen_q
20260519,0.6018010973930359,1.2036021947860718,-0.04896257445216179,0.5783537317014639,0.5783537317014639,463,deeponet,20260923,False,all_queries_diagnostic,0.5,000001.SZ,liquidity,unseen_q
20260520,0.5563854575157166,1.112770915031433,-0.04547065496444702,0.588034188034188,0.588034188034188,455,deeponet,20260923,False,all_queries_diagnostic,0.5,000001.SZ,liquidity,unseen_q
20260521,0.6102410554885864,1.2204821109771729,-0.013479423709213734,0.5837514934289129,0.5837514934289129,465,deeponet,20260923,False,all_queries_diagnostic,0.5,000001.SZ,liquidity,unseen_q
20260522,0.6193860769271851,1.2387721538543701,-0.04649344086647034,0.5591475095785441,0.5591475095785441,464,deeponet,20260923,False,all_queries_diagnostic,0.5,000001.SZ,liquidity,unseen_q
20260525,0.5138858556747437,1.0277717113494873,-0.04391982778906822,0.5651964328753917,0.5651964328753917,461,deeponet,20260923,False,all_queries_diagnostic,0.5,000001.SZ,liquidity,unseen_q
20260526,0.6777218580245972,1.3554437160491943,-0.050149932503700256,0.5866858237547893,0.5866858237547893,464,deeponet,20260923,False,all_queries_diagnostic,0.5,000001.SZ,liquidity,unseen_q
20260528,0.5265945196151733,1.0531890392303467,-0.013214115053415298,0.60727969348659,0.60727969348659,464,deeponet,20260923,False,all_queries_diagnostic,0.5,000001.SZ,liquidity,unseen_q
20260529,0.7832409143447876,1.5664818286895752,-0.004328459035605192,0.5780167264038232,0.5780167264038232,465,deeponet,20260923,False,all_queries_diagnostic,0.5,000001.SZ,liquidity,unseen_q
20260506,0.3728483021259308,2.1703076362609863,1.780763864517212,0.9187435098650052,0.9187435098650052,428,deeponet,20260923,False,all_queries_diagnostic,0.8999999761581421,000001.SZ,liquidity,unseen_q
20260507,0.4272423982620239,2.4922544956207275,2.0472123622894287,0.910824988078207,0.910824988078207,466,deeponet,20260923,False,all_queries_diagnostic,0.8999999761581421,000001.SZ,liquidity,unseen_q
20260508,0.4385205805301666,2.1822237968444824,1.6314784288406372,0.8893794456708364,0.8893794456708364,453,deeponet,20260923,False,all_queries_diagnostic,0.8999999761581421,000001.SZ,liquidity,unseen_q
20260511,0.45967739820480347,2.714926242828369,2.244464635848999,0.8951418951418951,0.8951418951418951,462,deeponet,20260923,False,all_queries_diagnostic,0.8999999761581421,000001.SZ,liquidity,unseen_q
20260512,0.42888200283050537,2.2724709510803223,1.7683838605880737,0.887920600338901,0.887920600338901,459,deeponet,20260923,False,all_queries_diagnostic,0.8999999761581421,000001.SZ,liquidity,unseen_q
20260513,0.3441101610660553,1.8147308826446533,1.408138394355774,0.9017921146953405,0.9017921146953405,465,deeponet,20260923,False,all_queries_diagnostic,0.8999999761581421,000001.SZ,liquidity,unseen_q
20260514,0.450448215007782,2.549586057662964,2.0608623027801514,0.8963443963443963,0.8963443963443963,462,deeponet,20260923,False,all_queries_diagnostic,0.8999999761581421,000001.SZ,liquidity,unseen_q
20260515,0.45094063878059387,2.343090534210205,1.8015117645263672,0.8893719806763285,0.8893719806763285,460,deeponet,20260923,False,all_queries_diagnostic,0.8999999761581421,000001.SZ,liquidity,unseen_q
20260518,0.40738657116889954,2.4736762046813965,2.0736286640167236,0.9198089492207139,0.9198089492207139,442,deeponet,20260923,False,all_queries_diagnostic,0.8999999761581421,000001.SZ,liquidity,unseen_q
20260519,0.44027483463287354,2.8391337394714355,2.448230266571045,0.9102471802255819,0.9102471802255819,463,deeponet,20260923,False,all_queries_diagnostic,0.8999999761581421,000001.SZ,liquidity,unseen_q
20260520,0.40266141295433044,2.4907779693603516,2.106818914413452,0.9115995115995116,0.9115995115995116,455,deeponet,20260923,False,all_queries_diagnostic,0.8999999761581421,000001.SZ,liquidity,unseen_q
20260521,0.4086957573890686,2.2634313106536865,1.8075498342514038,0.8929510155316607,0.8929510155316607,465,deeponet,20260923,False,all_queries_diagnostic,0.8999999761581421,000001.SZ,liquidity,unseen_q
20260522,0.42874854803085327,2.6632986068725586,2.2572519779205322,0.8987068965517241,0.8987068965517241,464,deeponet,20260923,False,all_queries_diagnostic,0.8999999761581421,000001.SZ,liquidity,unseen_q
20260525,0.37554430961608887,2.401580572128296,2.063115119934082,0.9264883104362497,0.9264883104362497,461,deeponet,20260923,False,all_queries_diagnostic,0.8999999761581421,000001.SZ,liquidity,unseen_q
20260526,0.46816372871398926,2.588134765625,2.0647594928741455,0.8946360153256705,0.8946360153256705,464,deeponet,20260923,False,all_queries_diagnostic,0.8999999761581421,000001.SZ,liquidity,unseen_q
20260528,0.38208991289138794,2.2107627391815186,1.8082289695739746,0.9128352490421455,0.9128352490421455,464,deeponet,20260923,False,all_queries_diagnostic,0.8999999761581421,000001.SZ,liquidity,unseen_q
20260529,0.4952409565448761,2.8601572513580322,2.337094306945801,0.8982078853046596,0.8982078853046596,465,deeponet,20260923,False,all_queries_diagnostic,0.8999999761581421,000001.SZ,liquidity,unseen_q
20260506,1.0116406324230343,2.0232812648460685,0.26729768777156,0.5545171339563864,0.5661993769470405,428,state_tree_linear,-1,True,primary,0.5,000001.SZ,liquidity,unseen_q
20260507,1.04622706488457,2.09245412976914,-0.5758580541248418,0.4284692417739628,0.44921316165951364,466,state_tree_linear,-1,True,primary,0.5,000001.SZ,liquidity,unseen_q
20260508,1.0347311214745545,2.069462242949109,-0.6992748108000585,0.3980868285504047,0.41648270787343633,453,state_tree_linear,-1,True,primary,0.5,000001.SZ,liquidity,unseen_q
20260511,1.150791347272599,2.301582694545198,-0.773263616056029,0.3722943722943723,0.3722943722943723,462,state_tree_linear,-1,True,primary,0.5,000001.SZ,liquidity,unseen_q
20260512,1.1820451950494695,2.364090390098939,-0.6005817651405738,0.4517066085693537,0.4517066085693537,459,state_tree_linear,-1,True,primary,0.5,000001.SZ,liquidity,unseen_q
20260513,0.8346266454711996,1.6692532909423992,-0.11294754547826949,0.47025089605734766,0.5369175627240144,465,state_tree_linear,-1,True,primary,0.5,000001.SZ,liquidity,unseen_q
20260514,1.126542422244942,2.253084844489884,-0.794951377402084,0.3932178932178932,0.41053391053391053,462,state_tree_linear,-1,True,primary,0.5,000001.SZ,liquidity,unseen_q
20260515,1.0421351980632672,2.0842703961265343,0.22032430927622704,0.5579710144927537,0.6260869565217392,460,state_tree_linear,-1,True,primary,0.5,000001.SZ,liquidity,unseen_q
20260518,0.9665824760553285,1.933164952110657,-0.008542788123810806,0.5135746606334841,0.5158371040723982,442,state_tree_linear,-1,True,primary,0.5,000001.SZ,liquidity,unseen_q
20260519,0.8797850862533663,1.7595701725067325,-0.010332213344582638,0.515478761699064,0.5277177825773939,463,state_tree_linear,-1,True,primary,0.5,000001.SZ,liquidity,unseen_q
20260520,0.8393898663869491,1.6787797327738982,-0.0962102845860817,0.4981684981684982,0.5787545787545787,455,state_tree_linear,-1,True,primary,0.5,000001.SZ,liquidity,unseen_q
20260521,1.0021791834244482,2.0043583668488965,0.34624684875415007,0.6043010752688172,0.6451612903225806,465,state_tree_linear,-1,True,primary,0.5,000001.SZ,liquidity,unseen_q
20260522,0.9917155675227372,1.9834311350454743,0.3595510049453446,0.5897988505747127,0.5897988505747127,464,state_tree_linear,-1,True,primary,0.5,000001.SZ,liquidity,unseen_q
20260525,0.9826272995061297,1.9652545990122594,-0.19571664295849175,0.4837310195227766,0.4837310195227766,461,state_tree_linear,-1,True,primary,0.5,000001.SZ,liquidity,unseen_q
20260526,1.0426901387523007,2.0853802775046013,0.05407068928324219,0.5244252873563219,0.5244252873563219,464,state_tree_linear,-1,True,primary,0.5,000001.SZ,liquidity,unseen_q
20260528,0.9832585248998107,1.9665170497996214,0.5436817051627145,0.6429597701149425,0.6573275862068966,464,state_tree_linear,-1,True,primary,0.5,000001.SZ,liquidity,unseen_q
20260529,1.177859229401835,2.35571845880367,0.39070425664494196,0.5985663082437276,0.6021505376344086,465,state_tree_linear,-1,True,primary,0.5,000001.SZ,liquidity,unseen_q
20260506,0.5850082464431984,2.783173884347952,2.016446859516543,0.7601246105919003,0.7601246105919003,428,state_tree_linear,-1,True,primary,0.8999999761581421,000001.SZ,liquidity,unseen_q
20260507,0.6339780628637457,2.552766632775699,1.6060132295361076,0.7195994277539342,0.7195994277539342,466,state_tree_linear,-1,True,primary,0.8999999761581421,000001.SZ,liquidity,unseen_q
20260508,0.7041895925850467,2.4396733436376494,1.2891177749218523,0.6526857983811627,0.6526857983811627,453,state_tree_linear,-1,True,primary,0.8999999761581421,000001.SZ,liquidity,unseen_q
20260511,0.7452712398716829,2.7559856881787175,1.581804104827062,0.6789321789321789,0.6789321789321789,462,state_tree_linear,-1,True,primary,0.8999999761581421,000001.SZ,liquidity,unseen_q
20260512,0.7759977339689742,2.5723108956100025,1.2753943606094957,0.6681190994916486,0.6681190994916486,459,state_tree_linear,-1,True,primary,0.8999999761581421,000001.SZ,liquidity,unseen_q
20260513,0.5000256996120023,2.1112680428775517,1.3890208873590308,0.7333333333333333,0.7333333333333333,465,state_tree_linear,-1,True,primary,0.8999999761581421,000001.SZ,liquidity,unseen_q
20260514,0.7515659278456328,2.6408899534401686,1.422197706955718,0.6774891774891775,0.6774891774891775,462,state_tree_linear,-1,True,primary,0.8999999761581421,000001.SZ,liquidity,unseen_q
20260515,0.5964109985863852,2.903443359129001,2.1382768298965185,0.7898550724637681,0.7898550724637681,460,state_tree_linear,-1,True,primary,0.8999999761581421,000001.SZ,liquidity,unseen_q
20260518,0.5689676114710404,2.7243624622086013,1.9830341672811982,0.7518853695324283,0.7518853695324283,442,state_tree_linear,-1,True,primary,0.8999999761581421,000001.SZ,liquidity,unseen_q
20260519,0.508699124029202,2.914761186161705,2.37170381399369,0.8207343412526998,0.8207343412526998,463,state_tree_linear,-1,True,primary,0.8999999761581421,000001.SZ,liquidity,unseen_q
20260520,0.5138724670661181,2.6886391356471333,2.07611787563989,0.810989010989011,0.810989010989011,455,state_tree_linear,-1,True,primary,0.8999999761581421,000001.SZ,liquidity,unseen_q
20260521,0.5230201689788648,2.798032128337621,2.189989868508433,0.8164874551971326,0.8164874551971326,465,state_tree_linear,-1,True,primary,0.8999999761581421,000001.SZ,liquidity,unseen_q
20260522,0.5217132774725595,3.1780828497438636,2.668320527542728,0.8225574712643678,0.8225574712643678,464,state_tree_linear,-1,True,primary,0.8999999761581421,000001.SZ,liquidity,unseen_q
20260525,0.5518403585211202,2.665655350870391,1.9524684086613742,0.7577729573391179,0.7577729573391179,461,state_tree_linear,-1,True,primary,0.8999999761581421,000001.SZ,liquidity,unseen_q
20260526,0.5493243928494361,2.9298443327641857,2.28899457026635,0.783764367816092,0.783764367816092,464,state_tree_linear,-1,True,primary,0.8999999761581421,000001.SZ,liquidity,unseen_q
20260528,0.4982263067370782,2.86474680801429,2.33536788237394,0.8326149425287356,0.8326149425287356,464,state_tree_linear,-1,True,primary,0.8999999761581421,000001.SZ,liquidity,unseen_q
20260529,0.6130582693533521,3.1544358636806766,2.41039929988846,0.7777777777777778,0.7777777777777778,465,state_tree_linear,-1,True,primary,0.8999999761581421,000001.SZ,liquidity,unseen_q
20260506,0.6411604541336137,1.2823209082672273,0.05630185812567192,0.40368639667705086,0.6323987538940811,428,state_tree_linear,-1,True,all_queries_diagnostic,0.5,000001.SZ,liquidity,unseen_q
20260507,0.7511955417046575,1.502391083409315,-0.2641210129173756,0.3860276585598474,0.5584167858845971,466,state_tree_linear,-1,True,all_queries_diagnostic,0.5,000001.SZ,liquidity,unseen_q
20260508,0.7275514709112525,1.455102941822505,-0.34668132369759236,0.34706892322786365,0.541084130488104,453,state_tree_linear,-1,True,all_queries_diagnostic,0.5,000001.SZ,liquidity,unseen_q
20260511,0.7879527603999134,1.5759055207998267,-0.3755888542341366,0.35858585858585856,0.5076960076960076,462,state_tree_linear,-1,True,all_queries_diagnostic,0.5,000001.SZ,liquidity,unseen_q
20260512,0.7774818782159013,1.5549637564318026,-0.28791312342390457,0.3764221738077947,0.5657225853304285,459,state_tree_linear,-1,True,all_queries_diagnostic,0.5,000001.SZ,liquidity,unseen_q
20260513,0.5645136902193775,1.129027380438755,-0.07436737699698644,0.3722819593787336,0.6599761051373954,465,state_tree_linear,-1,True,all_queries_diagnostic,0.5,000001.SZ,liquidity,unseen_q
20260514,0.7868149826220743,1.5736299652441486,-0.3383850087114871,0.3694083694083694,0.5312650312650312,462,state_tree_linear,-1,True,all_queries_diagnostic,0.5,000001.SZ,liquidity,unseen_q
20260515,0.7588681543219605,1.517736308643921,-0.033540286136624846,0.39492753623188404,0.6391304347826087,460,state_tree_linear,-1,True,all_queries_diagnostic,0.5,000001.SZ,liquidity,unseen_q
20260518,0.6603574525368962,1.3207149050737923,-0.0571777001114273,0.41855203619909503,0.6123680241327301,442,state_tree_linear,-1,True,all_queries_diagnostic,0.5,000001.SZ,liquidity,unseen_q
20260519,0.6902294331055583,1.3804588662111166,-0.06970435343210515,0.4173266138708903,0.5826733861291097,463,state_tree_linear,-1,True,all_queries_diagnostic,0.5,000001.SZ,liquidity,unseen_q
20260520,0.6435090471799916,1.2870180943599832,-0.09012336061736813,0.3836385836385836,0.6234432234432234,455,state_tree_linear,-1,True,all_queries_diagnostic,0.5,000001.SZ,liquidity,unseen_q
20260521,0.7399214974769859,1.4798429949539718,0.08384408052516512,0.4217443249701314,0.6528076463560334,465,state_tree_linear,-1,True,all_queries_diagnostic,0.5,000001.SZ,liquidity,unseen_q
20260522,0.7406161783037861,1.4812323566075722,0.04542419888896431,0.43414750957854403,0.6039272030651341,464,state_tree_linear,-1,True,all_queries_diagnostic,0.5,000001.SZ,liquidity,unseen_q
20260525,0.6623884449951135,1.324776889990227,-0.11639025793487237,0.383706917329477,0.5806218365871295,461,state_tree_linear,-1,True,all_queries_diagnostic,0.5,000001.SZ,liquidity,unseen_q
20260526,0.7867497240517547,1.5734994481035094,-0.04255603717729616,0.42385057471264365,0.6020114942528735,464,state_tree_linear,-1,True,all_queries_diagnostic,0.5,000001.SZ,liquidity,unseen_q
20260528,0.664834659309933,1.329669318619866,0.14764430253318686,0.43678160919540227,0.6800766283524904,464,state_tree_linear,-1,True,all_queries_diagnostic,0.5,000001.SZ,liquidity,unseen_q
20260529,0.8976925412332047,1.7953850824664095,0.11506336729629354,0.45256869772998803,0.6508960573476703,465,state_tree_linear,-1,True,all_queries_diagnostic,0.5,000001.SZ,liquidity,unseen_q
20260506,0.43186927584984364,2.3095625463069394,1.8072801009813537,0.8691588785046729,0.8691588785046729,428,state_tree_linear,-1,True,all_queries_diagnostic,0.8999999761581421,000001.SZ,liquidity,unseen_q
20260507,0.4787777649141827,2.488338902427181,1.9134793298007753,0.8538388173581306,0.8538388173581306,466,state_tree_linear,-1,True,all_queries_diagnostic,0.8999999761581421,000001.SZ,liquidity,unseen_q
20260508,0.4846887044608271,2.278812166484974,1.6367935445146475,0.8268334559725288,0.8268334559725288,453,state_tree_linear,-1,True,all_queries_diagnostic,0.8999999761581421,000001.SZ,liquidity,unseen_q
20260511,0.5369258072555908,2.6540848235327186,1.9752916290134774,0.8292448292448292,0.8292448292448292,462,state_tree_linear,-1,True,all_queries_diagnostic,0.8999999761581421,000001.SZ,liquidity,unseen_q
20260512,0.5223384966148965,2.314560915914253,1.5873549979693058,0.8240135560396998,0.8240135560396998,459,state_tree_linear,-1,True,all_queries_diagnostic,0.8999999761581421,000001.SZ,liquidity,unseen_q
20260513,0.3775007791514508,1.8999305816168282,1.4311613644462733,0.8618876941457586,0.8618876941457586,465,state_tree_linear,-1,True,all_queries_diagnostic,0.8999999761581421,000001.SZ,liquidity,unseen_q
20260514,0.5244762155121155,2.5507585084556714,1.8772577086825797,0.8297258297258296,0.8297258297258296,462,state_tree_linear,-1,True,all_queries_diagnostic,0.8999999761581421,000001.SZ,liquidity,unseen_q
20260515,0.4915021862922002,2.490743741267656,1.8846743231894123,0.8652173913043478,0.8652173913043478,460,state_tree_linear,-1,True,all_queries_diagnostic,0.8999999761581421,000001.SZ,liquidity,unseen_q
20260518,0.4510703264862788,2.452252393249616,1.9376397908386545,0.8677727501256913,0.8677727501256913,442,state_tree_linear,-1,True,all_queries_diagnostic,0.8999999761581421,000001.SZ,liquidity,unseen_q
20260519,0.45170589557817564,2.7485998469885966,2.3064852072675377,0.8843292536597073,0.8843292536597073,463,state_tree_linear,-1,True,all_queries_diagnostic,0.8999999761581421,000001.SZ,liquidity,unseen_q
20260520,0.4212685778096969,2.506727724094274,2.0802383345854674,0.8871794871794872,0.8871794871794872,455,state_tree_linear,-1,True,all_queries_diagnostic,0.8999999761581421,000001.SZ,liquidity,unseen_q
20260521,0.4195911801077248,2.3842750105704607,1.9313659280621436,0.8781362007168458,0.8781362007168458,465,state_tree_linear,-1,True,all_queries_diagnostic,0.8999999761581421,000001.SZ,liquidity,unseen_q
20260522,0.44635726106847307,2.774538135471119,2.3522796568745097,0.8704501915708811,0.8704501915708811,464,state_tree_linear,-1,True,all_queries_diagnostic,0.8999999761581421,000001.SZ,liquidity,unseen_q
20260525,0.41783292611228395,2.4614240186282945,2.0321978291330876,0.880935165100024,0.880935165100024,461,state_tree_linear,-1,True,all_queries_diagnostic,0.8999999761581421,000001.SZ,liquidity,unseen_q
20260526,0.46895883278609907,2.691826813165278,2.1923865651677725,0.86566091954023,0.86566091954023,464,state_tree_linear,-1,True,all_queries_diagnostic,0.8999999761581421,000001.SZ,liquidity,unseen_q
20260528,0.40879629797964634,2.3727681311471494,1.9439695348544346,0.8955938697318008,0.8955938697318008,464,state_tree_linear,-1,True,all_queries_diagnostic,0.8999999761581421,000001.SZ,liquidity,unseen_q
20260529,0.5267086126601119,2.7618830335516837,2.1355823875799542,0.854958183990442,0.854958183990442,465,state_tree_linear,-1,True,all_queries_diagnostic,0.8999999761581421,000001.SZ,liquidity,unseen_q
20260506,1.0116406324230343,2.0232812648460685,0.26729768777156,0.5545171339563864,0.5661993769470405,428,state_tree_linear,-1,False,primary,0.5,000001.SZ,liquidity,unseen_q
20260507,1.04622706488457,2.09245412976914,-0.5758580541248418,0.4284692417739628,0.44921316165951364,466,state_tree_linear,-1,False,primary,0.5,000001.SZ,liquidity,unseen_q
20260508,1.0347311214745545,2.069462242949109,-0.6992748108000585,0.3980868285504047,0.41648270787343633,453,state_tree_linear,-1,False,primary,0.5,000001.SZ,liquidity,unseen_q
20260511,1.150791347272599,2.301582694545198,-0.773263616056029,0.3722943722943723,0.3722943722943723,462,state_tree_linear,-1,False,primary,0.5,000001.SZ,liquidity,unseen_q
20260512,1.1820451950494695,2.364090390098939,-0.6005817651405738,0.4517066085693537,0.4517066085693537,459,state_tree_linear,-1,False,primary,0.5,000001.SZ,liquidity,unseen_q
20260513,0.8346266454711996,1.6692532909423992,-0.11294754547826949,0.47025089605734766,0.5369175627240144,465,state_tree_linear,-1,False,primary,0.5,000001.SZ,liquidity,unseen_q
20260514,1.126542422244942,2.253084844489884,-0.794951377402084,0.3932178932178932,0.41053391053391053,462,state_tree_linear,-1,False,primary,0.5,000001.SZ,liquidity,unseen_q
20260515,1.0421351980632672,2.0842703961265343,0.22032430927622704,0.5579710144927537,0.6260869565217392,460,state_tree_linear,-1,False,primary,0.5,000001.SZ,liquidity,unseen_q
20260518,0.9665824760553285,1.933164952110657,-0.008542788123810806,0.5135746606334841,0.5158371040723982,442,state_tree_linear,-1,False,primary,0.5,000001.SZ,liquidity,unseen_q
20260519,0.8797850862533663,1.7595701725067325,-0.010332213344582638,0.515478761699064,0.5277177825773939,463,state_tree_linear,-1,False,primary,0.5,000001.SZ,liquidity,unseen_q
20260520,0.8393898663869491,1.6787797327738982,-0.0962102845860817,0.4981684981684982,0.5787545787545787,455,state_tree_linear,-1,False,primary,0.5,000001.SZ,liquidity,unseen_q
20260521,1.0021791834244482,2.0043583668488965,0.34624684875415007,0.6043010752688172,0.6451612903225806,465,state_tree_linear,-1,False,primary,0.5,000001.SZ,liquidity,unseen_q
20260522,0.9917155675227372,1.9834311350454743,0.3595510049453446,0.5897988505747127,0.5897988505747127,464,state_tree_linear,-1,False,primary,0.5,000001.SZ,liquidity,unseen_q
20260525,0.9826272995061297,1.9652545990122594,-0.19571664295849175,0.4837310195227766,0.4837310195227766,461,state_tree_linear,-1,False,primary,0.5,000001.SZ,liquidity,unseen_q
20260526,1.0426901387523007,2.0853802775046013,0.05407068928324219,0.5244252873563219,0.5244252873563219,464,state_tree_linear,-1,False,primary,0.5,000001.SZ,liquidity,unseen_q
20260528,0.9832585248998107,1.9665170497996214,0.5436817051627145,0.6429597701149425,0.6573275862068966,464,state_tree_linear,-1,False,primary,0.5,000001.SZ,liquidity,unseen_q
20260529,1.177859229401835,2.35571845880367,0.39070425664494196,0.5985663082437276,0.6021505376344086,465,state_tree_linear,-1,False,primary,0.5,000001.SZ,liquidity,unseen_q
20260506,0.5850082464431984,2.783173884347952,2.016446859516543,0.7601246105919003,0.7601246105919003,428,state_tree_linear,-1,False,primary,0.8999999761581421,000001.SZ,liquidity,unseen_q
20260507,0.6339780628637457,2.552766632775699,1.6060132295361076,0.7195994277539342,0.7195994277539342,466,state_tree_linear,-1,False,primary,0.8999999761581421,000001.SZ,liquidity,unseen_q
20260508,0.7041895925850467,2.4396733436376494,1.2891177749218523,0.6526857983811627,0.6526857983811627,453,state_tree_linear,-1,False,primary,0.8999999761581421,000001.SZ,liquidity,unseen_q
20260511,0.7452712398716829,2.7559856881787175,1.581804104827062,0.6789321789321789,0.6789321789321789,462,state_tree_linear,-1,False,primary,0.8999999761581421,000001.SZ,liquidity,unseen_q
20260512,0.7759977339689742,2.5723108956100025,1.2753943606094957,0.6681190994916486,0.6681190994916486,459,state_tree_linear,-1,False,primary,0.8999999761581421,000001.SZ,liquidity,unseen_q
20260513,0.5000256996120023,2.1112680428775517,1.3890208873590308,0.7333333333333333,0.7333333333333333,465,state_tree_linear,-1,False,primary,0.8999999761581421,000001.SZ,liquidity,unseen_q
20260514,0.7515659278456328,2.6408899534401686,1.422197706955718,0.6774891774891775,0.6774891774891775,462,state_tree_linear,-1,False,primary,0.8999999761581421,000001.SZ,liquidity,unseen_q
20260515,0.5964109985863852,2.903443359129001,2.1382768298965185,0.7898550724637681,0.7898550724637681,460,state_tree_linear,-1,False,primary,0.8999999761581421,000001.SZ,liquidity,unseen_q
20260518,0.5689676114710404,2.7243624622086013,1.9830341672811982,0.7518853695324283,0.7518853695324283,442,state_tree_linear,-1,False,primary,0.8999999761581421,000001.SZ,liquidity,unseen_q
20260519,0.508699124029202,2.914761186161705,2.37170381399369,0.8207343412526998,0.8207343412526998,463,state_tree_linear,-1,False,primary,0.8999999761581421,000001.SZ,liquidity,unseen_q
20260520,0.5138724670661181,2.6886391356471333,2.07611787563989,0.810989010989011,0.810989010989011,455,state_tree_linear,-1,False,primary,0.8999999761581421,000001.SZ,liquidity,unseen_q
20260521,0.5230201689788648,2.798032128337621,2.189989868508433,0.8164874551971326,0.8164874551971326,465,state_tree_linear,-1,False,primary,0.8999999761581421,000001.SZ,liquidity,unseen_q
20260522,0.5217132774725595,3.1780828497438636,2.668320527542728,0.8225574712643678,0.8225574712643678,464,state_tree_linear,-1,False,primary,0.8999999761581421,000001.SZ,liquidity,unseen_q
20260525,0.5518403585211202,2.665655350870391,1.9524684086613742,0.7577729573391179,0.7577729573391179,461,state_tree_linear,-1,False,primary,0.8999999761581421,000001.SZ,liquidity,unseen_q
20260526,0.5493243928494361,2.9298443327641857,2.28899457026635,0.783764367816092,0.783764367816092,464,state_tree_linear,-1,False,primary,0.8999999761581421,000001.SZ,liquidity,unseen_q
20260528,0.4982263067370782,2.86474680801429,2.33536788237394,0.8326149425287356,0.8326149425287356,464,state_tree_linear,-1,False,primary,0.8999999761581421,000001.SZ,liquidity,unseen_q
20260529,0.6130582693533521,3.1544358636806766,2.41039929988846,0.7777777777777778,0.7777777777777778,465,state_tree_linear,-1,False,primary,0.8999999761581421,000001.SZ,liquidity,unseen_q
20260506,0.6411604541336137,1.2823209082672273,0.05630185812567192,0.40368639667705086,0.6323987538940811,428,state_tree_linear,-1,False,all_queries_diagnostic,0.5,000001.SZ,liquidity,unseen_q
20260507,0.7511955417046575,1.502391083409315,-0.2641210129173756,0.3860276585598474,0.5584167858845971,466,state_tree_linear,-1,False,all_queries_diagnostic,0.5,000001.SZ,liquidity,unseen_q
20260508,0.7275514709112525,1.455102941822505,-0.34668132369759236,0.34706892322786365,0.541084130488104,453,state_tree_linear,-1,False,all_queries_diagnostic,0.5,000001.SZ,liquidity,unseen_q
20260511,0.7879527603999134,1.5759055207998267,-0.3755888542341366,0.35858585858585856,0.5076960076960076,462,state_tree_linear,-1,False,all_queries_diagnostic,0.5,000001.SZ,liquidity,unseen_q
20260512,0.7774818782159013,1.5549637564318026,-0.28791312342390457,0.3764221738077947,0.5657225853304285,459,state_tree_linear,-1,False,all_queries_diagnostic,0.5,000001.SZ,liquidity,unseen_q
20260513,0.5645136902193775,1.129027380438755,-0.07436737699698644,0.3722819593787336,0.6599761051373954,465,state_tree_linear,-1,False,all_queries_diagnostic,0.5,000001.SZ,liquidity,unseen_q
20260514,0.7868149826220743,1.5736299652441486,-0.3383850087114871,0.3694083694083694,0.5312650312650312,462,state_tree_linear,-1,False,all_queries_diagnostic,0.5,000001.SZ,liquidity,unseen_q
20260515,0.7588681543219605,1.517736308643921,-0.033540286136624846,0.39492753623188404,0.6391304347826087,460,state_tree_linear,-1,False,all_queries_diagnostic,0.5,000001.SZ,liquidity,unseen_q
20260518,0.6603574525368962,1.3207149050737923,-0.0571777001114273,0.41855203619909503,0.6123680241327301,442,state_tree_linear,-1,False,all_queries_diagnostic,0.5,000001.SZ,liquidity,unseen_q
20260519,0.6902294331055583,1.3804588662111166,-0.06970435343210515,0.4173266138708903,0.5826733861291097,463,state_tree_linear,-1,False,all_queries_diagnostic,0.5,000001.SZ,liquidity,unseen_q
20260520,0.6435090471799916,1.2870180943599832,-0.09012336061736813,0.3836385836385836,0.6234432234432234,455,state_tree_linear,-1,False,all_queries_diagnostic,0.5,000001.SZ,liquidity,unseen_q
20260521,0.7399214974769859,1.4798429949539718,0.08384408052516512,0.4217443249701314,0.6528076463560334,465,state_tree_linear,-1,False,all_queries_diagnostic,0.5,000001.SZ,liquidity,unseen_q
20260522,0.7406161783037861,1.4812323566075722,0.04542419888896431,0.43414750957854403,0.6039272030651341,464,state_tree_linear,-1,False,all_queries_diagnostic,0.5,000001.SZ,liquidity,unseen_q
20260525,0.6623884449951135,1.324776889990227,-0.11639025793487237,0.383706917329477,0.5806218365871295,461,state_tree_linear,-1,False,all_queries_diagnostic,0.5,000001.SZ,liquidity,unseen_q
20260526,0.7867497240517547,1.5734994481035094,-0.04255603717729616,0.42385057471264365,0.6020114942528735,464,state_tree_linear,-1,False,all_queries_diagnostic,0.5,000001.SZ,liquidity,unseen_q
20260528,0.664834659309933,1.329669318619866,0.14764430253318686,0.43678160919540227,0.6800766283524904,464,state_tree_linear,-1,False,all_queries_diagnostic,0.5,000001.SZ,liquidity,unseen_q
20260529,0.8976925412332047,1.7953850824664095,0.11506336729629354,0.45256869772998803,0.6508960573476703,465,state_tree_linear,-1,False,all_queries_diagnostic,0.5,000001.SZ,liquidity,unseen_q
20260506,0.43186927584984364,2.3095625463069394,1.8072801009813537,0.8691588785046729,0.8691588785046729,428,state_tree_linear,-1,False,all_queries_diagnostic,0.8999999761581421,000001.SZ,liquidity,unseen_q
20260507,0.4787777649141827,2.488338902427181,1.9134793298007753,0.8538388173581306,0.8538388173581306,466,state_tree_linear,-1,False,all_queries_diagnostic,0.8999999761581421,000001.SZ,liquidity,unseen_q
20260508,0.4846887044608271,2.278812166484974,1.6367935445146475,0.8268334559725288,0.8268334559725288,453,state_tree_linear,-1,False,all_queries_diagnostic,0.8999999761581421,000001.SZ,liquidity,unseen_q
20260511,0.5369258072555908,2.6540848235327186,1.9752916290134774,0.8292448292448292,0.8292448292448292,462,state_tree_linear,-1,False,all_queries_diagnostic,0.8999999761581421,000001.SZ,liquidity,unseen_q
20260512,0.5223384966148965,2.314560915914253,1.5873549979693058,0.8240135560396998,0.8240135560396998,459,state_tree_linear,-1,False,all_queries_diagnostic,0.8999999761581421,000001.SZ,liquidity,unseen_q
20260513,0.3775007791514508,1.8999305816168282,1.4311613644462733,0.8618876941457586,0.8618876941457586,465,state_tree_linear,-1,False,all_queries_diagnostic,0.8999999761581421,000001.SZ,liquidity,unseen_q
20260514,0.5244762155121155,2.5507585084556714,1.8772577086825797,0.8297258297258296,0.8297258297258296,462,state_tree_linear,-1,False,all_queries_diagnostic,0.8999999761581421,000001.SZ,liquidity,unseen_q
20260515,0.4915021862922002,2.490743741267656,1.8846743231894123,0.8652173913043478,0.8652173913043478,460,state_tree_linear,-1,False,all_queries_diagnostic,0.8999999761581421,000001.SZ,liquidity,unseen_q
20260518,0.4510703264862788,2.452252393249616,1.9376397908386545,0.8677727501256913,0.8677727501256913,442,state_tree_linear,-1,False,all_queries_diagnostic,0.8999999761581421,000001.SZ,liquidity,unseen_q
20260519,0.45167860435873003,2.7485452645497053,2.3064852072675377,0.8850491960643149,0.8850491960643149,463,state_tree_linear,-1,False,all_queries_diagnostic,0.8999999761581421,000001.SZ,liquidity,unseen_q
20260520,0.4212685778096969,2.506727724094274,2.0802383345854674,0.8871794871794872,0.8871794871794872,455,state_tree_linear,-1,False,all_queries_diagnostic,0.8999999761581421,000001.SZ,liquidity,unseen_q
20260521,0.4195911801077248,2.3842750105704607,1.9313659280621436,0.8781362007168458,0.8781362007168458,465,state_tree_linear,-1,False,all_queries_diagnostic,0.8999999761581421,000001.SZ,liquidity,unseen_q
20260522,0.44635726106847307,2.774538135471119,2.3522796568745097,0.8704501915708811,0.8704501915708811,464,state_tree_linear,-1,False,all_queries_diagnostic,0.8999999761581421,000001.SZ,liquidity,unseen_q
20260525,0.41783292611228395,2.4614240186282945,2.0321978291330876,0.880935165100024,0.880935165100024,461,state_tree_linear,-1,False,all_queries_diagnostic,0.8999999761581421,000001.SZ,liquidity,unseen_q
20260526,0.46895883278609907,2.691826813165278,2.1923865651677725,0.86566091954023,0.86566091954023,464,state_tree_linear,-1,False,all_queries_diagnostic,0.8999999761581421,000001.SZ,liquidity,unseen_q
20260528,0.40879629797964634,2.3727681311471494,1.9439695348544346,0.8955938697318008,0.8955938697318008,464,state_tree_linear,-1,False,all_queries_diagnostic,0.8999999761581421,000001.SZ,liquidity,unseen_q
20260529,0.526673565337516,2.7618129389064916,2.1355823875799542,0.854958183990442,0.854958183990442,465,state_tree_linear,-1,False,all_queries_diagnostic,0.8999999761581421,000001.SZ,liquidity,unseen_q
20260506,0.5129671061798313,1.0259342123596626,-0.05652573862679917,0.5272585669781932,0.5389408099688473,428,state_tree_residual_linear,-1,True,primary,0.5,000001.SZ,liquidity,unseen_q
20260507,0.6273392195060583,1.2546784390121166,-0.10028750606236521,0.4978540772532189,0.5185979971387696,466,state_tree_residual_linear,-1,True,primary,0.5,000001.SZ,liquidity,unseen_q
20260508,0.6266517882650239,1.2533035765300478,-0.22020306681480825,0.46946284032376745,0.4878587196467991,453,state_tree_residual_linear,-1,True,primary,0.5,000001.SZ,liquidity,unseen_q
20260511,0.6713480961269309,1.3426961922538618,-0.19324624965577608,0.4473304473304473,0.4473304473304473,462,state_tree_residual_linear,-1,True,primary,0.5,000001.SZ,liquidity,unseen_q
20260512,0.6617823020530554,1.3235646041061109,-0.15270372265466764,0.5330428467683369,0.5330428467683369,459,state_tree_residual_linear,-1,True,primary,0.5,000001.SZ,liquidity,unseen_q
20260513,0.5124631026859682,1.0249262053719363,-0.04194365831633369,0.5412186379928315,0.6078853046594982,465,state_tree_residual_linear,-1,True,primary,0.5,000001.SZ,liquidity,unseen_q
20260514,0.6359788944520005,1.271957788904001,-0.10118604933957644,0.4769119769119769,0.4942279942279942,462,state_tree_residual_linear,-1,True,primary,0.5,000001.SZ,liquidity,unseen_q
20260515,0.6505881504309661,1.3011763008619321,-0.14347462697576419,0.5217391304347826,0.5898550724637681,460,state_tree_residual_linear,-1,True,primary,0.5,000001.SZ,liquidity,unseen_q
20260518,0.5358346152572513,1.0716692305145026,-0.12125810081713002,0.5475113122171946,0.5497737556561086,442,state_tree_residual_linear,-1,True,primary,0.5,000001.SZ,liquidity,unseen_q
20260519,0.6117102462005072,1.2234204924010144,-0.10902488153029329,0.4982001439884809,0.5104391648668106,463,state_tree_residual_linear,-1,True,primary,0.5,000001.SZ,liquidity,unseen_q
20260520,0.56854740372293,1.13709480744586,-0.10566609954504154,0.47692307692307695,0.5575091575091575,455,state_tree_residual_linear,-1,True,primary,0.5,000001.SZ,liquidity,unseen_q
20260521,0.6152314106514075,1.230462821302815,-0.09079633391985106,0.5519713261648745,0.592831541218638,465,state_tree_residual_linear,-1,True,primary,0.5,000001.SZ,liquidity,unseen_q
20260522,0.6290205802823643,1.2580411605647286,-0.10130532137118543,0.5488505747126436,0.5488505747126436,464,state_tree_residual_linear,-1,True,primary,0.5,000001.SZ,liquidity,unseen_q
20260525,0.5280305424877969,1.0560610849755938,-0.07226674414517985,0.4837310195227766,0.4837310195227766,461,state_tree_residual_linear,-1,True,primary,0.5,000001.SZ,liquidity,unseen_q
20260526,0.710648342024755,1.42129668404951,-0.1012442428654806,0.5431034482758621,0.5431034482758621,464,state_tree_residual_linear,-1,True,primary,0.5,000001.SZ,liquidity,unseen_q
20260528,0.5612805774574574,1.1225611549149148,-0.041437476786867114,0.5926724137931034,0.6070402298850575,464,state_tree_residual_linear,-1,True,primary,0.5,000001.SZ,liquidity,unseen_q
20260529,0.8352784079201347,1.6705568158402695,-0.05924388932567533,0.5792114695340501,0.5827956989247312,465,state_tree_residual_linear,-1,True,primary,0.5,000001.SZ,liquidity,unseen_q
20260506,0.3805910547243564,2.115280775232685,1.692623433118184,0.9182242990654206,0.9182242990654206,428,state_tree_residual_linear,-1,True,primary,0.8999999761581421,000001.SZ,liquidity,unseen_q
20260507,0.39589715036237705,2.4570612235459723,2.0815837775985844,0.9341917024320457,0.9341917024320457,466,state_tree_residual_linear,-1,True,primary,0.8999999761581421,000001.SZ,liquidity,unseen_q
20260508,0.41103069318015417,2.236612917172144,1.7681895189071026,0.9080206033848418,0.9080206033848418,453,state_tree_residual_linear,-1,True,primary,0.8999999761581421,000001.SZ,liquidity,unseen_q
20260511,0.4497396091317493,2.6289362921616695,2.1618214712273147,0.8968253968253967,0.8968253968253967,462,state_tree_residual_linear,-1,True,primary,0.8999999761581421,000001.SZ,liquidity,unseen_q
20260512,0.4349964126232117,2.2486106655507134,1.7232724030954019,0.8917937545388526,0.8917937545388526,459,state_tree_residual_linear,-1,True,primary,0.8999999761581421,000001.SZ,liquidity,unseen_q
20260513,0.3387697599386519,1.8455592698746706,1.4600247745209665,0.903942652329749,0.903942652329749,465,state_tree_residual_linear,-1,True,primary,0.8999999761581421,000001.SZ,liquidity,unseen_q
20260514,0.4041428200294906,2.5010559671765815,2.1159630350182255,0.9076479076479076,0.9076479076479076,462,state_tree_residual_linear,-1,True,primary,0.8999999761581421,000001.SZ,liquidity,unseen_q
20260515,0.4402282929849724,2.300038816271867,1.7744778936445273,0.889855072463768,0.889855072463768,460,state_tree_residual_linear,-1,True,primary,0.8999999761581421,000001.SZ,liquidity,unseen_q
20260518,0.38663620254564,2.2695273995778305,1.8703188545878788,0.9147812971342383,0.9147812971342383,442,state_tree_residual_linear,-1,True,primary,0.8999999761581421,000001.SZ,liquidity,unseen_q
20260519,0.41633699190502504,2.6510827920708158,2.2730111458079794,0.9265658747300216,0.9265658747300216,463,state_tree_residual_linear,-1,True,primary,0.8999999761581421,000001.SZ,liquidity,unseen_q
20260520,0.3749674111039843,2.4032643722065865,2.06666206068093,0.9238095238095237,0.9238095238095237,455,state_tree_residual_linear,-1,True,primary,0.8999999761581421,000001.SZ,liquidity,unseen_q
20260521,0.3514592428225494,2.105275750725632,1.7529466858344314,0.9046594982078854,0.9046594982078854,465,state_tree_residual_linear,-1,True,primary,0.8999999761581421,000001.SZ,liquidity,unseen_q
20260522,0.40610230778390327,2.5781758712886695,2.2074642012261982,0.9130747126436782,0.9130747126436782,464,state_tree_residual_linear,-1,True,primary,0.8999999761581421,000001.SZ,liquidity,unseen_q
20260525,0.34008761909307633,2.340909785178403,2.0759183074746863,0.9472161966738973,0.9472161966738973,461,state_tree_residual_linear,-1,True,primary,0.8999999761581421,000001.SZ,liquidity,unseen_q
20260526,0.446552702970511,2.60004901469335,2.133679638117627,0.9022988505747127,0.9022988505747127,464,state_tree_residual_linear,-1,True,primary,0.8999999761581421,000001.SZ,liquidity,unseen_q
20260528,0.377449921666172,2.155098720213469,1.750248700424358,0.9102011494252873,0.9102011494252873,464,state_tree_residual_linear,-1,True,primary,0.8999999761581421,000001.SZ,liquidity,unseen_q
20260529,0.5248273949431376,2.6180156195389532,1.9604511539178426,0.87168458781362,0.87168458781362,465,state_tree_residual_linear,-1,True,primary,0.8999999761581421,000001.SZ,liquidity,unseen_q
20260506,0.47493594538587935,0.9498718907717587,-0.05163928400711447,0.3946002076843198,0.6233125649013499,428,state_tree_residual_linear,-1,True,all_queries_diagnostic,0.5,000001.SZ,liquidity,unseen_q
20260507,0.6115662599118202,1.2231325198236405,-0.10559749689655007,0.40915593705293274,0.5815450643776824,466,state_tree_residual_linear,-1,True,all_queries_diagnostic,0.5,000001.SZ,liquidity,unseen_q
20260508,0.5915250265080756,1.1830500530161512,-0.18699074236917562,0.3708609271523179,0.5648761344125582,453,state_tree_residual_linear,-1,True,all_queries_diagnostic,0.5,000001.SZ,liquidity,unseen_q
20260511,0.6281383433513574,1.2562766867027149,-0.18224973210071904,0.3835978835978836,0.5327080327080327,462,state_tree_residual_linear,-1,True,all_queries_diagnostic,0.5,000001.SZ,liquidity,unseen_q
20260512,0.6040609138837633,1.2081218277675265,-0.1386204425952692,0.40353425320745584,0.5928346647300895,459,state_tree_residual_linear,-1,True,all_queries_diagnostic,0.5,000001.SZ,liquidity,unseen_q
20260513,0.4571258426243003,0.9142516852486006,-0.0506994146096745,0.3959378733572282,0.6836320191158901,465,state_tree_residual_linear,-1,True,all_queries_diagnostic,0.5,000001.SZ,liquidity,unseen_q
20260514,0.6232938066910937,1.2465876133821874,-0.1071298993573179,0.3973063973063973,0.5591630591630591,462,state_tree_residual_linear,-1,True,all_queries_diagnostic,0.5,000001.SZ,liquidity,unseen_q
20260515,0.6283524717778601,1.2567049435557203,-0.15480659822062193,0.3828502415458937,0.6270531400966184,460,state_tree_residual_linear,-1,True,all_queries_diagnostic,0.5,000001.SZ,liquidity,unseen_q
20260518,0.5167748322708705,1.033549664541741,-0.09474947100920036,0.4298642533936652,0.6236802413273002,442,state_tree_residual_linear,-1,True,all_queries_diagnostic,0.5,000001.SZ,liquidity,unseen_q
20260519,0.6008711530879386,1.2017423061758772,-0.1026019094940087,0.41156707463402925,0.5769138468922486,463,state_tree_residual_linear,-1,True,all_queries_diagnostic,0.5,000001.SZ,liquidity,unseen_q
20260520,0.5532282262919852,1.1064564525839704,-0.09327529893702141,0.3765567765567765,0.6163614163614164,455,state_tree_residual_linear,-1,True,all_queries_diagnostic,0.5,000001.SZ,liquidity,unseen_q
20260521,0.6109389065526389,1.2218778131052779,-0.061836980366168595,0.4043010752688172,0.6353643966547192,465,state_tree_residual_linear,-1,True,all_queries_diagnostic,0.5,000001.SZ,liquidity,unseen_q
20260522,0.6197178492236618,1.2394356984473236,-0.10819457654987903,0.42049808429118773,0.5902777777777777,464,state_tree_residual_linear,-1,True,all_queries_diagnostic,0.5,000001.SZ,liquidity,unseen_q
20260525,0.5108561926556693,1.0217123853113386,-0.07524029166376837,0.383706917329477,0.5806218365871295,461,state_tree_residual_linear,-1,True,all_queries_diagnostic,0.5,000001.SZ,liquidity,unseen_q
20260526,0.6760691251425728,1.3521382502851456,-0.09432768122687042,0.4300766283524904,0.6082375478927203,464,state_tree_residual_linear,-1,True,all_queries_diagnostic,0.5,000001.SZ,liquidity,unseen_q
20260528,0.5241753434958153,1.0483506869916306,-0.047395424783340384,0.4200191570881226,0.6633141762452107,464,state_tree_residual_linear,-1,True,all_queries_diagnostic,0.5,000001.SZ,liquidity,unseen_q
20260529,0.7834989340726378,1.5669978681452756,-0.03491934802724557,0.4461170848267622,0.6444444444444445,465,state_tree_residual_linear,-1,True,all_queries_diagnostic,0.5,000001.SZ,liquidity,unseen_q
20260506,0.36373021194356303,2.0869315099351837,1.6993389588485674,0.921858774662513,0.921858774662513,428,state_tree_residual_linear,-1,True,all_queries_diagnostic,0.8999999761581421,000001.SZ,liquidity,unseen_q
20260507,0.39941746074705986,2.4564370993506057,2.072002845821601,0.9253695755841679,0.9253695755841679,466,state_tree_residual_linear,-1,True,all_queries_diagnostic,0.8999999761581421,000001.SZ,liquidity,unseen_q
20260508,0.386969071325863,2.211125357663139,1.7964841258430642,0.9119450576404218,0.9119450576404218,453,state_tree_residual_linear,-1,True,all_queries_diagnostic,0.8999999761581421,000001.SZ,liquidity,unseen_q
20260511,0.4384152636756129,2.6117350248603692,2.168630751146895,0.9018759018759019,0.9018759018759019,462,state_tree_residual_linear,-1,True,all_queries_diagnostic,0.8999999761581421,000001.SZ,liquidity,unseen_q
20260512,0.4086713894996424,2.206660839227823,1.736647678797941,0.8985717743887679,0.8985717743887679,459,state_tree_residual_linear,-1,True,all_queries_diagnostic,0.8999999761581421,000001.SZ,liquidity,unseen_q
20260513,0.323748799260334,1.8113609906158679,1.4548293268335852,0.918757467144564,0.918757467144564,465,state_tree_residual_linear,-1,True,all_queries_diagnostic,0.8999999761581421,000001.SZ,liquidity,unseen_q
20260514,0.40866851290673484,2.504147179701143,2.1085128180367487,0.9064454064454064,0.9064454064454064,462,state_tree_residual_linear,-1,True,all_queries_diagnostic,0.8999999761581421,000001.SZ,liquidity,unseen_q
20260515,0.4394412844250626,2.289608893648611,1.7634080111054153,0.8985507246376812,0.8985507246376812,460,state_tree_residual_linear,-1,True,all_queries_diagnostic,0.8999999761581421,000001.SZ,liquidity,unseen_q
20260518,0.39029319017781205,2.3006407057060256,1.9000680199408813,0.9220713926596279,0.9220713926596279,442,state_tree_residual_linear,-1,True,all_queries_diagnostic,0.8999999761581421,000001.SZ,liquidity,unseen_q
20260519,0.42091851820344994,2.6607070489583,2.2735876512056343,0.9196064314854812,0.9196064314854812,463,state_tree_residual_linear,-1,True,all_queries_diagnostic,0.8999999761581421,000001.SZ,liquidity,unseen_q
20260520,0.37496689248898557,2.411602802947425,2.077086396265814,0.9247863247863247,0.9247863247863247,455,state_tree_residual_linear,-1,True,all_queries_diagnostic,0.8999999761581421,000001.SZ,liquidity,unseen_q
20260521,0.3624042047222863,2.1533562180331307,1.7856848671708099,0.9075268817204301,0.9075268817204301,465,state_tree_residual_linear,-1,True,all_queries_diagnostic,0.8999999761581421,000001.SZ,liquidity,unseen_q
20260522,0.40782027117225433,2.574569142652721,2.198660881435666,0.9006226053639848,0.9006226053639848,464,state_tree_residual_linear,-1,True,all_queries_diagnostic,0.8999999761581421,000001.SZ,liquidity,unseen_q
20260525,0.3472486796362693,2.3531754967309646,2.0733477954041915,0.9440829115449506,0.9440829115449506,461,state_tree_residual_linear,-1,True,all_queries_diagnostic,0.8999999761581421,000001.SZ,liquidity,unseen_q
20260526,0.4347016028264574,2.5818950404749996,2.1406149211181984,0.9051724137931034,0.9051724137931034,464,state_tree_residual_linear,-1,True,all_queries_diagnostic,0.8999999761581421,000001.SZ,liquidity,unseen_q
20260528,0.36853750295601095,2.136218768546876,1.7489298075379074,0.921455938697318,0.921455938697318,464,state_tree_residual_linear,-1,True,all_queries_diagnostic,0.8999999761581421,000001.SZ,liquidity,unseen_q
20260529,0.49729832119004047,2.5830762855044425,1.985599672256415,0.8862604540023894,0.8862604540023894,465,state_tree_residual_linear,-1,True,all_queries_diagnostic,0.8999999761581421,000001.SZ,liquidity,unseen_q
20260506,0.5129671061798313,1.0259342123596626,-0.05652573862679917,0.5272585669781932,0.5389408099688473,428,state_tree_residual_linear,-1,False,primary,0.5,000001.SZ,liquidity,unseen_q
20260507,0.6273285466958427,1.2546570933916854,-0.10026616044193422,0.4978540772532189,0.5200286123032903,466,state_tree_residual_linear,-1,False,primary,0.5,000001.SZ,liquidity,unseen_q
20260508,0.6266465693592089,1.2532931387184179,-0.22019262900317868,0.46946284032376745,0.4893303899926416,453,state_tree_residual_linear,-1,False,primary,0.5,000001.SZ,liquidity,unseen_q
20260511,0.6713480961269309,1.3426961922538618,-0.19324624965577608,0.4473304473304473,0.4473304473304473,462,state_tree_residual_linear,-1,False,primary,0.5,000001.SZ,liquidity,unseen_q
20260512,0.6617823020530554,1.3235646041061109,-0.15270372265466764,0.5330428467683369,0.5330428467683369,459,state_tree_residual_linear,-1,False,primary,0.5,000001.SZ,liquidity,unseen_q
20260513,0.5124631026859682,1.0249262053719363,-0.04194365831633369,0.5412186379928315,0.6078853046594982,465,state_tree_residual_linear,-1,False,primary,0.5,000001.SZ,liquidity,unseen_q
20260514,0.6359788944520005,1.271957788904001,-0.10118604933957644,0.4769119769119769,0.4942279942279942,462,state_tree_residual_linear,-1,False,primary,0.5,000001.SZ,liquidity,unseen_q
20260515,0.6505876143232655,1.301175228646531,-0.14347355476036308,0.5217391304347826,0.5905797101449276,460,state_tree_residual_linear,-1,False,primary,0.5,000001.SZ,liquidity,unseen_q
20260518,0.5358346152572513,1.0716692305145026,-0.12125810081713002,0.5475113122171946,0.5497737556561086,442,state_tree_residual_linear,-1,False,primary,0.5,000001.SZ,liquidity,unseen_q
20260519,0.6117102462005072,1.2234204924010144,-0.10902488153029329,0.4982001439884809,0.5104391648668106,463,state_tree_residual_linear,-1,False,primary,0.5,000001.SZ,liquidity,unseen_q
20260520,0.56854740372293,1.13709480744586,-0.10566609954504154,0.47692307692307695,0.5575091575091575,455,state_tree_residual_linear,-1,False,primary,0.5,000001.SZ,liquidity,unseen_q
20260521,0.6152314106514075,1.230462821302815,-0.09079633391985106,0.5519713261648745,0.592831541218638,465,state_tree_residual_linear,-1,False,primary,0.5,000001.SZ,liquidity,unseen_q
20260522,0.6290205802823643,1.2580411605647286,-0.10130532137118543,0.5488505747126436,0.5488505747126436,464,state_tree_residual_linear,-1,False,primary,0.5,000001.SZ,liquidity,unseen_q
20260525,0.5280279709259895,1.056055941851979,-0.07226160102156509,0.4837310195227766,0.485177151120752,461,state_tree_residual_linear,-1,False,primary,0.5,000001.SZ,liquidity,unseen_q
20260526,0.710648342024755,1.42129668404951,-0.1012442428654806,0.5431034482758621,0.5431034482758621,464,state_tree_residual_linear,-1,False,primary,0.5,000001.SZ,liquidity,unseen_q
20260528,0.5612805774574574,1.1225611549149148,-0.041437476786867114,0.5926724137931034,0.6070402298850575,464,state_tree_residual_linear,-1,False,primary,0.5,000001.SZ,liquidity,unseen_q
20260529,0.8352784079201347,1.6705568158402695,-0.05924388932567533,0.5792114695340501,0.5827956989247312,465,state_tree_residual_linear,-1,False,primary,0.5,000001.SZ,liquidity,unseen_q
20260506,0.3805101405696387,2.1144716338784226,1.6918142917639212,0.9182242990654206,0.9182242990654206,428,state_tree_residual_linear,-1,False,primary,0.8999999761581421,000001.SZ,liquidity,unseen_q
20260507,0.39583311450010644,2.45642086507594,2.080943419128552,0.9341917024320457,0.9341917024320457,466,state_tree_residual_linear,-1,False,primary,0.8999999761581421,000001.SZ,liquidity,unseen_q
20260508,0.41087950645346144,2.2351010502656736,1.7666776520006324,0.9080206033848418,0.9080206033848418,453,state_tree_residual_linear,-1,False,primary,0.8999999761581421,000001.SZ,liquidity,unseen_q
20260511,0.4497396091317493,2.6289362921616695,2.1618214712273147,0.8968253968253967,0.8968253968253967,462,state_tree_residual_linear,-1,False,primary,0.8999999761581421,000001.SZ,liquidity,unseen_q
20260512,0.4349995024581054,2.2486415638922836,1.723303301436972,0.8917937545388526,0.8917937545388526,459,state_tree_residual_linear,-1,False,primary,0.8999999761581421,000001.SZ,liquidity,unseen_q
20260513,0.33866763616173534,1.844538032348987,1.459003536995283,0.903942652329749,0.903942652329749,465,state_tree_residual_linear,-1,False,primary,0.8999999761581421,000001.SZ,liquidity,unseen_q
20260514,0.4041428200294906,2.5010559671765815,2.1159630350182255,0.9076479076479076,0.9076479076479076,462,state_tree_residual_linear,-1,False,primary,0.8999999761581421,000001.SZ,liquidity,unseen_q
20260515,0.44020461229832325,2.2998020094618346,1.7742410868344949,0.889855072463768,0.889855072463768,460,state_tree_residual_linear,-1,False,primary,0.8999999761581421,000001.SZ,liquidity,unseen_q
20260518,0.38669428691852703,2.270108243168217,1.8708996981782655,0.9147812971342383,0.9147812971342383,442,state_tree_residual_linear,-1,False,primary,0.8999999761581421,000001.SZ,liquidity,unseen_q
20260519,0.4158692668041715,2.646405542177424,2.268333895914587,0.9265658747300216,0.9265658747300216,463,state_tree_residual_linear,-1,False,primary,0.8999999761581421,000001.SZ,liquidity,unseen_q
20260520,0.374758901830805,2.401179279971918,2.064576968446262,0.9238095238095237,0.9238095238095237,455,state_tree_residual_linear,-1,False,primary,0.8999999761581421,000001.SZ,liquidity,unseen_q
20260521,0.35091056074663846,2.099788931274683,1.747459866383482,0.9046594982078854,0.9046594982078854,465,state_tree_residual_linear,-1,False,primary,0.8999999761581421,000001.SZ,liquidity,unseen_q
20260522,0.406116759069364,2.5783203841088222,2.207608714046351,0.9130747126436782,0.9130747126436782,464,state_tree_residual_linear,-1,False,primary,0.8999999761581421,000001.SZ,liquidity,unseen_q
20260525,0.34008761909307633,2.340909785178403,2.0759183074746863,0.9472161966738973,0.9472161966738973,461,state_tree_residual_linear,-1,False,primary,0.8999999761581421,000001.SZ,liquidity,unseen_q
20260526,0.446552702970511,2.60004901469335,2.133679638117627,0.9022988505747127,0.9022988505747127,464,state_tree_residual_linear,-1,False,primary,0.8999999761581421,000001.SZ,liquidity,unseen_q
20260528,0.37746590894089116,2.155258592922544,1.750408573133433,0.9102011494252873,0.9102011494252873,464,state_tree_residual_linear,-1,False,primary,0.8999999761581421,000001.SZ,liquidity,unseen_q
20260529,0.5247146069558847,2.6168877399353323,1.9593232743142215,0.87168458781362,0.87168458781362,465,state_tree_residual_linear,-1,False,primary,0.8999999761581421,000001.SZ,liquidity,unseen_q
20260506,0.47493594538587935,0.9498718907717587,-0.05163928400711447,0.3946002076843198,0.6233125649013499,428,state_tree_residual_linear,-1,False,all_queries_diagnostic,0.5,000001.SZ,liquidity,unseen_q
20260507,0.6115662599118202,1.2231325198236405,-0.10559749689655007,0.40915593705293274,0.5815450643776824,466,state_tree_residual_linear,-1,False,all_queries_diagnostic,0.5,000001.SZ,liquidity,unseen_q
20260508,0.5915250265080756,1.1830500530161512,-0.18699074236917562,0.3708609271523179,0.5648761344125582,453,state_tree_residual_linear,-1,False,all_queries_diagnostic,0.5,000001.SZ,liquidity,unseen_q
20260511,0.6281383433513574,1.2562766867027149,-0.18224973210071904,0.3835978835978836,0.5327080327080327,462,state_tree_residual_linear,-1,False,all_queries_diagnostic,0.5,000001.SZ,liquidity,unseen_q
20260512,0.6040609138837633,1.2081218277675265,-0.1386204425952692,0.40353425320745584,0.5928346647300895,459,state_tree_residual_linear,-1,False,all_queries_diagnostic,0.5,000001.SZ,liquidity,unseen_q
20260513,0.4571258426243003,0.9142516852486006,-0.0506994146096745,0.3959378733572282,0.6836320191158901,465,state_tree_residual_linear,-1,False,all_queries_diagnostic,0.5,000001.SZ,liquidity,unseen_q
20260514,0.6232938066910937,1.2465876133821874,-0.1071298993573179,0.3973063973063973,0.5591630591630591,462,state_tree_residual_linear,-1,False,all_queries_diagnostic,0.5,000001.SZ,liquidity,unseen_q
20260515,0.6283524717778601,1.2567049435557203,-0.15480659822062193,0.3828502415458937,0.6270531400966184,460,state_tree_residual_linear,-1,False,all_queries_diagnostic,0.5,000001.SZ,liquidity,unseen_q
20260518,0.5167748322708705,1.033549664541741,-0.09474947100920036,0.4298642533936652,0.6236802413273002,442,state_tree_residual_linear,-1,False,all_queries_diagnostic,0.5,000001.SZ,liquidity,unseen_q
20260519,0.6008711530879386,1.2017423061758772,-0.1026019094940087,0.41156707463402925,0.5769138468922486,463,state_tree_residual_linear,-1,False,all_queries_diagnostic,0.5,000001.SZ,liquidity,unseen_q
20260520,0.5532282262919852,1.1064564525839704,-0.09327529893702141,0.3765567765567765,0.6163614163614164,455,state_tree_residual_linear,-1,False,all_queries_diagnostic,0.5,000001.SZ,liquidity,unseen_q
20260521,0.6109389065526389,1.2218778131052779,-0.061836980366168595,0.4043010752688172,0.6353643966547192,465,state_tree_residual_linear,-1,False,all_queries_diagnostic,0.5,000001.SZ,liquidity,unseen_q
20260522,0.6197178492236618,1.2394356984473236,-0.10819457654987903,0.42049808429118773,0.5902777777777777,464,state_tree_residual_linear,-1,False,all_queries_diagnostic,0.5,000001.SZ,liquidity,unseen_q
20260525,0.5108561926556693,1.0217123853113386,-0.07524029166376837,0.383706917329477,0.5806218365871295,461,state_tree_residual_linear,-1,False,all_queries_diagnostic,0.5,000001.SZ,liquidity,unseen_q
20260526,0.6760691251425728,1.3521382502851456,-0.09432768122687042,0.4300766283524904,0.6082375478927203,464,state_tree_residual_linear,-1,False,all_queries_diagnostic,0.5,000001.SZ,liquidity,unseen_q
20260528,0.5241753434958153,1.0483506869916306,-0.047395424783340384,0.4200191570881226,0.6633141762452107,464,state_tree_residual_linear,-1,False,all_queries_diagnostic,0.5,000001.SZ,liquidity,unseen_q
20260529,0.7834989340726378,1.5669978681452756,-0.03491934802724557,0.4461170848267622,0.6444444444444445,465,state_tree_residual_linear,-1,False,all_queries_diagnostic,0.5,000001.SZ,liquidity,unseen_q
20260506,0.36373021194356303,2.0869315099351837,1.6993389588485674,0.921858774662513,0.921858774662513,428,state_tree_residual_linear,-1,False,all_queries_diagnostic,0.8999999761581421,000001.SZ,liquidity,unseen_q
20260507,0.39941746074705986,2.4564370993506057,2.072002845821601,0.9253695755841679,0.9253695755841679,466,state_tree_residual_linear,-1,False,all_queries_diagnostic,0.8999999761581421,000001.SZ,liquidity,unseen_q
20260508,0.38692794403180464,2.2110431030750224,1.7964841258430642,0.9121903360313957,0.9121903360313957,453,state_tree_residual_linear,-1,False,all_queries_diagnostic,0.8999999761581421,000001.SZ,liquidity,unseen_q
20260511,0.4384152636756129,2.6117350248603692,2.168630751146895,0.9018759018759019,0.9018759018759019,462,state_tree_residual_linear,-1,False,all_queries_diagnostic,0.8999999761581421,000001.SZ,liquidity,unseen_q
20260512,0.4086713894996424,2.206660839227823,1.736647678797941,0.8985717743887679,0.8985717743887679,459,state_tree_residual_linear,-1,False,all_queries_diagnostic,0.8999999761581421,000001.SZ,liquidity,unseen_q
20260513,0.323748799260334,1.8113609906158679,1.4548293268335852,0.918757467144564,0.918757467144564,465,state_tree_residual_linear,-1,False,all_queries_diagnostic,0.8999999761581421,000001.SZ,liquidity,unseen_q
20260514,0.40866851290673484,2.504147179701143,2.1085128180367487,0.9064454064454064,0.9064454064454064,462,state_tree_residual_linear,-1,False,all_queries_diagnostic,0.8999999761581421,000001.SZ,liquidity,unseen_q
20260515,0.4394412844250626,2.289608893648611,1.7634080111054153,0.8985507246376812,0.8985507246376812,460,state_tree_residual_linear,-1,False,all_queries_diagnostic,0.8999999761581421,000001.SZ,liquidity,unseen_q
20260518,0.39029319017781205,2.3006407057060256,1.9000680199408813,0.9220713926596279,0.9220713926596279,442,state_tree_residual_linear,-1,False,all_queries_diagnostic,0.8999999761581421,000001.SZ,liquidity,unseen_q
20260519,0.4208797979589018,2.6606296084692036,2.2735876512056343,0.9205663546916247,0.9205663546916247,463,state_tree_residual_linear,-1,False,all_queries_diagnostic,0.8999999761581421,000001.SZ,liquidity,unseen_q
20260520,0.37496689248898557,2.411602802947425,2.077086396265814,0.9247863247863247,0.9247863247863247,455,state_tree_residual_linear,-1,False,all_queries_diagnostic,0.8999999761581421,000001.SZ,liquidity,unseen_q
20260521,0.3623885853434059,2.1533249792753697,1.7856848671708099,0.9075268817204301,0.9075268817204301,465,state_tree_residual_linear,-1,False,all_queries_diagnostic,0.8999999761581421,000001.SZ,liquidity,unseen_q
20260522,0.40782027117225433,2.574569142652721,2.198660881435666,0.9006226053639848,0.9006226053639848,464,state_tree_residual_linear,-1,False,all_queries_diagnostic,0.8999999761581421,000001.SZ,liquidity,unseen_q
20260525,0.3472486796362693,2.3531754967309646,2.0733477954041915,0.9440829115449506,0.9440829115449506,461,state_tree_residual_linear,-1,False,all_queries_diagnostic,0.8999999761581421,000001.SZ,liquidity,unseen_q
20260526,0.4347016028264574,2.5818950404749996,2.1406149211181984,0.9051724137931034,0.9051724137931034,464,state_tree_residual_linear,-1,False,all_queries_diagnostic,0.8999999761581421,000001.SZ,liquidity,unseen_q
20260528,0.36853750295601095,2.136218768546876,1.7489298075379074,0.921455938697318,0.921455938697318,464,state_tree_residual_linear,-1,False,all_queries_diagnostic,0.8999999761581421,000001.SZ,liquidity,unseen_q
20260529,0.4972227276796896,2.5829250984837406,1.985599672256415,0.8864994026284349,0.8864994026284349,465,state_tree_residual_linear,-1,False,all_queries_diagnostic,0.8999999761581421,000001.SZ,liquidity,unseen_q
20260506,1.0295337438583374,2.059067487716675,0.46740978956222534,0.5950155763239875,0.5950155763239875,428,conditional_mlp_linear,20260921,True,primary,0.5,000001.SZ,liquidity,unseen_q
20260507,1.0264395475387573,2.0528790950775146,-0.4239741861820221,0.45350500715307585,0.45350500715307585,466,conditional_mlp_linear,20260921,True,primary,0.5,000001.SZ,liquidity,unseen_q
20260508,1.027438998222351,2.054877996444702,-0.5420741438865662,0.43782192788815305,0.43782192788815305,453,conditional_mlp_linear,20260921,True,primary,0.5,000001.SZ,liquidity,unseen_q
20260511,1.1274099349975586,2.254819869995117,-0.6000403165817261,0.38961038961038963,0.38961038961038963,462,conditional_mlp_linear,20260921,True,primary,0.5,000001.SZ,liquidity,unseen_q
20260512,1.1605662107467651,2.3211324214935303,-0.454929381608963,0.4589687726942629,0.4589687726942629,459,conditional_mlp_linear,20260921,True,primary,0.5,000001.SZ,liquidity,unseen_q
20260513,0.8330157995223999,1.6660315990447998,-0.0157837625592947,0.5283154121863799,0.5283154121863799,465,conditional_mlp_linear,20260921,True,primary,0.5,000001.SZ,liquidity,unseen_q
20260514,1.108216643333435,2.21643328666687,-0.653535008430481,0.41919191919191917,0.41919191919191917,462,conditional_mlp_linear,20260921,True,primary,0.5,000001.SZ,liquidity,unseen_q
20260515,1.0535097122192383,2.1070194244384766,0.42284637689590454,0.6318840579710145,0.6318840579710145,460,conditional_mlp_linear,20260921,True,primary,0.5,000001.SZ,liquidity,unseen_q
20260518,0.9870428442955017,1.9740856885910034,0.18508633971214294,0.5369532428355958,0.5369532428355958,442,conditional_mlp_linear,20260921,True,primary,0.5,000001.SZ,liquidity,unseen_q
20260519,0.8983979821205139,1.7967959642410278,0.17808692157268524,0.5557955363570914,0.5557955363570914,463,conditional_mlp_linear,20260921,True,primary,0.5,000001.SZ,liquidity,unseen_q
20260520,0.8601738214492798,1.7203476428985596,0.12385764718055725,0.6080586080586081,0.6080586080586081,455,conditional_mlp_linear,20260921,True,primary,0.5,000001.SZ,liquidity,unseen_q
20260521,1.0064582824707031,2.0129165649414062,0.4904041290283203,0.6437275985663082,0.6437275985663082,465,conditional_mlp_linear,20260921,True,primary,0.5,000001.SZ,liquidity,unseen_q
20260522,1.017275094985962,2.034550189971924,0.5502519607543945,0.6214080459770115,0.6214080459770115,464,conditional_mlp_linear,20260921,True,primary,0.5,000001.SZ,liquidity,unseen_q
20260525,0.9947062730789185,1.989412546157837,-0.044985104352235794,0.49385394070860444,0.49385394070860444,461,conditional_mlp_linear,20260921,True,primary,0.5,000001.SZ,liquidity,unseen_q
20260526,1.05353844165802,2.10707688331604,0.2131471037864685,0.5373563218390804,0.5373563218390804,464,conditional_mlp_linear,20260921,True,primary,0.5,000001.SZ,liquidity,unseen_q
20260528,0.9945189952850342,1.9890379905700684,0.6743941307067871,0.6645114942528735,0.6645114942528735,464,conditional_mlp_linear,20260921,True,primary,0.5,000001.SZ,liquidity,unseen_q
20260529,1.1793897151947021,2.3587794303894043,0.5450193285942078,0.6043010752688172,0.6043010752688172,465,conditional_mlp_linear,20260921,True,primary,0.5,000001.SZ,liquidity,unseen_q
20260506,0.5567074418067932,2.8641631603240967,2.1884355545043945,0.7827102803738317,0.7834890965732086,428,conditional_mlp_linear,20260921,True,primary,0.8999999761581421,000001.SZ,liquidity,unseen_q
20260507,0.6241985559463501,2.4888317584991455,1.5505437850952148,0.7532188841201717,0.7532188841201717,466,conditional_mlp_linear,20260921,True,primary,0.8999999761581421,000001.SZ,liquidity,unseen_q
20260508,0.7662732005119324,2.3142545223236084,0.9771350026130676,0.6681383370125092,0.6681383370125092,453,conditional_mlp_linear,20260921,True,primary,0.8999999761581421,000001.SZ,liquidity,unseen_q
20260511,0.6762816309928894,2.8161327838897705,1.8294621706008911,0.7474747474747474,0.7474747474747474,462,conditional_mlp_linear,20260921,True,primary,0.8999999761581421,000001.SZ,liquidity,unseen_q
20260512,0.6526814103126526,2.440011978149414,1.4183112382888794,0.7211328976034859,0.7211328976034859,459,conditional_mlp_linear,20260921,True,primary,0.8999999761581421,000001.SZ,liquidity,unseen_q
20260513,0.4966032803058624,2.0818231105804443,1.36077082157135,0.7397849462365591,0.7397849462365591,465,conditional_mlp_linear,20260921,True,primary,0.8999999761581421,000001.SZ,liquidity,unseen_q
20260514,0.6811904311180115,2.467834711074829,1.3818172216415405,0.7258297258297258,0.7258297258297258,462,conditional_mlp_linear,20260921,True,primary,0.8999999761581421,000001.SZ,liquidity,unseen_q
20260515,0.5651395320892334,2.8598971366882324,2.162022829055786,0.8,0.8,460,conditional_mlp_linear,20260921,True,primary,0.8999999761581421,000001.SZ,liquidity,unseen_q
20260518,0.499170184135437,2.887108325958252,2.360960006713867,0.8220211161387632,0.8220211161387632,442,conditional_mlp_linear,20260921,True,primary,0.8999999761581421,000001.SZ,liquidity,unseen_q
20260519,0.4996837079524994,2.9717302322387695,2.465453624725342,0.8538516918646508,0.8538516918646508,463,conditional_mlp_linear,20260921,True,primary,0.8999999761581421,000001.SZ,liquidity,unseen_q
20260520,0.48001447319984436,2.6413750648498535,2.1016829013824463,0.8432234432234432,0.8432234432234432,455,conditional_mlp_linear,20260921,True,primary,0.8999999761581421,000001.SZ,liquidity,unseen_q
20260521,0.5600411891937256,2.6931207180023193,1.9662981033325195,0.8,0.8,465,conditional_mlp_linear,20260921,True,primary,0.8999999761581421,000001.SZ,liquidity,unseen_q
20260522,0.5109735131263733,3.1010935306549072,2.598932981491089,0.846264367816092,0.846264367816092,464,conditional_mlp_linear,20260921,True,primary,0.8999999761581421,000001.SZ,liquidity,unseen_q
20260525,0.5141058564186096,2.7359867095947266,2.134719133377075,0.8120028922631959,0.8120028922631959,461,conditional_mlp_linear,20260921,True,primary,0.8999999761581421,000001.SZ,liquidity,unseen_q
20260526,0.5401178002357483,2.904815673828125,2.2807254791259766,0.8110632183908045,0.8110632183908045,464,conditional_mlp_linear,20260921,True,primary,0.8999999761581421,000001.SZ,liquidity,unseen_q
20260528,0.46852657198905945,2.9012033939361572,2.4551877975463867,0.875,0.875,464,conditional_mlp_linear,20260921,True,primary,0.8999999761581421,000001.SZ,liquidity,unseen_q
20260529,0.5807445645332336,3.281468629837036,2.649974822998047,0.8193548387096774,0.8193548387096774,465,conditional_mlp_linear,20260921,True,primary,0.8999999761581421,000001.SZ,liquidity,unseen_q
20260506,0.6703574657440186,1.340714931488037,0.25563135743141174,0.6461578400830738,0.6461578400830738,428,conditional_mlp_linear,20260921,True,all_queries_diagnostic,0.5,000001.SZ,liquidity,unseen_q
20260507,0.7539184093475342,1.5078368186950684,-0.11765866726636887,0.514067715784454,0.514067715784454,466,conditional_mlp_linear,20260921,True,all_queries_diagnostic,0.5,000001.SZ,liquidity,unseen_q
20260508,0.738251805305481,1.476503610610962,-0.193398579955101,0.5378955114054451,0.5378955114054451,453,conditional_mlp_linear,20260921,True,all_queries_diagnostic,0.5,000001.SZ,liquidity,unseen_q
20260511,0.7993050217628479,1.5986100435256958,-0.20749053359031677,0.5156325156325157,0.5156325156325157,462,conditional_mlp_linear,20260921,True,all_queries_diagnostic,0.5,000001.SZ,liquidity,unseen_q
20260512,0.7836253643035889,1.5672507286071777,-0.14508070051670074,0.5006051803437425,0.5006051803437425,459,conditional_mlp_linear,20260921,True,all_queries_diagnostic,0.5,000001.SZ,liquidity,unseen_q
20260513,0.5748014450073242,1.1496028900146484,0.02188933454453945,0.5902031063321386,0.5902031063321386,465,conditional_mlp_linear,20260921,True,all_queries_diagnostic,0.5,000001.SZ,liquidity,unseen_q
20260514,0.7980718612670898,1.5961437225341797,-0.20230410993099213,0.46248196248196244,0.46248196248196244,462,conditional_mlp_linear,20260921,True,all_queries_diagnostic,0.5,000001.SZ,liquidity,unseen_q
20260515,0.7826128005981445,1.565225601196289,0.16594535112380981,0.6214975845410627,0.6214975845410627,460,conditional_mlp_linear,20260921,True,all_queries_diagnostic,0.5,000001.SZ,liquidity,unseen_q
20260518,0.6961625218391418,1.3923250436782837,0.13508792221546173,0.6465560583207642,0.6465560583207642,442,conditional_mlp_linear,20260921,True,all_queries_diagnostic,0.5,000001.SZ,liquidity,unseen_q
20260519,0.7223369479179382,1.4446738958358765,0.11375884711742401,0.605711543076554,0.605711543076554,463,conditional_mlp_linear,20260921,True,all_queries_diagnostic,0.5,000001.SZ,liquidity,unseen_q
20260520,0.6787072420120239,1.3574144840240479,0.12592439353466034,0.6239316239316238,0.6239316239316238,455,conditional_mlp_linear,20260921,True,all_queries_diagnostic,0.5,000001.SZ,liquidity,unseen_q
20260521,0.7516970038414001,1.5033940076828003,0.22479793429374695,0.5658303464755077,0.5658303464755077,465,conditional_mlp_linear,20260921,True,all_queries_diagnostic,0.5,000001.SZ,liquidity,unseen_q
20260522,0.770269513130188,1.540539026260376,0.23052972555160522,0.5632183908045977,0.5632183908045977,464,conditional_mlp_linear,20260921,True,all_queries_diagnostic,0.5,000001.SZ,liquidity,unseen_q
20260525,0.6964753270149231,1.3929506540298462,0.030879365280270576,0.5266329235960472,0.5266329235960472,461,conditional_mlp_linear,20260921,True,all_queries_diagnostic,0.5,000001.SZ,liquidity,unseen_q
20260526,0.8100368976593018,1.6200737953186035,0.11286816000938416,0.5665708812260536,0.5665708812260536,464,conditional_mlp_linear,20260921,True,all_queries_diagnostic,0.5,000001.SZ,liquidity,unseen_q
20260528,0.6856498718261719,1.3712997436523438,0.2774379551410675,0.6163793103448276,0.6163793103448276,464,conditional_mlp_linear,20260921,True,all_queries_diagnostic,0.5,000001.SZ,liquidity,unseen_q
20260529,0.908432126045227,1.816864252090454,0.26687777042388916,0.6121863799283155,0.6121863799283155,465,conditional_mlp_linear,20260921,True,all_queries_diagnostic,0.5,000001.SZ,liquidity,unseen_q
20260506,0.4264901280403137,2.440361499786377,1.9842265844345093,0.8800623052959502,0.8803219106957425,428,conditional_mlp_linear,20260921,True,all_queries_diagnostic,0.8999999761581421,000001.SZ,liquidity,unseen_q
20260507,0.497103214263916,2.4854397773742676,1.8640416860580444,0.8595612780162136,0.8595612780162136,466,conditional_mlp_linear,20260921,True,all_queries_diagnostic,0.8999999761581421,000001.SZ,liquidity,unseen_q
20260508,0.5626012682914734,2.190654993057251,1.331815481185913,0.8258523424086337,0.8258523424086337,453,conditional_mlp_linear,20260921,True,all_queries_diagnostic,0.8999999761581421,000001.SZ,liquidity,unseen_q
20260511,0.5366650819778442,2.8579318523406982,2.2307522296905518,0.8578643578643578,0.8578643578643578,462,conditional_mlp_linear,20260921,True,all_queries_diagnostic,0.8999999761581421,000001.SZ,liquidity,unseen_q
20260512,0.4995906352996826,2.3878133296966553,1.7357902526855469,0.8460421205519244,0.8460421205519244,459,conditional_mlp_linear,20260921,True,all_queries_diagnostic,0.8999999761581421,000001.SZ,liquidity,unseen_q
20260513,0.3865114152431488,1.8968812227249146,1.4048229455947876,0.8540023894862604,0.8540023894862604,465,conditional_mlp_linear,20260921,True,all_queries_diagnostic,0.8999999761581421,000001.SZ,liquidity,unseen_q
20260514,0.5210191607475281,2.5143418312072754,1.8403795957565308,0.8504088504088504,0.8504088504088504,462,conditional_mlp_linear,20260921,True,all_queries_diagnostic,0.8999999761581421,000001.SZ,liquidity,unseen_q
20260515,0.4918631911277771,2.5136802196502686,1.9124422073364258,0.8483091787439614,0.8483091787439614,460,conditional_mlp_linear,20260921,True,all_queries_diagnostic,0.8999999761581421,000001.SZ,liquidity,unseen_q
20260518,0.44423651695251465,2.744905471801758,2.3205406665802,0.8981900452488688,0.8981900452488688,442,conditional_mlp_linear,20260921,True,all_queries_diagnostic,0.8999999761581421,000001.SZ,liquidity,unseen_q
20260519,0.46220359206199646,2.852015972137451,2.409511089324951,0.8960883129349653,0.8960883129349653,463,conditional_mlp_linear,20260921,True,all_queries_diagnostic,0.8999999761581421,000001.SZ,liquidity,unseen_q
20260520,0.43316954374313354,2.555419445037842,2.1113505363464355,0.8967032967032967,0.8967032967032967,455,conditional_mlp_linear,20260921,True,all_queries_diagnostic,0.8999999761581421,000001.SZ,liquidity,unseen_q
20260521,0.46794602274894714,2.3016719818115234,1.7072250843048096,0.8616487455197133,0.8616487455197133,465,conditional_mlp_linear,20260921,True,all_queries_diagnostic,0.8999999761581421,000001.SZ,liquidity,unseen_q
20260522,0.44895851612091064,2.727386951446533,2.286837577819824,0.8845785440613028,0.8845785440613028,464,conditional_mlp_linear,20260921,True,all_queries_diagnostic,0.8999999761581421,000001.SZ,liquidity,unseen_q
20260525,0.4347757399082184,2.644559621810913,2.2187602519989014,0.8973246565437455,0.8973246565437455,461,conditional_mlp_linear,20260921,True,all_queries_diagnostic,0.8999999761581421,000001.SZ,liquidity,unseen_q
20260526,0.49467208981513977,2.740147113800049,2.1885037422180176,0.8759578544061303,0.8759578544061303,464,conditional_mlp_linear,20260921,True,all_queries_diagnostic,0.8999999761581421,000001.SZ,liquidity,unseen_q
20260528,0.40647760033607483,2.465975522994995,2.0662755966186523,0.9092432950191571,0.9092432950191571,464,conditional_mlp_linear,20260921,True,all_queries_diagnostic,0.8999999761581421,000001.SZ,liquidity,unseen_q
20260529,0.5252687335014343,2.9545297622680664,2.379990816116333,0.8731182795698925,0.8731182795698925,465,conditional_mlp_linear,20260921,True,all_queries_diagnostic,0.8999999761581421,000001.SZ,liquidity,unseen_q
20260506,1.0295227766036987,2.0590455532073975,0.4673880934715271,0.5950155763239875,0.5950155763239875,428,conditional_mlp_linear,20260921,False,primary,0.5,000001.SZ,liquidity,unseen_q
20260507,1.0264160633087158,2.0528321266174316,-0.42402103543281555,0.45350500715307585,0.45350500715307585,466,conditional_mlp_linear,20260921,False,primary,0.5,000001.SZ,liquidity,unseen_q
20260508,1.0273960828781128,2.0547921657562256,-0.5421600341796875,0.43782192788815305,0.43782192788815305,453,conditional_mlp_linear,20260921,False,primary,0.5,000001.SZ,liquidity,unseen_q
20260511,1.1274099349975586,2.254819869995117,-0.6000403165817261,0.38961038961038963,0.38961038961038963,462,conditional_mlp_linear,20260921,False,primary,0.5,000001.SZ,liquidity,unseen_q
20260512,1.1605662107467651,2.3211324214935303,-0.454929381608963,0.4589687726942629,0.4589687726942629,459,conditional_mlp_linear,20260921,False,primary,0.5,000001.SZ,liquidity,unseen_q
20260513,0.8331729173660278,1.6663458347320557,-0.01614542119204998,0.524731182795699,0.524731182795699,465,conditional_mlp_linear,20260921,False,primary,0.5,000001.SZ,liquidity,unseen_q
20260514,1.108216643333435,2.21643328666687,-0.653535008430481,0.41919191919191917,0.41919191919191917,462,conditional_mlp_linear,20260921,False,primary,0.5,000001.SZ,liquidity,unseen_q
20260515,1.0534746646881104,2.1069493293762207,0.42108720541000366,0.6108695652173913,0.6108695652173913,460,conditional_mlp_linear,20260921,False,primary,0.5,000001.SZ,liquidity,unseen_q
20260518,0.9870428442955017,1.9740856885910034,0.18508633971214294,0.5369532428355958,0.5369532428355958,442,conditional_mlp_linear,20260921,False,primary,0.5,000001.SZ,liquidity,unseen_q
20260519,0.8983979821205139,1.7967959642410278,0.17808692157268524,0.5557955363570914,0.5557955363570914,463,conditional_mlp_linear,20260921,False,primary,0.5,000001.SZ,liquidity,unseen_q
20260520,0.8600015640258789,1.7200031280517578,0.12351313978433609,0.6080586080586081,0.6080586080586081,455,conditional_mlp_linear,20260921,False,primary,0.5,000001.SZ,liquidity,unseen_q
20260521,1.0064388513565063,2.0128777027130127,0.49036523699760437,0.6437275985663082,0.6437275985663082,465,conditional_mlp_linear,20260921,False,primary,0.5,000001.SZ,liquidity,unseen_q
20260522,1.017275094985962,2.034550189971924,0.5502519607543945,0.6214080459770115,0.6214080459770115,464,conditional_mlp_linear,20260921,False,primary,0.5,000001.SZ,liquidity,unseen_q
20260525,0.9947062730789185,1.989412546157837,-0.044985104352235794,0.49385394070860444,0.49385394070860444,461,conditional_mlp_linear,20260921,False,primary,0.5,000001.SZ,liquidity,unseen_q
20260526,1.05353844165802,2.10707688331604,0.2131471037864685,0.5373563218390804,0.5373563218390804,464,conditional_mlp_linear,20260921,False,primary,0.5,000001.SZ,liquidity,unseen_q
20260528,0.9945189952850342,1.9890379905700684,0.6743941307067871,0.6645114942528735,0.6645114942528735,464,conditional_mlp_linear,20260921,False,primary,0.5,000001.SZ,liquidity,unseen_q
20260529,1.1793632507324219,2.3587265014648438,0.5449665188789368,0.6043010752688172,0.6043010752688172,465,conditional_mlp_linear,20260921,False,primary,0.5,000001.SZ,liquidity,unseen_q
20260506,0.5567096471786499,2.864185094833374,2.1884572505950928,0.7827102803738317,0.7834890965732086,428,conditional_mlp_linear,20260921,False,primary,0.8999999761581421,000001.SZ,liquidity,unseen_q
20260507,0.6242032051086426,2.4888787269592285,1.5505905151367188,0.7532188841201717,0.7532188841201717,466,conditional_mlp_linear,20260921,False,primary,0.8999999761581421,000001.SZ,liquidity,unseen_q
20260508,0.7662818431854248,2.314340114593506,0.977220892906189,0.6681383370125092,0.6681383370125092,453,conditional_mlp_linear,20260921,False,primary,0.8999999761581421,000001.SZ,liquidity,unseen_q
20260511,0.6762816309928894,2.8161327838897705,1.8294621706008911,0.7474747474747474,0.7474747474747474,462,conditional_mlp_linear,20260921,False,primary,0.8999999761581421,000001.SZ,liquidity,unseen_q
20260512,0.6526814103126526,2.440011978149414,1.4183112382888794,0.7211328976034859,0.7211328976034859,459,conditional_mlp_linear,20260921,False,primary,0.8999999761581421,000001.SZ,liquidity,unseen_q
20260513,0.4963015019893646,2.0815088748931885,1.3611323833465576,0.7433691756272401,0.7433691756272401,465,conditional_mlp_linear,20260921,False,primary,0.8999999761581421,000001.SZ,liquidity,unseen_q
20260514,0.6811904311180115,2.467834711074829,1.3818172216415405,0.7258297258297258,0.7258297258297258,462,conditional_mlp_linear,20260921,False,primary,0.8999999761581421,000001.SZ,liquidity,unseen_q
20260515,0.5644723176956177,2.8599812984466553,2.1637959480285645,0.8210144927536233,0.8210144927536233,460,conditional_mlp_linear,20260921,False,primary,0.8999999761581421,000001.SZ,liquidity,unseen_q
20260518,0.499170184135437,2.887108325958252,2.360960006713867,0.8220211161387632,0.8220211161387632,442,conditional_mlp_linear,20260921,False,primary,0.8999999761581421,000001.SZ,liquidity,unseen_q
20260519,0.4996837079524994,2.9717302322387695,2.465453624725342,0.8538516918646508,0.8538516918646508,463,conditional_mlp_linear,20260921,False,primary,0.8999999761581421,000001.SZ,liquidity,unseen_q
20260520,0.48004838824272156,2.641714572906494,2.102022171020508,0.8432234432234432,0.8432234432234432,455,conditional_mlp_linear,20260921,False,primary,0.8999999761581421,000001.SZ,liquidity,unseen_q
20260521,0.560045063495636,2.693159580230713,1.966336965560913,0.8,0.8,465,conditional_mlp_linear,20260921,False,primary,0.8999999761581421,000001.SZ,liquidity,unseen_q
20260522,0.5109735131263733,3.1010935306549072,2.598932981491089,0.846264367816092,0.846264367816092,464,conditional_mlp_linear,20260921,False,primary,0.8999999761581421,000001.SZ,liquidity,unseen_q
20260525,0.5141058564186096,2.7359867095947266,2.134719133377075,0.8120028922631959,0.8120028922631959,461,conditional_mlp_linear,20260921,False,primary,0.8999999761581421,000001.SZ,liquidity,unseen_q
20260526,0.5401178002357483,2.904815673828125,2.2807254791259766,0.8110632183908045,0.8110632183908045,464,conditional_mlp_linear,20260921,False,primary,0.8999999761581421,000001.SZ,liquidity,unseen_q
20260528,0.46852657198905945,2.9012033939361572,2.4551877975463867,0.875,0.875,464,conditional_mlp_linear,20260921,False,primary,0.8999999761581421,000001.SZ,liquidity,unseen_q
20260529,0.5807498693466187,3.281521797180176,2.6500275135040283,0.8193548387096774,0.8193548387096774,465,conditional_mlp_linear,20260921,False,primary,0.8999999761581421,000001.SZ,liquidity,unseen_q
20260506,0.6703384518623352,1.3406769037246704,0.2555933892726898,0.6461578400830738,0.6461578400830738,428,conditional_mlp_linear,20260921,False,all_queries_diagnostic,0.5,000001.SZ,liquidity,unseen_q
20260507,0.7538953423500061,1.5077906847000122,-0.11770491302013397,0.514067715784454,0.514067715784454,466,conditional_mlp_linear,20260921,False,all_queries_diagnostic,0.5,000001.SZ,liquidity,unseen_q
20260508,0.7382425665855408,1.4764851331710815,-0.19348417222499847,0.5374049546234977,0.5374049546234977,453,conditional_mlp_linear,20260921,False,all_queries_diagnostic,0.5,000001.SZ,liquidity,unseen_q
20260511,0.7993050217628479,1.5986100435256958,-0.20749053359031677,0.5156325156325157,0.5156325156325157,462,conditional_mlp_linear,20260921,False,all_queries_diagnostic,0.5,000001.SZ,liquidity,unseen_q
20260512,0.7836253643035889,1.5672507286071777,-0.14508070051670074,0.5006051803437425,0.5006051803437425,459,conditional_mlp_linear,20260921,False,all_queries_diagnostic,0.5,000001.SZ,liquidity,unseen_q
20260513,0.5749549269676208,1.1499098539352417,0.02153814770281315,0.5866188769414575,0.5866188769414575,465,conditional_mlp_linear,20260921,False,all_queries_diagnostic,0.5,000001.SZ,liquidity,unseen_q
20260514,0.7980718612670898,1.5961437225341797,-0.20230410993099213,0.46248196248196244,0.46248196248196244,462,conditional_mlp_linear,20260921,False,all_queries_diagnostic,0.5,000001.SZ,liquidity,unseen_q
20260515,0.7827134728431702,1.5654269456863403,0.16419386863708496,0.5990338164251208,0.5990338164251208,460,conditional_mlp_linear,20260921,False,all_queries_diagnostic,0.5,000001.SZ,liquidity,unseen_q
20260518,0.6961625218391418,1.3923250436782837,0.13508792221546173,0.6465560583207642,0.6465560583207642,442,conditional_mlp_linear,20260921,False,all_queries_diagnostic,0.5,000001.SZ,liquidity,unseen_q
20260519,0.7223369479179382,1.4446738958358765,0.11375884711742401,0.605711543076554,0.605711543076554,463,conditional_mlp_linear,20260921,False,all_queries_diagnostic,0.5,000001.SZ,liquidity,unseen_q
20260520,0.6785548329353333,1.3571096658706665,0.12558288872241974,0.6217338217338216,0.6217338217338216,455,conditional_mlp_linear,20260921,False,all_queries_diagnostic,0.5,000001.SZ,liquidity,unseen_q
20260521,0.7517052292823792,1.5034104585647583,0.22475537657737732,0.5658303464755077,0.5658303464755077,465,conditional_mlp_linear,20260921,False,all_queries_diagnostic,0.5,000001.SZ,liquidity,unseen_q
20260522,0.770269513130188,1.540539026260376,0.23052972555160522,0.5632183908045977,0.5632183908045977,464,conditional_mlp_linear,20260921,False,all_queries_diagnostic,0.5,000001.SZ,liquidity,unseen_q
20260525,0.6964753270149231,1.3929506540298462,0.030879365280270576,0.5266329235960472,0.5266329235960472,461,conditional_mlp_linear,20260921,False,all_queries_diagnostic,0.5,000001.SZ,liquidity,unseen_q
20260526,0.8100368976593018,1.6200737953186035,0.11286816000938416,0.5665708812260536,0.5665708812260536,464,conditional_mlp_linear,20260921,False,all_queries_diagnostic,0.5,000001.SZ,liquidity,unseen_q
20260528,0.6856498718261719,1.3712997436523438,0.2774379551410675,0.6163793103448276,0.6163793103448276,464,conditional_mlp_linear,20260921,False,all_queries_diagnostic,0.5,000001.SZ,liquidity,unseen_q
20260529,0.9084254503250122,1.8168509006500244,0.266815721988678,0.6112305854241338,0.6112305854241338,465,conditional_mlp_linear,20260921,False,all_queries_diagnostic,0.5,000001.SZ,liquidity,unseen_q
20260506,0.42649391293525696,2.440399408340454,1.9842644929885864,0.8800623052959502,0.8803219106957425,428,conditional_mlp_linear,20260921,False,all_queries_diagnostic,0.8999999761581421,000001.SZ,liquidity,unseen_q
20260507,0.4971078336238861,2.4854860305786133,1.8640879392623901,0.8595612780162136,0.8595612780162136,466,conditional_mlp_linear,20260921,False,all_queries_diagnostic,0.8999999761581421,000001.SZ,liquidity,unseen_q
20260508,0.5625726580619812,2.1906661987304688,1.3319010734558105,0.8268334559725288,0.8268334559725288,453,conditional_mlp_linear,20260921,False,all_queries_diagnostic,0.8999999761581421,000001.SZ,liquidity,unseen_q
20260511,0.5366650819778442,2.8579318523406982,2.2307522296905518,0.8578643578643578,0.8578643578643578,462,conditional_mlp_linear,20260921,False,all_queries_diagnostic,0.8999999761581421,000001.SZ,liquidity,unseen_q
20260512,0.4995906352996826,2.3878133296966553,1.7357902526855469,0.8460421205519244,0.8460421205519244,459,conditional_mlp_linear,20260921,False,all_queries_diagnostic,0.8999999761581421,000001.SZ,liquidity,unseen_q
20260513,0.38621750473976135,1.8965741395950317,1.4051740169525146,0.8575866188769414,0.8575866188769414,465,conditional_mlp_linear,20260921,False,all_queries_diagnostic,0.8999999761581421,000001.SZ,liquidity,unseen_q
20260514,0.5210191607475281,2.5143418312072754,1.8403795957565308,0.8504088504088504,0.8504088504088504,462,conditional_mlp_linear,20260921,False,all_queries_diagnostic,0.8999999761581421,000001.SZ,liquidity,unseen_q
20260515,0.49105772376060486,2.51347017288208,1.9141937494277954,0.8707729468599034,0.8707729468599034,460,conditional_mlp_linear,20260921,False,all_queries_diagnostic,0.8999999761581421,000001.SZ,liquidity,unseen_q
20260518,0.44423651695251465,2.744905471801758,2.3205406665802,0.8981900452488688,0.8981900452488688,442,conditional_mlp_linear,20260921,False,all_queries_diagnostic,0.8999999761581421,000001.SZ,liquidity,unseen_q
20260519,0.46220359206199646,2.852015972137451,2.409511089324951,0.8960883129349653,0.8960883129349653,463,conditional_mlp_linear,20260921,False,all_queries_diagnostic,0.8999999761581421,000001.SZ,liquidity,unseen_q
20260520,0.43318530917167664,2.5557241439819336,2.111691951751709,0.8989010989010989,0.8989010989010989,455,conditional_mlp_linear,20260921,False,all_queries_diagnostic,0.8999999761581421,000001.SZ,liquidity,unseen_q
20260521,0.4679206907749176,2.3016555309295654,1.7072676420211792,0.8616487455197133,0.8616487455197133,465,conditional_mlp_linear,20260921,False,all_queries_diagnostic,0.8999999761581421,000001.SZ,liquidity,unseen_q
20260522,0.44895851612091064,2.727386951446533,2.286837577819824,0.8845785440613028,0.8845785440613028,464,conditional_mlp_linear,20260921,False,all_queries_diagnostic,0.8999999761581421,000001.SZ,liquidity,unseen_q
20260525,0.4347757399082184,2.644559621810913,2.2187602519989014,0.8973246565437455,0.8973246565437455,461,conditional_mlp_linear,20260921,False,all_queries_diagnostic,0.8999999761581421,000001.SZ,liquidity,unseen_q
20260526,0.49467208981513977,2.740147113800049,2.1885037422180176,0.8759578544061303,0.8759578544061303,464,conditional_mlp_linear,20260921,False,all_queries_diagnostic,0.8999999761581421,000001.SZ,liquidity,unseen_q
20260528,0.40647760033607483,2.465975522994995,2.0662755966186523,0.9092432950191571,0.9092432950191571,464,conditional_mlp_linear,20260921,False,all_queries_diagnostic,0.8999999761581421,000001.SZ,liquidity,unseen_q
20260529,0.5252505540847778,2.954543113708496,2.3800525665283203,0.8740740740740741,0.8740740740740741,465,conditional_mlp_linear,20260921,False,all_queries_diagnostic,0.8999999761581421,000001.SZ,liquidity,unseen_q
20260506,0.5359517931938171,1.0719035863876343,0.1435866504907608,0.6339563862928348,0.6339563862928348,428,conditional_mlp_residual_linear,20260921,True,primary,0.5,000001.SZ,liquidity,unseen_q
20260507,0.628678560256958,1.257357120513916,0.05159668251872063,0.5393419170243204,0.5393419170243204,466,conditional_mlp_residual_linear,20260921,True,primary,0.5,000001.SZ,liquidity,unseen_q
20260508,0.6365900635719299,1.2731801271438599,-0.0630020871758461,0.5474613686534217,0.5474613686534217,453,conditional_mlp_residual_linear,20260921,True,primary,0.5,000001.SZ,liquidity,unseen_q
20260511,0.6855599284172058,1.3711198568344116,-0.02002258598804474,0.536075036075036,0.536075036075036,462,conditional_mlp_residual_linear,20260921,True,primary,0.5,000001.SZ,liquidity,unseen_q
20260512,0.670163631439209,1.340327262878418,-0.0070510199293494225,0.5003631082062454,0.5003631082062454,459,conditional_mlp_residual_linear,20260921,True,primary,0.5,000001.SZ,liquidity,unseen_q
20260513,0.519463837146759,1.038927674293518,0.05522039160132408,0.5913978494623656,0.5913978494623656,465,conditional_mlp_residual_linear,20260921,True,primary,0.5,000001.SZ,liquidity,unseen_q
20260514,0.6523268818855286,1.3046537637710571,0.04023066908121109,0.48917748917748916,0.48917748917748916,462,conditional_mlp_residual_linear,20260921,True,primary,0.5,000001.SZ,liquidity,unseen_q
20260515,0.6733981370925903,1.3467962741851807,0.05904778093099594,0.591304347826087,0.591304347826087,460,conditional_mlp_residual_linear,20260921,True,primary,0.5,000001.SZ,liquidity,unseen_q
20260518,0.5627930164337158,1.1255860328674316,0.07237132638692856,0.6319758672699849,0.6319758672699849,442,conditional_mlp_residual_linear,20260921,True,primary,0.5,000001.SZ,liquidity,unseen_q
20260519,0.6364564895629883,1.2729129791259766,0.07939459383487701,0.5903527717782577,0.5903527717782577,463,conditional_mlp_residual_linear,20260921,True,primary,0.5,000001.SZ,liquidity,unseen_q
20260520,0.5990269780158997,1.1980539560317993,0.1144021600484848,0.616117216117216,0.616117216117216,455,conditional_mlp_residual_linear,20260921,True,primary,0.5,000001.SZ,liquidity,unseen_q
20260521,0.6200435757637024,1.2400871515274048,0.05336122587323189,0.5311827956989247,0.5311827956989247,465,conditional_mlp_residual_linear,20260921,True,primary,0.5,000001.SZ,liquidity,unseen_q
20260522,0.6464361548423767,1.2928723096847534,0.08939598500728607,0.5251436781609196,0.5251436781609196,464,conditional_mlp_residual_linear,20260921,True,primary,0.5,000001.SZ,liquidity,unseen_q
20260525,0.5622779726982117,1.1245559453964233,0.07846512645483017,0.5278380332610267,0.5278380332610267,461,conditional_mlp_residual_linear,20260921,True,primary,0.5,000001.SZ,liquidity,unseen_q
20260526,0.7314425110816956,1.4628850221633911,0.05783252790570259,0.576867816091954,0.576867816091954,464,conditional_mlp_residual_linear,20260921,True,primary,0.5,000001.SZ,liquidity,unseen_q
20260528,0.5802006125450134,1.1604012250900269,0.08927527070045471,0.5804597701149425,0.5804597701149425,464,conditional_mlp_residual_linear,20260921,True,primary,0.5,000001.SZ,liquidity,unseen_q
20260529,0.8389571905136108,1.6779143810272217,0.0950714573264122,0.6007168458781361,0.6007168458781361,465,conditional_mlp_residual_linear,20260921,True,primary,0.5,000001.SZ,liquidity,unseen_q
20260506,0.3790587782859802,2.249807357788086,1.864612340927124,0.9306853582554516,0.9306853582554516,428,conditional_mlp_residual_linear,20260921,True,primary,0.8999999761581421,000001.SZ,liquidity,unseen_q
20260507,0.42150282859802246,2.463897228240967,2.0261144638061523,0.9241773962804006,0.9241773962804006,466,conditional_mlp_residual_linear,20260921,True,primary,0.8999999761581421,000001.SZ,liquidity,unseen_q
20260508,0.4945152699947357,2.153995990753174,1.456207036972046,0.888888888888889,0.888888888888889,453,conditional_mlp_residual_linear,20260921,True,primary,0.8999999761581421,000001.SZ,liquidity,unseen_q
20260511,0.4770345091819763,2.88165283203125,2.409479856491089,0.9083694083694084,0.9083694083694084,462,conditional_mlp_residual_linear,20260921,True,primary,0.8999999761581421,000001.SZ,liquidity,unseen_q
20260512,0.46225935220718384,2.4174704551696777,1.86618971824646,0.907770515613653,0.907770515613653,459,conditional_mlp_residual_linear,20260921,True,primary,0.8999999761581421,000001.SZ,liquidity,unseen_q
20260513,0.3538968563079834,1.8532135486602783,1.4317748546600342,0.8974910394265233,0.8974910394265233,465,conditional_mlp_residual_linear,20260921,True,primary,0.8999999761581421,000001.SZ,liquidity,unseen_q
20260514,0.43813976645469666,2.53674578666687,2.07558274269104,0.9148629148629149,0.9148629148629149,462,conditional_mlp_residual_linear,20260921,True,primary,0.8999999761581421,000001.SZ,liquidity,unseen_q
20260515,0.45605558156967163,2.3506906032562256,1.7982243299484253,0.8615942028985507,0.8615942028985507,460,conditional_mlp_residual_linear,20260921,True,primary,0.8999999761581421,000001.SZ,liquidity,unseen_q
20260518,0.40826866030693054,2.615133285522461,2.2482452392578125,0.9328808446455504,0.9328808446455504,442,conditional_mlp_residual_linear,20260921,True,primary,0.8999999761581421,000001.SZ,liquidity,unseen_q
20260519,0.4372237026691437,2.7678563594818115,2.3667614459991455,0.925845932325414,0.925845932325414,463,conditional_mlp_residual_linear,20260921,True,primary,0.8999999761581421,000001.SZ,liquidity,unseen_q
20260520,0.4072835445404053,2.488348960876465,2.0922274589538574,0.9260073260073259,0.9260073260073259,455,conditional_mlp_residual_linear,20260921,True,primary,0.8999999761581421,000001.SZ,liquidity,unseen_q
20260521,0.40518394112586975,2.0337719917297363,1.5292552709579468,0.8939068100358424,0.8939068100358424,465,conditional_mlp_residual_linear,20260921,True,primary,0.8999999761581421,000001.SZ,liquidity,unseen_q
20260522,0.41655880212783813,2.5435791015625,2.1380770206451416,0.9224137931034483,0.9224137931034483,464,conditional_mlp_residual_linear,20260921,True,primary,0.8999999761581421,000001.SZ,liquidity,unseen_q
20260525,0.39017707109451294,2.5868895053863525,2.258169174194336,0.9450469992769343,0.9450469992769343,461,conditional_mlp_residual_linear,20260921,True,primary,0.8999999761581421,000001.SZ,liquidity,unseen_q
20260526,0.49003568291664124,2.6803998947143555,2.125410795211792,0.9044540229885057,0.9044540229885057,464,conditional_mlp_residual_linear,20260921,True,primary,0.8999999761581421,000001.SZ,liquidity,unseen_q
20260528,0.3865692615509033,2.269193410873413,1.870068907737732,0.9202586206896551,0.9202586206896551,464,conditional_mlp_residual_linear,20260921,True,primary,0.8999999761581421,000001.SZ,liquidity,unseen_q
20260529,0.5318885445594788,2.823798418045044,2.2000269889831543,0.8903225806451613,0.8903225806451613,465,conditional_mlp_residual_linear,20260921,True,primary,0.8999999761581421,000001.SZ,liquidity,unseen_q
20260506,0.5058301687240601,1.0116603374481201,0.1476903259754181,0.6591381100726894,0.6591381100726894,428,conditional_mlp_residual_linear,20260921,True,all_queries_diagnostic,0.5,000001.SZ,liquidity,unseen_q
20260507,0.6213313937187195,1.242662787437439,0.040864963084459305,0.5426800190748688,0.5426800190748688,466,conditional_mlp_residual_linear,20260921,True,all_queries_diagnostic,0.5,000001.SZ,liquidity,unseen_q
20260508,0.6079689264297485,1.215937852859497,-0.03370789811015129,0.5744419916605347,0.5744419916605347,453,conditional_mlp_residual_linear,20260921,True,all_queries_diagnostic,0.5,000001.SZ,liquidity,unseen_q
20260511,0.6520216464996338,1.3040432929992676,-0.014151300303637981,0.5644540644540644,0.5644540644540644,462,conditional_mlp_residual_linear,20260921,True,all_queries_diagnostic,0.5,000001.SZ,liquidity,unseen_q
20260512,0.6201578974723816,1.2403157949447632,0.004212094936519861,0.51440329218107,0.51440329218107,459,conditional_mlp_residual_linear,20260921,True,all_queries_diagnostic,0.5,000001.SZ,liquidity,unseen_q
20260513,0.470284104347229,0.940568208694458,0.04555738717317581,0.6112305854241338,0.6112305854241338,465,conditional_mlp_residual_linear,20260921,True,all_queries_diagnostic,0.5,000001.SZ,liquidity,unseen_q
20260514,0.6461086273193359,1.2922172546386719,0.028951099142432213,0.4858104858104858,0.4858104858104858,462,conditional_mlp_residual_linear,20260921,True,all_queries_diagnostic,0.5,000001.SZ,liquidity,unseen_q
20260515,0.6559089422225952,1.3118178844451904,0.044679153710603714,0.6079710144927537,0.6079710144927537,460,conditional_mlp_residual_linear,20260921,True,all_queries_diagnostic,0.5,000001.SZ,liquidity,unseen_q
20260518,0.5547458529472351,1.1094917058944702,0.0975162461400032,0.6782302664655606,0.6782302664655606,442,conditional_mlp_residual_linear,20260921,True,all_queries_diagnostic,0.5,000001.SZ,liquidity,unseen_q
20260519,0.6350231170654297,1.2700462341308594,0.080861397087574,0.617230621550276,0.617230621550276,463,conditional_mlp_residual_linear,20260921,True,all_queries_diagnostic,0.5,000001.SZ,liquidity,unseen_q
20260520,0.5916582942008972,1.1833165884017944,0.12277256697416306,0.6266178266178266,0.6266178266178266,455,conditional_mlp_residual_linear,20260921,True,all_queries_diagnostic,0.5,000001.SZ,liquidity,unseen_q
20260521,0.6228920817375183,1.2457841634750366,0.07911697030067444,0.5283154121863799,0.5283154121863799,465,conditional_mlp_residual_linear,20260921,True,all_queries_diagnostic,0.5,000001.SZ,liquidity,unseen_q
20260522,0.6466565728187561,1.2933131456375122,0.0769110694527626,0.5311302681992337,0.5311302681992337,464,conditional_mlp_residual_linear,20260921,True,all_queries_diagnostic,0.5,000001.SZ,liquidity,unseen_q
20260525,0.5523325204849243,1.1046650409698486,0.07202944159507751,0.5379609544468547,0.5379609544468547,461,conditional_mlp_residual_linear,20260921,True,all_queries_diagnostic,0.5,000001.SZ,liquidity,unseen_q
20260526,0.7026715874671936,1.4053431749343872,0.061096638441085815,0.5797413793103449,0.5797413793103449,464,conditional_mlp_residual_linear,20260921,True,all_queries_diagnostic,0.5,000001.SZ,liquidity,unseen_q
20260528,0.5475437641143799,1.0950875282287598,0.08239833265542984,0.5883620689655172,0.5883620689655172,464,conditional_mlp_residual_linear,20260921,True,all_queries_diagnostic,0.5,000001.SZ,liquidity,unseen_q
20260529,0.7949545383453369,1.5899090766906738,0.1168951615691185,0.6109916367980883,0.6109916367980883,465,conditional_mlp_residual_linear,20260921,True,all_queries_diagnostic,0.5,000001.SZ,liquidity,unseen_q
20260506,0.36727389693260193,2.2355759143829346,1.876285433769226,0.9293873312564901,0.9293873312564901,428,conditional_mlp_residual_linear,20260921,True,all_queries_diagnostic,0.8999999761581421,000001.SZ,liquidity,unseen_q
20260507,0.42953798174858093,2.477128028869629,2.0225653648376465,0.9165474487362899,0.9165474487362899,466,conditional_mlp_residual_linear,20260921,True,all_queries_diagnostic,0.8999999761581421,000001.SZ,liquidity,unseen_q
20260508,0.47201529145240784,2.137235403060913,1.4915062189102173,0.8994358597007603,0.8994358597007603,453,conditional_mlp_residual_linear,20260921,True,all_queries_diagnostic,0.8999999761581421,000001.SZ,liquidity,unseen_q
20260511,0.47024935483932495,2.8797719478607178,2.4240915775299072,0.9114959114959115,0.9114959114959115,462,conditional_mlp_residual_linear,20260921,True,all_queries_diagnostic,0.8999999761581421,000001.SZ,liquidity,unseen_q
20260512,0.43611660599708557,2.3802995681762695,1.8850830793380737,0.9082546598886467,0.9082546598886467,459,conditional_mlp_residual_linear,20260921,True,all_queries_diagnostic,0.8999999761581421,000001.SZ,liquidity,unseen_q
20260513,0.33894261717796326,1.8206778764724731,1.4284909963607788,0.9065710872162485,0.9065710872162485,465,conditional_mlp_residual_linear,20260921,True,all_queries_diagnostic,0.8999999761581421,000001.SZ,liquidity,unseen_q
20260514,0.4400022625923157,2.5373122692108154,2.0716347694396973,0.9134199134199135,0.9134199134199135,462,conditional_mlp_residual_linear,20260921,True,all_queries_diagnostic,0.8999999761581421,000001.SZ,liquidity,unseen_q
20260515,0.45550185441970825,2.343944549560547,1.7911760807037354,0.868840579710145,0.868840579710145,460,conditional_mlp_residual_linear,20260921,True,all_queries_diagnostic,0.8999999761581421,000001.SZ,liquidity,unseen_q
20260518,0.41393598914146423,2.6542470455169678,2.2829689979553223,0.9351432880844646,0.9351432880844646,442,conditional_mlp_residual_linear,20260921,True,all_queries_diagnostic,0.8999999761581421,000001.SZ,liquidity,unseen_q
20260519,0.44138357043266296,2.784057855606079,2.3766136169433594,0.9200863930885529,0.9200863930885529,463,conditional_mlp_residual_linear,20260921,True,all_queries_diagnostic,0.8999999761581421,000001.SZ,liquidity,unseen_q
20260520,0.4089258909225464,2.504410743713379,2.108198642730713,0.9242979242979242,0.9242979242979242,455,conditional_mlp_residual_linear,20260921,True,all_queries_diagnostic,0.8999999761581421,000001.SZ,liquidity,unseen_q
20260521,0.41632694005966187,2.0818891525268555,1.5615441799163818,0.8929510155316607,0.8929510155316607,465,conditional_mlp_residual_linear,20260921,True,all_queries_diagnostic,0.8999999761581421,000001.SZ,liquidity,unseen_q
20260522,0.41748693585395813,2.54154896736145,2.133219003677368,0.9099616858237548,0.9099616858237548,464,conditional_mlp_residual_linear,20260921,True,all_queries_diagnostic,0.8999999761581421,000001.SZ,liquidity,unseen_q
20260525,0.39346614480018616,2.594860553741455,2.2599105834960938,0.9416726922149915,0.9416726922149915,461,conditional_mlp_residual_linear,20260921,True,all_queries_diagnostic,0.8999999761581421,000001.SZ,liquidity,unseen_q
20260526,0.47797805070877075,2.665341854095459,2.136732339859009,0.9070881226053641,0.9070881226053641,464,conditional_mlp_residual_linear,20260921,True,all_queries_diagnostic,0.8999999761581421,000001.SZ,liquidity,unseen_q
20260528,0.37915846705436707,2.255305528640747,1.8712358474731445,0.9243295019157088,0.9243295019157088,464,conditional_mlp_residual_linear,20260921,True,all_queries_diagnostic,0.8999999761581421,000001.SZ,liquidity,unseen_q
20260529,0.5089833736419678,2.8019731044769287,2.230008125305176,0.896774193548387,0.896774193548387,465,conditional_mlp_residual_linear,20260921,True,all_queries_diagnostic,0.8999999761581421,000001.SZ,liquidity,unseen_q
20260506,0.5359753966331482,1.0719507932662964,0.1436339169740677,0.6339563862928348,0.6339563862928348,428,conditional_mlp_residual_linear,20260921,False,primary,0.5,000001.SZ,liquidity,unseen_q
20260507,0.6287357807159424,1.2574715614318848,0.051467906683683395,0.5393419170243204,0.5393419170243204,466,conditional_mlp_residual_linear,20260921,False,primary,0.5,000001.SZ,liquidity,unseen_q
20260508,0.6366142630577087,1.2732285261154175,-0.06304580718278885,0.5481972038263428,0.5481972038263428,453,conditional_mlp_residual_linear,20260921,False,primary,0.5,000001.SZ,liquidity,unseen_q
20260511,0.6855599284172058,1.3711198568344116,-0.02002258598804474,0.536075036075036,0.536075036075036,462,conditional_mlp_residual_linear,20260921,False,primary,0.5,000001.SZ,liquidity,unseen_q
20260512,0.6701527833938599,1.3403055667877197,-0.0070189256221055984,0.5003631082062454,0.5003631082062454,459,conditional_mlp_residual_linear,20260921,False,primary,0.5,000001.SZ,liquidity,unseen_q
20260513,0.5196274518966675,1.039254903793335,0.05489567294716835,0.5885304659498208,0.5885304659498208,465,conditional_mlp_residual_linear,20260921,False,primary,0.5,000001.SZ,liquidity,unseen_q
20260514,0.652328610420227,1.304657220840454,0.040234632790088654,0.48917748917748916,0.48917748917748916,462,conditional_mlp_residual_linear,20260921,False,primary,0.5,000001.SZ,liquidity,unseen_q
20260515,0.6735414862632751,1.3470829725265503,0.057371754199266434,0.5666666666666668,0.5666666666666668,460,conditional_mlp_residual_linear,20260921,False,primary,0.5,000001.SZ,liquidity,unseen_q
20260518,0.5627930164337158,1.1255860328674316,0.07237132638692856,0.6319758672699849,0.6319758672699849,442,conditional_mlp_residual_linear,20260921,False,primary,0.5,000001.SZ,liquidity,unseen_q
20260519,0.6364433169364929,1.2728866338729858,0.0793682336807251,0.5903527717782577,0.5903527717782577,463,conditional_mlp_residual_linear,20260921,False,primary,0.5,000001.SZ,liquidity,unseen_q
20260520,0.5988602042198181,1.1977204084396362,0.11402859538793564,0.616117216117216,0.616117216117216,455,conditional_mlp_residual_linear,20260921,False,primary,0.5,000001.SZ,liquidity,unseen_q
20260521,0.6200467944145203,1.2400935888290405,0.05335770919919014,0.5318996415770609,0.5318996415770609,465,conditional_mlp_residual_linear,20260921,False,primary,0.5,000001.SZ,liquidity,unseen_q
20260522,0.6464686393737793,1.2929372787475586,0.08958258479833603,0.5251436781609196,0.5251436781609196,464,conditional_mlp_residual_linear,20260921,False,primary,0.5,000001.SZ,liquidity,unseen_q
20260525,0.5622785091400146,1.1245570182800293,0.07846616208553314,0.5278380332610267,0.5278380332610267,461,conditional_mlp_residual_linear,20260921,False,primary,0.5,000001.SZ,liquidity,unseen_q
20260526,0.7314401865005493,1.4628803730010986,0.05784163624048233,0.576867816091954,0.576867816091954,464,conditional_mlp_residual_linear,20260921,False,primary,0.5,000001.SZ,liquidity,unseen_q
20260528,0.5802658796310425,1.160531759262085,0.08941859006881714,0.5804597701149425,0.5804597701149425,464,conditional_mlp_residual_linear,20260921,False,primary,0.5,000001.SZ,liquidity,unseen_q
20260529,0.8389767408370972,1.6779534816741943,0.0950537845492363,0.6,0.6,465,conditional_mlp_residual_linear,20260921,False,primary,0.5,000001.SZ,liquidity,unseen_q
20260506,0.3790632486343384,2.249852180480957,1.8646572828292847,0.9306853582554516,0.9306853582554516,428,conditional_mlp_residual_linear,20260921,False,primary,0.8999999761581421,000001.SZ,liquidity,unseen_q
20260507,0.42150041460990906,2.4638729095458984,2.026090383529663,0.9241773962804006,0.9241773962804006,466,conditional_mlp_residual_linear,20260921,False,primary,0.8999999761581421,000001.SZ,liquidity,unseen_q
20260508,0.49447891116142273,2.1539571285247803,1.4562491178512573,0.8903605592347313,0.8903605592347313,453,conditional_mlp_residual_linear,20260921,False,primary,0.8999999761581421,000001.SZ,liquidity,unseen_q
20260511,0.4770345091819763,2.88165283203125,2.409479856491089,0.9083694083694084,0.9083694083694084,462,conditional_mlp_residual_linear,20260921,False,primary,0.8999999761581421,000001.SZ,liquidity,unseen_q
20260512,0.46225935220718384,2.4174704551696777,1.86618971824646,0.907770515613653,0.907770515613653,459,conditional_mlp_residual_linear,20260921,False,primary,0.8999999761581421,000001.SZ,liquidity,unseen_q
20260513,0.3535870313644409,1.8528846502304077,1.4321383237838745,0.9017921146953405,0.9017921146953405,465,conditional_mlp_residual_linear,20260921,False,primary,0.8999999761581421,000001.SZ,liquidity,unseen_q
20260514,0.43813976645469666,2.53674578666687,2.07558274269104,0.9148629148629149,0.9148629148629149,462,conditional_mlp_residual_linear,20260921,False,primary,0.8999999761581421,000001.SZ,liquidity,unseen_q
20260515,0.4552183449268341,2.350409984588623,1.79996657371521,0.8869565217391304,0.8869565217391304,460,conditional_mlp_residual_linear,20260921,False,primary,0.8999999761581421,000001.SZ,liquidity,unseen_q
20260518,0.40826866030693054,2.615133285522461,2.2482452392578125,0.9328808446455504,0.9328808446455504,442,conditional_mlp_residual_linear,20260921,False,primary,0.8999999761581421,000001.SZ,liquidity,unseen_q
20260519,0.43722355365753174,2.767855167388916,2.366760015487671,0.925845932325414,0.925845932325414,463,conditional_mlp_residual_linear,20260921,False,primary,0.8999999761581421,000001.SZ,liquidity,unseen_q
20260520,0.407315194606781,2.4886653423309326,2.0925440788269043,0.9260073260073259,0.9260073260073259,455,conditional_mlp_residual_linear,20260921,False,primary,0.8999999761581421,000001.SZ,liquidity,unseen_q
20260521,0.40514853596687317,2.0337326526641846,1.5292946100234985,0.8939068100358424,0.8939068100358424,465,conditional_mlp_residual_linear,20260921,False,primary,0.8999999761581421,000001.SZ,liquidity,unseen_q
20260522,0.41656243801116943,2.5436155796051025,2.138113498687744,0.9224137931034483,0.9224137931034483,464,conditional_mlp_residual_linear,20260921,False,primary,0.8999999761581421,000001.SZ,liquidity,unseen_q
20260525,0.39017707109451294,2.5868895053863525,2.258169174194336,0.9450469992769343,0.9450469992769343,461,conditional_mlp_residual_linear,20260921,False,primary,0.8999999761581421,000001.SZ,liquidity,unseen_q
20260526,0.49003568291664124,2.6803998947143555,2.125410795211792,0.9044540229885057,0.9044540229885057,464,conditional_mlp_residual_linear,20260921,False,primary,0.8999999761581421,000001.SZ,liquidity,unseen_q
20260528,0.3865765631198883,2.2692666053771973,1.8701421022415161,0.9202586206896551,0.9202586206896551,464,conditional_mlp_residual_linear,20260921,False,primary,0.8999999761581421,000001.SZ,liquidity,unseen_q
20260529,0.5318673849105835,2.8238251209259033,2.20011305809021,0.8910394265232975,0.8910394265232975,465,conditional_mlp_residual_linear,20260921,False,primary,0.8999999761581421,000001.SZ,liquidity,unseen_q
20260506,0.5058111548423767,1.0116223096847534,0.14765232801437378,0.6591381100726894,0.6591381100726894,428,conditional_mlp_residual_linear,20260921,False,all_queries_diagnostic,0.5,000001.SZ,liquidity,unseen_q
20260507,0.6213082671165466,1.2426165342330933,0.0408187136054039,0.5426800190748688,0.5426800190748688,466,conditional_mlp_residual_linear,20260921,False,all_queries_diagnostic,0.5,000001.SZ,liquidity,unseen_q
20260508,0.6079691052436829,1.2159382104873657,-0.03379349038004875,0.5734608780966397,0.5734608780966397,453,conditional_mlp_residual_linear,20260921,False,all_queries_diagnostic,0.5,000001.SZ,liquidity,unseen_q
20260511,0.6520216464996338,1.3040432929992676,-0.014151300303637981,0.5644540644540644,0.5644540644540644,462,conditional_mlp_residual_linear,20260921,False,all_queries_diagnostic,0.5,000001.SZ,liquidity,unseen_q
20260512,0.6201565265655518,1.2403130531311035,0.004212094936519861,0.51440329218107,0.51440329218107,459,conditional_mlp_residual_linear,20260921,False,all_queries_diagnostic,0.5,000001.SZ,liquidity,unseen_q
20260513,0.4704400300979614,0.9408800601959229,0.04520620033144951,0.6074074074074074,0.6074074074074074,465,conditional_mlp_residual_linear,20260921,False,all_queries_diagnostic,0.5,000001.SZ,liquidity,unseen_q
20260514,0.6461086273193359,1.2922172546386719,0.028951099142432213,0.4858104858104858,0.4858104858104858,462,conditional_mlp_residual_linear,20260921,False,all_queries_diagnostic,0.5,000001.SZ,liquidity,unseen_q
20260515,0.6560651659965515,1.312130331993103,0.04292767867445946,0.5840579710144927,0.5840579710144927,460,conditional_mlp_residual_linear,20260921,False,all_queries_diagnostic,0.5,000001.SZ,liquidity,unseen_q
20260518,0.5547458529472351,1.1094917058944702,0.0975162461400032,0.6782302664655606,0.6782302664655606,442,conditional_mlp_residual_linear,20260921,False,all_queries_diagnostic,0.5,000001.SZ,liquidity,unseen_q
20260519,0.6350170969963074,1.2700341939926147,0.080861397087574,0.617230621550276,0.617230621550276,463,conditional_mlp_residual_linear,20260921,False,all_queries_diagnostic,0.5,000001.SZ,liquidity,unseen_q
20260520,0.5915059447288513,1.1830118894577026,0.12243106216192245,0.6244200244200243,0.6244200244200243,455,conditional_mlp_residual_linear,20260921,False,all_queries_diagnostic,0.5,000001.SZ,liquidity,unseen_q
20260521,0.6229133009910583,1.2458266019821167,0.079074427485466,0.5283154121863799,0.5283154121863799,465,conditional_mlp_residual_linear,20260921,False,all_queries_diagnostic,0.5,000001.SZ,liquidity,unseen_q
20260522,0.6466555595397949,1.2933111190795898,0.0769110694527626,0.5311302681992337,0.5311302681992337,464,conditional_mlp_residual_linear,20260921,False,all_queries_diagnostic,0.5,000001.SZ,liquidity,unseen_q
20260525,0.5523325204849243,1.1046650409698486,0.07202944159507751,0.5379609544468547,0.5379609544468547,461,conditional_mlp_residual_linear,20260921,False,all_queries_diagnostic,0.5,000001.SZ,liquidity,unseen_q
20260526,0.7026715874671936,1.4053431749343872,0.061096638441085815,0.5797413793103449,0.5797413793103449,464,conditional_mlp_residual_linear,20260921,False,all_queries_diagnostic,0.5,000001.SZ,liquidity,unseen_q
20260528,0.5475437641143799,1.0950875282287598,0.08239833265542984,0.5883620689655172,0.5883620689655172,464,conditional_mlp_residual_linear,20260921,False,all_queries_diagnostic,0.5,000001.SZ,liquidity,unseen_q
20260529,0.79495769739151,1.58991539478302,0.11683311313390732,0.6097968936678614,0.6097968936678614,465,conditional_mlp_residual_linear,20260921,False,all_queries_diagnostic,0.5,000001.SZ,liquidity,unseen_q
20260506,0.36727771162986755,2.235614061355591,1.8763235807418823,0.9293873312564901,0.9293873312564901,428,conditional_mlp_residual_linear,20260921,False,all_queries_diagnostic,0.8999999761581421,000001.SZ,liquidity,unseen_q
20260507,0.429542601108551,2.4771745204925537,2.022611618041992,0.9165474487362899,0.9165474487362899,466,conditional_mlp_residual_linear,20260921,False,all_queries_diagnostic,0.8999999761581421,000001.SZ,liquidity,unseen_q
20260508,0.47197315096855164,2.1372196674346924,1.4915918111801147,0.9009075300466028,0.9009075300466028,453,conditional_mlp_residual_linear,20260921,False,all_queries_diagnostic,0.8999999761581421,000001.SZ,liquidity,unseen_q
20260511,0.47024935483932495,2.8797719478607178,2.4240915775299072,0.9114959114959115,0.9114959114959115,462,conditional_mlp_residual_linear,20260921,False,all_queries_diagnostic,0.8999999761581421,000001.SZ,liquidity,unseen_q
20260512,0.43611660599708557,2.3802995681762695,1.8850830793380737,0.9082546598886467,0.9082546598886467,459,conditional_mlp_residual_linear,20260921,False,all_queries_diagnostic,0.8999999761581421,000001.SZ,liquidity,unseen_q
20260513,0.33864596486091614,1.82036554813385,1.4288420677185059,0.9103942652329748,0.9103942652329748,465,conditional_mlp_residual_linear,20260921,False,all_queries_diagnostic,0.8999999761581421,000001.SZ,liquidity,unseen_q
20260514,0.4400022625923157,2.5373122692108154,2.0716347694396973,0.9134199134199135,0.9134199134199135,462,conditional_mlp_residual_linear,20260921,False,all_queries_diagnostic,0.8999999761581421,000001.SZ,liquidity,unseen_q
20260515,0.45464077591896057,2.343623399734497,1.7929275035858154,0.8927536231884058,0.8927536231884058,460,conditional_mlp_residual_linear,20260921,False,all_queries_diagnostic,0.8999999761581421,000001.SZ,liquidity,unseen_q
20260518,0.41393598914146423,2.6542470455169678,2.2829689979553223,0.9351432880844646,0.9351432880844646,442,conditional_mlp_residual_linear,20260921,False,all_queries_diagnostic,0.8999999761581421,000001.SZ,liquidity,unseen_q
20260519,0.44138357043266296,2.784057855606079,2.3766136169433594,0.9200863930885529,0.9200863930885529,463,conditional_mlp_residual_linear,20260921,False,all_queries_diagnostic,0.8999999761581421,000001.SZ,liquidity,unseen_q
20260520,0.4089416563510895,2.5047154426574707,2.1085402965545654,0.9264957264957264,0.9264957264957264,455,conditional_mlp_residual_linear,20260921,False,all_queries_diagnostic,0.8999999761581421,000001.SZ,liquidity,unseen_q
20260521,0.4162886440753937,2.0818464756011963,1.5615867376327515,0.8929510155316607,0.8929510155316607,465,conditional_mlp_residual_linear,20260921,False,all_queries_diagnostic,0.8999999761581421,000001.SZ,liquidity,unseen_q
20260522,0.41748693585395813,2.54154896736145,2.133219003677368,0.9099616858237548,0.9099616858237548,464,conditional_mlp_residual_linear,20260921,False,all_queries_diagnostic,0.8999999761581421,000001.SZ,liquidity,unseen_q
20260525,0.39346614480018616,2.594860553741455,2.2599105834960938,0.9416726922149915,0.9416726922149915,461,conditional_mlp_residual_linear,20260921,False,all_queries_diagnostic,0.8999999761581421,000001.SZ,liquidity,unseen_q
20260526,0.47797805070877075,2.665341854095459,2.136732339859009,0.9070881226053641,0.9070881226053641,464,conditional_mlp_residual_linear,20260921,False,all_queries_diagnostic,0.8999999761581421,000001.SZ,liquidity,unseen_q
20260528,0.37915846705436707,2.255305528640747,1.8712358474731445,0.9243295019157088,0.9243295019157088,464,conditional_mlp_residual_linear,20260921,False,all_queries_diagnostic,0.8999999761581421,000001.SZ,liquidity,unseen_q
20260529,0.5089552402496338,2.801966428756714,2.230069875717163,0.8979689366786141,0.8979689366786141,465,conditional_mlp_residual_linear,20260921,False,all_queries_diagnostic,0.8999999761581421,000001.SZ,liquidity,unseen_q
20260506,1.0135750770568848,2.0271501541137695,0.3770443797111511,0.588006230529595,0.588006230529595,428,conditional_mlp_linear,20260922,True,primary,0.5,000001.SZ,liquidity,unseen_q
20260507,1.0268850326538086,2.053770065307617,-0.4693891704082489,0.432761087267525,0.432761087267525,466,conditional_mlp_linear,20260922,True,primary,0.5,000001.SZ,liquidity,unseen_q
20260508,1.0205765962600708,2.0411531925201416,-0.5616124868392944,0.4245768947755703,0.4245768947755703,453,conditional_mlp_linear,20260922,True,primary,0.5,000001.SZ,liquidity,unseen_q
20260511,1.1215500831604004,2.243100166320801,-0.6493973731994629,0.38455988455988455,0.38455988455988455,462,conditional_mlp_linear,20260922,True,primary,0.5,000001.SZ,liquidity,unseen_q
20260512,1.1631548404693604,2.3263096809387207,-0.492171049118042,0.4560639070442992,0.4560639070442992,459,conditional_mlp_linear,20260922,True,primary,0.5,000001.SZ,liquidity,unseen_q
20260513,0.8293050527572632,1.6586101055145264,-0.06303956359624863,0.48458781362007164,0.48458781362007164,465,conditional_mlp_linear,20260922,True,primary,0.5,000001.SZ,liquidity,unseen_q
20260514,1.1158137321472168,2.2316274642944336,-0.6984309554100037,0.3997113997113997,0.3997113997113997,462,conditional_mlp_linear,20260922,True,primary,0.5,000001.SZ,liquidity,unseen_q
20260515,1.0532221794128418,2.1064443588256836,0.3639998733997345,0.5855072463768115,0.5855072463768115,460,conditional_mlp_linear,20260922,True,primary,0.5,000001.SZ,liquidity,unseen_q
20260518,0.9690873026847839,1.9381746053695679,0.10488451272249222,0.521870286576169,0.521870286576169,442,conditional_mlp_linear,20260922,True,primary,0.5,000001.SZ,liquidity,unseen_q
20260519,0.8905631303787231,1.7811262607574463,0.11089397221803665,0.5421166306695464,0.5421166306695464,463,conditional_mlp_linear,20260922,True,primary,0.5,000001.SZ,liquidity,unseen_q
20260520,0.8467903137207031,1.6935806274414062,0.03916773200035095,0.5296703296703297,0.5296703296703297,455,conditional_mlp_linear,20260922,True,primary,0.5,000001.SZ,liquidity,unseen_q
20260521,0.9989994168281555,1.997998833656311,0.4416278004646301,0.6193548387096774,0.6193548387096774,465,conditional_mlp_linear,20260922,True,primary,0.5,000001.SZ,liquidity,unseen_q
20260522,1.0063941478729248,2.0127882957458496,0.43927037715911865,0.6041666666666666,0.6041666666666666,464,conditional_mlp_linear,20260922,True,primary,0.5,000001.SZ,liquidity,unseen_q
20260525,0.9829195737838745,1.965839147567749,-0.10268550366163254,0.485177151120752,0.485177151120752,461,conditional_mlp_linear,20260922,True,primary,0.5,000001.SZ,liquidity,unseen_q
20260526,1.0491185188293457,2.0982370376586914,0.14628152549266815,0.5316091954022988,0.5316091954022988,464,conditional_mlp_linear,20260922,True,primary,0.5,000001.SZ,liquidity,unseen_q
20260528,0.9822158813476562,1.9644317626953125,0.6103663444519043,0.6494252873563218,0.6494252873563218,464,conditional_mlp_linear,20260922,True,primary,0.5,000001.SZ,liquidity,unseen_q
20260529,1.1771217584609985,2.354243516921997,0.5112839937210083,0.603584229390681,0.603584229390681,465,conditional_mlp_linear,20260922,True,primary,0.5,000001.SZ,liquidity,unseen_q
20260506,0.5748263597488403,2.794471025466919,2.056023120880127,0.7725856697819315,0.7725856697819315,428,conditional_mlp_linear,20260922,True,primary,0.8999999761581421,000001.SZ,liquidity,unseen_q
20260507,0.6349750757217407,2.445124387741089,1.4689679145812988,0.7467811158798283,0.7467811158798283,466,conditional_mlp_linear,20260922,True,primary,0.8999999761581421,000001.SZ,liquidity,unseen_q
20260508,0.768850564956665,2.2673861980438232,0.9121062755584717,0.6571008094186902,0.6571008094186902,453,conditional_mlp_linear,20260922,True,primary,0.8999999761581421,000001.SZ,liquidity,unseen_q
20260511,0.6790534853935242,2.766366720199585,1.7603248357772827,0.7453102453102453,0.7453102453102453,462,conditional_mlp_linear,20260922,True,primary,0.8999999761581421,000001.SZ,liquidity,unseen_q
20260512,0.6636458039283752,2.4023401737213135,1.3438109159469604,0.7080610021786492,0.7080610021786492,459,conditional_mlp_linear,20260922,True,primary,0.8999999761581421,000001.SZ,liquidity,unseen_q
20260513,0.5114545822143555,2.038966178894043,1.2700713872909546,0.7182795698924731,0.7182795698924731,465,conditional_mlp_linear,20260922,True,primary,0.8999999761581421,000001.SZ,liquidity,unseen_q
20260514,0.6868736743927002,2.4213924407958984,1.3095567226409912,0.7186147186147186,0.7186147186147186,462,conditional_mlp_linear,20260922,True,primary,0.8999999761581421,000001.SZ,liquidity,unseen_q
20260515,0.57658851146698,2.813810110092163,2.075791597366333,0.7920289855072463,0.7920289855072463,460,conditional_mlp_linear,20260922,True,primary,0.8999999761581421,000001.SZ,liquidity,unseen_q
20260518,0.503879964351654,2.7973079681396484,2.2369353771209717,0.8205128205128206,0.8205128205128206,442,conditional_mlp_linear,20260922,True,primary,0.8999999761581421,000001.SZ,liquidity,unseen_q
20260519,0.5047253370285034,2.9101967811584473,2.3759326934814453,0.8509719222462203,0.8509719222462203,463,conditional_mlp_linear,20260922,True,primary,0.8999999761581421,000001.SZ,liquidity,unseen_q
20260520,0.4884735345840454,2.5503995418548584,1.9668158292770386,0.8256410256410257,0.8256410256410257,455,conditional_mlp_linear,20260922,True,primary,0.8999999761581421,000001.SZ,liquidity,unseen_q
20260521,0.5799540281295776,2.6421568393707275,1.8528108596801758,0.7956989247311828,0.7956989247311828,465,conditional_mlp_linear,20260922,True,primary,0.8999999761581421,000001.SZ,liquidity,unseen_q
20260522,0.5177304744720459,3.014155387878418,2.4733681678771973,0.8426724137931034,0.8426724137931034,464,conditional_mlp_linear,20260922,True,primary,0.8999999761581421,000001.SZ,liquidity,unseen_q
20260525,0.5167659521102905,2.6466920375823975,2.0164504051208496,0.8054953000723065,0.8054953000723065,461,conditional_mlp_linear,20260922,True,primary,0.8999999761581421,000001.SZ,liquidity,unseen_q
20260526,0.5508026480674744,2.855781078338623,2.1927196979522705,0.80316091954023,0.80316091954023,464,conditional_mlp_linear,20260922,True,primary,0.8999999761581421,000001.SZ,liquidity,unseen_q
20260528,0.47764238715171814,2.8236124515533447,2.335409641265869,0.8620689655172413,0.8620689655172413,464,conditional_mlp_linear,20260922,True,primary,0.8999999761581421,000001.SZ,liquidity,unseen_q
20260529,0.5953940749168396,3.218411922454834,2.5345299243927,0.8064516129032258,0.8064516129032258,465,conditional_mlp_linear,20260922,True,primary,0.8999999761581421,000001.SZ,liquidity,unseen_q
20260506,0.6563995480537415,1.312799096107483,0.1642170548439026,0.5472481827622014,0.5472481827622014,428,conditional_mlp_linear,20260922,True,all_queries_diagnostic,0.5,000001.SZ,liquidity,unseen_q
20260507,0.7517774105072021,1.5035548210144043,-0.16310545802116394,0.45159752026704814,0.45159752026704814,466,conditional_mlp_linear,20260922,True,all_queries_diagnostic,0.5,000001.SZ,liquidity,unseen_q
20260508,0.7297325730323792,1.4594651460647583,-0.21302396059036255,0.47436840814324255,0.47436840814324255,453,conditional_mlp_linear,20260922,True,all_queries_diagnostic,0.5,000001.SZ,liquidity,unseen_q
20260511,0.7908530235290527,1.5817060470581055,-0.2569439113140106,0.46200096200096197,0.46200096200096197,462,conditional_mlp_linear,20260922,True,all_queries_diagnostic,0.5,000001.SZ,liquidity,unseen_q
20260512,0.7808700203895569,1.5617400407791138,-0.18288397789001465,0.457758412006778,0.457758412006778,459,conditional_mlp_linear,20260922,True,all_queries_diagnostic,0.5,000001.SZ,liquidity,unseen_q
20260513,0.5712234973907471,1.1424469947814941,-0.026042215526103973,0.44970131421744325,0.44970131421744325,465,conditional_mlp_linear,20260922,True,all_queries_diagnostic,0.5,000001.SZ,liquidity,unseen_q
20260514,0.7985467314720154,1.5970934629440308,-0.24743251502513885,0.4151034151034151,0.4151034151034151,462,conditional_mlp_linear,20260922,True,all_queries_diagnostic,0.5,000001.SZ,liquidity,unseen_q
20260515,0.7807445526123047,1.5614891052246094,0.10690756887197495,0.5053140096618357,0.5053140096618357,460,conditional_mlp_linear,20260922,True,all_queries_diagnostic,0.5,000001.SZ,liquidity,unseen_q
20260518,0.678091824054718,1.356183648109436,0.05387282371520996,0.5455002513826044,0.5455002513826044,442,conditional_mlp_linear,20260922,True,all_queries_diagnostic,0.5,000001.SZ,liquidity,unseen_q
20260519,0.7120407223701477,1.4240814447402954,0.045607950538396835,0.5265178785697144,0.5265178785697144,463,conditional_mlp_linear,20260922,True,all_queries_diagnostic,0.5,000001.SZ,liquidity,unseen_q
20260520,0.663436770439148,1.326873540878296,0.04066064953804016,0.4896214896214896,0.4896214896214896,455,conditional_mlp_linear,20260922,True,all_queries_diagnostic,0.5,000001.SZ,liquidity,unseen_q
20260521,0.7462550401687622,1.4925100803375244,0.17546218633651733,0.5125448028673836,0.5125448028673836,465,conditional_mlp_linear,20260922,True,all_queries_diagnostic,0.5,000001.SZ,liquidity,unseen_q
20260522,0.7555714249610901,1.5111428499221802,0.11862275749444962,0.48299808429118773,0.48299808429118773,464,conditional_mlp_linear,20260922,True,all_queries_diagnostic,0.5,000001.SZ,liquidity,unseen_q
20260525,0.6865142583847046,1.3730285167694092,-0.027403993532061577,0.4483007953723789,0.4483007953723789,461,conditional_mlp_linear,20260922,True,all_queries_diagnostic,0.5,000001.SZ,liquidity,unseen_q
20260526,0.8044995069503784,1.6089990139007568,0.04569728299975395,0.4774904214559387,0.4774904214559387,464,conditional_mlp_linear,20260922,True,all_queries_diagnostic,0.5,000001.SZ,liquidity,unseen_q
20260528,0.6786023378372192,1.3572046756744385,0.2125919908285141,0.51772030651341,0.51772030651341,464,conditional_mlp_linear,20260922,True,all_queries_diagnostic,0.5,000001.SZ,liquidity,unseen_q
20260529,0.9048498272895813,1.8096996545791626,0.23315487802028656,0.556989247311828,0.556989247311828,465,conditional_mlp_linear,20260922,True,all_queries_diagnostic,0.5,000001.SZ,liquidity,unseen_q
20260506,0.4337611794471741,2.3462271690368652,1.8483809232711792,0.8709761163032191,0.8709761163032191,428,conditional_mlp_linear,20260922,True,all_queries_diagnostic,0.8999999761581421,000001.SZ,liquidity,unseen_q
20260507,0.5055710077285767,2.4358901977539062,1.780935525894165,0.8500238435860753,0.8500238435860753,466,conditional_mlp_linear,20260922,True,all_queries_diagnostic,0.8999999761581421,000001.SZ,liquidity,unseen_q
20260508,0.5627027153968811,2.137488603591919,1.2651039361953735,0.8233995584988962,0.8233995584988962,453,conditional_mlp_linear,20260922,True,all_queries_diagnostic,0.8999999761581421,000001.SZ,liquidity,unseen_q
20260511,0.537144124507904,2.802041530609131,2.15969181060791,0.8554593554593555,0.8554593554593555,462,conditional_mlp_linear,20260922,True,all_queries_diagnostic,0.8999999761581421,000001.SZ,liquidity,unseen_q
20260512,0.5048428773880005,2.3366737365722656,1.6587351560592651,0.8412006778019849,0.8412006778019849,459,conditional_mlp_linear,20260922,True,all_queries_diagnostic,0.8999999761581421,000001.SZ,liquidity,unseen_q
20260513,0.39339515566825867,1.8360099792480469,1.311524748802185,0.8422939068100359,0.8422939068100359,465,conditional_mlp_linear,20260922,True,all_queries_diagnostic,0.8999999761581421,000001.SZ,liquidity,unseen_q
20260514,0.5267024040222168,2.466355323791504,1.7661882638931274,0.8484848484848485,0.8484848484848485,462,conditional_mlp_linear,20260922,True,all_queries_diagnostic,0.8999999761581421,000001.SZ,liquidity,unseen_q
20260515,0.500696063041687,2.4605844020843506,1.8239902257919312,0.8420289855072464,0.8420289855072464,460,conditional_mlp_linear,20260922,True,all_queries_diagnostic,0.8999999761581421,000001.SZ,liquidity,unseen_q
20260518,0.4439564645290375,2.6420986652374268,2.192732334136963,0.8969331322272499,0.8969331322272499,442,conditional_mlp_linear,20260922,True,all_queries_diagnostic,0.8999999761581421,000001.SZ,liquidity,unseen_q
20260519,0.46656787395477295,2.7869873046875,2.317314624786377,0.892488600911927,0.892488600911927,463,conditional_mlp_linear,20260922,True,all_queries_diagnostic,0.8999999761581421,000001.SZ,liquidity,unseen_q
20260520,0.43635377287864685,2.4518837928771973,1.9739707708358765,0.8832722832722832,0.8832722832722832,455,conditional_mlp_linear,20260922,True,all_queries_diagnostic,0.8999999761581421,000001.SZ,liquidity,unseen_q
20260521,0.4782906770706177,2.2295262813568115,1.5911812782287598,0.8563918757467145,0.8563918757467145,465,conditional_mlp_linear,20260922,True,all_queries_diagnostic,0.8999999761581421,000001.SZ,liquidity,unseen_q
20260522,0.45368531346321106,2.634225606918335,2.158568859100342,0.8826628352490421,0.8826628352490421,464,conditional_mlp_linear,20260922,True,all_queries_diagnostic,0.8999999761581421,000001.SZ,liquidity,unseen_q
20260525,0.43302297592163086,2.5443947315216064,2.097935914993286,0.8920221740178357,0.8920221740178357,461,conditional_mlp_linear,20260922,True,all_queries_diagnostic,0.8999999761581421,000001.SZ,liquidity,unseen_q
20260526,0.5013286471366882,2.6812803745269775,2.0982789993286133,0.8721264367816093,0.8721264367816093,464,conditional_mlp_linear,20260922,True,all_queries_diagnostic,0.8999999761581421,000001.SZ,liquidity,unseen_q
20260528,0.41054216027259827,2.375776529312134,1.943365454673767,0.90205938697318,0.90205938697318,464,conditional_mlp_linear,20260922,True,all_queries_diagnostic,0.8999999761581421,000001.SZ,liquidity,unseen_q
20260529,0.5347540974617004,2.8797550201416016,2.2628085613250732,0.8652329749103942,0.8652329749103942,465,conditional_mlp_linear,20260922,True,all_queries_diagnostic,0.8999999761581421,000001.SZ,liquidity,unseen_q
20260506,1.0135645866394043,2.0271291732788086,0.37702324986457825,0.588006230529595,0.588006230529595,428,conditional_mlp_linear,20260922,False,primary,0.5,000001.SZ,liquidity,unseen_q
20260507,1.0268269777297974,2.0536539554595947,-0.4695337116718292,0.432761087267525,0.432761087267525,466,conditional_mlp_linear,20260922,False,primary,0.5,000001.SZ,liquidity,unseen_q
20260508,1.0205750465393066,2.0411500930786133,-0.5616156458854675,0.4245768947755703,0.4245768947755703,453,conditional_mlp_linear,20260922,False,primary,0.5,000001.SZ,liquidity,unseen_q
20260511,1.1215500831604004,2.243100166320801,-0.6493973731994629,0.38455988455988455,0.38455988455988455,462,conditional_mlp_linear,20260922,False,primary,0.5,000001.SZ,liquidity,unseen_q
20260512,1.1631548404693604,2.3263096809387207,-0.492171049118042,0.4560639070442992,0.4560639070442992,459,conditional_mlp_linear,20260922,False,primary,0.5,000001.SZ,liquidity,unseen_q
20260513,0.8294254541397095,1.658850908279419,-0.0632954090833664,0.48458781362007164,0.48458781362007164,465,conditional_mlp_linear,20260922,False,primary,0.5,000001.SZ,liquidity,unseen_q
20260514,1.1158137321472168,2.2316274642944336,-0.6984309554100037,0.3997113997113997,0.3997113997113997,462,conditional_mlp_linear,20260922,False,primary,0.5,000001.SZ,liquidity,unseen_q
20260515,1.053357481956482,2.106714963912964,0.3631693422794342,0.5804347826086956,0.5804347826086956,460,conditional_mlp_linear,20260922,False,primary,0.5,000001.SZ,liquidity,unseen_q
20260518,0.9690873026847839,1.9381746053695679,0.10488451272249222,0.521870286576169,0.521870286576169,442,conditional_mlp_linear,20260922,False,primary,0.5,000001.SZ,liquidity,unseen_q
20260519,0.8905631303787231,1.7811262607574463,0.11089397221803665,0.5421166306695464,0.5421166306695464,463,conditional_mlp_linear,20260922,False,primary,0.5,000001.SZ,liquidity,unseen_q
20260520,0.8468018174171448,1.6936036348342896,0.03914463892579079,0.5296703296703297,0.5296703296703297,455,conditional_mlp_linear,20260922,False,primary,0.5,000001.SZ,liquidity,unseen_q
20260521,0.9989994168281555,1.997998833656311,0.4416278004646301,0.6193548387096774,0.6193548387096774,465,conditional_mlp_linear,20260922,False,primary,0.5,000001.SZ,liquidity,unseen_q
20260522,1.0063941478729248,2.0127882957458496,0.43927037715911865,0.6041666666666666,0.6041666666666666,464,conditional_mlp_linear,20260922,False,primary,0.5,000001.SZ,liquidity,unseen_q
20260525,0.9829195737838745,1.965839147567749,-0.10268550366163254,0.485177151120752,0.485177151120752,461,conditional_mlp_linear,20260922,False,primary,0.5,000001.SZ,liquidity,unseen_q
20260526,1.0491185188293457,2.0982370376586914,0.14628152549266815,0.5316091954022988,0.5316091954022988,464,conditional_mlp_linear,20260922,False,primary,0.5,000001.SZ,liquidity,unseen_q
20260528,0.9822158813476562,1.9644317626953125,0.6103663444519043,0.6494252873563218,0.6494252873563218,464,conditional_mlp_linear,20260922,False,primary,0.5,000001.SZ,liquidity,unseen_q
20260529,1.1771163940429688,2.3542327880859375,0.511273205280304,0.603584229390681,0.603584229390681,465,conditional_mlp_linear,20260922,False,primary,0.5,000001.SZ,liquidity,unseen_q
20260506,0.5748284459114075,2.794492244720459,2.056044340133667,0.7725856697819315,0.7725856697819315,428,conditional_mlp_linear,20260922,False,primary,0.8999999761581421,000001.SZ,liquidity,unseen_q
20260507,0.6349763870239258,2.445241689682007,1.4691113233566284,0.7467811158798283,0.7467811158798283,466,conditional_mlp_linear,20260922,False,primary,0.8999999761581421,000001.SZ,liquidity,unseen_q
20260508,0.7688509225845337,2.2673892974853516,0.9121094346046448,0.6571008094186902,0.6571008094186902,453,conditional_mlp_linear,20260922,False,primary,0.8999999761581421,000001.SZ,liquidity,unseen_q
20260511,0.6790534853935242,2.766366720199585,1.7603248357772827,0.7453102453102453,0.7453102453102453,462,conditional_mlp_linear,20260922,False,primary,0.8999999761581421,000001.SZ,liquidity,unseen_q
20260512,0.6636458039283752,2.4023401737213135,1.3438109159469604,0.7080610021786492,0.7080610021786492,459,conditional_mlp_linear,20260922,False,primary,0.8999999761581421,000001.SZ,liquidity,unseen_q
20260513,0.5112391710281372,2.03873348236084,1.2703191041946411,0.7182795698924731,0.7182795698924731,465,conditional_mlp_linear,20260922,False,primary,0.8999999761581421,000001.SZ,liquidity,unseen_q
20260514,0.6868736743927002,2.4213924407958984,1.3095567226409912,0.7186147186147186,0.7186147186147186,462,conditional_mlp_linear,20260922,False,primary,0.8999999761581421,000001.SZ,liquidity,unseen_q
20260515,0.5761165022850037,2.813534736633301,2.076627254486084,0.7971014492753623,0.7971014492753623,460,conditional_mlp_linear,20260922,False,primary,0.8999999761581421,000001.SZ,liquidity,unseen_q
20260518,0.503879964351654,2.7973079681396484,2.2369353771209717,0.8205128205128206,0.8205128205128206,442,conditional_mlp_linear,20260922,False,primary,0.8999999761581421,000001.SZ,liquidity,unseen_q
20260519,0.5047253370285034,2.9101967811584473,2.3759326934814453,0.8509719222462203,0.8509719222462203,463,conditional_mlp_linear,20260922,False,primary,0.8999999761581421,000001.SZ,liquidity,unseen_q
20260520,0.48844605684280396,2.5503692626953125,1.966846227645874,0.8256410256410257,0.8256410256410257,455,conditional_mlp_linear,20260922,False,primary,0.8999999761581421,000001.SZ,liquidity,unseen_q
20260521,0.5799540281295776,2.6421568393707275,1.8528108596801758,0.7956989247311828,0.7956989247311828,465,conditional_mlp_linear,20260922,False,primary,0.8999999761581421,000001.SZ,liquidity,unseen_q
20260522,0.5177304744720459,3.014155387878418,2.4733681678771973,0.8426724137931034,0.8426724137931034,464,conditional_mlp_linear,20260922,False,primary,0.8999999761581421,000001.SZ,liquidity,unseen_q
20260525,0.5167659521102905,2.6466920375823975,2.0164504051208496,0.8054953000723065,0.8054953000723065,461,conditional_mlp_linear,20260922,False,primary,0.8999999761581421,000001.SZ,liquidity,unseen_q
20260526,0.5508026480674744,2.855781078338623,2.1927196979522705,0.80316091954023,0.80316091954023,464,conditional_mlp_linear,20260922,False,primary,0.8999999761581421,000001.SZ,liquidity,unseen_q
20260528,0.47764238715171814,2.8236124515533447,2.335409641265869,0.8620689655172413,0.8620689655172413,464,conditional_mlp_linear,20260922,False,primary,0.8999999761581421,000001.SZ,liquidity,unseen_q
20260529,0.5953952074050903,3.2184226512908936,2.5345406532287598,0.8064516129032258,0.8064516129032258,465,conditional_mlp_linear,20260922,False,primary,0.8999999761581421,000001.SZ,liquidity,unseen_q
20260506,0.6563931703567505,1.312786340713501,0.16418695449829102,0.5456905503634475,0.5456905503634475,428,conditional_mlp_linear,20260922,False,all_queries_diagnostic,0.5,000001.SZ,liquidity,unseen_q
20260507,0.7517497539520264,1.5034995079040527,-0.16325516998767853,0.4496900333810205,0.4496900333810205,466,conditional_mlp_linear,20260922,False,all_queries_diagnostic,0.5,000001.SZ,liquidity,unseen_q
20260508,0.7296965718269348,1.4593931436538696,-0.21302998065948486,0.47387785136129507,0.47387785136129507,453,conditional_mlp_linear,20260922,False,all_queries_diagnostic,0.5,000001.SZ,liquidity,unseen_q
20260511,0.7908530235290527,1.5817060470581055,-0.2569439113140106,0.46200096200096197,0.46200096200096197,462,conditional_mlp_linear,20260922,False,all_queries_diagnostic,0.5,000001.SZ,liquidity,unseen_q
20260512,0.7808700203895569,1.5617400407791138,-0.18288397789001465,0.457758412006778,0.457758412006778,459,conditional_mlp_linear,20260922,False,all_queries_diagnostic,0.5,000001.SZ,liquidity,unseen_q
20260513,0.571342945098877,1.142685890197754,-0.02628611959517002,0.44970131421744325,0.44970131421744325,465,conditional_mlp_linear,20260922,False,all_queries_diagnostic,0.5,000001.SZ,liquidity,unseen_q
20260514,0.7985467314720154,1.5970934629440308,-0.24743251502513885,0.4151034151034151,0.4151034151034151,462,conditional_mlp_linear,20260922,False,all_queries_diagnostic,0.5,000001.SZ,liquidity,unseen_q
20260515,0.7810361385345459,1.5620722770690918,0.10607880353927612,0.5004830917874397,0.5004830917874397,460,conditional_mlp_linear,20260922,False,all_queries_diagnostic,0.5,000001.SZ,liquidity,unseen_q
20260518,0.678091824054718,1.356183648109436,0.05387282371520996,0.5455002513826044,0.5455002513826044,442,conditional_mlp_linear,20260922,False,all_queries_diagnostic,0.5,000001.SZ,liquidity,unseen_q
20260519,0.7120407223701477,1.4240814447402954,0.045607950538396835,0.5265178785697144,0.5265178785697144,463,conditional_mlp_linear,20260922,False,all_queries_diagnostic,0.5,000001.SZ,liquidity,unseen_q
20260520,0.6634525656700134,1.3269051313400269,0.040629029273986816,0.4896214896214896,0.4896214896214896,455,conditional_mlp_linear,20260922,False,all_queries_diagnostic,0.5,000001.SZ,liquidity,unseen_q
20260521,0.7462550401687622,1.4925100803375244,0.17546218633651733,0.5125448028673836,0.5125448028673836,465,conditional_mlp_linear,20260922,False,all_queries_diagnostic,0.5,000001.SZ,liquidity,unseen_q
20260522,0.7555714249610901,1.5111428499221802,0.11862275749444962,0.48299808429118773,0.48299808429118773,464,conditional_mlp_linear,20260922,False,all_queries_diagnostic,0.5,000001.SZ,liquidity,unseen_q
20260525,0.6865142583847046,1.3730285167694092,-0.027403993532061577,0.4483007953723789,0.4483007953723789,461,conditional_mlp_linear,20260922,False,all_queries_diagnostic,0.5,000001.SZ,liquidity,unseen_q
20260526,0.8044995069503784,1.6089990139007568,0.04569728299975395,0.4774904214559387,0.4774904214559387,464,conditional_mlp_linear,20260922,False,all_queries_diagnostic,0.5,000001.SZ,liquidity,unseen_q
20260528,0.6786023378372192,1.3572046756744385,0.2125919908285141,0.51772030651341,0.51772030651341,464,conditional_mlp_linear,20260922,False,all_queries_diagnostic,0.5,000001.SZ,liquidity,unseen_q
20260529,0.9048503637313843,1.8097007274627686,0.23313556611537933,0.5567502986857825,0.5567502986857825,465,conditional_mlp_linear,20260922,False,all_queries_diagnostic,0.5,000001.SZ,liquidity,unseen_q
20260506,0.433755487203598,2.3462398052215576,1.8484110832214355,0.872533748701973,0.872533748701973,428,conditional_mlp_linear,20260922,False,all_queries_diagnostic,0.8999999761581421,000001.SZ,liquidity,unseen_q
20260507,0.505538821220398,2.435945749282837,1.7810852527618408,0.851931330472103,0.851931330472103,466,conditional_mlp_linear,20260922,False,all_queries_diagnostic,0.8999999761581421,000001.SZ,liquidity,unseen_q
20260508,0.5626983046531677,2.137484550476074,1.265109896659851,0.8233995584988962,0.8233995584988962,453,conditional_mlp_linear,20260922,False,all_queries_diagnostic,0.8999999761581421,000001.SZ,liquidity,unseen_q
20260511,0.537144124507904,2.802041530609131,2.15969181060791,0.8554593554593555,0.8554593554593555,462,conditional_mlp_linear,20260922,False,all_queries_diagnostic,0.8999999761581421,000001.SZ,liquidity,unseen_q
20260512,0.5048428773880005,2.3366737365722656,1.6587351560592651,0.8412006778019849,0.8412006778019849,459,conditional_mlp_linear,20260922,False,all_queries_diagnostic,0.8999999761581421,000001.SZ,liquidity,unseen_q
20260513,0.39317813515663147,1.835771083831787,1.311768651008606,0.8422939068100359,0.8422939068100359,465,conditional_mlp_linear,20260922,False,all_queries_diagnostic,0.8999999761581421,000001.SZ,liquidity,unseen_q
20260514,0.5267024040222168,2.466355323791504,1.7661882638931274,0.8484848484848485,0.8484848484848485,462,conditional_mlp_linear,20260922,False,all_queries_diagnostic,0.8999999761581421,000001.SZ,liquidity,unseen_q
20260515,0.5000548958778381,2.4599649906158447,1.8248189687728882,0.8471014492753624,0.8471014492753624,460,conditional_mlp_linear,20260922,False,all_queries_diagnostic,0.8999999761581421,000001.SZ,liquidity,unseen_q
20260518,0.4439564645290375,2.6420986652374268,2.192732334136963,0.8969331322272499,0.8969331322272499,442,conditional_mlp_linear,20260922,False,all_queries_diagnostic,0.8999999761581421,000001.SZ,liquidity,unseen_q
20260519,0.46656787395477295,2.7869873046875,2.317314624786377,0.892488600911927,0.892488600911927,463,conditional_mlp_linear,20260922,False,all_queries_diagnostic,0.8999999761581421,000001.SZ,liquidity,unseen_q
20260520,0.4363253116607666,2.451852560043335,1.9740023612976074,0.8832722832722832,0.8832722832722832,455,conditional_mlp_linear,20260922,False,all_queries_diagnostic,0.8999999761581421,000001.SZ,liquidity,unseen_q
20260521,0.4782906770706177,2.2295262813568115,1.5911812782287598,0.8563918757467145,0.8563918757467145,465,conditional_mlp_linear,20260922,False,all_queries_diagnostic,0.8999999761581421,000001.SZ,liquidity,unseen_q
20260522,0.45368531346321106,2.634225606918335,2.158568859100342,0.8826628352490421,0.8826628352490421,464,conditional_mlp_linear,20260922,False,all_queries_diagnostic,0.8999999761581421,000001.SZ,liquidity,unseen_q
20260525,0.43302297592163086,2.5443947315216064,2.097935914993286,0.8920221740178357,0.8920221740178357,461,conditional_mlp_linear,20260922,False,all_queries_diagnostic,0.8999999761581421,000001.SZ,liquidity,unseen_q
20260526,0.5013286471366882,2.6812803745269775,2.0982789993286133,0.8721264367816093,0.8721264367816093,464,conditional_mlp_linear,20260922,False,all_queries_diagnostic,0.8999999761581421,000001.SZ,liquidity,unseen_q
20260528,0.41054216027259827,2.375776529312134,1.943365454673767,0.90205938697318,0.90205938697318,464,conditional_mlp_linear,20260922,False,all_queries_diagnostic,0.8999999761581421,000001.SZ,liquidity,unseen_q
20260529,0.5347457528114319,2.879753589630127,2.2628278732299805,0.8654719235364396,0.8654719235364396,465,conditional_mlp_linear,20260922,False,all_queries_diagnostic,0.8999999761581421,000001.SZ,liquidity,unseen_q
20260506,0.5226437449455261,1.0452874898910522,0.05322124436497688,0.5210280373831776,0.5210280373831776,428,conditional_mlp_residual_linear,20260922,True,primary,0.5,000001.SZ,liquidity,unseen_q
20260507,0.6278076767921448,1.2556153535842896,0.006181711796671152,0.45493562231759654,0.45493562231759654,466,conditional_mlp_residual_linear,20260922,True,primary,0.5,000001.SZ,liquidity,unseen_q
20260508,0.629403829574585,1.25880765914917,-0.08254040032625198,0.5018395879323031,0.5018395879323031,453,conditional_mlp_residual_linear,20260922,True,primary,0.5,000001.SZ,liquidity,unseen_q
20260511,0.679132342338562,1.358264684677124,-0.06937965750694275,0.47907647907647904,0.47907647907647904,462,conditional_mlp_residual_linear,20260922,True,primary,0.5,000001.SZ,liquidity,unseen_q
20260512,0.6671499609947205,1.334299921989441,-0.04429270699620247,0.466957153231663,0.466957153231663,459,conditional_mlp_residual_linear,20260922,True,primary,0.5,000001.SZ,liquidity,unseen_q
20260513,0.5165655612945557,1.0331311225891113,0.007964598014950752,0.49390681003584225,0.49390681003584225,465,conditional_mlp_residual_linear,20260922,True,primary,0.5,000001.SZ,liquidity,unseen_q
20260514,0.6512274742126465,1.302454948425293,-0.004665294196456671,0.4292929292929292,0.4292929292929292,462,conditional_mlp_residual_linear,20260922,True,primary,0.5,000001.SZ,liquidity,unseen_q
20260515,0.6726142764091492,1.3452285528182983,0.00020126072922721505,0.4507246376811594,0.4507246376811594,460,conditional_mlp_residual_linear,20260922,True,primary,0.5,000001.SZ,liquidity,unseen_q
20260518,0.5496317744255066,1.0992635488510132,-0.007830488495528698,0.5369532428355958,0.5369532428355958,442,conditional_mlp_residual_linear,20260922,True,primary,0.5,000001.SZ,liquidity,unseen_q
20260519,0.6279452443122864,1.2558904886245728,0.012201681733131409,0.5118790496760259,0.5118790496760259,463,conditional_mlp_residual_linear,20260922,True,primary,0.5,000001.SZ,liquidity,unseen_q
20260520,0.5862623453140259,1.1725246906280518,0.029712246730923653,0.46227106227106224,0.46227106227106224,455,conditional_mlp_residual_linear,20260922,True,primary,0.5,000001.SZ,liquidity,unseen_q
20260521,0.6166690587997437,1.2333381175994873,0.004584881477057934,0.45806451612903226,0.45806451612903226,465,conditional_mlp_residual_linear,20260922,True,primary,0.5,000001.SZ,liquidity,unseen_q
20260522,0.6325269937515259,1.2650539875030518,-0.021585604175925255,0.43893678160919536,0.43893678160919536,464,conditional_mlp_residual_linear,20260922,True,primary,0.5,000001.SZ,liquidity,unseen_q
20260525,0.5555784106254578,1.1111568212509155,0.020764745771884918,0.4410701373825018,0.4410701373825018,461,conditional_mlp_residual_linear,20260922,True,primary,0.5,000001.SZ,liquidity,unseen_q
20260526,0.7266731858253479,1.4533463716506958,-0.009033078327775002,0.47413793103448276,0.47413793103448276,464,conditional_mlp_residual_linear,20260922,True,primary,0.5,000001.SZ,liquidity,unseen_q
20260528,0.5740746855735779,1.1481493711471558,0.02524743787944317,0.46551724137931033,0.46551724137931033,464,conditional_mlp_residual_linear,20260922,True,primary,0.5,000001.SZ,liquidity,unseen_q
20260529,0.8358287811279297,1.6716575622558594,0.06133611872792244,0.5376344086021505,0.5376344086021505,465,conditional_mlp_residual_linear,20260922,True,primary,0.5,000001.SZ,liquidity,unseen_q
20260506,0.3815292716026306,2.1488184928894043,1.732200026512146,0.9244548286604362,0.9244548286604362,428,conditional_mlp_residual_linear,20260922,True,primary,0.8999999761581421,000001.SZ,liquidity,unseen_q
20260507,0.42683807015419006,2.4093070030212402,1.9445388317108154,0.9113018597997139,0.9113018597997139,466,conditional_mlp_residual_linear,20260922,True,primary,0.8999999761581421,000001.SZ,liquidity,unseen_q
20260508,0.49536269903182983,2.103667974472046,1.3911782503128052,0.8925680647534951,0.8925680647534951,453,conditional_mlp_residual_linear,20260922,True,primary,0.8999999761581421,000001.SZ,liquidity,unseen_q
20260511,0.47655439376831055,2.825382709503174,2.3403425216674805,0.9047619047619048,0.9047619047619048,462,conditional_mlp_residual_linear,20260922,True,primary,0.8999999761581421,000001.SZ,liquidity,unseen_q
20260512,0.46703872084617615,2.367428779602051,1.7916892766952515,0.9055918663761802,0.9055918663761802,459,conditional_mlp_residual_linear,20260922,True,primary,0.8999999761581421,000001.SZ,liquidity,unseen_q
20260513,0.3595452606678009,1.7919508218765259,1.3410754203796387,0.8831541218637993,0.8831541218637993,465,conditional_mlp_residual_linear,20260922,True,primary,0.8999999761581421,000001.SZ,liquidity,unseen_q
20260514,0.4438052773475647,2.4902684688568115,2.0033223628997803,0.9148629148629149,0.9148629148629149,462,conditional_mlp_residual_linear,20260922,True,primary,0.8999999761581421,000001.SZ,liquidity,unseen_q
20260515,0.464092880487442,2.2977802753448486,1.711992859840393,0.8485507246376811,0.8485507246376811,460,conditional_mlp_residual_linear,20260922,True,primary,0.8999999761581421,000001.SZ,liquidity,unseen_q
20260518,0.406818687915802,2.5130133628845215,2.124220371246338,0.9313725490196079,0.9313725490196079,442,conditional_mlp_residual_linear,20260922,True,primary,0.8999999761581421,000001.SZ,liquidity,unseen_q
20260519,0.44199731945991516,2.705787181854248,2.277240753173828,0.9222462203023758,0.9222462203023758,463,conditional_mlp_residual_linear,20260922,True,primary,0.8999999761581421,000001.SZ,liquidity,unseen_q
20260520,0.41025397181510925,2.3863959312438965,1.9573602676391602,0.9054945054945055,0.9054945054945055,455,conditional_mlp_residual_linear,20260922,True,primary,0.8999999761581421,000001.SZ,liquidity,unseen_q
20260521,0.4128080904483795,1.9582306146621704,1.415768027305603,0.8802867383512545,0.8802867383512545,465,conditional_mlp_residual_linear,20260922,True,primary,0.8999999761581421,000001.SZ,liquidity,unseen_q
20260522,0.42236462235450745,2.4547390937805176,2.01251220703125,0.9188218390804598,0.9188218390804598,464,conditional_mlp_residual_linear,20260922,True,primary,0.8999999761581421,000001.SZ,liquidity,unseen_q
20260525,0.38774922490119934,2.4874188899993896,2.1399006843566895,0.9370932754880694,0.9370932754880694,461,conditional_mlp_residual_linear,20260922,True,primary,0.8999999761581421,000001.SZ,liquidity,unseen_q
20260526,0.4942675530910492,2.6184589862823486,2.037405014038086,0.9008620689655172,0.9008620689655172,464,conditional_mlp_residual_linear,20260922,True,primary,0.8999999761581421,000001.SZ,liquidity,unseen_q
20260528,0.38901612162590027,2.178264856338501,1.750290870666504,0.9123563218390804,0.9123563218390804,464,conditional_mlp_residual_linear,20260922,True,primary,0.8999999761581421,000001.SZ,liquidity,unseen_q
20260529,0.5407847762107849,2.749234914779663,2.0845820903778076,0.8795698924731182,0.8795698924731182,465,conditional_mlp_residual_linear,20260922,True,primary,0.8999999761581421,000001.SZ,liquidity,unseen_q
20260506,0.4927556812763214,0.9855113625526428,0.056275997310876846,0.5249221183800623,0.5249221183800623,428,conditional_mlp_residual_linear,20260922,True,all_queries_diagnostic,0.5,000001.SZ,liquidity,unseen_q
20260507,0.6187516450881958,1.2375032901763916,-0.004581819288432598,0.45898903195040536,0.45898903195040536,466,conditional_mlp_residual_linear,20260922,True,all_queries_diagnostic,0.5,000001.SZ,liquidity,unseen_q
20260508,0.5993415713310242,1.1986831426620483,-0.05333328619599342,0.5001226391954868,0.5001226391954868,453,conditional_mlp_residual_linear,20260922,True,all_queries_diagnostic,0.5,000001.SZ,liquidity,unseen_q
20260511,0.6433804631233215,1.286760926246643,-0.06360465288162231,0.4935064935064935,0.4935064935064935,462,conditional_mlp_residual_linear,20260922,True,all_queries_diagnostic,0.5,000001.SZ,liquidity,unseen_q
20260512,0.6155350804328918,1.2310701608657837,-0.033591192215681076,0.46138949406923263,0.46138949406923263,459,conditional_mlp_residual_linear,20260922,True,all_queries_diagnostic,0.5,000001.SZ,liquidity,unseen_q
20260513,0.46697700023651123,0.9339540004730225,-0.0023741640616208315,0.45280764635603343,0.45280764635603343,465,conditional_mlp_residual_linear,20260922,True,all_queries_diagnostic,0.5,000001.SZ,liquidity,unseen_q
20260514,0.6436846852302551,1.2873693704605103,-0.016177300363779068,0.424963924963925,0.424963924963925,462,conditional_mlp_residual_linear,20260922,True,all_queries_diagnostic,0.5,000001.SZ,liquidity,unseen_q
20260515,0.6538751721382141,1.3077503442764282,-0.014358649030327797,0.4603864734299517,0.4603864734299517,460,conditional_mlp_residual_linear,20260922,True,all_queries_diagnostic,0.5,000001.SZ,liquidity,unseen_q
20260518,0.5382733345031738,1.0765466690063477,0.01630115881562233,0.55052790346908,0.55052790346908,442,conditional_mlp_residual_linear,20260922,True,all_queries_diagnostic,0.5,000001.SZ,liquidity,unseen_q
20260519,0.6245014071464539,1.2490028142929077,0.012710515409708023,0.5164386849052076,0.5164386849052076,463,conditional_mlp_residual_linear,20260922,True,all_queries_diagnostic,0.5,000001.SZ,liquidity,unseen_q
20260520,0.5765941143035889,1.1531882286071777,0.03750881552696228,0.4671550671550671,0.4671550671550671,455,conditional_mlp_residual_linear,20260922,True,all_queries_diagnostic,0.5,000001.SZ,liquidity,unseen_q
20260521,0.6188116073608398,1.2376232147216797,0.02978123165667057,0.4587813620071684,0.4587813620071684,465,conditional_mlp_residual_linear,20260922,True,all_queries_diagnostic,0.5,000001.SZ,liquidity,unseen_q
20260522,0.6309490203857422,1.2618980407714844,-0.0349959097802639,0.4279214559386973,0.4279214559386973,464,conditional_mlp_residual_linear,20260922,True,all_queries_diagnostic,0.5,000001.SZ,liquidity,unseen_q
20260525,0.5440672039985657,1.0881344079971313,0.013746091164648533,0.4335984574596288,0.4335984574596288,461,conditional_mlp_residual_linear,20260922,True,all_queries_diagnostic,0.5,000001.SZ,liquidity,unseen_q
20260526,0.6970177292823792,1.3940354585647583,-0.006074253469705582,0.4583333333333333,0.4583333333333333,464,conditional_mlp_residual_linear,20260922,True,all_queries_diagnostic,0.5,000001.SZ,liquidity,unseen_q
20260528,0.5425552725791931,1.0851105451583862,0.01755235157907009,0.45641762452107276,0.45641762452107276,464,conditional_mlp_residual_linear,20260922,True,all_queries_diagnostic,0.5,000001.SZ,liquidity,unseen_q
20260529,0.7910854816436768,1.5821709632873535,0.08317224681377411,0.5350059737156512,0.5350059737156512,465,conditional_mlp_residual_linear,20260922,True,all_queries_diagnostic,0.5,000001.SZ,liquidity,unseen_q
20260506,0.3693288266658783,2.131009578704834,1.740440011024475,0.9215991692627207,0.9215991692627207,428,conditional_mlp_residual_linear,20260922,True,all_queries_diagnostic,0.8999999761581421,000001.SZ,liquidity,unseen_q
20260507,0.43619203567504883,2.4239511489868164,1.939459204673767,0.9048640915593705,0.9048640915593705,466,conditional_mlp_residual_linear,20260922,True,all_queries_diagnostic,0.8999999761581421,000001.SZ,liquidity,unseen_q
20260508,0.47154006361961365,2.082915782928467,1.4247945547103882,0.9018886436104979,0.9018886436104979,453,conditional_mlp_residual_linear,20260922,True,all_queries_diagnostic,0.8999999761581421,000001.SZ,liquidity,unseen_q
20260511,0.4696444571018219,2.82171368598938,2.3530311584472656,0.9086099086099086,0.9086099086099086,462,conditional_mlp_residual_linear,20260922,True,all_queries_diagnostic,0.8999999761581421,000001.SZ,liquidity,unseen_q
20260512,0.43930715322494507,2.3250365257263184,1.808027982711792,0.9070442992011619,0.9070442992011619,459,conditional_mlp_residual_linear,20260922,True,all_queries_diagnostic,0.8999999761581421,000001.SZ,liquidity,unseen_q
20260513,0.3427587151527405,1.7536715269088745,1.3351926803588867,0.897252090800478,0.897252090800478,465,conditional_mlp_residual_linear,20260922,True,all_queries_diagnostic,0.8999999761581421,000001.SZ,liquidity,unseen_q
20260514,0.445679634809494,2.489314079284668,1.9974435567855835,0.9139009139009139,0.9139009139009139,462,conditional_mlp_residual_linear,20260922,True,all_queries_diagnostic,0.8999999761581421,000001.SZ,liquidity,unseen_q
20260515,0.4631975293159485,2.28857421875,1.7027239799499512,0.8608695652173913,0.8608695652173913,460,conditional_mlp_residual_linear,20260922,True,all_queries_diagnostic,0.8999999761581421,000001.SZ,liquidity,unseen_q
20260518,0.4116027355194092,2.5473339557647705,2.155160665512085,0.9338863750628457,0.9338863750628457,442,conditional_mlp_residual_linear,20260922,True,all_queries_diagnostic,0.8999999761581421,000001.SZ,liquidity,unseen_q
20260519,0.44565853476524353,2.7188503742218018,2.284416913986206,0.9162467002639789,0.9162467002639789,463,conditional_mlp_residual_linear,20260922,True,all_queries_diagnostic,0.8999999761581421,000001.SZ,liquidity,unseen_q
20260520,0.41028061509132385,2.397216320037842,1.9708188772201538,0.9098901098901099,0.9098901098901099,455,conditional_mlp_residual_linear,20260922,True,all_queries_diagnostic,0.8999999761581421,000001.SZ,liquidity,unseen_q
20260521,0.42257535457611084,2.0015509128570557,1.445500373840332,0.8845878136200717,0.8845878136200717,465,conditional_mlp_residual_linear,20260922,True,all_queries_diagnostic,0.8999999761581421,000001.SZ,liquidity,unseen_q
20260522,0.42189669609069824,2.447753429412842,2.0049500465393066,0.9080459770114943,0.9080459770114943,464,conditional_mlp_residual_linear,20260922,True,all_queries_diagnostic,0.8999999761581421,000001.SZ,liquidity,unseen_q
20260525,0.39001739025115967,2.4913036823272705,2.1390860080718994,0.93588816582309,0.93588816582309,461,conditional_mlp_residual_linear,20260922,True,all_queries_diagnostic,0.8999999761581421,000001.SZ,liquidity,unseen_q
20260526,0.4824836254119873,2.602173089981079,2.0465073585510254,0.9046934865900383,0.9046934865900383,464,conditional_mlp_residual_linear,20260922,True,all_queries_diagnostic,0.8999999761581421,000001.SZ,liquidity,unseen_q
20260528,0.3810001015663147,2.160660743713379,1.7483257055282593,0.9188218390804598,0.9188218390804598,464,conditional_mlp_residual_linear,20260922,True,all_queries_diagnostic,0.8999999761581421,000001.SZ,liquidity,unseen_q
20260529,0.5165509581565857,2.723362684249878,2.112825870513916,0.8896057347670251,0.8896057347670251,465,conditional_mlp_residual_linear,20260922,True,all_queries_diagnostic,0.8999999761581421,000001.SZ,liquidity,unseen_q
20260506,0.5226116180419922,1.0452232360839844,0.05327071249485016,0.5225856697819314,0.5225856697819314,428,conditional_mlp_residual_linear,20260922,False,primary,0.5,000001.SZ,liquidity,unseen_q
20260507,0.6277640461921692,1.2555280923843384,0.006265254691243172,0.4563662374821173,0.4563662374821173,466,conditional_mlp_residual_linear,20260922,False,primary,0.5,000001.SZ,liquidity,unseen_q
20260508,0.6293784379959106,1.2587568759918213,-0.08258896321058273,0.5040470934510669,0.5040470934510669,453,conditional_mlp_residual_linear,20260922,False,primary,0.5,000001.SZ,liquidity,unseen_q
20260511,0.6791329383850098,1.3582658767700195,-0.06935051083564758,0.47907647907647904,0.47907647907647904,462,conditional_mlp_residual_linear,20260922,False,primary,0.5,000001.SZ,liquidity,unseen_q
20260512,0.6670501828193665,1.334100365638733,-0.04408878833055496,0.4691358024691358,0.4691358024691358,459,conditional_mlp_residual_linear,20260922,False,primary,0.5,000001.SZ,liquidity,unseen_q
20260513,0.5166552066802979,1.0333104133605957,0.0077853030525147915,0.49390681003584225,0.49390681003584225,465,conditional_mlp_residual_linear,20260922,False,primary,0.5,000001.SZ,liquidity,unseen_q
20260514,0.6512251496315002,1.3024502992630005,-0.004660644568502903,0.4292929292929292,0.4292929292929292,462,conditional_mlp_residual_linear,20260922,False,primary,0.5,000001.SZ,liquidity,unseen_q
20260515,0.6730237007141113,1.3460474014282227,-0.0005920864059589803,0.44637681159420284,0.44637681159420284,460,conditional_mlp_residual_linear,20260922,False,primary,0.5,000001.SZ,liquidity,unseen_q
20260518,0.5496465563774109,1.0992931127548218,-0.007744808681309223,0.5369532428355958,0.5369532428355958,442,conditional_mlp_residual_linear,20260922,False,primary,0.5,000001.SZ,liquidity,unseen_q
20260519,0.6279367208480835,1.255873441696167,0.012185533531010151,0.5118790496760259,0.5118790496760259,463,conditional_mlp_residual_linear,20260922,False,primary,0.5,000001.SZ,liquidity,unseen_q
20260520,0.5862699151039124,1.1725398302078247,0.029697157442569733,0.46227106227106224,0.46227106227106224,455,conditional_mlp_residual_linear,20260922,False,primary,0.5,000001.SZ,liquidity,unseen_q
20260521,0.6166523694992065,1.233304738998413,0.004635842517018318,0.4587813620071684,0.4587813620071684,465,conditional_mlp_residual_linear,20260922,False,primary,0.5,000001.SZ,liquidity,unseen_q
20260522,0.6325393915176392,1.2650787830352783,-0.02150396816432476,0.43893678160919536,0.43893678160919536,464,conditional_mlp_residual_linear,20260922,False,primary,0.5,000001.SZ,liquidity,unseen_q
20260525,0.5555761456489563,1.1111522912979126,0.020769327878952026,0.4410701373825018,0.4410701373825018,461,conditional_mlp_residual_linear,20260922,False,primary,0.5,000001.SZ,liquidity,unseen_q
20260526,0.7266643643379211,1.4533287286758423,-0.009015342220664024,0.47413793103448276,0.47413793103448276,464,conditional_mlp_residual_linear,20260922,False,primary,0.5,000001.SZ,liquidity,unseen_q
20260528,0.5740604996681213,1.1481209993362427,0.02529325895011425,0.46551724137931033,0.46551724137931033,464,conditional_mlp_residual_linear,20260922,False,primary,0.5,000001.SZ,liquidity,unseen_q
20260529,0.8358250856399536,1.6716501712799072,0.061335112899541855,0.5369175627240144,0.5369175627240144,465,conditional_mlp_residual_linear,20260922,False,primary,0.5,000001.SZ,liquidity,unseen_q
20260506,0.38153189420700073,2.1488449573516846,1.7322266101837158,0.9244548286604362,0.9244548286604362,428,conditional_mlp_residual_linear,20260922,False,primary,0.8999999761581421,000001.SZ,liquidity,unseen_q
20260507,0.42678776383399963,2.4093949794769287,1.9447742700576782,0.9155937052932761,0.9155937052932761,466,conditional_mlp_residual_linear,20260922,False,primary,0.8999999761581421,000001.SZ,liquidity,unseen_q
20260508,0.4953572750091553,2.10361385345459,1.3911242485046387,0.8925680647534951,0.8925680647534951,453,conditional_mlp_residual_linear,20260922,False,primary,0.8999999761581421,000001.SZ,liquidity,unseen_q
20260511,0.47655439376831055,2.825382709503174,2.3403425216674805,0.9047619047619048,0.9047619047619048,462,conditional_mlp_residual_linear,20260922,False,primary,0.8999999761581421,000001.SZ,liquidity,unseen_q
20260512,0.46703872084617615,2.367428779602051,1.7916892766952515,0.9055918663761802,0.9055918663761802,459,conditional_mlp_residual_linear,20260922,False,primary,0.8999999761581421,000001.SZ,liquidity,unseen_q
20260513,0.3593176603317261,1.7916979789733887,1.3413283824920654,0.8831541218637993,0.8831541218637993,465,conditional_mlp_residual_linear,20260922,False,primary,0.8999999761581421,000001.SZ,liquidity,unseen_q
20260514,0.4438052773475647,2.4902684688568115,2.0033223628997803,0.9148629148629149,0.9148629148629149,462,conditional_mlp_residual_linear,20260922,False,primary,0.8999999761581421,000001.SZ,liquidity,unseen_q
20260515,0.46336013078689575,2.296982765197754,1.7128281593322754,0.8536231884057971,0.8536231884057971,460,conditional_mlp_residual_linear,20260922,False,primary,0.8999999761581421,000001.SZ,liquidity,unseen_q
20260518,0.406818687915802,2.5130133628845215,2.124220371246338,0.9313725490196079,0.9313725490196079,442,conditional_mlp_residual_linear,20260922,False,primary,0.8999999761581421,000001.SZ,liquidity,unseen_q
20260519,0.4419969320297241,2.7057831287384033,2.2772364616394043,0.9222462203023758,0.9222462203023758,463,conditional_mlp_residual_linear,20260922,False,primary,0.8999999761581421,000001.SZ,liquidity,unseen_q
20260520,0.4102245569229126,2.3863461017608643,1.9573713541030884,0.9054945054945055,0.9054945054945055,455,conditional_mlp_residual_linear,20260922,False,primary,0.8999999761581421,000001.SZ,liquidity,unseen_q
20260521,0.41280800104141235,1.958229660987854,1.4157671928405762,0.8802867383512545,0.8802867383512545,465,conditional_mlp_residual_linear,20260922,False,primary,0.8999999761581421,000001.SZ,liquidity,unseen_q
20260522,0.42236700654029846,2.4547626972198486,2.012535810470581,0.9188218390804598,0.9188218390804598,464,conditional_mlp_residual_linear,20260922,False,primary,0.8999999761581421,000001.SZ,liquidity,unseen_q
20260525,0.38774922490119934,2.4874188899993896,2.1399006843566895,0.9370932754880694,0.9370932754880694,461,conditional_mlp_residual_linear,20260922,False,primary,0.8999999761581421,000001.SZ,liquidity,unseen_q
20260526,0.4942675530910492,2.6184589862823486,2.037405014038086,0.9008620689655172,0.9008620689655172,464,conditional_mlp_residual_linear,20260922,False,primary,0.8999999761581421,000001.SZ,liquidity,unseen_q
20260528,0.38901612162590027,2.178264856338501,1.750290870666504,0.9123563218390804,0.9123563218390804,464,conditional_mlp_residual_linear,20260922,False,primary,0.8999999761581421,000001.SZ,liquidity,unseen_q
20260529,0.5407858490943909,2.7492661476135254,2.084618330001831,0.8802867383512545,0.8802867383512545,465,conditional_mlp_residual_linear,20260922,False,primary,0.8999999761581421,000001.SZ,liquidity,unseen_q
20260506,0.49274933338165283,0.9854986667633057,0.05624591186642647,0.5233644859813084,0.5233644859813084,428,conditional_mlp_residual_linear,20260922,False,all_queries_diagnostic,0.5,000001.SZ,liquidity,unseen_q
20260507,0.6187360286712646,1.2374720573425293,-0.004731552209705114,0.45517405817835005,0.45517405817835005,466,conditional_mlp_residual_linear,20260922,False,all_queries_diagnostic,0.5,000001.SZ,liquidity,unseen_q
20260508,0.5993005037307739,1.1986010074615479,-0.05333929881453514,0.49987736080451306,0.49987736080451306,453,conditional_mlp_residual_linear,20260922,False,all_queries_diagnostic,0.5,000001.SZ,liquidity,unseen_q
20260511,0.6433804631233215,1.286760926246643,-0.06360465288162231,0.4935064935064935,0.4935064935064935,462,conditional_mlp_residual_linear,20260922,False,all_queries_diagnostic,0.5,000001.SZ,liquidity,unseen_q
20260512,0.6155138611793518,1.2310277223587036,-0.033591192215681076,0.46138949406923263,0.46138949406923263,459,conditional_mlp_residual_linear,20260922,False,all_queries_diagnostic,0.5,000001.SZ,liquidity,unseen_q
20260513,0.4670989513397217,0.9341979026794434,-0.0026180658023804426,0.45280764635603343,0.45280764635603343,465,conditional_mlp_residual_linear,20260922,False,all_queries_diagnostic,0.5,000001.SZ,liquidity,unseen_q
20260514,0.6436846852302551,1.2873693704605103,-0.016177300363779068,0.424963924963925,0.424963924963925,462,conditional_mlp_residual_linear,20260922,False,all_queries_diagnostic,0.5,000001.SZ,liquidity,unseen_q
20260515,0.6542518138885498,1.3085036277770996,-0.015187417156994343,0.4557971014492753,0.4557971014492753,460,conditional_mlp_residual_linear,20260922,False,all_queries_diagnostic,0.5,000001.SZ,liquidity,unseen_q
20260518,0.5382639765739441,1.0765279531478882,0.01630116067826748,0.55052790346908,0.55052790346908,442,conditional_mlp_residual_linear,20260922,False,all_queries_diagnostic,0.5,000001.SZ,liquidity,unseen_q
20260519,0.6244985461235046,1.2489970922470093,0.012710515409708023,0.5164386849052076,0.5164386849052076,463,conditional_mlp_residual_linear,20260922,False,all_queries_diagnostic,0.5,000001.SZ,liquidity,unseen_q
20260520,0.5766099095344543,1.1532198190689087,0.03747719153761864,0.4671550671550671,0.4671550671550671,455,conditional_mlp_residual_linear,20260922,False,all_queries_diagnostic,0.5,000001.SZ,liquidity,unseen_q
20260521,0.6188116073608398,1.2376232147216797,0.02978123165667057,0.4587813620071684,0.4587813620071684,465,conditional_mlp_residual_linear,20260922,False,all_queries_diagnostic,0.5,000001.SZ,liquidity,unseen_q
20260522,0.6309490203857422,1.2618980407714844,-0.0349959097802639,0.4279214559386973,0.4279214559386973,464,conditional_mlp_residual_linear,20260922,False,all_queries_diagnostic,0.5,000001.SZ,liquidity,unseen_q
20260525,0.5440672039985657,1.0881344079971313,0.013746091164648533,0.4335984574596288,0.4335984574596288,461,conditional_mlp_residual_linear,20260922,False,all_queries_diagnostic,0.5,000001.SZ,liquidity,unseen_q
20260526,0.6970177292823792,1.3940354585647583,-0.006074253469705582,0.4583333333333333,0.4583333333333333,464,conditional_mlp_residual_linear,20260922,False,all_queries_diagnostic,0.5,000001.SZ,liquidity,unseen_q
20260528,0.5425552725791931,1.0851105451583862,0.017552347853779793,0.45641762452107276,0.45641762452107276,464,conditional_mlp_residual_linear,20260922,False,all_queries_diagnostic,0.5,000001.SZ,liquidity,unseen_q
20260529,0.7910869121551514,1.5821738243103027,0.08315293490886688,0.5345280764635603,0.5345280764635603,465,conditional_mlp_residual_linear,20260922,False,all_queries_diagnostic,0.5,000001.SZ,liquidity,unseen_q
20260506,0.36932313442230225,2.1310222148895264,1.740470051765442,0.9231568016614745,0.9231568016614745,428,conditional_mlp_residual_linear,20260922,False,all_queries_diagnostic,0.8999999761581421,000001.SZ,liquidity,unseen_q
20260507,0.4361395239830017,2.4239661693573,1.9396088123321533,0.9082021936099189,0.9082021936099189,466,conditional_mlp_residual_linear,20260922,False,all_queries_diagnostic,0.8999999761581421,000001.SZ,liquidity,unseen_q
20260508,0.47153571248054504,2.082911968231201,1.4248006343841553,0.9018886436104979,0.9018886436104979,453,conditional_mlp_residual_linear,20260922,False,all_queries_diagnostic,0.8999999761581421,000001.SZ,liquidity,unseen_q
20260511,0.4696444571018219,2.82171368598938,2.3530311584472656,0.9086099086099086,0.9086099086099086,462,conditional_mlp_residual_linear,20260922,False,all_queries_diagnostic,0.8999999761581421,000001.SZ,liquidity,unseen_q
20260512,0.43930715322494507,2.3250365257263184,1.808027982711792,0.9070442992011619,0.9070442992011619,459,conditional_mlp_residual_linear,20260922,False,all_queries_diagnostic,0.8999999761581421,000001.SZ,liquidity,unseen_q
20260513,0.3425392210483551,1.7534276247024536,1.3354365825653076,0.897252090800478,0.897252090800478,465,conditional_mlp_residual_linear,20260922,False,all_queries_diagnostic,0.8999999761581421,000001.SZ,liquidity,unseen_q
20260514,0.445679634809494,2.489314079284668,1.9974435567855835,0.9139009139009139,0.9139009139009139,462,conditional_mlp_residual_linear,20260922,False,all_queries_diagnostic,0.8999999761581421,000001.SZ,liquidity,unseen_q
20260515,0.46246981620788574,2.2877817153930664,1.7035529613494873,0.8657004830917875,0.8657004830917875,460,conditional_mlp_residual_linear,20260922,False,all_queries_diagnostic,0.8999999761581421,000001.SZ,liquidity,unseen_q
20260518,0.4116027355194092,2.5473339557647705,2.155160665512085,0.9338863750628457,0.9338863750628457,442,conditional_mlp_residual_linear,20260922,False,all_queries_diagnostic,0.8999999761581421,000001.SZ,liquidity,unseen_q
20260519,0.44565853476524353,2.7188503742218018,2.284416913986206,0.9162467002639789,0.9162467002639789,463,conditional_mlp_residual_linear,20260922,False,all_queries_diagnostic,0.8999999761581421,000001.SZ,liquidity,unseen_q
20260520,0.4102521240711212,2.3971846103668213,1.9708505868911743,0.9098901098901099,0.9098901098901099,455,conditional_mlp_residual_linear,20260922,False,all_queries_diagnostic,0.8999999761581421,000001.SZ,liquidity,unseen_q
20260521,0.42257535457611084,2.0015509128570557,1.445500373840332,0.8845878136200717,0.8845878136200717,465,conditional_mlp_residual_linear,20260922,False,all_queries_diagnostic,0.8999999761581421,000001.SZ,liquidity,unseen_q
20260522,0.42189669609069824,2.447753429412842,2.0049500465393066,0.9080459770114943,0.9080459770114943,464,conditional_mlp_residual_linear,20260922,False,all_queries_diagnostic,0.8999999761581421,000001.SZ,liquidity,unseen_q
20260525,0.39001739025115967,2.4913036823272705,2.1390860080718994,0.93588816582309,0.93588816582309,461,conditional_mlp_residual_linear,20260922,False,all_queries_diagnostic,0.8999999761581421,000001.SZ,liquidity,unseen_q
20260526,0.4824836254119873,2.602173089981079,2.0465073585510254,0.9046934865900383,0.9046934865900383,464,conditional_mlp_residual_linear,20260922,False,all_queries_diagnostic,0.8999999761581421,000001.SZ,liquidity,unseen_q
20260528,0.3810001015663147,2.160660743713379,1.7483257055282593,0.9188218390804598,0.9188218390804598,464,conditional_mlp_residual_linear,20260922,False,all_queries_diagnostic,0.8999999761581421,000001.SZ,liquidity,unseen_q
20260529,0.5165417790412903,2.7233595848083496,2.1128451824188232,0.8900836320191159,0.8900836320191159,465,conditional_mlp_residual_linear,20260922,False,all_queries_diagnostic,0.8999999761581421,000001.SZ,liquidity,unseen_q
20260506,1.0163041353225708,2.0326082706451416,0.3056503236293793,0.5739875389408099,0.5739875389408099,428,conditional_mlp_linear,20260923,True,primary,0.5,000001.SZ,liquidity,unseen_q
20260507,1.044223666191101,2.088447332382202,-0.5421366095542908,0.43776824034334766,0.43776824034334766,466,conditional_mlp_linear,20260923,True,primary,0.5,000001.SZ,liquidity,unseen_q
20260508,1.0292623043060303,2.0585246086120605,-0.5916842222213745,0.4282560706401766,0.4282560706401766,453,conditional_mlp_linear,20260923,True,primary,0.5,000001.SZ,liquidity,unseen_q
20260511,1.13590407371521,2.27180814743042,-0.6968039274215698,0.3802308802308802,0.3802308802308802,462,conditional_mlp_linear,20260923,True,primary,0.5,000001.SZ,liquidity,unseen_q
20260512,1.1771949529647827,2.3543899059295654,-0.5339686870574951,0.4466230936819172,0.4466230936819172,459,conditional_mlp_linear,20260923,True,primary,0.5,000001.SZ,liquidity,unseen_q
20260513,0.8425961136817932,1.6851922273635864,-0.09158172458410263,0.5412186379928315,0.5412186379928315,465,conditional_mlp_linear,20260923,True,primary,0.5,000001.SZ,liquidity,unseen_q
20260514,1.1221535205841064,2.244307041168213,-0.7132627964019775,0.4148629148629148,0.4148629148629148,462,conditional_mlp_linear,20260923,True,primary,0.5,000001.SZ,liquidity,unseen_q
20260515,1.0517655611038208,2.1035311222076416,0.31120750308036804,0.6318840579710145,0.6318840579710145,460,conditional_mlp_linear,20260923,True,primary,0.5,000001.SZ,liquidity,unseen_q
20260518,0.9887844920158386,1.9775689840316772,0.00980303157120943,0.5173453996983408,0.5173453996983408,442,conditional_mlp_linear,20260923,True,primary,0.5,000001.SZ,liquidity,unseen_q
20260519,0.8943856358528137,1.7887712717056274,0.02795129083096981,0.5284377249820014,0.5284377249820014,463,conditional_mlp_linear,20260923,True,primary,0.5,000001.SZ,liquidity,unseen_q
20260520,0.8551340699195862,1.7102681398391724,-0.02871311455965042,0.5692307692307692,0.5692307692307692,455,conditional_mlp_linear,20260923,True,primary,0.5,000001.SZ,liquidity,unseen_q
20260521,1.0048110485076904,2.009622097015381,0.4167119264602661,0.6480286738351254,0.6480286738351254,465,conditional_mlp_linear,20260923,True,primary,0.5,000001.SZ,liquidity,unseen_q
20260522,1.0136265754699707,2.0272531509399414,0.4265482425689697,0.5955459770114943,0.5955459770114943,464,conditional_mlp_linear,20260923,True,primary,0.5,000001.SZ,liquidity,unseen_q
20260525,1.0009328126907349,2.0018656253814697,-0.13214179873466492,0.48879248011569054,0.48879248011569054,461,conditional_mlp_linear,20260923,True,primary,0.5,000001.SZ,liquidity,unseen_q
20260526,1.0498071908950806,2.099614381790161,0.12471329420804977,0.5244252873563219,0.5244252873563219,464,conditional_mlp_linear,20260923,True,primary,0.5,000001.SZ,liquidity,unseen_q
20260528,0.990114688873291,1.980229377746582,0.5742284655570984,0.6522988505747127,0.6522988505747127,464,conditional_mlp_linear,20260923,True,primary,0.5,000001.SZ,liquidity,unseen_q
20260529,1.1809526681900024,2.361905336380005,0.4618823528289795,0.5942652329749104,0.5942652329749104,465,conditional_mlp_linear,20260923,True,primary,0.5,000001.SZ,liquidity,unseen_q
20260506,0.5711748003959656,2.7229294776916504,1.9757249355316162,0.7710280373831776,0.7710280373831776,428,conditional_mlp_linear,20260923,True,primary,0.8999999761581421,000001.SZ,liquidity,unseen_q
20260507,0.6374703049659729,2.4077353477478027,1.415993332862854,0.7439198855507869,0.7439198855507869,466,conditional_mlp_linear,20260923,True,primary,0.8999999761581421,000001.SZ,liquidity,unseen_q
20260508,0.7671605944633484,2.252516031265259,0.8977433443069458,0.6541574687270051,0.6541574687270051,453,conditional_mlp_linear,20260923,True,primary,0.8999999761581421,000001.SZ,liquidity,unseen_q
20260511,0.6803869605064392,2.7518882751464844,1.7388931512832642,0.7453102453102453,0.7453102453102453,462,conditional_mlp_linear,20260923,True,primary,0.8999999761581421,000001.SZ,liquidity,unseen_q
20260512,0.6633340716362,2.368474006652832,1.3022574186325073,0.7022512708787219,0.7022512708787219,459,conditional_mlp_linear,20260923,True,primary,0.8999999761581421,000001.SZ,liquidity,unseen_q
20260513,0.5166306495666504,2.032770872116089,1.2493870258331299,0.7304659498207886,0.7304659498207886,465,conditional_mlp_linear,20260923,True,primary,0.8999999761581421,000001.SZ,liquidity,unseen_q
20260514,0.6922847032546997,2.4155828952789307,1.2887669801712036,0.7207792207792207,0.7207792207792207,462,conditional_mlp_linear,20260923,True,primary,0.8999999761581421,000001.SZ,liquidity,unseen_q
20260515,0.577817440032959,2.7732229232788086,2.0219850540161133,0.7949275362318841,0.7949275362318841,460,conditional_mlp_linear,20260923,True,primary,0.8999999761581421,000001.SZ,liquidity,unseen_q
20260518,0.5177547335624695,2.739528179168701,2.13002347946167,0.7963800904977375,0.7963800904977375,442,conditional_mlp_linear,20260923,True,primary,0.8999999761581421,000001.SZ,liquidity,unseen_q
20260519,0.5041170120239258,2.843019723892212,2.2934823036193848,0.8401727861771058,0.8401727861771058,463,conditional_mlp_linear,20260923,True,primary,0.8999999761581421,000001.SZ,liquidity,unseen_q
20260520,0.49064961075782776,2.506624698638916,1.9066568613052368,0.8256410256410257,0.8256410256410257,455,conditional_mlp_linear,20260923,True,primary,0.8999999761581421,000001.SZ,liquidity,unseen_q
20260521,0.577930212020874,2.632189989089966,1.8454121351242065,0.7885304659498208,0.7885304659498208,465,conditional_mlp_linear,20260923,True,primary,0.8999999761581421,000001.SZ,liquidity,unseen_q
20260522,0.5176618099212646,2.992177963256836,2.446068048477173,0.841235632183908,0.841235632183908,464,conditional_mlp_linear,20260923,True,primary,0.8999999761581421,000001.SZ,liquidity,unseen_q
20260525,0.5246760249137878,2.6424598693847656,1.991384744644165,0.8004338394793926,0.8004338394793926,461,conditional_mlp_linear,20260923,True,primary,0.8999999761581421,000001.SZ,liquidity,unseen_q
20260526,0.5533843040466309,2.8218696117401123,2.143876552581787,0.798132183908046,0.798132183908046,464,conditional_mlp_linear,20260923,True,primary,0.8999999761581421,000001.SZ,liquidity,unseen_q
20260528,0.47990378737449646,2.801565170288086,2.3021974563598633,0.860632183908046,0.860632183908046,464,conditional_mlp_linear,20260923,True,primary,0.8999999761581421,000001.SZ,liquidity,unseen_q
20260529,0.5965895652770996,3.178788661956787,2.4820120334625244,0.8078853046594983,0.8078853046594983,465,conditional_mlp_linear,20260923,True,primary,0.8999999761581421,000001.SZ,liquidity,unseen_q
20260506,0.6506336331367493,1.3012672662734985,0.09303920716047287,0.5111630321910695,0.5111630321910695,428,conditional_mlp_linear,20260923,True,all_queries_diagnostic,0.5,000001.SZ,liquidity,unseen_q
20260507,0.7610964775085449,1.5221929550170898,-0.23612235486507416,0.47353361945636624,0.47353361945636624,466,conditional_mlp_linear,20260923,True,all_queries_diagnostic,0.5,000001.SZ,liquidity,unseen_q
20260508,0.7344203591346741,1.4688407182693481,-0.24309754371643066,0.48883983321069413,0.48883983321069413,453,conditional_mlp_linear,20260923,True,all_queries_diagnostic,0.5,000001.SZ,liquidity,unseen_q
20260511,0.8001275658607483,1.6002551317214966,-0.3052562177181244,0.4677729677729678,0.4677729677729678,462,conditional_mlp_linear,20260923,True,all_queries_diagnostic,0.5,000001.SZ,liquidity,unseen_q
20260512,0.7892057299613953,1.5784114599227905,-0.22512218356132507,0.476397966594045,0.476397966594045,459,conditional_mlp_linear,20260923,True,all_queries_diagnostic,0.5,000001.SZ,liquidity,unseen_q
20260513,0.5794493556022644,1.1588987112045288,-0.05469894036650658,0.5237753882915173,0.5237753882915173,465,conditional_mlp_linear,20260923,True,all_queries_diagnostic,0.5,000001.SZ,liquidity,unseen_q
20260514,0.8022423982620239,1.6044847965240479,-0.26307040452957153,0.45454545454545453,0.45454545454545453,462,conditional_mlp_linear,20260923,True,all_queries_diagnostic,0.5,000001.SZ,liquidity,unseen_q
20260515,0.7823795080184937,1.5647590160369873,0.05345998704433441,0.578743961352657,0.578743961352657,460,conditional_mlp_linear,20260923,True,all_queries_diagnostic,0.5,000001.SZ,liquidity,unseen_q
20260518,0.6913986802101135,1.382797360420227,-0.04144604131579399,0.521870286576169,0.521870286576169,442,conditional_mlp_linear,20260923,True,all_queries_diagnostic,0.5,000001.SZ,liquidity,unseen_q
20260519,0.7154169678688049,1.4308339357376099,-0.03774229437112808,0.4965202783777298,0.4965202783777298,463,conditional_mlp_linear,20260923,True,all_queries_diagnostic,0.5,000001.SZ,liquidity,unseen_q
20260520,0.6723484992980957,1.3446969985961914,-0.027453957125544548,0.5404151404151404,0.5404151404151404,455,conditional_mlp_linear,20260923,True,all_queries_diagnostic,0.5,000001.SZ,liquidity,unseen_q
20260521,0.7494701743125916,1.498940348625183,0.15059995651245117,0.5624850657108721,0.5624850657108721,465,conditional_mlp_linear,20260923,True,all_queries_diagnostic,0.5,000001.SZ,liquidity,unseen_q
20260522,0.7602571845054626,1.5205143690109253,0.10583360493183136,0.5399904214559387,0.5399904214559387,464,conditional_mlp_linear,20260923,True,all_queries_diagnostic,0.5,000001.SZ,liquidity,unseen_q
20260525,0.6952889561653137,1.3905779123306274,-0.05694227293133736,0.49746926970354305,0.49746926970354305,461,conditional_mlp_linear,20260923,True,all_queries_diagnostic,0.5,000001.SZ,liquidity,unseen_q
20260526,0.8054551482200623,1.6109102964401245,0.023489736020565033,0.530411877394636,0.530411877394636,464,conditional_mlp_linear,20260923,True,all_queries_diagnostic,0.5,000001.SZ,liquidity,unseen_q
20260528,0.6833207607269287,1.3666415214538574,0.17641814053058624,0.5574712643678161,0.5574712643678161,464,conditional_mlp_linear,20260923,True,all_queries_diagnostic,0.5,000001.SZ,liquidity,unseen_q
20260529,0.9100650548934937,1.8201301097869873,0.1837913542985916,0.5780167264038232,0.5780167264038232,465,conditional_mlp_linear,20260923,True,all_queries_diagnostic,0.5,000001.SZ,liquidity,unseen_q
20260506,0.4324458837509155,2.282149076461792,1.7715716361999512,0.871754932502596,0.871754932502596,428,conditional_mlp_linear,20260923,True,all_queries_diagnostic,0.8999999761581421,000001.SZ,liquidity,unseen_q
20260507,0.5063678026199341,2.3968522548675537,1.730145812034607,0.8521697663328565,0.8521697663328565,466,conditional_mlp_linear,20260923,True,all_queries_diagnostic,0.8999999761581421,000001.SZ,liquidity,unseen_q
20260508,0.5634334087371826,2.129652976989746,1.2534829378128052,0.8211920529801324,0.8211920529801324,453,conditional_mlp_linear,20260923,True,all_queries_diagnostic,0.8999999761581421,000001.SZ,liquidity,unseen_q
20260511,0.5409179925918579,2.7939257621765137,2.1401121616363525,0.8542568542568543,0.8542568542568543,462,conditional_mlp_linear,20260923,True,all_queries_diagnostic,0.8999999761581421,000001.SZ,liquidity,unseen_q
20260512,0.5045713782310486,2.304877758026123,1.6196684837341309,0.8351488743645606,0.8351488743645606,459,conditional_mlp_linear,20260923,True,all_queries_diagnostic,0.8999999761581421,000001.SZ,liquidity,unseen_q
20260513,0.39737269282341003,1.8295750617980957,1.2935371398925781,0.8559139784946237,0.8559139784946237,465,conditional_mlp_linear,20260923,True,all_queries_diagnostic,0.8999999761581421,000001.SZ,liquidity,unseen_q
20260514,0.5303917527198792,2.4584553241729736,1.7470897436141968,0.8477633477633478,0.8477633477633478,462,conditional_mlp_linear,20260923,True,all_queries_diagnostic,0.8999999761581421,000001.SZ,liquidity,unseen_q
20260515,0.5027086734771729,2.423379898071289,1.7724531888961792,0.8495169082125603,0.8495169082125603,460,conditional_mlp_linear,20260923,True,all_queries_diagnostic,0.8999999761581421,000001.SZ,liquidity,unseen_q
20260518,0.45028045773506165,2.572139024734497,2.089473009109497,0.8866264454499749,0.8866264454499749,442,conditional_mlp_linear,20260923,True,all_queries_diagnostic,0.8999999761581421,000001.SZ,liquidity,unseen_q
20260519,0.4653625190258026,2.720451593399048,2.2371582984924316,0.8869690424766019,0.8869690424766019,463,conditional_mlp_linear,20260923,True,all_queries_diagnostic,0.8999999761581421,000001.SZ,liquidity,unseen_q
20260520,0.4399392902851105,2.4129297733306885,1.9163142442703247,0.8852258852258852,0.8852258852258852,455,conditional_mlp_linear,20260923,True,all_queries_diagnostic,0.8999999761581421,000001.SZ,liquidity,unseen_q
20260521,0.4809892475605011,2.2311325073242188,1.5864423513412476,0.8556750298685782,0.8556750298685782,465,conditional_mlp_linear,20260923,True,all_queries_diagnostic,0.8999999761581421,000001.SZ,liquidity,unseen_q
20260522,0.45647236704826355,2.6200156211853027,2.1338388919830322,0.8785919540229885,0.8785919540229885,464,conditional_mlp_linear,20260923,True,all_queries_diagnostic,0.8999999761581421,000001.SZ,liquidity,unseen_q
20260525,0.4396839141845703,2.5399820804595947,2.075767993927002,0.8879248011569052,0.8879248011569052,461,conditional_mlp_linear,20260923,True,all_queries_diagnostic,0.8999999761581421,000001.SZ,liquidity,unseen_q
20260526,0.5009004473686218,2.6431190967559814,2.051647663116455,0.8680555555555556,0.8680555555555556,464,conditional_mlp_linear,20260923,True,all_queries_diagnostic,0.8999999761581421,000001.SZ,liquidity,unseen_q
20260528,0.41372543573379517,2.3579370975494385,1.9131078720092773,0.9013409961685824,0.9013409961685824,464,conditional_mlp_linear,20260923,True,all_queries_diagnostic,0.8999999761581421,000001.SZ,liquidity,unseen_q
20260529,0.5400770902633667,2.8503825664520264,2.2127857208251953,0.8652329749103942,0.8652329749103942,465,conditional_mlp_linear,20260923,True,all_queries_diagnostic,0.8999999761581421,000001.SZ,liquidity,unseen_q
20260506,1.0163041353225708,2.0326082706451416,0.3056503236293793,0.5739875389408099,0.5739875389408099,428,conditional_mlp_linear,20260923,False,primary,0.5,000001.SZ,liquidity,unseen_q
20260507,1.044223666191101,2.088447332382202,-0.5421366095542908,0.43776824034334766,0.43776824034334766,466,conditional_mlp_linear,20260923,False,primary,0.5,000001.SZ,liquidity,unseen_q
20260508,1.0292623043060303,2.0585246086120605,-0.5916842222213745,0.4282560706401766,0.4282560706401766,453,conditional_mlp_linear,20260923,False,primary,0.5,000001.SZ,liquidity,unseen_q
20260511,1.13590407371521,2.27180814743042,-0.6968039274215698,0.3802308802308802,0.3802308802308802,462,conditional_mlp_linear,20260923,False,primary,0.5,000001.SZ,liquidity,unseen_q
20260512,1.1771949529647827,2.3543899059295654,-0.5339686870574951,0.4466230936819172,0.4466230936819172,459,conditional_mlp_linear,20260923,False,primary,0.5,000001.SZ,liquidity,unseen_q
20260513,0.8425728678703308,1.6851457357406616,-0.09162820130586624,0.5412186379928315,0.5412186379928315,465,conditional_mlp_linear,20260923,False,primary,0.5,000001.SZ,liquidity,unseen_q
20260514,1.1221535205841064,2.244307041168213,-0.7132627964019775,0.4148629148629148,0.4148629148629148,462,conditional_mlp_linear,20260923,False,primary,0.5,000001.SZ,liquidity,unseen_q
20260515,1.051693320274353,2.103386640548706,0.31039902567863464,0.622463768115942,0.622463768115942,460,conditional_mlp_linear,20260923,False,primary,0.5,000001.SZ,liquidity,unseen_q
20260518,0.9887844920158386,1.9775689840316772,0.00980303157120943,0.5173453996983408,0.5173453996983408,442,conditional_mlp_linear,20260923,False,primary,0.5,000001.SZ,liquidity,unseen_q
20260519,0.8943856358528137,1.7887712717056274,0.02795129083096981,0.5284377249820014,0.5284377249820014,463,conditional_mlp_linear,20260923,False,primary,0.5,000001.SZ,liquidity,unseen_q
20260520,0.8551340699195862,1.7102681398391724,-0.02871311455965042,0.5692307692307692,0.5692307692307692,455,conditional_mlp_linear,20260923,False,primary,0.5,000001.SZ,liquidity,unseen_q
20260521,1.0048110485076904,2.009622097015381,0.4167119264602661,0.6480286738351254,0.6480286738351254,465,conditional_mlp_linear,20260923,False,primary,0.5,000001.SZ,liquidity,unseen_q
20260522,1.0136265754699707,2.0272531509399414,0.4265482425689697,0.5955459770114943,0.5955459770114943,464,conditional_mlp_linear,20260923,False,primary,0.5,000001.SZ,liquidity,unseen_q
20260525,1.0009328126907349,2.0018656253814697,-0.13214179873466492,0.48879248011569054,0.48879248011569054,461,conditional_mlp_linear,20260923,False,primary,0.5,000001.SZ,liquidity,unseen_q
20260526,1.0498071908950806,2.099614381790161,0.12471329420804977,0.5244252873563219,0.5244252873563219,464,conditional_mlp_linear,20260923,False,primary,0.5,000001.SZ,liquidity,unseen_q
20260528,0.990114688873291,1.980229377746582,0.5742284655570984,0.6522988505747127,0.6522988505747127,464,conditional_mlp_linear,20260923,False,primary,0.5,000001.SZ,liquidity,unseen_q
20260529,1.1809526681900024,2.361905336380005,0.4618823528289795,0.5942652329749104,0.5942652329749104,465,conditional_mlp_linear,20260923,False,primary,0.5,000001.SZ,liquidity,unseen_q
20260506,0.5711748003959656,2.7229294776916504,1.9757249355316162,0.7710280373831776,0.7710280373831776,428,conditional_mlp_linear,20260923,False,primary,0.8999999761581421,000001.SZ,liquidity,unseen_q
20260507,0.6374703049659729,2.4077353477478027,1.415993332862854,0.7439198855507869,0.7439198855507869,466,conditional_mlp_linear,20260923,False,primary,0.8999999761581421,000001.SZ,liquidity,unseen_q
20260508,0.7671605944633484,2.252516031265259,0.8977433443069458,0.6541574687270051,0.6541574687270051,453,conditional_mlp_linear,20260923,False,primary,0.8999999761581421,000001.SZ,liquidity,unseen_q
20260511,0.6803869605064392,2.7518882751464844,1.7388931512832642,0.7453102453102453,0.7453102453102453,462,conditional_mlp_linear,20260923,False,primary,0.8999999761581421,000001.SZ,liquidity,unseen_q
20260512,0.6633340716362,2.368474006652832,1.3022574186325073,0.7022512708787219,0.7022512708787219,459,conditional_mlp_linear,20260923,False,primary,0.8999999761581421,000001.SZ,liquidity,unseen_q
20260513,0.5166347026824951,2.032811164855957,1.2494271993637085,0.7304659498207886,0.7304659498207886,465,conditional_mlp_linear,20260923,False,primary,0.8999999761581421,000001.SZ,liquidity,unseen_q
20260514,0.6922847032546997,2.4155828952789307,1.2887669801712036,0.7207792207792207,0.7207792207792207,462,conditional_mlp_linear,20260923,False,primary,0.8999999761581421,000001.SZ,liquidity,unseen_q
20260515,0.5775659084320068,2.773364543914795,2.0227909088134766,0.8043478260869565,0.8043478260869565,460,conditional_mlp_linear,20260923,False,primary,0.8999999761581421,000001.SZ,liquidity,unseen_q
20260518,0.5177547335624695,2.739528179168701,2.13002347946167,0.7963800904977375,0.7963800904977375,442,conditional_mlp_linear,20260923,False,primary,0.8999999761581421,000001.SZ,liquidity,unseen_q
20260519,0.5041170120239258,2.843019723892212,2.2934823036193848,0.8401727861771058,0.8401727861771058,463,conditional_mlp_linear,20260923,False,primary,0.8999999761581421,000001.SZ,liquidity,unseen_q
20260520,0.49064961075782776,2.506624698638916,1.9066568613052368,0.8256410256410257,0.8256410256410257,455,conditional_mlp_linear,20260923,False,primary,0.8999999761581421,000001.SZ,liquidity,unseen_q
20260521,0.577930212020874,2.632189989089966,1.8454121351242065,0.7885304659498208,0.7885304659498208,465,conditional_mlp_linear,20260923,False,primary,0.8999999761581421,000001.SZ,liquidity,unseen_q
20260522,0.5176618099212646,2.992177963256836,2.446068048477173,0.841235632183908,0.841235632183908,464,conditional_mlp_linear,20260923,False,primary,0.8999999761581421,000001.SZ,liquidity,unseen_q
20260525,0.5246760249137878,2.6424598693847656,1.991384744644165,0.8004338394793926,0.8004338394793926,461,conditional_mlp_linear,20260923,False,primary,0.8999999761581421,000001.SZ,liquidity,unseen_q
20260526,0.5533843040466309,2.8218696117401123,2.143876552581787,0.798132183908046,0.798132183908046,464,conditional_mlp_linear,20260923,False,primary,0.8999999761581421,000001.SZ,liquidity,unseen_q
20260528,0.47990378737449646,2.801565170288086,2.3021974563598633,0.860632183908046,0.860632183908046,464,conditional_mlp_linear,20260923,False,primary,0.8999999761581421,000001.SZ,liquidity,unseen_q
20260529,0.5965895652770996,3.178788661956787,2.4820120334625244,0.8078853046594983,0.8078853046594983,465,conditional_mlp_linear,20260923,False,primary,0.8999999761581421,000001.SZ,liquidity,unseen_q
20260506,0.6506336331367493,1.3012672662734985,0.09303920716047287,0.5111630321910695,0.5111630321910695,428,conditional_mlp_linear,20260923,False,all_queries_diagnostic,0.5,000001.SZ,liquidity,unseen_q
20260507,0.7610964775085449,1.5221929550170898,-0.23612235486507416,0.47353361945636624,0.47353361945636624,466,conditional_mlp_linear,20260923,False,all_queries_diagnostic,0.5,000001.SZ,liquidity,unseen_q
20260508,0.7344064116477966,1.4688128232955933,-0.24309754371643066,0.48883983321069413,0.48883983321069413,453,conditional_mlp_linear,20260923,False,all_queries_diagnostic,0.5,000001.SZ,liquidity,unseen_q
20260511,0.8001275658607483,1.6002551317214966,-0.3052562177181244,0.4677729677729678,0.4677729677729678,462,conditional_mlp_linear,20260923,False,all_queries_diagnostic,0.5,000001.SZ,liquidity,unseen_q
20260512,0.7892057299613953,1.5784114599227905,-0.22512218356132507,0.476397966594045,0.476397966594045,459,conditional_mlp_linear,20260923,False,all_queries_diagnostic,0.5,000001.SZ,liquidity,unseen_q
20260513,0.5794228911399841,1.1588457822799683,-0.05476134642958641,0.5232974910394265,0.5232974910394265,465,conditional_mlp_linear,20260923,False,all_queries_diagnostic,0.5,000001.SZ,liquidity,unseen_q
20260514,0.8022423982620239,1.6044847965240479,-0.26307040452957153,0.45454545454545453,0.45454545454545453,462,conditional_mlp_linear,20260923,False,all_queries_diagnostic,0.5,000001.SZ,liquidity,unseen_q
20260515,0.7823696732521057,1.5647393465042114,0.052651297301054,0.5683574879227054,0.5683574879227054,460,conditional_mlp_linear,20260923,False,all_queries_diagnostic,0.5,000001.SZ,liquidity,unseen_q
20260518,0.6913986802101135,1.382797360420227,-0.04144604131579399,0.521870286576169,0.521870286576169,442,conditional_mlp_linear,20260923,False,all_queries_diagnostic,0.5,000001.SZ,liquidity,unseen_q
20260519,0.7154169678688049,1.4308339357376099,-0.03774229437112808,0.4965202783777298,0.4965202783777298,463,conditional_mlp_linear,20260923,False,all_queries_diagnostic,0.5,000001.SZ,liquidity,unseen_q
20260520,0.6723484992980957,1.3446969985961914,-0.027453957125544548,0.5404151404151404,0.5404151404151404,455,conditional_mlp_linear,20260923,False,all_queries_diagnostic,0.5,000001.SZ,liquidity,unseen_q
20260521,0.7494701743125916,1.498940348625183,0.15059995651245117,0.5624850657108721,0.5624850657108721,465,conditional_mlp_linear,20260923,False,all_queries_diagnostic,0.5,000001.SZ,liquidity,unseen_q
20260522,0.7602571845054626,1.5205143690109253,0.10583360493183136,0.5399904214559387,0.5399904214559387,464,conditional_mlp_linear,20260923,False,all_queries_diagnostic,0.5,000001.SZ,liquidity,unseen_q
20260525,0.6952889561653137,1.3905779123306274,-0.05694227293133736,0.49746926970354305,0.49746926970354305,461,conditional_mlp_linear,20260923,False,all_queries_diagnostic,0.5,000001.SZ,liquidity,unseen_q
20260526,0.8054551482200623,1.6109102964401245,0.023489736020565033,0.530411877394636,0.530411877394636,464,conditional_mlp_linear,20260923,False,all_queries_diagnostic,0.5,000001.SZ,liquidity,unseen_q
20260528,0.6833207607269287,1.3666415214538574,0.17641814053058624,0.5574712643678161,0.5574712643678161,464,conditional_mlp_linear,20260923,False,all_queries_diagnostic,0.5,000001.SZ,liquidity,unseen_q
20260529,0.9100650548934937,1.8201301097869873,0.1837913542985916,0.5780167264038232,0.5780167264038232,465,conditional_mlp_linear,20260923,False,all_queries_diagnostic,0.5,000001.SZ,liquidity,unseen_q
20260506,0.4324458837509155,2.282149076461792,1.7715716361999512,0.871754932502596,0.871754932502596,428,conditional_mlp_linear,20260923,False,all_queries_diagnostic,0.8999999761581421,000001.SZ,liquidity,unseen_q
20260507,0.5063678026199341,2.3968522548675537,1.730145812034607,0.8521697663328565,0.8521697663328565,466,conditional_mlp_linear,20260923,False,all_queries_diagnostic,0.8999999761581421,000001.SZ,liquidity,unseen_q
20260508,0.5634334087371826,2.129652976989746,1.2534829378128052,0.8211920529801324,0.8211920529801324,453,conditional_mlp_linear,20260923,False,all_queries_diagnostic,0.8999999761581421,000001.SZ,liquidity,unseen_q
20260511,0.5409179925918579,2.7939257621765137,2.1401121616363525,0.8542568542568543,0.8542568542568543,462,conditional_mlp_linear,20260923,False,all_queries_diagnostic,0.8999999761581421,000001.SZ,liquidity,unseen_q
20260512,0.5045713782310486,2.304877758026123,1.6196684837341309,0.8351488743645606,0.8351488743645606,459,conditional_mlp_linear,20260923,False,all_queries_diagnostic,0.8999999761581421,000001.SZ,liquidity,unseen_q
20260513,0.39737415313720703,1.8296277523040771,1.2935996055603027,0.8563918757467145,0.8563918757467145,465,conditional_mlp_linear,20260923,False,all_queries_diagnostic,0.8999999761581421,000001.SZ,liquidity,unseen_q
20260514,0.5303917527198792,2.4584553241729736,1.7470897436141968,0.8477633477633478,0.8477633477633478,462,conditional_mlp_linear,20260923,False,all_queries_diagnostic,0.8999999761581421,000001.SZ,liquidity,unseen_q
20260515,0.5023809671401978,2.4233713150024414,1.7732619047164917,0.859903381642512,0.859903381642512,460,conditional_mlp_linear,20260923,False,all_queries_diagnostic,0.8999999761581421,000001.SZ,liquidity,unseen_q
20260518,0.45028045773506165,2.572139024734497,2.089473009109497,0.8866264454499749,0.8866264454499749,442,conditional_mlp_linear,20260923,False,all_queries_diagnostic,0.8999999761581421,000001.SZ,liquidity,unseen_q
20260519,0.4653625190258026,2.720451593399048,2.2371582984924316,0.8869690424766019,0.8869690424766019,463,conditional_mlp_linear,20260923,False,all_queries_diagnostic,0.8999999761581421,000001.SZ,liquidity,unseen_q
20260520,0.4399392902851105,2.4129297733306885,1.9163142442703247,0.8852258852258852,0.8852258852258852,455,conditional_mlp_linear,20260923,False,all_queries_diagnostic,0.8999999761581421,000001.SZ,liquidity,unseen_q
20260521,0.4809892475605011,2.2311325073242188,1.5864423513412476,0.8556750298685782,0.8556750298685782,465,conditional_mlp_linear,20260923,False,all_queries_diagnostic,0.8999999761581421,000001.SZ,liquidity,unseen_q
20260522,0.45647236704826355,2.6200156211853027,2.1338388919830322,0.8785919540229885,0.8785919540229885,464,conditional_mlp_linear,20260923,False,all_queries_diagnostic,0.8999999761581421,000001.SZ,liquidity,unseen_q
20260525,0.4396839141845703,2.5399820804595947,2.075767993927002,0.8879248011569052,0.8879248011569052,461,conditional_mlp_linear,20260923,False,all_queries_diagnostic,0.8999999761581421,000001.SZ,liquidity,unseen_q
20260526,0.5009004473686218,2.6431190967559814,2.051647663116455,0.8680555555555556,0.8680555555555556,464,conditional_mlp_linear,20260923,False,all_queries_diagnostic,0.8999999761581421,000001.SZ,liquidity,unseen_q
20260528,0.41372543573379517,2.3579370975494385,1.9131078720092773,0.9013409961685824,0.9013409961685824,464,conditional_mlp_linear,20260923,False,all_queries_diagnostic,0.8999999761581421,000001.SZ,liquidity,unseen_q
20260529,0.5400770902633667,2.8503825664520264,2.2127857208251953,0.8652329749103942,0.8652329749103942,465,conditional_mlp_linear,20260923,False,all_queries_diagnostic,0.8999999761581421,000001.SZ,liquidity,unseen_q
20260506,0.5169342160224915,1.033868432044983,-0.01817278563976288,0.5070093457943925,0.5070093457943925,428,conditional_mlp_residual_linear,20260923,True,primary,0.5,000001.SZ,liquidity,unseen_q
20260507,0.6312828063964844,1.2625656127929688,-0.06656572222709656,0.4971387696709585,0.4971387696709585,466,conditional_mlp_residual_linear,20260923,True,primary,0.5,000001.SZ,liquidity,unseen_q
20260508,0.6326192021369934,1.2652384042739868,-0.11261223256587982,0.5187637969094923,0.5187637969094923,453,conditional_mlp_residual_linear,20260923,True,primary,0.5,000001.SZ,liquidity,unseen_q
20260511,0.683207631111145,1.36641526222229,-0.1167861595749855,0.48484848484848486,0.48484848484848486,462,conditional_mlp_residual_linear,20260923,True,primary,0.5,000001.SZ,liquidity,unseen_q
20260512,0.670874297618866,1.341748595237732,-0.0860903188586235,0.5083514887436456,0.5083514887436456,459,conditional_mlp_residual_linear,20260923,True,primary,0.5,000001.SZ,liquidity,unseen_q
20260513,0.5210250616073608,1.0420501232147217,-0.020577572286128998,0.582078853046595,0.582078853046595,465,conditional_mlp_residual_linear,20260923,True,primary,0.5,000001.SZ,liquidity,unseen_q
20260514,0.6526597142219543,1.3053194284439087,-0.01949707791209221,0.48412698412698413,0.48412698412698413,462,conditional_mlp_residual_linear,20260923,True,primary,0.5,000001.SZ,liquidity,unseen_q
20260515,0.6772486567497253,1.3544973134994507,-0.05259109288454056,0.5768115942028985,0.5768115942028985,460,conditional_mlp_residual_linear,20260923,True,primary,0.5,000001.SZ,liquidity,unseen_q
20260518,0.564232349395752,1.128464698791504,-0.10291195660829544,0.504524886877828,0.504524886877828,442,conditional_mlp_residual_linear,20260923,True,primary,0.5,000001.SZ,liquidity,unseen_q
20260519,0.6304784417152405,1.260956883430481,-0.07074104249477386,0.4780417566594672,0.4780417566594672,463,conditional_mlp_residual_linear,20260923,True,primary,0.5,000001.SZ,liquidity,unseen_q
20260520,0.595693051815033,1.191386103630066,-0.03816862776875496,0.528937728937729,0.528937728937729,455,conditional_mlp_residual_linear,20260923,True,primary,0.5,000001.SZ,liquidity,unseen_q
20260521,0.6169068813323975,1.233813762664795,-0.02033095993101597,0.5512544802867383,0.5512544802867383,465,conditional_mlp_residual_linear,20260923,True,primary,0.5,000001.SZ,liquidity,unseen_q
20260522,0.6368531584739685,1.273706316947937,-0.03430774435400963,0.5244252873563218,0.5244252873563218,464,conditional_mlp_residual_linear,20260923,True,primary,0.5,000001.SZ,liquidity,unseen_q
20260525,0.5602819323539734,1.1205638647079468,-0.008691571652889252,0.4996384671005061,0.4996384671005061,461,conditional_mlp_residual_linear,20260923,True,primary,0.5,000001.SZ,liquidity,unseen_q
20260526,0.7253234386444092,1.4506468772888184,-0.03060131147503853,0.5366379310344828,0.5366379310344828,464,conditional_mlp_residual_linear,20260923,True,primary,0.5,000001.SZ,liquidity,unseen_q
20260528,0.5780651569366455,1.156130313873291,-0.010890365578234196,0.5660919540229885,0.5660919540229885,464,conditional_mlp_residual_linear,20260923,True,primary,0.5,000001.SZ,liquidity,unseen_q
20260529,0.8434767127037048,1.6869534254074097,0.011934530921280384,0.5849462365591398,0.5849462365591398,465,conditional_mlp_residual_linear,20260923,True,primary,0.5,000001.SZ,liquidity,unseen_q
20260506,0.38203611969947815,2.0855937004089355,1.6519018411636353,0.9252336448598131,0.9252336448598131,428,conditional_mlp_residual_linear,20260923,True,primary,0.8999999761581421,000001.SZ,liquidity,unseen_q
20260507,0.42674359679222107,2.3667385578155518,1.8915642499923706,0.9198855507868384,0.9198855507868384,466,conditional_mlp_residual_linear,20260923,True,primary,0.8999999761581421,000001.SZ,liquidity,unseen_q
20260508,0.4956427216529846,2.0927376747131348,1.3768154382705688,0.8925680647534951,0.8925680647534951,453,conditional_mlp_residual_linear,20260923,True,primary,0.8999999761581421,000001.SZ,liquidity,unseen_q
20260511,0.4807572662830353,2.816643238067627,2.318911075592041,0.9033189033189033,0.9033189033189033,462,conditional_mlp_residual_linear,20260923,True,primary,0.8999999761581421,000001.SZ,liquidity,unseen_q
20260512,0.4673055112361908,2.33471941947937,1.7501357793807983,0.9012345679012346,0.9012345679012346,459,conditional_mlp_residual_linear,20260923,True,primary,0.8999999761581421,000001.SZ,liquidity,unseen_q
20260513,0.3634699881076813,1.7832527160644531,1.3203911781311035,0.9017921146953405,0.9017921146953405,465,conditional_mlp_residual_linear,20260923,True,primary,0.8999999761581421,000001.SZ,liquidity,unseen_q
20260514,0.4468579590320587,2.4797418117523193,1.9825326204299927,0.9134199134199135,0.9134199134199135,462,conditional_mlp_residual_linear,20260923,True,primary,0.8999999761581421,000001.SZ,liquidity,unseen_q
20260515,0.46564072370529175,2.2578306198120117,1.658186435699463,0.8666666666666667,0.8666666666666667,460,conditional_mlp_residual_linear,20260923,True,primary,0.8999999761581421,000001.SZ,liquidity,unseen_q
20260518,0.40987324714660645,2.433593273162842,2.017308473587036,0.9291101055806938,0.9291101055806938,442,conditional_mlp_residual_linear,20260923,True,primary,0.8999999761581421,000001.SZ,liquidity,unseen_q
20260519,0.43995600938796997,2.635744094848633,2.1947901248931885,0.9172066234701224,0.9172066234701224,463,conditional_mlp_residual_linear,20260923,True,primary,0.8999999761581421,000001.SZ,liquidity,unseen_q
20260520,0.41247105598449707,2.342703104019165,1.897201418876648,0.9120879120879121,0.9120879120879121,455,conditional_mlp_residual_linear,20260923,True,primary,0.8999999761581421,000001.SZ,liquidity,unseen_q
20260521,0.41782239079475403,1.9623401165008545,1.4083691835403442,0.8845878136200717,0.8845878136200717,465,conditional_mlp_residual_linear,20260923,True,primary,0.8999999761581421,000001.SZ,liquidity,unseen_q
20260522,0.42442429065704346,2.437018394470215,1.9852120876312256,0.9181034482758621,0.9181034482758621,464,conditional_mlp_residual_linear,20260923,True,primary,0.8999999761581421,000001.SZ,liquidity,unseen_q
20260525,0.3935733437538147,2.4790148735046387,2.114835023880005,0.9334779464931309,0.9334779464931309,461,conditional_mlp_residual_linear,20260923,True,primary,0.8999999761581421,000001.SZ,liquidity,unseen_q
20260526,0.49248209595680237,2.5758135318756104,1.988561987876892,0.896551724137931,0.896551724137931,464,conditional_mlp_residual_linear,20260923,True,primary,0.8999999761581421,000001.SZ,liquidity,unseen_q
20260528,0.3945651948451996,2.1627931594848633,1.717078447341919,0.9116379310344828,0.9116379310344828,464,conditional_mlp_residual_linear,20260923,True,primary,0.8999999761581421,000001.SZ,liquidity,unseen_q
20260529,0.550022304058075,2.725695848464966,2.032064437866211,0.8788530465949821,0.8788530465949821,465,conditional_mlp_residual_linear,20260923,True,primary,0.8999999761581421,000001.SZ,liquidity,unseen_q
20260506,0.48417699337005615,0.9683539867401123,-0.014901834540069103,0.48883696780893043,0.48883696780893043,428,conditional_mlp_residual_linear,20260923,True,all_queries_diagnostic,0.5,000001.SZ,liquidity,unseen_q
20260507,0.6234495639801025,1.246899127960205,-0.07759872823953629,0.4933237958989032,0.4933237958989032,466,conditional_mlp_residual_linear,20260923,True,all_queries_diagnostic,0.5,000001.SZ,liquidity,unseen_q
20260508,0.6022059917449951,1.2044119834899902,-0.08340686559677124,0.519009075300466,0.519009075300466,453,conditional_mlp_residual_linear,20260923,True,all_queries_diagnostic,0.5,000001.SZ,liquidity,unseen_q
20260511,0.6492288708686829,1.2984577417373657,-0.11191694438457489,0.5026455026455027,0.5026455026455027,462,conditional_mlp_residual_linear,20260923,True,all_queries_diagnostic,0.5,000001.SZ,liquidity,unseen_q
20260512,0.6204321980476379,1.2408643960952759,-0.0758294090628624,0.49697409828128786,0.49697409828128786,459,conditional_mlp_residual_linear,20260923,True,all_queries_diagnostic,0.5,000001.SZ,liquidity,unseen_q
20260513,0.47225895524024963,0.9445179104804993,-0.031030885875225067,0.5373954599761052,0.5373954599761052,465,conditional_mlp_residual_linear,20260923,True,all_queries_diagnostic,0.5,000001.SZ,liquidity,unseen_q
20260514,0.6457445025444031,1.2914890050888062,-0.03181517496705055,0.47763347763347763,0.47763347763347763,462,conditional_mlp_residual_linear,20260923,True,all_queries_diagnostic,0.5,000001.SZ,liquidity,unseen_q
20260515,0.6575405597686768,1.3150811195373535,-0.06780621409416199,0.5603864734299516,0.5603864734299516,460,conditional_mlp_residual_linear,20260923,True,all_queries_diagnostic,0.5,000001.SZ,liquidity,unseen_q
20260518,0.5498812794685364,1.0997625589370728,-0.07901769876480103,0.5175967823026646,0.5175967823026646,442,conditional_mlp_residual_linear,20260923,True,all_queries_diagnostic,0.5,000001.SZ,liquidity,unseen_q
20260519,0.6274480223655701,1.2548960447311401,-0.0706397294998169,0.47972162227021836,0.47972162227021836,463,conditional_mlp_residual_linear,20260923,True,all_queries_diagnostic,0.5,000001.SZ,liquidity,unseen_q
20260520,0.585868239402771,1.171736478805542,-0.03060579113662243,0.526984126984127,0.526984126984127,455,conditional_mlp_residual_linear,20260923,True,all_queries_diagnostic,0.5,000001.SZ,liquidity,unseen_q
20260521,0.6201687455177307,1.2403374910354614,0.004918989259749651,0.5302270011947431,0.5302270011947431,465,conditional_mlp_residual_linear,20260923,True,all_queries_diagnostic,0.5,000001.SZ,liquidity,unseen_q
20260522,0.6346660852432251,1.2693321704864502,-0.04778506979346275,0.5162835249042146,0.5162835249042146,464,conditional_mlp_residual_linear,20260923,True,all_queries_diagnostic,0.5,000001.SZ,liquidity,unseen_q
20260525,0.5484053492546082,1.0968106985092163,-0.015792207792401314,0.5010845986984815,0.5010845986984815,461,conditional_mlp_residual_linear,20260923,True,all_queries_diagnostic,0.5,000001.SZ,liquidity,unseen_q
20260526,0.6972938776016235,1.394587755203247,-0.028281811624765396,0.5344827586206896,0.5344827586206896,464,conditional_mlp_residual_linear,20260923,True,all_queries_diagnostic,0.5,000001.SZ,liquidity,unseen_q
20260528,0.5459708571434021,1.0919417142868042,-0.01862148754298687,0.5287356321839081,0.5287356321839081,464,conditional_mlp_residual_linear,20260923,True,all_queries_diagnostic,0.5,000001.SZ,liquidity,unseen_q
20260529,0.7975730299949646,1.5951460599899292,0.03380875661969185,0.5749103942652329,0.5749103942652329,465,conditional_mlp_residual_linear,20260923,True,all_queries_diagnostic,0.5,000001.SZ,liquidity,unseen_q
20260506,0.36939966678619385,2.0697038173675537,1.6636306047439575,0.9231568016614745,0.9231568016614745,428,conditional_mlp_residual_linear,20260923,True,all_queries_diagnostic,0.8999999761581421,000001.SZ,liquidity,unseen_q
20260507,0.43612557649612427,2.3831865787506104,1.8886693716049194,0.910824988078207,0.910824988078207,466,conditional_mlp_residual_linear,20260923,True,all_queries_diagnostic,0.8999999761581421,000001.SZ,liquidity,unseen_q
20260508,0.4729274809360504,2.0763938426971436,1.4131736755371094,0.9006622516556292,0.9006622516556292,453,conditional_mlp_residual_linear,20260923,True,all_queries_diagnostic,0.8999999761581421,000001.SZ,liquidity,unseen_q
20260511,0.47437477111816406,2.8155105113983154,2.333451509475708,0.9069264069264069,0.9069264069264069,462,conditional_mlp_residual_linear,20260923,True,all_queries_diagnostic,0.8999999761581421,000001.SZ,liquidity,unseen_q
20260512,0.4392285645008087,2.293626070022583,1.7689613103866577,0.9014766400387315,0.9014766400387315,459,conditional_mlp_residual_linear,20260923,True,all_queries_diagnostic,0.8999999761581421,000001.SZ,liquidity,unseen_q
20260513,0.3463191092014313,1.746402382850647,1.3172051906585693,0.9130227001194743,0.9130227001194743,465,conditional_mlp_residual_linear,20260923,True,all_queries_diagnostic,0.8999999761581421,000001.SZ,liquidity,unseen_q
20260514,0.44858285784721375,2.479841709136963,1.9783449172973633,0.9119769119769119,0.9119769119769119,462,conditional_mlp_residual_linear,20260923,True,all_queries_diagnostic,0.8999999761581421,000001.SZ,liquidity,unseen_q
20260515,0.46531644463539124,2.251582384109497,1.6511869430541992,0.8734299516908213,0.8734299516908213,460,conditional_mlp_residual_linear,20260923,True,all_queries_diagnostic,0.8999999761581421,000001.SZ,liquidity,unseen_q
20260518,0.4143199622631073,2.470160961151123,2.051901340484619,0.9308697838109603,0.9308697838109603,442,conditional_mlp_residual_linear,20260923,True,all_queries_diagnostic,0.8999999761581421,000001.SZ,liquidity,unseen_q
20260519,0.4439755082130432,2.6513595581054688,2.20426082611084,0.9126469882409407,0.9126469882409407,463,conditional_mlp_residual_linear,20260923,True,all_queries_diagnostic,0.8999999761581421,000001.SZ,liquidity,unseen_q
20260520,0.41387975215911865,2.3582894802093506,1.913162350654602,0.9140415140415141,0.9140415140415141,455,conditional_mlp_residual_linear,20260923,True,all_queries_diagnostic,0.8999999761581421,000001.SZ,liquidity,unseen_q
20260521,0.427619993686676,2.0078489780426025,1.4407613277435303,0.8876941457586619,0.8876941457586619,465,conditional_mlp_residual_linear,20260923,True,all_queries_diagnostic,0.8999999761581421,000001.SZ,liquidity,unseen_q
20260522,0.42539316415786743,2.434962272644043,1.980220079421997,0.9042145593869731,0.9042145593869731,464,conditional_mlp_residual_linear,20260923,True,all_queries_diagnostic,0.8999999761581421,000001.SZ,liquidity,unseen_q
20260525,0.3959830105304718,2.4855003356933594,2.1169180870056152,0.9322728368281513,0.9322728368281513,461,conditional_mlp_residual_linear,20260923,True,all_queries_diagnostic,0.8999999761581421,000001.SZ,liquidity,unseen_q
20260526,0.4805997312068939,2.5611002445220947,1.9998761415481567,0.9008620689655172,0.9008620689655172,464,conditional_mlp_residual_linear,20260923,True,all_queries_diagnostic,0.8999999761581421,000001.SZ,liquidity,unseen_q
20260528,0.38527923822402954,2.145012855529785,1.718068242073059,0.9183429118773946,0.9183429118773946,464,conditional_mlp_residual_linear,20260923,True,all_queries_diagnostic,0.8999999761581421,000001.SZ,liquidity,unseen_q
20260529,0.5245546698570251,2.6993515491485596,2.062803030014038,0.8888888888888888,0.8888888888888888,465,conditional_mlp_residual_linear,20260923,True,all_queries_diagnostic,0.8999999761581421,000001.SZ,liquidity,unseen_q
20260506,0.5170014500617981,1.0340029001235962,-0.018028009682893753,0.5085669781931464,0.5085669781931464,428,conditional_mlp_residual_linear,20260923,False,primary,0.5,000001.SZ,liquidity,unseen_q
20260507,0.6313249468803406,1.2626498937606812,-0.06647059321403503,0.4971387696709585,0.4971387696709585,466,conditional_mlp_residual_linear,20260923,False,primary,0.5,000001.SZ,liquidity,unseen_q
20260508,0.6326233148574829,1.2652466297149658,-0.11262492090463638,0.5187637969094923,0.5187637969094923,453,conditional_mlp_residual_linear,20260923,False,primary,0.5,000001.SZ,liquidity,unseen_q
20260511,0.683207631111145,1.36641526222229,-0.1167861595749855,0.48484848484848486,0.48484848484848486,462,conditional_mlp_residual_linear,20260923,False,primary,0.5,000001.SZ,liquidity,unseen_q
20260512,0.6708942651748657,1.3417885303497314,-0.08598773926496506,0.5083514887436456,0.5083514887436456,459,conditional_mlp_residual_linear,20260923,False,primary,0.5,000001.SZ,liquidity,unseen_q
20260513,0.5210444331169128,1.0420888662338257,-0.02053738199174404,0.582078853046595,0.582078853046595,465,conditional_mlp_residual_linear,20260923,False,primary,0.5,000001.SZ,liquidity,unseen_q
20260514,0.6526578664779663,1.3053157329559326,-0.019493376836180687,0.48412698412698413,0.48412698412698413,462,conditional_mlp_residual_linear,20260923,False,primary,0.5,000001.SZ,liquidity,unseen_q
20260515,0.6773714423179626,1.3547428846359253,-0.05319715663790703,0.5695652173913044,0.5695652173913044,460,conditional_mlp_residual_linear,20260923,False,primary,0.5,000001.SZ,liquidity,unseen_q
20260518,0.564232349395752,1.128464698791504,-0.10291195660829544,0.504524886877828,0.504524886877828,442,conditional_mlp_residual_linear,20260923,False,primary,0.5,000001.SZ,liquidity,unseen_q
20260519,0.6304851174354553,1.2609702348709106,-0.07071983814239502,0.4780417566594672,0.4780417566594672,463,conditional_mlp_residual_linear,20260923,False,primary,0.5,000001.SZ,liquidity,unseen_q
20260520,0.5957009792327881,1.1914019584655762,-0.03815634548664093,0.528937728937729,0.528937728937729,455,conditional_mlp_residual_linear,20260923,False,primary,0.5,000001.SZ,liquidity,unseen_q
20260521,0.6168990731239319,1.2337981462478638,-0.020297318696975708,0.5512544802867383,0.5512544802867383,465,conditional_mlp_residual_linear,20260923,False,primary,0.5,000001.SZ,liquidity,unseen_q
20260522,0.6368699669837952,1.2737399339675903,-0.034156735986471176,0.5251436781609196,0.5251436781609196,464,conditional_mlp_residual_linear,20260923,False,primary,0.5,000001.SZ,liquidity,unseen_q
20260525,0.560283362865448,1.120566725730896,-0.008688793517649174,0.4996384671005061,0.4996384671005061,461,conditional_mlp_residual_linear,20260923,False,primary,0.5,000001.SZ,liquidity,unseen_q
20260526,0.7253417372703552,1.4506834745407104,-0.030564647167921066,0.5366379310344828,0.5366379310344828,464,conditional_mlp_residual_linear,20260923,False,primary,0.5,000001.SZ,liquidity,unseen_q
20260528,0.5780864357948303,1.1561728715896606,-0.010847725905478,0.5660919540229885,0.5660919540229885,464,conditional_mlp_residual_linear,20260923,False,primary,0.5,000001.SZ,liquidity,unseen_q
20260529,0.8434889912605286,1.6869779825210571,0.01197014283388853,0.5849462365591398,0.5849462365591398,465,conditional_mlp_residual_linear,20260923,False,primary,0.5,000001.SZ,liquidity,unseen_q
20260506,0.38203611969947815,2.0855937004089355,1.6519018411636353,0.9252336448598131,0.9252336448598131,428,conditional_mlp_residual_linear,20260923,False,primary,0.8999999761581421,000001.SZ,liquidity,unseen_q
20260507,0.42674359679222107,2.3667385578155518,1.8915642499923706,0.9198855507868384,0.9198855507868384,466,conditional_mlp_residual_linear,20260923,False,primary,0.8999999761581421,000001.SZ,liquidity,unseen_q
20260508,0.4956427216529846,2.0927376747131348,1.3768154382705688,0.8925680647534951,0.8925680647534951,453,conditional_mlp_residual_linear,20260923,False,primary,0.8999999761581421,000001.SZ,liquidity,unseen_q
20260511,0.4807572662830353,2.816643238067627,2.318911075592041,0.9033189033189033,0.9033189033189033,462,conditional_mlp_residual_linear,20260923,False,primary,0.8999999761581421,000001.SZ,liquidity,unseen_q
20260512,0.4673055112361908,2.33471941947937,1.7501357793807983,0.9012345679012346,0.9012345679012346,459,conditional_mlp_residual_linear,20260923,False,primary,0.8999999761581421,000001.SZ,liquidity,unseen_q
20260513,0.3634740114212036,1.7832930088043213,1.3204312324523926,0.9017921146953405,0.9017921146953405,465,conditional_mlp_residual_linear,20260923,False,primary,0.8999999761581421,000001.SZ,liquidity,unseen_q
20260514,0.4468579590320587,2.4797418117523193,1.9825326204299927,0.9134199134199135,0.9134199134199135,462,conditional_mlp_residual_linear,20260923,False,primary,0.8999999761581421,000001.SZ,liquidity,unseen_q
20260515,0.4653082489967346,2.257829427719116,1.6590162515640259,0.8760869565217392,0.8760869565217392,460,conditional_mlp_residual_linear,20260923,False,primary,0.8999999761581421,000001.SZ,liquidity,unseen_q
20260518,0.40987324714660645,2.433593273162842,2.017308473587036,0.9291101055806938,0.9291101055806938,442,conditional_mlp_residual_linear,20260923,False,primary,0.8999999761581421,000001.SZ,liquidity,unseen_q
20260519,0.43995600938796997,2.635744094848633,2.1947901248931885,0.9172066234701224,0.9172066234701224,463,conditional_mlp_residual_linear,20260923,False,primary,0.8999999761581421,000001.SZ,liquidity,unseen_q
20260520,0.41247013211250305,2.342694044113159,1.8971922397613525,0.9120879120879121,0.9120879120879121,455,conditional_mlp_residual_linear,20260923,False,primary,0.8999999761581421,000001.SZ,liquidity,unseen_q
20260521,0.41782239079475403,1.9623401165008545,1.4083691835403442,0.8845878136200717,0.8845878136200717,465,conditional_mlp_residual_linear,20260923,False,primary,0.8999999761581421,000001.SZ,liquidity,unseen_q
20260522,0.4244250953197479,2.437026262283325,1.9852200746536255,0.9181034482758621,0.9181034482758621,464,conditional_mlp_residual_linear,20260923,False,primary,0.8999999761581421,000001.SZ,liquidity,unseen_q
20260525,0.3935733437538147,2.4790148735046387,2.114835023880005,0.9334779464931309,0.9334779464931309,461,conditional_mlp_residual_linear,20260923,False,primary,0.8999999761581421,000001.SZ,liquidity,unseen_q
20260526,0.49248209595680237,2.5758135318756104,1.988561987876892,0.896551724137931,0.896551724137931,464,conditional_mlp_residual_linear,20260923,False,primary,0.8999999761581421,000001.SZ,liquidity,unseen_q
20260528,0.3945651948451996,2.1627931594848633,1.717078447341919,0.9116379310344828,0.9116379310344828,464,conditional_mlp_residual_linear,20260923,False,primary,0.8999999761581421,000001.SZ,liquidity,unseen_q
20260529,0.5500230193138123,2.725703239440918,2.032071590423584,0.8788530465949821,0.8788530465949821,465,conditional_mlp_residual_linear,20260923,False,primary,0.8999999761581421,000001.SZ,liquidity,unseen_q
20260506,0.48417699337005615,0.9683539867401123,-0.014901834540069103,0.48883696780893043,0.48883696780893043,428,conditional_mlp_residual_linear,20260923,False,all_queries_diagnostic,0.5,000001.SZ,liquidity,unseen_q
20260507,0.6234477162361145,1.246895432472229,-0.07759872823953629,0.4933237958989032,0.4933237958989032,466,conditional_mlp_residual_linear,20260923,False,all_queries_diagnostic,0.5,000001.SZ,liquidity,unseen_q
20260508,0.6021916270256042,1.2043832540512085,-0.08340686559677124,0.519009075300466,0.519009075300466,453,conditional_mlp_residual_linear,20260923,False,all_queries_diagnostic,0.5,000001.SZ,liquidity,unseen_q
20260511,0.6492288708686829,1.2984577417373657,-0.11191694438457489,0.5026455026455027,0.5026455026455027,462,conditional_mlp_residual_linear,20260923,False,all_queries_diagnostic,0.5,000001.SZ,liquidity,unseen_q
20260512,0.6204217672348022,1.2408435344696045,-0.0758294090628624,0.49697409828128786,0.49697409828128786,459,conditional_mlp_residual_linear,20260923,False,all_queries_diagnostic,0.5,000001.SZ,liquidity,unseen_q
20260513,0.47223255038261414,0.9444651007652283,-0.03109329380095005,0.5369175627240144,0.5369175627240144,465,conditional_mlp_residual_linear,20260923,False,all_queries_diagnostic,0.5,000001.SZ,liquidity,unseen_q
20260514,0.6457445025444031,1.2914890050888062,-0.03181517496705055,0.47763347763347763,0.47763347763347763,462,conditional_mlp_residual_linear,20260923,False,all_queries_diagnostic,0.5,000001.SZ,liquidity,unseen_q
20260515,0.6575576066970825,1.315115213394165,-0.0686149075627327,0.55,0.55,460,conditional_mlp_residual_linear,20260923,False,all_queries_diagnostic,0.5,000001.SZ,liquidity,unseen_q
20260518,0.5498812794685364,1.0997625589370728,-0.07901769876480103,0.5175967823026646,0.5175967823026646,442,conditional_mlp_residual_linear,20260923,False,all_queries_diagnostic,0.5,000001.SZ,liquidity,unseen_q
20260519,0.6274459958076477,1.2548919916152954,-0.0706397294998169,0.47972162227021836,0.47972162227021836,463,conditional_mlp_residual_linear,20260923,False,all_queries_diagnostic,0.5,000001.SZ,liquidity,unseen_q
20260520,0.585868239402771,1.171736478805542,-0.03060579113662243,0.526984126984127,0.526984126984127,455,conditional_mlp_residual_linear,20260923,False,all_queries_diagnostic,0.5,000001.SZ,liquidity,unseen_q
20260521,0.6201687455177307,1.2403374910354614,0.004918989259749651,0.5302270011947431,0.5302270011947431,465,conditional_mlp_residual_linear,20260923,False,all_queries_diagnostic,0.5,000001.SZ,liquidity,unseen_q
20260522,0.6346660852432251,1.2693321704864502,-0.04778506979346275,0.5162835249042146,0.5162835249042146,464,conditional_mlp_residual_linear,20260923,False,all_queries_diagnostic,0.5,000001.SZ,liquidity,unseen_q
20260525,0.5484053492546082,1.0968106985092163,-0.015792207792401314,0.5010845986984815,0.5010845986984815,461,conditional_mlp_residual_linear,20260923,False,all_queries_diagnostic,0.5,000001.SZ,liquidity,unseen_q
20260526,0.6972938776016235,1.394587755203247,-0.028281811624765396,0.5344827586206896,0.5344827586206896,464,conditional_mlp_residual_linear,20260923,False,all_queries_diagnostic,0.5,000001.SZ,liquidity,unseen_q
20260528,0.5459708571434021,1.0919417142868042,-0.01862148754298687,0.5287356321839081,0.5287356321839081,464,conditional_mlp_residual_linear,20260923,False,all_queries_diagnostic,0.5,000001.SZ,liquidity,unseen_q
20260529,0.7975715398788452,1.5951430797576904,0.03380875661969185,0.5749103942652329,0.5749103942652329,465,conditional_mlp_residual_linear,20260923,False,all_queries_diagnostic,0.5,000001.SZ,liquidity,unseen_q
20260506,0.36939966678619385,2.0697038173675537,1.6636306047439575,0.9231568016614745,0.9231568016614745,428,conditional_mlp_residual_linear,20260923,False,all_queries_diagnostic,0.8999999761581421,000001.SZ,liquidity,unseen_q
20260507,0.43612557649612427,2.3831865787506104,1.8886693716049194,0.910824988078207,0.910824988078207,466,conditional_mlp_residual_linear,20260923,False,all_queries_diagnostic,0.8999999761581421,000001.SZ,liquidity,unseen_q
20260508,0.4729274809360504,2.0763938426971436,1.4131736755371094,0.9006622516556292,0.9006622516556292,453,conditional_mlp_residual_linear,20260923,False,all_queries_diagnostic,0.8999999761581421,000001.SZ,liquidity,unseen_q
20260511,0.47437477111816406,2.8155105113983154,2.333451509475708,0.9069264069264069,0.9069264069264069,462,conditional_mlp_residual_linear,20260923,False,all_queries_diagnostic,0.8999999761581421,000001.SZ,liquidity,unseen_q
20260512,0.4392285645008087,2.293626070022583,1.7689613103866577,0.9014766400387315,0.9014766400387315,459,conditional_mlp_residual_linear,20260923,False,all_queries_diagnostic,0.8999999761581421,000001.SZ,liquidity,unseen_q
20260513,0.34632056951522827,1.7464550733566284,1.3172675371170044,0.9135005973715651,0.9135005973715651,465,conditional_mlp_residual_linear,20260923,False,all_queries_diagnostic,0.8999999761581421,000001.SZ,liquidity,unseen_q
20260514,0.44858285784721375,2.479841709136963,1.9783449172973633,0.9119769119769119,0.9119769119769119,462,conditional_mlp_residual_linear,20260923,False,all_queries_diagnostic,0.8999999761581421,000001.SZ,liquidity,unseen_q
20260515,0.4649590849876404,2.2515146732330322,1.6519956588745117,0.883816425120773,0.883816425120773,460,conditional_mlp_residual_linear,20260923,False,all_queries_diagnostic,0.8999999761581421,000001.SZ,liquidity,unseen_q
20260518,0.4143199622631073,2.470160961151123,2.051901340484619,0.9308697838109603,0.9308697838109603,442,conditional_mlp_residual_linear,20260923,False,all_queries_diagnostic,0.8999999761581421,000001.SZ,liquidity,unseen_q
20260519,0.4439755082130432,2.6513595581054688,2.20426082611084,0.9126469882409407,0.9126469882409407,463,conditional_mlp_residual_linear,20260923,False,all_queries_diagnostic,0.8999999761581421,000001.SZ,liquidity,unseen_q
20260520,0.41387975215911865,2.3582894802093506,1.913162350654602,0.9140415140415141,0.9140415140415141,455,conditional_mlp_residual_linear,20260923,False,all_queries_diagnostic,0.8999999761581421,000001.SZ,liquidity,unseen_q
20260521,0.427619993686676,2.0078489780426025,1.4407613277435303,0.8876941457586619,0.8876941457586619,465,conditional_mlp_residual_linear,20260923,False,all_queries_diagnostic,0.8999999761581421,000001.SZ,liquidity,unseen_q
20260522,0.42539316415786743,2.434962272644043,1.980220079421997,0.9042145593869731,0.9042145593869731,464,conditional_mlp_residual_linear,20260923,False,all_queries_diagnostic,0.8999999761581421,000001.SZ,liquidity,unseen_q
20260525,0.3959830105304718,2.4855003356933594,2.1169180870056152,0.9322728368281513,0.9322728368281513,461,conditional_mlp_residual_linear,20260923,False,all_queries_diagnostic,0.8999999761581421,000001.SZ,liquidity,unseen_q
20260526,0.4805997312068939,2.5611002445220947,1.9998761415481567,0.9008620689655172,0.9008620689655172,464,conditional_mlp_residual_linear,20260923,False,all_queries_diagnostic,0.8999999761581421,000001.SZ,liquidity,unseen_q
20260528,0.38527923822402954,2.145012855529785,1.718068242073059,0.9183429118773946,0.9183429118773946,464,conditional_mlp_residual_linear,20260923,False,all_queries_diagnostic,0.8999999761581421,000001.SZ,liquidity,unseen_q
20260529,0.5245546698570251,2.6993515491485596,2.062803030014038,0.8888888888888888,0.8888888888888888,465,conditional_mlp_residual_linear,20260923,False,all_queries_diagnostic,0.8999999761581421,000001.SZ,liquidity,unseen_q
20260506,1.0118043422698975,2.023608684539795,0.27971845865249634,0.5638629283489097,0.5638629283489097,428,deeponet_linear,20260921,True,primary,0.5,000001.SZ,liquidity,unseen_q
20260507,1.0436033010482788,2.0872066020965576,-0.5917967557907104,0.4334763948497854,0.4334763948497854,466,deeponet_linear,20260921,True,primary,0.5,000001.SZ,liquidity,unseen_q
20260508,1.0338890552520752,2.0677781105041504,-0.6799032092094421,0.4105960264900662,0.4105960264900662,453,deeponet_linear,20260921,True,primary,0.5,000001.SZ,liquidity,unseen_q
20260511,1.1463098526000977,2.2926197052001953,-0.7772608995437622,0.36796536796536794,0.36796536796536794,462,deeponet_linear,20260921,True,primary,0.5,000001.SZ,liquidity,unseen_q
20260512,1.1796133518218994,2.359226703643799,-0.5935474038124084,0.45098039215686275,0.45098039215686275,459,deeponet_linear,20260921,True,primary,0.5,000001.SZ,liquidity,unseen_q
20260513,0.8309194445610046,1.6618388891220093,-0.10868976265192032,0.5232974910394265,0.5232974910394265,465,deeponet_linear,20260921,True,primary,0.5,000001.SZ,liquidity,unseen_q
20260514,1.1229686737060547,2.2459373474121094,-0.7852845788002014,0.4069264069264069,0.4069264069264069,462,deeponet_linear,20260921,True,primary,0.5,000001.SZ,liquidity,unseen_q
20260515,1.0437288284301758,2.0874576568603516,0.2411394566297531,0.6043478260869565,0.6043478260869565,460,deeponet_linear,20260921,True,primary,0.5,000001.SZ,liquidity,unseen_q
20260518,0.9659572243690491,1.9319144487380981,-0.015331107191741467,0.5113122171945701,0.5113122171945701,442,deeponet_linear,20260921,True,primary,0.5,000001.SZ,liquidity,unseen_q
20260519,0.880527138710022,1.761054277420044,-0.01010611467063427,0.5212383009359252,0.5212383009359252,463,deeponet_linear,20260921,True,primary,0.5,000001.SZ,liquidity,unseen_q
20260520,0.8411998152732849,1.6823996305465698,-0.08904560655355453,0.5340659340659341,0.5340659340659341,455,deeponet_linear,20260921,True,primary,0.5,000001.SZ,liquidity,unseen_q
20260521,0.9969532489776611,1.9939064979553223,0.36062851548194885,0.6258064516129033,0.6258064516129033,465,deeponet_linear,20260921,True,primary,0.5,000001.SZ,liquidity,unseen_q
20260522,0.995919942855835,1.99183988571167,0.3732277750968933,0.5919540229885057,0.5919540229885057,464,deeponet_linear,20260921,True,primary,0.5,000001.SZ,liquidity,unseen_q
20260525,0.9831868410110474,1.9663736820220947,-0.20434732735157013,0.4844540853217643,0.4844540853217643,461,deeponet_linear,20260921,True,primary,0.5,000001.SZ,liquidity,unseen_q
20260526,1.040686011314392,2.081372022628784,0.058057378977537155,0.5237068965517241,0.5237068965517241,464,deeponet_linear,20260921,True,primary,0.5,000001.SZ,liquidity,unseen_q
20260528,0.9843569397926331,1.9687138795852661,0.5509212613105774,0.6487068965517241,0.6487068965517241,464,deeponet_linear,20260921,True,primary,0.5,000001.SZ,liquidity,unseen_q
20260529,1.168694257736206,2.337388515472412,0.37603074312210083,0.5935483870967742,0.5935483870967742,465,deeponet_linear,20260921,True,primary,0.5,000001.SZ,liquidity,unseen_q
20260506,0.5825875401496887,2.972353458404541,2.2589731216430664,0.7679127725856698,0.7679127725856698,428,deeponet_linear,20260921,True,primary,0.8999999761581421,000001.SZ,liquidity,unseen_q
20260507,0.6486141085624695,2.622312307357788,1.6563550233840942,0.7339055793991416,0.7339055793991416,466,deeponet_linear,20260921,True,primary,0.8999999761581421,000001.SZ,liquidity,unseen_q
20260508,0.7444397807121277,2.409579277038574,1.1508747339248657,0.6438557763061075,0.6438557763061075,453,deeponet_linear,20260921,True,primary,0.8999999761581421,000001.SZ,liquidity,unseen_q
20260511,0.7303473353385925,2.8743703365325928,1.7670947313308716,0.7135642135642136,0.7135642135642136,462,deeponet_linear,20260921,True,primary,0.8999999761581421,000001.SZ,liquidity,unseen_q
20260512,0.7002285718917847,2.4999425411224365,1.374356985092163,0.6957153231663035,0.6957153231663035,459,deeponet_linear,20260921,True,primary,0.8999999761581421,000001.SZ,liquidity,unseen_q
20260513,0.5180537104606628,2.1600852012634277,1.4049720764160156,0.7232974910394265,0.7232974910394265,465,deeponet_linear,20260921,True,primary,0.8999999761581421,000001.SZ,liquidity,unseen_q
20260514,0.7301652431488037,2.5820648670196533,1.4021679162979126,0.6926406926406926,0.6926406926406926,462,deeponet_linear,20260921,True,primary,0.8999999761581421,000001.SZ,liquidity,unseen_q
20260515,0.5805538892745972,2.9663829803466797,2.256593942642212,0.8159420289855072,0.8159420289855072,460,deeponet_linear,20260921,True,primary,0.8999999761581421,000001.SZ,liquidity,unseen_q
20260518,0.5344071388244629,2.970196008682251,2.37672758102417,0.7941176470588235,0.7941176470588235,442,deeponet_linear,20260921,True,primary,0.8999999761581421,000001.SZ,liquidity,unseen_q
20260519,0.5284686088562012,3.172489643096924,2.6444406509399414,0.8322534197264219,0.8322534197264219,463,deeponet_linear,20260921,True,primary,0.8999999761581421,000001.SZ,liquidity,unseen_q
20260520,0.4995783865451813,2.7605273723602295,2.2017133235931396,0.8175824175824176,0.8175824175824176,455,deeponet_linear,20260921,True,primary,0.8999999761581421,000001.SZ,liquidity,unseen_q
20260521,0.5580033659934998,2.9094629287719727,2.2418205738067627,0.8035842293906811,0.8035842293906811,465,deeponet_linear,20260921,True,primary,0.8999999761581421,000001.SZ,liquidity,unseen_q
20260522,0.5199630856513977,3.2711644172668457,2.789047956466675,0.8362068965517241,0.8362068965517241,464,deeponet_linear,20260921,True,primary,0.8999999761581421,000001.SZ,liquidity,unseen_q
20260525,0.5353846549987793,2.7321701049804688,2.0767509937286377,0.777295733911786,0.777295733911786,461,deeponet_linear,20260921,True,primary,0.8999999761581421,000001.SZ,liquidity,unseen_q
20260526,0.5598436594009399,2.957371234893799,2.297105312347412,0.7952586206896551,0.7952586206896551,464,deeponet_linear,20260921,True,primary,0.8999999761581421,000001.SZ,liquidity,unseen_q
20260528,0.4861847162246704,2.991264820098877,2.5236196517944336,0.8599137931034483,0.8599137931034483,464,deeponet_linear,20260921,True,primary,0.8999999761581421,000001.SZ,liquidity,unseen_q
20260529,0.573456883430481,3.418057441711426,2.8389296531677246,0.821505376344086,0.821505376344086,465,deeponet_linear,20260921,True,primary,0.8999999761581421,000001.SZ,liquidity,unseen_q
20260506,0.6410514712333679,1.2821029424667358,0.06853020191192627,0.4800103842159917,0.4800103842159917,428,deeponet_linear,20260921,True,all_queries_diagnostic,0.5,000001.SZ,liquidity,unseen_q
20260507,0.7471058368682861,1.4942116737365723,-0.28204190731048584,0.4320457796852647,0.4320457796852647,466,deeponet_linear,20260921,True,all_queries_diagnostic,0.5,000001.SZ,liquidity,unseen_q
20260508,0.7287737727165222,1.4575475454330444,-0.32910630106925964,0.4167279862644101,0.4167279862644101,453,deeponet_linear,20260921,True,all_queries_diagnostic,0.5,000001.SZ,liquidity,unseen_q
20260511,0.7855510711669922,1.5711021423339844,-0.38101431727409363,0.4247234247234247,0.4247234247234247,462,deeponet_linear,20260921,True,all_queries_diagnostic,0.5,000001.SZ,liquidity,unseen_q
20260512,0.7758539319038391,1.5517078638076782,-0.2814815640449524,0.4318566932946018,0.4318566932946018,459,deeponet_linear,20260921,True,all_queries_diagnostic,0.5,000001.SZ,liquidity,unseen_q
20260513,0.5636649131774902,1.1273298263549805,-0.07024727016687393,0.4733572281959379,0.4733572281959379,465,deeponet_linear,20260921,True,all_queries_diagnostic,0.5,000001.SZ,liquidity,unseen_q
20260514,0.786406397819519,1.572812795639038,-0.3310937285423279,0.4146224146224146,0.4146224146224146,462,deeponet_linear,20260921,True,all_queries_diagnostic,0.5,000001.SZ,liquidity,unseen_q
20260515,0.7615478038787842,1.5230956077575684,-0.013706288300454617,0.4835748792270531,0.4835748792270531,460,deeponet_linear,20260921,True,all_queries_diagnostic,0.5,000001.SZ,liquidity,unseen_q
20260518,0.6611741185188293,1.3223482370376587,-0.06468630582094193,0.4796380090497738,0.4796380090497738,442,deeponet_linear,20260921,True,all_queries_diagnostic,0.5,000001.SZ,liquidity,unseen_q
20260519,0.693155825138092,1.386311650276184,-0.07184357196092606,0.47300215982721383,0.47300215982721383,463,deeponet_linear,20260921,True,all_queries_diagnostic,0.5,000001.SZ,liquidity,unseen_q
20260520,0.6457045078277588,1.2914090156555176,-0.0851542055606842,0.4700854700854701,0.4700854700854701,455,deeponet_linear,20260921,True,all_queries_diagnostic,0.5,000001.SZ,liquidity,unseen_q
20260521,0.7366188764572144,1.4732377529144287,0.09609606862068176,0.4778972520908005,0.4781362007168458,465,deeponet_linear,20260921,True,all_queries_diagnostic,0.5,000001.SZ,liquidity,unseen_q
20260522,0.7429859042167664,1.4859718084335327,0.05586928874254227,0.47150383141762453,0.47150383141762453,464,deeponet_linear,20260921,True,all_queries_diagnostic,0.5,000001.SZ,liquidity,unseen_q
20260525,0.6646236181259155,1.329247236251831,-0.12626923620700836,0.45745962882622315,0.45745962882622315,461,deeponet_linear,20260921,True,all_queries_diagnostic,0.5,000001.SZ,liquidity,unseen_q
20260526,0.7862960696220398,1.5725921392440796,-0.03999948501586914,0.47126436781609193,0.47126436781609193,464,deeponet_linear,20260921,True,all_queries_diagnostic,0.5,000001.SZ,liquidity,unseen_q
20260528,0.6662433743476868,1.3324867486953735,0.1547674685716629,0.5225095785440612,0.5225095785440612,464,deeponet_linear,20260921,True,all_queries_diagnostic,0.5,000001.SZ,liquidity,unseen_q
20260529,0.8915767073631287,1.7831534147262573,0.09950681030750275,0.5027479091995221,0.5027479091995221,465,deeponet_linear,20260921,True,all_queries_diagnostic,0.5,000001.SZ,liquidity,unseen_q
20260506,0.44293397665023804,2.5313355922698975,2.0568346977233887,0.8696780893042575,0.8696780893042575,428,deeponet_linear,20260921,True,all_queries_diagnostic,0.8999999761581421,000001.SZ,liquidity,unseen_q
20260507,0.5040214657783508,2.588636875152588,1.9757426977157593,0.8495469718645684,0.8495469718645684,466,deeponet_linear,20260921,True,all_queries_diagnostic,0.8999999761581421,000001.SZ,liquidity,unseen_q
20260508,0.5316266417503357,2.2710347175598145,1.509726643562317,0.8113809173411822,0.8113809173411822,453,deeponet_linear,20260921,True,all_queries_diagnostic,0.8999999761581421,000001.SZ,liquidity,unseen_q
20260511,0.5441862940788269,2.827965259552002,2.1744909286499023,0.8417508417508417,0.8417508417508417,462,deeponet_linear,20260921,True,all_queries_diagnostic,0.8999999761581421,000001.SZ,liquidity,unseen_q
20260512,0.5089038014411926,2.3739781379699707,1.6952134370803833,0.8269184216896635,0.8269184216896635,459,deeponet_linear,20260921,True,all_queries_diagnostic,0.8999999761581421,000001.SZ,liquidity,unseen_q
20260513,0.3939722180366516,1.9482364654541016,1.4503651857376099,0.8485065710872162,0.8485065710872162,465,deeponet_linear,20260921,True,all_queries_diagnostic,0.8999999761581421,000001.SZ,liquidity,unseen_q
20260514,0.5411839485168457,2.575061321258545,1.865867018699646,0.8282828282828283,0.8282828282828283,462,deeponet_linear,20260921,True,all_queries_diagnostic,0.8999999761581421,000001.SZ,liquidity,unseen_q
20260515,0.48928892612457275,2.5872385501861572,2.0108261108398438,0.8618357487922705,0.8618357487922705,460,deeponet_linear,20260921,True,all_queries_diagnostic,0.8999999761581421,000001.SZ,liquidity,unseen_q
20260518,0.4531829357147217,2.776768684387207,2.3380038738250732,0.8838612368024134,0.8838612368024134,442,deeponet_linear,20260921,True,all_queries_diagnostic,0.8999999761581421,000001.SZ,liquidity,unseen_q
20260519,0.4748690724372864,3.0252580642700195,2.594399929046631,0.8802495800335973,0.8802495800335973,463,deeponet_linear,20260921,True,all_queries_diagnostic,0.8999999761581421,000001.SZ,liquidity,unseen_q
20260520,0.4355149269104004,2.6435811519622803,2.215689182281494,0.8827838827838829,0.8827838827838829,455,deeponet_linear,20260921,True,all_queries_diagnostic,0.8999999761581421,000001.SZ,liquidity,unseen_q
20260521,0.4613569676876068,2.5112173557281494,1.9856292009353638,0.8324970131421744,0.8324970131421744,465,deeponet_linear,20260921,True,all_queries_diagnostic,0.8999999761581421,000001.SZ,liquidity,unseen_q
20260522,0.46161597967147827,2.909092903137207,2.482326030731201,0.8730842911877394,0.8730842911877394,464,deeponet_linear,20260921,True,all_queries_diagnostic,0.8999999761581421,000001.SZ,liquidity,unseen_q
20260525,0.43366408348083496,2.599199056625366,2.1648385524749756,0.8799710773680405,0.8799710773680405,461,deeponet_linear,20260921,True,all_queries_diagnostic,0.8999999761581421,000001.SZ,liquidity,unseen_q
20260526,0.4907810091972351,2.7487192153930664,2.208946704864502,0.8603927203065134,0.8603927203065134,464,deeponet_linear,20260921,True,all_queries_diagnostic,0.8999999761581421,000001.SZ,liquidity,unseen_q
20260528,0.4147198498249054,2.5386316776275635,2.1364896297454834,0.8963122605363985,0.8963122605363985,464,deeponet_linear,20260921,True,all_queries_diagnostic,0.8999999761581421,000001.SZ,liquidity,unseen_q
20260529,0.5121147036552429,3.082761764526367,2.5731658935546875,0.8769414575866189,0.8769414575866189,465,deeponet_linear,20260921,True,all_queries_diagnostic,0.8999999761581421,000001.SZ,liquidity,unseen_q
20260506,1.0118043422698975,2.023608684539795,0.27971845865249634,0.5638629283489097,0.5638629283489097,428,deeponet_linear,20260921,False,primary,0.5,000001.SZ,liquidity,unseen_q
20260507,1.0436033010482788,2.0872066020965576,-0.5917967557907104,0.4334763948497854,0.4334763948497854,466,deeponet_linear,20260921,False,primary,0.5,000001.SZ,liquidity,unseen_q
20260508,1.0338890552520752,2.0677781105041504,-0.6799032092094421,0.4105960264900662,0.4105960264900662,453,deeponet_linear,20260921,False,primary,0.5,000001.SZ,liquidity,unseen_q
20260511,1.1463098526000977,2.2926197052001953,-0.7772608995437622,0.36796536796536794,0.36796536796536794,462,deeponet_linear,20260921,False,primary,0.5,000001.SZ,liquidity,unseen_q
20260512,1.1795551776885986,2.3591103553771973,-0.5936636328697205,0.45098039215686275,0.45098039215686275,459,deeponet_linear,20260921,False,primary,0.5,000001.SZ,liquidity,unseen_q
20260513,0.8309035897254944,1.6618071794509888,-0.10872140526771545,0.5232974910394265,0.5232974910394265,465,deeponet_linear,20260921,False,primary,0.5,000001.SZ,liquidity,unseen_q
20260514,1.1229686737060547,2.2459373474121094,-0.7852845788002014,0.4069264069264069,0.4069264069264069,462,deeponet_linear,20260921,False,primary,0.5,000001.SZ,liquidity,unseen_q
20260515,1.0435796976089478,2.0871593952178955,0.24084140360355377,0.6043478260869565,0.6043478260869565,460,deeponet_linear,20260921,False,primary,0.5,000001.SZ,liquidity,unseen_q
20260518,0.9659572243690491,1.9319144487380981,-0.015331107191741467,0.5113122171945701,0.5113122171945701,442,deeponet_linear,20260921,False,primary,0.5,000001.SZ,liquidity,unseen_q
20260519,0.880527138710022,1.761054277420044,-0.01010611467063427,0.5212383009359252,0.5212383009359252,463,deeponet_linear,20260921,False,primary,0.5,000001.SZ,liquidity,unseen_q
20260520,0.8411998152732849,1.6823996305465698,-0.08904560655355453,0.5340659340659341,0.5340659340659341,455,deeponet_linear,20260921,False,primary,0.5,000001.SZ,liquidity,unseen_q
20260521,0.9956684112548828,1.9913368225097656,0.358058899641037,0.6258064516129033,0.6258064516129033,465,deeponet_linear,20260921,False,primary,0.5,000001.SZ,liquidity,unseen_q
20260522,0.995919942855835,1.99183988571167,0.3732277750968933,0.5919540229885057,0.5919540229885057,464,deeponet_linear,20260921,False,primary,0.5,000001.SZ,liquidity,unseen_q
20260525,0.9831868410110474,1.9663736820220947,-0.20434732735157013,0.4844540853217643,0.4844540853217643,461,deeponet_linear,20260921,False,primary,0.5,000001.SZ,liquidity,unseen_q
20260526,1.040657877922058,2.081315755844116,0.05793306604027748,0.5237068965517241,0.5237068965517241,464,deeponet_linear,20260921,False,primary,0.5,000001.SZ,liquidity,unseen_q
20260528,0.9839813113212585,1.967962622642517,0.5501168966293335,0.6472701149425287,0.6472701149425287,464,deeponet_linear,20260921,False,primary,0.5,000001.SZ,liquidity,unseen_q
20260529,1.168694257736206,2.337388515472412,0.37603074312210083,0.5935483870967742,0.5935483870967742,465,deeponet_linear,20260921,False,primary,0.5,000001.SZ,liquidity,unseen_q
20260506,0.5825875401496887,2.972353458404541,2.2589731216430664,0.7679127725856698,0.7679127725856698,428,deeponet_linear,20260921,False,primary,0.8999999761581421,000001.SZ,liquidity,unseen_q
20260507,0.6486141085624695,2.622312307357788,1.6563550233840942,0.7339055793991416,0.7339055793991416,466,deeponet_linear,20260921,False,primary,0.8999999761581421,000001.SZ,liquidity,unseen_q
20260508,0.7444397807121277,2.409579277038574,1.1508747339248657,0.6438557763061075,0.6438557763061075,453,deeponet_linear,20260921,False,primary,0.8999999761581421,000001.SZ,liquidity,unseen_q
20260511,0.7303473353385925,2.8743703365325928,1.7670947313308716,0.7135642135642136,0.7135642135642136,462,deeponet_linear,20260921,False,primary,0.8999999761581421,000001.SZ,liquidity,unseen_q
20260512,0.7002401351928711,2.500058889389038,1.374473214149475,0.6957153231663035,0.6957153231663035,459,deeponet_linear,20260921,False,primary,0.8999999761581421,000001.SZ,liquidity,unseen_q
20260513,0.5180569291114807,2.160116672515869,1.4050036668777466,0.7232974910394265,0.7232974910394265,465,deeponet_linear,20260921,False,primary,0.8999999761581421,000001.SZ,liquidity,unseen_q
20260514,0.7301652431488037,2.5820648670196533,1.4021679162979126,0.6926406926406926,0.6926406926406926,462,deeponet_linear,20260921,False,primary,0.8999999761581421,000001.SZ,liquidity,unseen_q
20260515,0.5805837512016296,2.9666810035705566,2.256891965866089,0.8159420289855072,0.8159420289855072,460,deeponet_linear,20260921,False,primary,0.8999999761581421,000001.SZ,liquidity,unseen_q
20260518,0.5344071388244629,2.970196008682251,2.37672758102417,0.7941176470588235,0.7941176470588235,442,deeponet_linear,20260921,False,primary,0.8999999761581421,000001.SZ,liquidity,unseen_q
20260519,0.5284686088562012,3.172489643096924,2.6444406509399414,0.8322534197264219,0.8322534197264219,463,deeponet_linear,20260921,False,primary,0.8999999761581421,000001.SZ,liquidity,unseen_q
20260520,0.4995783865451813,2.7605273723602295,2.2017133235931396,0.8175824175824176,0.8175824175824176,455,deeponet_linear,20260921,False,primary,0.8999999761581421,000001.SZ,liquidity,unseen_q
20260521,0.5582603812217712,2.9120326042175293,2.2443900108337402,0.8035842293906811,0.8035842293906811,465,deeponet_linear,20260921,False,primary,0.8999999761581421,000001.SZ,liquidity,unseen_q
20260522,0.5199630856513977,3.2711644172668457,2.789047956466675,0.8362068965517241,0.8362068965517241,464,deeponet_linear,20260921,False,primary,0.8999999761581421,000001.SZ,liquidity,unseen_q
20260525,0.5353846549987793,2.7321701049804688,2.0767509937286377,0.777295733911786,0.777295733911786,461,deeponet_linear,20260921,False,primary,0.8999999761581421,000001.SZ,liquidity,unseen_q
20260526,0.5598220229148865,2.957427501678467,2.297229290008545,0.7952586206896551,0.7952586206896551,464,deeponet_linear,20260921,False,primary,0.8999999761581421,000001.SZ,liquidity,unseen_q
20260528,0.486238569021225,2.992016077041626,2.524423837661743,0.8613505747126438,0.8613505747126438,464,deeponet_linear,20260921,False,primary,0.8999999761581421,000001.SZ,liquidity,unseen_q
20260529,0.573456883430481,3.418057441711426,2.8389296531677246,0.821505376344086,0.821505376344086,465,deeponet_linear,20260921,False,primary,0.8999999761581421,000001.SZ,liquidity,unseen_q
20260506,0.6410514712333679,1.2821029424667358,0.06853020191192627,0.4800103842159917,0.4800103842159917,428,deeponet_linear,20260921,False,all_queries_diagnostic,0.5,000001.SZ,liquidity,unseen_q
20260507,0.7471058368682861,1.4942116737365723,-0.28204190731048584,0.4320457796852647,0.4320457796852647,466,deeponet_linear,20260921,False,all_queries_diagnostic,0.5,000001.SZ,liquidity,unseen_q
20260508,0.7287737727165222,1.4575475454330444,-0.32910630106925964,0.4167279862644101,0.4167279862644101,453,deeponet_linear,20260921,False,all_queries_diagnostic,0.5,000001.SZ,liquidity,unseen_q
20260511,0.7855510711669922,1.5711021423339844,-0.38101431727409363,0.4247234247234247,0.4247234247234247,462,deeponet_linear,20260921,False,all_queries_diagnostic,0.5,000001.SZ,liquidity,unseen_q
20260512,0.7758467197418213,1.5516934394836426,-0.28159797191619873,0.4308884047446139,0.4308884047446139,459,deeponet_linear,20260921,False,all_queries_diagnostic,0.5,000001.SZ,liquidity,unseen_q
20260513,0.5636630058288574,1.1273260116577148,-0.07027896493673325,0.4731182795698925,0.4731182795698925,465,deeponet_linear,20260921,False,all_queries_diagnostic,0.5,000001.SZ,liquidity,unseen_q
20260514,0.786406397819519,1.572812795639038,-0.3310937285423279,0.4146224146224146,0.4146224146224146,462,deeponet_linear,20260921,False,all_queries_diagnostic,0.5,000001.SZ,liquidity,unseen_q
20260515,0.7615596055984497,1.5231192111968994,-0.014005240052938461,0.48188405797101447,0.48188405797101447,460,deeponet_linear,20260921,False,all_queries_diagnostic,0.5,000001.SZ,liquidity,unseen_q
20260518,0.6611741185188293,1.3223482370376587,-0.06468630582094193,0.4796380090497738,0.4796380090497738,442,deeponet_linear,20260921,False,all_queries_diagnostic,0.5,000001.SZ,liquidity,unseen_q
20260519,0.693155825138092,1.386311650276184,-0.07184357196092606,0.47300215982721383,0.47300215982721383,463,deeponet_linear,20260921,False,all_queries_diagnostic,0.5,000001.SZ,liquidity,unseen_q
20260520,0.6457045078277588,1.2914090156555176,-0.0851542055606842,0.4700854700854701,0.4700854700854701,455,deeponet_linear,20260921,False,all_queries_diagnostic,0.5,000001.SZ,liquidity,unseen_q
20260521,0.7367862462997437,1.4735724925994873,0.09351561218500137,0.47287933094384704,0.4731182795698925,465,deeponet_linear,20260921,False,all_queries_diagnostic,0.5,000001.SZ,liquidity,unseen_q
20260522,0.7429859042167664,1.4859718084335327,0.05586928874254227,0.47150383141762453,0.47150383141762453,464,deeponet_linear,20260921,False,all_queries_diagnostic,0.5,000001.SZ,liquidity,unseen_q
20260525,0.6646236181259155,1.329247236251831,-0.12626923620700836,0.45745962882622315,0.45745962882622315,461,deeponet_linear,20260921,False,all_queries_diagnostic,0.5,000001.SZ,liquidity,unseen_q
20260526,0.7863235473632812,1.5726470947265625,-0.04012414067983627,0.47102490421455934,0.47102490421455934,464,deeponet_linear,20260921,False,all_queries_diagnostic,0.5,000001.SZ,liquidity,unseen_q
20260528,0.6663165092468262,1.3326330184936523,0.15395957231521606,0.5217911877394636,0.5217911877394636,464,deeponet_linear,20260921,False,all_queries_diagnostic,0.5,000001.SZ,liquidity,unseen_q
20260529,0.8915767073631287,1.7831534147262573,0.09950681030750275,0.5027479091995221,0.5027479091995221,465,deeponet_linear,20260921,False,all_queries_diagnostic,0.5,000001.SZ,liquidity,unseen_q
20260506,0.44293397665023804,2.5313355922698975,2.0568346977233887,0.8696780893042575,0.8696780893042575,428,deeponet_linear,20260921,False,all_queries_diagnostic,0.8999999761581421,000001.SZ,liquidity,unseen_q
20260507,0.5040214657783508,2.588636875152588,1.9757426977157593,0.8495469718645684,0.8495469718645684,466,deeponet_linear,20260921,False,all_queries_diagnostic,0.8999999761581421,000001.SZ,liquidity,unseen_q
20260508,0.5316266417503357,2.2710347175598145,1.509726643562317,0.8113809173411822,0.8113809173411822,453,deeponet_linear,20260921,False,all_queries_diagnostic,0.8999999761581421,000001.SZ,liquidity,unseen_q
20260511,0.5441862940788269,2.827965259552002,2.1744909286499023,0.8417508417508417,0.8417508417508417,462,deeponet_linear,20260921,False,all_queries_diagnostic,0.8999999761581421,000001.SZ,liquidity,unseen_q
20260512,0.5088644027709961,2.373992681503296,1.6953297853469849,0.8278867102396514,0.8278867102396514,459,deeponet_linear,20260921,False,all_queries_diagnostic,0.8999999761581421,000001.SZ,liquidity,unseen_q
20260513,0.39396142959594727,1.9482401609420776,1.4503967761993408,0.8487455197132617,0.8487455197132617,465,deeponet_linear,20260921,False,all_queries_diagnostic,0.8999999761581421,000001.SZ,liquidity,unseen_q
20260514,0.5411839485168457,2.575061321258545,1.865867018699646,0.8282828282828283,0.8282828282828283,462,deeponet_linear,20260921,False,all_queries_diagnostic,0.8999999761581421,000001.SZ,liquidity,unseen_q
20260515,0.4891575276851654,2.587214946746826,2.011125087738037,0.8635265700483092,0.8635265700483092,460,deeponet_linear,20260921,False,all_queries_diagnostic,0.8999999761581421,000001.SZ,liquidity,unseen_q
20260518,0.4531829357147217,2.776768684387207,2.3380038738250732,0.8838612368024134,0.8838612368024134,442,deeponet_linear,20260921,False,all_queries_diagnostic,0.8999999761581421,000001.SZ,liquidity,unseen_q
20260519,0.4748690724372864,3.0252580642700195,2.594399929046631,0.8802495800335973,0.8802495800335973,463,deeponet_linear,20260921,False,all_queries_diagnostic,0.8999999761581421,000001.SZ,liquidity,unseen_q
20260520,0.4355149269104004,2.6435811519622803,2.215689182281494,0.8827838827838829,0.8827838827838829,455,deeponet_linear,20260921,False,all_queries_diagnostic,0.8999999761581421,000001.SZ,liquidity,unseen_q
20260521,0.46015745401382446,2.510882616043091,1.9882097244262695,0.8375149342891278,0.8375149342891278,465,deeponet_linear,20260921,False,all_queries_diagnostic,0.8999999761581421,000001.SZ,liquidity,unseen_q
20260522,0.46161597967147827,2.909092903137207,2.482326030731201,0.8730842911877394,0.8730842911877394,464,deeponet_linear,20260921,False,all_queries_diagnostic,0.8999999761581421,000001.SZ,liquidity,unseen_q
20260525,0.43366408348083496,2.599199056625366,2.1648385524749756,0.8799710773680405,0.8799710773680405,461,deeponet_linear,20260921,False,all_queries_diagnostic,0.8999999761581421,000001.SZ,liquidity,unseen_q
20260526,0.49070364236831665,2.748664379119873,2.209071397781372,0.860632183908046,0.860632183908046,464,deeponet_linear,20260921,False,all_queries_diagnostic,0.8999999761581421,000001.SZ,liquidity,unseen_q
20260528,0.41432350873947144,2.538485050201416,2.1372976303100586,0.8970306513409961,0.8970306513409961,464,deeponet_linear,20260921,False,all_queries_diagnostic,0.8999999761581421,000001.SZ,liquidity,unseen_q
20260529,0.5121147036552429,3.082761764526367,2.5731658935546875,0.8769414575866189,0.8769414575866189,465,deeponet_linear,20260921,False,all_queries_diagnostic,0.8999999761581421,000001.SZ,liquidity,unseen_q
20260506,0.5106231570243835,1.021246314048767,-0.044104691594839096,0.5054517133956385,0.5054517133956385,428,deeponet_residual_linear,20260921,True,primary,0.5,000001.SZ,liquidity,unseen_q
20260507,0.6209391355514526,1.2418782711029053,-0.11622587591409683,0.46494992846924177,0.46494992846924177,466,deeponet_residual_linear,20260921,True,primary,0.5,000001.SZ,liquidity,unseen_q
20260508,0.6267222166061401,1.2534444332122803,-0.20083117485046387,0.4429727740986019,0.4429727740986019,453,deeponet_residual_linear,20260921,True,primary,0.5,000001.SZ,liquidity,unseen_q
20260511,0.6667375564575195,1.333475112915039,-0.19724316895008087,0.43145743145743143,0.43145743145743143,462,deeponet_residual_linear,20260921,True,primary,0.5,000001.SZ,liquidity,unseen_q
20260512,0.6582369208335876,1.3164738416671753,-0.14566905796527863,0.47276688453159044,0.47276688453159044,459,deeponet_residual_linear,20260921,True,primary,0.5,000001.SZ,liquidity,unseen_q
20260513,0.5106186270713806,1.0212372541427612,-0.037685614079236984,0.5469534050179211,0.5469534050179211,465,deeponet_residual_linear,20260921,True,primary,0.5,000001.SZ,liquidity,unseen_q
20260514,0.6342780590057373,1.2685561180114746,-0.09151891618967056,0.44805194805194803,0.44805194805194803,462,deeponet_residual_linear,20260921,True,primary,0.5,000001.SZ,liquidity,unseen_q
20260515,0.6524644494056702,1.3049288988113403,-0.12265918403863907,0.5065217391304347,0.5065217391304347,460,deeponet_residual_linear,20260921,True,primary,0.5,000001.SZ,liquidity,unseen_q
20260518,0.5371600985527039,1.0743201971054077,-0.12804608047008514,0.48642533936651583,0.48642533936651583,442,deeponet_residual_linear,20260921,True,primary,0.5,000001.SZ,liquidity,unseen_q
20260519,0.6116676926612854,1.2233353853225708,-0.10879840701818466,0.46220302375809935,0.46220302375809935,463,deeponet_residual_linear,20260921,True,primary,0.5,000001.SZ,liquidity,unseen_q
20260520,0.5680831074714661,1.1361662149429321,-0.09850114583969116,0.46593406593406594,0.46593406593406594,455,deeponet_residual_linear,20260921,True,primary,0.5,000001.SZ,liquidity,unseen_q
20260521,0.6114251017570496,1.2228502035140991,-0.07641441375017166,0.44516129032258067,0.44516129032258067,465,deeponet_residual_linear,20260921,True,primary,0.5,000001.SZ,liquidity,unseen_q
20260522,0.6266113519668579,1.2532227039337158,-0.08762821555137634,0.4576149425287356,0.4576149425287356,464,deeponet_residual_linear,20260921,True,primary,0.5,000001.SZ,liquidity,unseen_q
20260525,0.5279203057289124,1.0558406114578247,-0.08089708536863327,0.4569775849602314,0.4569775849602314,461,deeponet_residual_linear,20260921,True,primary,0.5,000001.SZ,liquidity,unseen_q
20260526,0.708723783493042,1.417447566986084,-0.09725720435380936,0.48994252873563215,0.48994252873563215,464,deeponet_residual_linear,20260921,True,primary,0.5,000001.SZ,liquidity,unseen_q
20260528,0.561199963092804,1.122399926185608,-0.03419762849807739,0.5251436781609196,0.5251436781609196,464,deeponet_residual_linear,20260921,True,primary,0.5,000001.SZ,liquidity,unseen_q
20260529,0.8291828036308289,1.6583656072616577,-0.07391709834337234,0.5225806451612903,0.5225806451612903,465,deeponet_residual_linear,20260921,True,primary,0.5,000001.SZ,liquidity,unseen_q
20260506,0.3887437880039215,2.3256072998046875,1.935149908065796,0.9236760124610591,0.9236760124610591,428,deeponet_residual_linear,20260921,True,primary,0.8999999761581421,000001.SZ,liquidity,unseen_q
20260507,0.4155154526233673,2.536571502685547,2.1319258213043213,0.9113018597997139,0.9113018597997139,466,deeponet_residual_linear,20260921,True,primary,0.8999999761581421,000001.SZ,liquidity,unseen_q
20260508,0.46010199189186096,2.224161386489868,1.6299468278884888,0.8785871964679912,0.8785871964679912,453,deeponet_residual_linear,20260921,True,primary,0.8999999761581421,000001.SZ,liquidity,unseen_q
20260511,0.4582836925983429,2.794257164001465,2.3471124172210693,0.8946608946608946,0.8946608946608946,462,deeponet_residual_linear,20260921,True,primary,0.8999999761581421,000001.SZ,liquidity,unseen_q
20260512,0.44533178210258484,2.348451614379883,1.822235345840454,0.8830791575889615,0.8830791575889615,459,deeponet_residual_linear,20260921,True,primary,0.8999999761581421,000001.SZ,liquidity,unseen_q
20260513,0.35522526502609253,1.8912315368652344,1.4759763479232788,0.893189964157706,0.893189964157706,465,deeponet_residual_linear,20260921,True,primary,0.8999999761581421,000001.SZ,liquidity,unseen_q
20260514,0.4417215585708618,2.560189962387085,2.095933437347412,0.8946608946608946,0.8946608946608946,462,deeponet_residual_linear,20260921,True,primary,0.8999999761581421,000001.SZ,liquidity,unseen_q
20260515,0.4427829384803772,2.3998019695281982,1.8927953243255615,0.8760869565217392,0.8760869565217392,460,deeponet_residual_linear,20260921,True,primary,0.8999999761581421,000001.SZ,liquidity,unseen_q
20260518,0.4025125503540039,2.6162352561950684,2.264012575149536,0.9238310708898944,0.9238310708898944,442,deeponet_residual_linear,20260921,True,primary,0.8999999761581421,000001.SZ,liquidity,unseen_q
20260519,0.4375314712524414,2.911661386489868,2.545748233795166,0.904247660187185,0.904247660187185,463,deeponet_residual_linear,20260921,True,primary,0.8999999761581421,000001.SZ,liquidity,unseen_q
20260520,0.4027564525604248,2.559319019317627,2.192257881164551,0.9091575091575091,0.9091575091575091,455,deeponet_residual_linear,20260921,True,primary,0.8999999761581421,000001.SZ,liquidity,unseen_q
20260521,0.39590123295783997,2.235624313354492,1.8047775030136108,0.8444444444444444,0.8444444444444444,465,deeponet_residual_linear,20260921,True,primary,0.8999999761581421,000001.SZ,liquidity,unseen_q
20260522,0.42532798647880554,2.713209390640259,2.3281919956207275,0.9015804597701149,0.9015804597701149,464,deeponet_residual_linear,20260921,True,primary,0.8999999761581421,000001.SZ,liquidity,unseen_q
20260525,0.37292060256004333,2.506002187728882,2.2002012729644775,0.93058568329718,0.93058568329718,461,deeponet_residual_linear,20260921,True,primary,0.8999999761581421,000001.SZ,liquidity,unseen_q
20260526,0.4709707498550415,2.6553735733032227,2.1417903900146484,0.8936781609195402,0.8936781609195402,464,deeponet_residual_linear,20260921,True,primary,0.8999999761581421,000001.SZ,liquidity,unseen_q
20260528,0.39363744854927063,2.3380753993988037,1.9385006427764893,0.9080459770114943,0.9080459770114943,464,deeponet_residual_linear,20260921,True,primary,0.8999999761581421,000001.SZ,liquidity,unseen_q
20260529,0.5107914209365845,2.9327681064605713,2.388981819152832,0.8903225806451613,0.8903225806451613,465,deeponet_residual_linear,20260921,True,primary,0.8999999761581421,000001.SZ,liquidity,unseen_q
20260506,0.4739910364151001,0.9479820728302002,-0.03941084444522858,0.46053997923156803,0.46053997923156803,428,deeponet_residual_linear,20260921,True,all_queries_diagnostic,0.5,000001.SZ,liquidity,unseen_q
20260507,0.6062177419662476,1.2124354839324951,-0.12351830303668976,0.4425369575584168,0.4425369575584168,466,deeponet_residual_linear,20260921,True,all_queries_diagnostic,0.5,000001.SZ,liquidity,unseen_q
20260508,0.593051552772522,1.186103105545044,-0.1694156378507614,0.4275202354672553,0.4275202354672553,453,deeponet_residual_linear,20260921,True,all_queries_diagnostic,0.5,000001.SZ,liquidity,unseen_q
20260511,0.6256935596466064,1.251387119293213,-0.1876751035451889,0.4458874458874459,0.4458874458874459,462,deeponet_residual_linear,20260921,True,all_queries_diagnostic,0.5,000001.SZ,liquidity,unseen_q
20260512,0.6020617485046387,1.2041234970092773,-0.13218876719474792,0.439118857419511,0.439118857419511,459,deeponet_residual_linear,20260921,True,all_queries_diagnostic,0.5,000001.SZ,liquidity,unseen_q
20260513,0.45689794421195984,0.9137958884239197,-0.046579230576753616,0.48124253285543606,0.48124253285543606,465,deeponet_residual_linear,20260921,True,all_queries_diagnostic,0.5,000001.SZ,liquidity,unseen_q
20260514,0.6235095262527466,1.2470190525054932,-0.099838487803936,0.42833092833092834,0.42833092833092834,462,deeponet_residual_linear,20260921,True,all_queries_diagnostic,0.5,000001.SZ,liquidity,unseen_q
20260515,0.631126344203949,1.262252688407898,-0.1349724978208542,0.4509661835748792,0.4509661835748792,460,deeponet_residual_linear,20260921,True,all_queries_diagnostic,0.5,000001.SZ,liquidity,unseen_q
20260518,0.5182417035102844,1.0364834070205688,-0.10225798189640045,0.4713423831070889,0.4713423831070889,442,deeponet_residual_linear,20260921,True,all_queries_diagnostic,0.5,000001.SZ,liquidity,unseen_q
20260519,0.603536069393158,1.207072138786316,-0.10474099218845367,0.4533237341012719,0.4533237341012719,463,deeponet_residual_linear,20260921,True,all_queries_diagnostic,0.5,000001.SZ,liquidity,unseen_q
20260520,0.5546656250953674,1.1093312501907349,-0.08830604702234268,0.44737484737484734,0.44737484737484734,455,deeponet_residual_linear,20260921,True,all_queries_diagnostic,0.5,000001.SZ,liquidity,unseen_q
20260521,0.6081095337867737,1.2162190675735474,-0.04958490654826164,0.41768219832735964,0.417921146953405,465,deeponet_residual_linear,20260921,True,all_queries_diagnostic,0.5,000001.SZ,liquidity,unseen_q
20260522,0.6198830604553223,1.2397661209106445,-0.09774937480688095,0.4267241379310345,0.4267241379310345,464,deeponet_residual_linear,20260921,True,all_queries_diagnostic,0.5,000001.SZ,liquidity,unseen_q
20260525,0.5128681063652039,1.0257362127304077,-0.08511915057897568,0.4483007953723789,0.4483007953723789,461,deeponet_residual_linear,20260921,True,all_queries_diagnostic,0.5,000001.SZ,liquidity,unseen_q
20260526,0.6756419539451599,1.3512839078903198,-0.09177099913358688,0.46000957854406127,0.46000957854406127,464,deeponet_residual_linear,20260921,True,all_queries_diagnostic,0.5,000001.SZ,liquidity,unseen_q
20260528,0.525191068649292,1.050382137298584,-0.04027218744158745,0.4813218390804597,0.4813218390804597,464,deeponet_residual_linear,20260921,True,all_queries_diagnostic,0.5,000001.SZ,liquidity,unseen_q
20260529,0.7784061431884766,1.5568122863769531,-0.05047579109668732,0.47909199522102747,0.47909199522102747,465,deeponet_residual_linear,20260921,True,all_queries_diagnostic,0.5,000001.SZ,liquidity,unseen_q
20260506,0.3783193826675415,2.315753698348999,1.9488937854766846,0.9215991692627207,0.9215991692627207,428,deeponet_residual_linear,20260921,True,all_queries_diagnostic,0.8999999761581421,000001.SZ,liquidity,unseen_q
20260507,0.4263218939304352,2.560056686401367,2.1342663764953613,0.9086790653314258,0.9086790653314258,466,deeponet_residual_linear,20260921,True,all_queries_diagnostic,0.8999999761581421,000001.SZ,liquidity,unseen_q
20260508,0.4368473291397095,2.209228515625,1.669417381286621,0.8896247240618101,0.8896247240618101,453,deeponet_residual_linear,20260921,True,all_queries_diagnostic,0.8999999761581421,000001.SZ,liquidity,unseen_q
20260511,0.4534984230995178,2.8012607097625732,2.3678300380706787,0.9021164021164021,0.9021164021164021,462,deeponet_residual_linear,20260921,True,all_queries_diagnostic,0.8999999761581421,000001.SZ,liquidity,unseen_q
20260512,0.42393821477890015,2.323481321334839,1.8445062637329102,0.8893730331638828,0.8893730331638828,459,deeponet_residual_linear,20260921,True,all_queries_diagnostic,0.8999999761581421,000001.SZ,liquidity,unseen_q
20260513,0.3396960496902466,1.8586186170578003,1.4740331172943115,0.9051373954599762,0.9051373954599762,465,deeponet_residual_linear,20260921,True,all_queries_diagnostic,0.8999999761581421,000001.SZ,liquidity,unseen_q
20260514,0.44503602385520935,2.5677695274353027,2.0971221923828125,0.8956228956228957,0.8956228956228957,462,deeponet_residual_linear,20260921,True,all_queries_diagnostic,0.8999999761581421,000001.SZ,liquidity,unseen_q
20260515,0.44336527585983276,2.398378372192383,1.8895597457885742,0.8818840579710145,0.8818840579710145,460,deeponet_residual_linear,20260921,True,all_queries_diagnostic,0.8999999761581421,000001.SZ,liquidity,unseen_q
20260518,0.40921807289123535,2.6587817668914795,2.3004322052001953,0.9270990447461036,0.9270990447461036,442,deeponet_residual_linear,20260921,True,all_queries_diagnostic,0.8999999761581421,000001.SZ,liquidity,unseen_q
20260519,0.44455668330192566,2.9383151531219482,2.561502456665039,0.904247660187185,0.904247660187185,463,deeponet_residual_linear,20260921,True,all_queries_diagnostic,0.8999999761581421,000001.SZ,liquidity,unseen_q
20260520,0.4032409191131592,2.576511859893799,2.2125375270843506,0.9133089133089133,0.9133089133089133,455,deeponet_residual_linear,20260921,True,all_queries_diagnostic,0.8999999761581421,000001.SZ,liquidity,unseen_q
20260521,0.4073229432106018,2.286604404449463,1.8399481773376465,0.8461170848267623,0.8461170848267623,465,deeponet_residual_linear,20260921,True,all_queries_diagnostic,0.8999999761581421,000001.SZ,liquidity,unseen_q
20260522,0.4300709664821625,2.7231078147888184,2.328707456588745,0.8948754789272031,0.8948754789272031,464,deeponet_residual_linear,20260921,True,all_queries_diagnostic,0.8999999761581421,000001.SZ,liquidity,unseen_q
20260525,0.3795093894004822,2.5238094329833984,2.205988645553589,0.9310677271631719,0.9310677271631719,461,deeponet_residual_linear,20260921,True,all_queries_diagnostic,0.8999999761581421,000001.SZ,liquidity,unseen_q
20260526,0.4611567258834839,2.6480534076690674,2.157175064086914,0.8931992337164751,0.8931992337164751,464,deeponet_residual_linear,20260921,True,all_queries_diagnostic,0.8999999761581421,000001.SZ,liquidity,unseen_q
20260528,0.38387078046798706,2.32090163230896,1.9414502382278442,0.9123563218390804,0.9123563218390804,464,deeponet_residual_linear,20260921,True,all_queries_diagnostic,0.8999999761581421,000001.SZ,liquidity,unseen_q
20260529,0.4912262260913849,2.920999050140381,2.4231832027435303,0.8998805256869773,0.8998805256869773,465,deeponet_residual_linear,20260921,True,all_queries_diagnostic,0.8999999761581421,000001.SZ,liquidity,unseen_q
20260506,0.510623037815094,1.021246075630188,-0.04410439357161522,0.5054517133956385,0.5054517133956385,428,deeponet_residual_linear,20260921,False,primary,0.5,000001.SZ,liquidity,unseen_q
20260507,0.6209391355514526,1.2418782711029053,-0.11622587591409683,0.46494992846924177,0.46494992846924177,466,deeponet_residual_linear,20260921,False,primary,0.5,000001.SZ,liquidity,unseen_q
20260508,0.6267197132110596,1.2534394264221191,-0.20082621276378632,0.4429727740986019,0.4429727740986019,453,deeponet_residual_linear,20260921,False,primary,0.5,000001.SZ,liquidity,unseen_q
20260511,0.6667375564575195,1.333475112915039,-0.19724316895008087,0.43145743145743143,0.43145743145743143,462,deeponet_residual_linear,20260921,False,primary,0.5,000001.SZ,liquidity,unseen_q
20260512,0.6582731604576111,1.3165463209152222,-0.14578525722026825,0.466957153231663,0.466957153231663,459,deeponet_residual_linear,20260921,False,primary,0.5,000001.SZ,liquidity,unseen_q
20260513,0.5106297731399536,1.0212595462799072,-0.037715520709753036,0.5455197132616487,0.5455197132616487,465,deeponet_residual_linear,20260921,False,primary,0.5,000001.SZ,liquidity,unseen_q
20260514,0.6342771649360657,1.2685543298721313,-0.09150584787130356,0.44805194805194803,0.44805194805194803,462,deeponet_residual_linear,20260921,False,primary,0.5,000001.SZ,liquidity,unseen_q
20260515,0.652594804763794,1.305189609527588,-0.12295341491699219,0.49927536231884057,0.49927536231884057,460,deeponet_residual_linear,20260921,False,primary,0.5,000001.SZ,liquidity,unseen_q
20260518,0.5371600985527039,1.0743201971054077,-0.12804608047008514,0.48642533936651583,0.48642533936651583,442,deeponet_residual_linear,20260921,False,primary,0.5,000001.SZ,liquidity,unseen_q
20260519,0.6116652488708496,1.2233304977416992,-0.10879349708557129,0.46220302375809935,0.46220302375809935,463,deeponet_residual_linear,20260921,False,primary,0.5,000001.SZ,liquidity,unseen_q
20260520,0.5680822134017944,1.1361644268035889,-0.0984993651509285,0.46593406593406594,0.46593406593406594,455,deeponet_residual_linear,20260921,False,primary,0.5,000001.SZ,liquidity,unseen_q
20260521,0.6126740574836731,1.2253481149673462,-0.0789191797375679,0.44229390681003583,0.44229390681003583,465,deeponet_residual_linear,20260921,False,primary,0.5,000001.SZ,liquidity,unseen_q
20260522,0.6265863180160522,1.2531726360321045,-0.08757521212100983,0.4576149425287356,0.4576149425287356,464,deeponet_residual_linear,20260921,False,primary,0.5,000001.SZ,liquidity,unseen_q
20260525,0.5279203057289124,1.0558406114578247,-0.08089708536863327,0.4569775849602314,0.4569775849602314,461,deeponet_residual_linear,20260921,False,primary,0.5,000001.SZ,liquidity,unseen_q
20260526,0.7087728977203369,1.4175457954406738,-0.09737729281187057,0.48994252873563215,0.48994252873563215,464,deeponet_residual_linear,20260921,False,primary,0.5,000001.SZ,liquidity,unseen_q
20260528,0.5615969300270081,1.1231938600540161,-0.03499147668480873,0.5251436781609196,0.5251436781609196,464,deeponet_residual_linear,20260921,False,primary,0.5,000001.SZ,liquidity,unseen_q
20260529,0.8291828036308289,1.6583656072616577,-0.07391709834337234,0.5225806451612903,0.5225806451612903,465,deeponet_residual_linear,20260921,False,primary,0.5,000001.SZ,liquidity,unseen_q
20260506,0.3887437880039215,2.3256072998046875,1.935149908065796,0.9236760124610591,0.9236760124610591,428,deeponet_residual_linear,20260921,False,primary,0.8999999761581421,000001.SZ,liquidity,unseen_q
20260507,0.4155154526233673,2.536571502685547,2.1319258213043213,0.9113018597997139,0.9113018597997139,466,deeponet_residual_linear,20260921,False,primary,0.8999999761581421,000001.SZ,liquidity,unseen_q
20260508,0.46010199189186096,2.224161386489868,1.6299468278884888,0.8785871964679912,0.8785871964679912,453,deeponet_residual_linear,20260921,False,primary,0.8999999761581421,000001.SZ,liquidity,unseen_q
20260511,0.4582836925983429,2.794257164001465,2.3471124172210693,0.8946608946608946,0.8946608946608946,462,deeponet_residual_linear,20260921,False,primary,0.8999999761581421,000001.SZ,liquidity,unseen_q
20260512,0.445249080657959,2.348379373550415,1.8223515748977661,0.8888888888888888,0.8888888888888888,459,deeponet_residual_linear,20260921,False,primary,0.8999999761581421,000001.SZ,liquidity,unseen_q
20260513,0.3552006483078003,1.8912075757980347,1.4760079383850098,0.8946236559139785,0.8946236559139785,465,deeponet_residual_linear,20260921,False,primary,0.8999999761581421,000001.SZ,liquidity,unseen_q
20260514,0.4417215585708618,2.560189962387085,2.095933437347412,0.8946608946608946,0.8946608946608946,462,deeponet_residual_linear,20260921,False,primary,0.8999999761581421,000001.SZ,liquidity,unseen_q
20260515,0.4425317943096161,2.399540662765503,1.8930965662002563,0.8833333333333333,0.8833333333333333,460,deeponet_residual_linear,20260921,False,primary,0.8999999761581421,000001.SZ,liquidity,unseen_q
20260518,0.4025125503540039,2.6162352561950684,2.264012575149536,0.9238310708898944,0.9238310708898944,442,deeponet_residual_linear,20260921,False,primary,0.8999999761581421,000001.SZ,liquidity,unseen_q
20260519,0.4375314712524414,2.911661386489868,2.545748233795166,0.904247660187185,0.904247660187185,463,deeponet_residual_linear,20260921,False,primary,0.8999999761581421,000001.SZ,liquidity,unseen_q
20260520,0.40275630354881287,2.5593178272247314,2.1922566890716553,0.9091575091575091,0.9091575091575091,455,deeponet_residual_linear,20260921,False,primary,0.8999999761581421,000001.SZ,liquidity,unseen_q
20260521,0.3935941159725189,2.2330639362335205,1.8073447942733765,0.8473118279569892,0.8473118279569892,465,deeponet_residual_linear,20260921,False,primary,0.8999999761581421,000001.SZ,liquidity,unseen_q
20260522,0.42532798647880554,2.713209390640259,2.3281919956207275,0.9015804597701149,0.9015804597701149,464,deeponet_residual_linear,20260921,False,primary,0.8999999761581421,000001.SZ,liquidity,unseen_q
20260525,0.37292060256004333,2.506002187728882,2.2002012729644775,0.93058568329718,0.93058568329718,461,deeponet_residual_linear,20260921,False,primary,0.8999999761581421,000001.SZ,liquidity,unseen_q
20260526,0.4708698093891144,2.655271291732788,2.1419148445129395,0.8936781609195402,0.8936781609195402,464,deeponet_residual_linear,20260921,False,primary,0.8999999761581421,000001.SZ,liquidity,unseen_q
20260528,0.39291390776634216,2.3372747898101807,1.9393088817596436,0.9080459770114943,0.9080459770114943,464,deeponet_residual_linear,20260921,False,primary,0.8999999761581421,000001.SZ,liquidity,unseen_q
20260529,0.510794997215271,2.9328041076660156,2.3890175819396973,0.8903225806451613,0.8903225806451613,465,deeponet_residual_linear,20260921,False,primary,0.8999999761581421,000001.SZ,liquidity,unseen_q
20260506,0.4739910364151001,0.9479820728302002,-0.03941084444522858,0.46053997923156803,0.46053997923156803,428,deeponet_residual_linear,20260921,False,all_queries_diagnostic,0.5,000001.SZ,liquidity,unseen_q
20260507,0.6062177419662476,1.2124354839324951,-0.12351830303668976,0.4425369575584168,0.4425369575584168,466,deeponet_residual_linear,20260921,False,all_queries_diagnostic,0.5,000001.SZ,liquidity,unseen_q
20260508,0.593051552772522,1.186103105545044,-0.1694156378507614,0.4275202354672553,0.4275202354672553,453,deeponet_residual_linear,20260921,False,all_queries_diagnostic,0.5,000001.SZ,liquidity,unseen_q
20260511,0.6256935596466064,1.251387119293213,-0.1876751035451889,0.4458874458874459,0.4458874458874459,462,deeponet_residual_linear,20260921,False,all_queries_diagnostic,0.5,000001.SZ,liquidity,unseen_q
20260512,0.602086067199707,1.204172134399414,-0.13230517506599426,0.43621399176954734,0.43621399176954734,459,deeponet_residual_linear,20260921,False,all_queries_diagnostic,0.5,000001.SZ,liquidity,unseen_q
20260513,0.456905335187912,0.913810670375824,-0.04661092162132263,0.48052568697729986,0.48052568697729986,465,deeponet_residual_linear,20260921,False,all_queries_diagnostic,0.5,000001.SZ,liquidity,unseen_q
20260514,0.6235095262527466,1.2470190525054932,-0.099838487803936,0.42833092833092834,0.42833092833092834,462,deeponet_residual_linear,20260921,False,all_queries_diagnostic,0.5,000001.SZ,liquidity,unseen_q
20260515,0.6312319040298462,1.2624638080596924,-0.13527145981788635,0.4468599033816425,0.4468599033816425,460,deeponet_residual_linear,20260921,False,all_queries_diagnostic,0.5,000001.SZ,liquidity,unseen_q
20260518,0.5182417035102844,1.0364834070205688,-0.10225798189640045,0.4713423831070889,0.4713423831070889,442,deeponet_residual_linear,20260921,False,all_queries_diagnostic,0.5,000001.SZ,liquidity,unseen_q
20260519,0.603536069393158,1.207072138786316,-0.10474099218845367,0.4533237341012719,0.4533237341012719,463,deeponet_residual_linear,20260921,False,all_queries_diagnostic,0.5,000001.SZ,liquidity,unseen_q
20260520,0.5546656250953674,1.1093312501907349,-0.08830604702234268,0.44737484737484734,0.44737484737484734,455,deeponet_residual_linear,20260921,False,all_queries_diagnostic,0.5,000001.SZ,liquidity,unseen_q
20260521,0.6091322302818298,1.2182644605636597,-0.05216536298394203,0.41170848267622456,0.41194743130226996,465,deeponet_residual_linear,20260921,False,all_queries_diagnostic,0.5,000001.SZ,liquidity,unseen_q
20260522,0.6198830604553223,1.2397661209106445,-0.09774937480688095,0.4267241379310345,0.4267241379310345,464,deeponet_residual_linear,20260921,False,all_queries_diagnostic,0.5,000001.SZ,liquidity,unseen_q
20260525,0.5128681063652039,1.0257362127304077,-0.08511915057897568,0.4483007953723789,0.4483007953723789,461,deeponet_residual_linear,20260921,False,all_queries_diagnostic,0.5,000001.SZ,liquidity,unseen_q
20260526,0.6756958961486816,1.3513917922973633,-0.09189566224813461,0.4597701149425287,0.4597701149425287,464,deeponet_residual_linear,20260921,False,all_queries_diagnostic,0.5,000001.SZ,liquidity,unseen_q
20260528,0.5255234837532043,1.0510469675064087,-0.04108006879687309,0.48108237547892724,0.48108237547892724,464,deeponet_residual_linear,20260921,False,all_queries_diagnostic,0.5,000001.SZ,liquidity,unseen_q
20260529,0.7784061431884766,1.5568122863769531,-0.05047579109668732,0.47909199522102747,0.47909199522102747,465,deeponet_residual_linear,20260921,False,all_queries_diagnostic,0.5,000001.SZ,liquidity,unseen_q
20260506,0.3783193826675415,2.315753698348999,1.9488937854766846,0.9215991692627207,0.9215991692627207,428,deeponet_residual_linear,20260921,False,all_queries_diagnostic,0.8999999761581421,000001.SZ,liquidity,unseen_q
20260507,0.4263218939304352,2.560056686401367,2.1342663764953613,0.9086790653314258,0.9086790653314258,466,deeponet_residual_linear,20260921,False,all_queries_diagnostic,0.8999999761581421,000001.SZ,liquidity,unseen_q
20260508,0.4368473291397095,2.209228515625,1.669417381286621,0.8896247240618101,0.8896247240618101,453,deeponet_residual_linear,20260921,False,all_queries_diagnostic,0.8999999761581421,000001.SZ,liquidity,unseen_q
20260511,0.4534984230995178,2.8012607097625732,2.3678300380706787,0.9021164021164021,0.9021164021164021,462,deeponet_residual_linear,20260921,False,all_queries_diagnostic,0.8999999761581421,000001.SZ,liquidity,unseen_q
20260512,0.423867404460907,2.3234329223632812,1.8446226119995117,0.8922778988138464,0.8922778988138464,459,deeponet_residual_linear,20260921,False,all_queries_diagnostic,0.8999999761581421,000001.SZ,liquidity,unseen_q
20260513,0.33967599272727966,1.858603835105896,1.4740649461746216,0.9058542413381123,0.9058542413381123,465,deeponet_residual_linear,20260921,False,all_queries_diagnostic,0.8999999761581421,000001.SZ,liquidity,unseen_q
20260514,0.44503602385520935,2.5677695274353027,2.0971221923828125,0.8956228956228957,0.8956228956228957,462,deeponet_residual_linear,20260921,False,all_queries_diagnostic,0.8999999761581421,000001.SZ,liquidity,unseen_q
20260515,0.4431401193141937,2.398167133331299,1.8898587226867676,0.8859903381642512,0.8859903381642512,460,deeponet_residual_linear,20260921,False,all_queries_diagnostic,0.8999999761581421,000001.SZ,liquidity,unseen_q
20260518,0.40921807289123535,2.6587817668914795,2.3004322052001953,0.9270990447461036,0.9270990447461036,442,deeponet_residual_linear,20260921,False,all_queries_diagnostic,0.8999999761581421,000001.SZ,liquidity,unseen_q
20260519,0.44455668330192566,2.9383151531219482,2.561502456665039,0.904247660187185,0.904247660187185,463,deeponet_residual_linear,20260921,False,all_queries_diagnostic,0.8999999761581421,000001.SZ,liquidity,unseen_q
20260520,0.4032409191131592,2.576511859893799,2.2125375270843506,0.9133089133089133,0.9133089133089133,455,deeponet_residual_linear,20260921,False,all_queries_diagnostic,0.8999999761581421,000001.SZ,liquidity,unseen_q
20260521,0.40526801347732544,2.2845590114593506,1.8425288200378418,0.8520908004778973,0.8520908004778973,465,deeponet_residual_linear,20260921,False,all_queries_diagnostic,0.8999999761581421,000001.SZ,liquidity,unseen_q
20260522,0.4300709664821625,2.7231078147888184,2.328707456588745,0.8948754789272031,0.8948754789272031,464,deeponet_residual_linear,20260921,False,all_queries_diagnostic,0.8999999761581421,000001.SZ,liquidity,unseen_q
20260525,0.3795093894004822,2.5238094329833984,2.205988645553589,0.9310677271631719,0.9310677271631719,461,deeponet_residual_linear,20260921,False,all_queries_diagnostic,0.8999999761581421,000001.SZ,liquidity,unseen_q
20260526,0.46105292439460754,2.6479456424713135,2.157299757003784,0.8934386973180076,0.8934386973180076,464,deeponet_residual_linear,20260921,False,all_queries_diagnostic,0.8999999761581421,000001.SZ,liquidity,unseen_q
20260528,0.38321518898010254,2.3202366828918457,1.9422581195831299,0.912595785440613,0.912595785440613,464,deeponet_residual_linear,20260921,False,all_queries_diagnostic,0.8999999761581421,000001.SZ,liquidity,unseen_q
20260529,0.4912262260913849,2.920999050140381,2.4231832027435303,0.8998805256869773,0.8998805256869773,465,deeponet_residual_linear,20260921,False,all_queries_diagnostic,0.8999999761581421,000001.SZ,liquidity,unseen_q
20260506,1.0157004594802856,2.0314009189605713,0.3060953617095947,0.5700934579439252,0.5700934579439252,428,deeponet_linear,20260922,True,primary,0.5,000001.SZ,liquidity,unseen_q
20260507,1.0433907508850098,2.0867815017700195,-0.5419502854347229,0.43705293276108725,0.43705293276108725,466,deeponet_linear,20260922,True,primary,0.5,000001.SZ,liquidity,unseen_q
20260508,1.0348868370056152,2.0697736740112305,-0.6509724855422974,0.41648270787343633,0.41648270787343633,453,deeponet_linear,20260922,True,primary,0.5,000001.SZ,liquidity,unseen_q
20260511,1.1482595205307007,2.2965190410614014,-0.7374541163444519,0.3737373737373737,0.3737373737373737,462,deeponet_linear,20260922,True,primary,0.5,000001.SZ,liquidity,unseen_q
20260512,1.1832040548324585,2.366408109664917,-0.5706517696380615,0.4538852578068265,0.4538852578068265,459,deeponet_linear,20260922,True,primary,0.5,000001.SZ,liquidity,unseen_q
20260513,0.8337600827217102,1.6675201654434204,-0.08806715160608292,0.5089605734767025,0.5089605734767025,465,deeponet_linear,20260922,True,primary,0.5,000001.SZ,liquidity,unseen_q
20260514,1.122223973274231,2.244447946548462,-0.7393895983695984,0.40981240981240985,0.40981240981240985,462,deeponet_linear,20260922,True,primary,0.5,000001.SZ,liquidity,unseen_q
20260515,1.0496461391448975,2.099292278289795,0.25940266251564026,0.5942028985507246,0.5942028985507246,460,deeponet_linear,20260922,True,primary,0.5,000001.SZ,liquidity,unseen_q
20260518,0.9698134660720825,1.939626932144165,0.02730129286646843,0.5271493212669683,0.5271493212669683,442,deeponet_linear,20260922,True,primary,0.5,000001.SZ,liquidity,unseen_q
20260519,0.8832658529281616,1.7665317058563232,0.043522339314222336,0.5327573794096472,0.5327573794096472,463,deeponet_linear,20260922,True,primary,0.5,000001.SZ,liquidity,unseen_q
20260520,0.8466611504554749,1.6933223009109497,-0.04838021844625473,0.5443223443223443,0.5443223443223443,455,deeponet_linear,20260922,True,primary,0.5,000001.SZ,liquidity,unseen_q
20260521,1.0081088542938232,2.0162177085876465,0.39788395166397095,0.6387096774193548,0.6387096774193548,465,deeponet_linear,20260922,True,primary,0.5,000001.SZ,liquidity,unseen_q
20260522,1.0039782524108887,2.0079565048217773,0.4275049865245819,0.603448275862069,0.603448275862069,464,deeponet_linear,20260922,True,primary,0.5,000001.SZ,liquidity,unseen_q
20260525,0.9855165481567383,1.9710330963134766,-0.1540365219116211,0.4960231381055676,0.4960231381055676,461,deeponet_linear,20260922,True,primary,0.5,000001.SZ,liquidity,unseen_q
20260526,1.0476452112197876,2.095290422439575,0.10275262594223022,0.5272988505747126,0.5272988505747126,464,deeponet_linear,20260922,True,primary,0.5,000001.SZ,liquidity,unseen_q
20260528,0.9894484877586365,1.978896975517273,0.580162525177002,0.6566091954022989,0.6566091954022989,464,deeponet_linear,20260922,True,primary,0.5,000001.SZ,liquidity,unseen_q
20260529,1.1817004680633545,2.363400936126709,0.4255306124687195,0.6028673835125448,0.6028673835125448,465,deeponet_linear,20260922,True,primary,0.5,000001.SZ,liquidity,unseen_q
20260506,0.5869261622428894,2.957770824432373,2.229897975921631,0.7609034267912773,0.7609034267912773,428,deeponet_linear,20260922,True,primary,0.8999999761581421,000001.SZ,liquidity,unseen_q
20260507,0.6611970663070679,2.644225597381592,1.6522895097732544,0.7224606580829758,0.7224606580829758,466,deeponet_linear,20260922,True,primary,0.8999999761581421,000001.SZ,liquidity,unseen_q
20260508,0.7623085975646973,2.397580623626709,1.091204285621643,0.6519499632082413,0.6519499632082413,453,deeponet_linear,20260922,True,primary,0.8999999761581421,000001.SZ,liquidity,unseen_q
20260511,0.7564525604248047,2.87117338180542,1.6978352069854736,0.6984126984126985,0.6984126984126985,462,deeponet_linear,20260922,True,primary,0.8999999761581421,000001.SZ,liquidity,unseen_q
20260512,0.7232525944709778,2.5111711025238037,1.3308324813842773,0.690631808278867,0.690631808278867,459,deeponet_linear,20260922,True,primary,0.8999999761581421,000001.SZ,liquidity,unseen_q
20260513,0.5248749256134033,2.1599624156951904,1.387765645980835,0.7211469534050179,0.7211469534050179,465,deeponet_linear,20260922,True,primary,0.8999999761581421,000001.SZ,liquidity,unseen_q
20260514,0.7449705004692078,2.594089984893799,1.3801865577697754,0.6904761904761905,0.6904761904761905,462,deeponet_linear,20260922,True,primary,0.8999999761581421,000001.SZ,liquidity,unseen_q
20260515,0.5896289944648743,2.940129518508911,2.201089382171631,0.8043478260869565,0.8043478260869565,460,deeponet_linear,20260922,True,primary,0.8999999761581421,000001.SZ,liquidity,unseen_q
20260518,0.5569278597831726,2.9468507766723633,2.2912437915802,0.7647058823529411,0.7647058823529411,442,deeponet_linear,20260922,True,primary,0.8999999761581421,000001.SZ,liquidity,unseen_q
20260519,0.5284320712089539,3.0932085514068604,2.5454306602478027,0.8293736501079914,0.8293736501079914,463,deeponet_linear,20260922,True,primary,0.8999999761581421,000001.SZ,liquidity,unseen_q
20260520,0.5100835561752319,2.748163938522339,2.1599960327148438,0.8065934065934066,0.8065934065934066,455,deeponet_linear,20260922,True,primary,0.8999999761581421,000001.SZ,liquidity,unseen_q
20260521,0.5596389770507812,2.8525359630584717,2.1665725708007812,0.7978494623655914,0.7978494623655914,465,deeponet_linear,20260922,True,primary,0.8999999761581421,000001.SZ,liquidity,unseen_q
20260522,0.5288898944854736,3.220365285873413,2.7032320499420166,0.8239942528735632,0.8239942528735632,464,deeponet_linear,20260922,True,primary,0.8999999761581421,000001.SZ,liquidity,unseen_q
20260525,0.5639313459396362,2.7605738639831543,2.040889024734497,0.7635574837310195,0.7635574837310195,461,deeponet_linear,20260922,True,primary,0.8999999761581421,000001.SZ,liquidity,unseen_q
20260526,0.5668014287948608,2.9181764125823975,2.2307169437408447,0.7844827586206896,0.7844827586206896,464,deeponet_linear,20260922,True,primary,0.8999999761581421,000001.SZ,liquidity,unseen_q
20260528,0.48338696360588074,2.951887369155884,2.4813919067382812,0.8599137931034483,0.8599137931034483,464,deeponet_linear,20260922,True,primary,0.8999999761581421,000001.SZ,liquidity,unseen_q
20260529,0.5750271677970886,3.4322986602783203,2.8528056144714355,0.8222222222222222,0.8222222222222222,465,deeponet_linear,20260922,True,primary,0.8999999761581421,000001.SZ,liquidity,unseen_q
20260506,0.6438392400741577,1.2876784801483154,0.09365702420473099,0.5589304257528557,0.5589304257528557,428,deeponet_linear,20260922,True,all_queries_diagnostic,0.5,000001.SZ,liquidity,unseen_q
20260507,0.7491979002952576,1.4983958005905151,-0.2336723357439041,0.4742489270386266,0.4742489270386266,466,deeponet_linear,20260922,True,all_queries_diagnostic,0.5,000001.SZ,liquidity,unseen_q
20260508,0.7296394109725952,1.4592788219451904,-0.30124127864837646,0.4530291881285259,0.4530291881285259,453,deeponet_linear,20260922,True,all_queries_diagnostic,0.5,000001.SZ,liquidity,unseen_q
20260511,0.7884427309036255,1.576885461807251,-0.34282925724983215,0.45550745550745547,0.45550745550745547,462,deeponet_linear,20260922,True,all_queries_diagnostic,0.5,000001.SZ,liquidity,unseen_q
20260512,0.7797359824180603,1.5594719648361206,-0.25966107845306396,0.48317598644396026,0.48317598644396026,459,deeponet_linear,20260922,True,all_queries_diagnostic,0.5,000001.SZ,liquidity,unseen_q
20260513,0.5669360756874084,1.133872151374817,-0.05049259588122368,0.5283154121863799,0.5283154121863799,465,deeponet_linear,20260922,True,all_queries_diagnostic,0.5,000001.SZ,liquidity,unseen_q
20260514,0.788193941116333,1.576387882232666,-0.28647494316101074,0.49446849446849445,0.49446849446849445,462,deeponet_linear,20260922,True,all_queries_diagnostic,0.5,000001.SZ,liquidity,unseen_q
20260515,0.7647814750671387,1.5295629501342773,0.003319181501865387,0.5297101449275362,0.529951690821256,460,deeponet_linear,20260922,True,all_queries_diagnostic,0.5,000001.SZ,liquidity,unseen_q
20260518,0.6629437208175659,1.3258874416351318,-0.023551855236291885,0.5530417295123177,0.5530417295123177,442,deeponet_linear,20260922,True,all_queries_diagnostic,0.5,000001.SZ,liquidity,unseen_q
20260519,0.6941306591033936,1.388261318206787,-0.020038103684782982,0.5382769378449724,0.5382769378449724,463,deeponet_linear,20260922,True,all_queries_diagnostic,0.5,000001.SZ,liquidity,unseen_q
20260520,0.6499969363212585,1.299993872642517,-0.04600479081273079,0.5213675213675214,0.5213675213675214,455,deeponet_linear,20260922,True,all_queries_diagnostic,0.5,000001.SZ,liquidity,unseen_q
20260521,0.7432923316955566,1.4865846633911133,0.1319689303636551,0.5553166069295101,0.5553166069295101,465,deeponet_linear,20260922,True,all_queries_diagnostic,0.5,000001.SZ,liquidity,unseen_q
20260522,0.7452728152275085,1.490545630455017,0.10844698548316956,0.5589080459770115,0.5589080459770115,464,deeponet_linear,20260922,True,all_queries_diagnostic,0.5,000001.SZ,liquidity,unseen_q
20260525,0.6660630106925964,1.3321260213851929,-0.07737188041210175,0.5225355507351169,0.5225355507351169,461,deeponet_linear,20260922,True,all_queries_diagnostic,0.5,000001.SZ,liquidity,unseen_q
20260526,0.7917805314064026,1.5835610628128052,0.0033607028890401125,0.5421455938697318,0.5421455938697318,464,deeponet_linear,20260922,True,all_queries_diagnostic,0.5,000001.SZ,liquidity,unseen_q
20260528,0.6700554490089417,1.3401108980178833,0.1827850490808487,0.6151819923371648,0.6151819923371648,464,deeponet_linear,20260922,True,all_queries_diagnostic,0.5,000001.SZ,liquidity,unseen_q
20260529,0.9023864269256592,1.8047728538513184,0.1472194641828537,0.5818399044205496,0.5818399044205496,465,deeponet_linear,20260922,True,all_queries_diagnostic,0.5,000001.SZ,liquidity,unseen_q
20260506,0.4445329010486603,2.5120153427124023,2.028687000274658,0.8678608515057114,0.8678608515057114,428,deeponet_linear,20260922,True,all_queries_diagnostic,0.8999999761581421,000001.SZ,liquidity,unseen_q
20260507,0.5103417634963989,2.5991249084472656,1.9730520248413086,0.8454935622317596,0.8454935622317596,466,deeponet_linear,20260922,True,all_queries_diagnostic,0.8999999761581421,000001.SZ,liquidity,unseen_q
20260508,0.5425651669502258,2.2458813190460205,1.4509389400482178,0.8128525876870248,0.8128525876870248,453,deeponet_linear,20260922,True,all_queries_diagnostic,0.8999999761581421,000001.SZ,liquidity,unseen_q
20260511,0.5602080225944519,2.8055055141448975,2.1063618659973145,0.8311688311688312,0.8311688311688312,462,deeponet_linear,20260922,True,all_queries_diagnostic,0.8999999761581421,000001.SZ,liquidity,unseen_q
20260512,0.5190545320510864,2.3603246212005615,1.652769684791565,0.8288549987896393,0.8288549987896393,459,deeponet_linear,20260922,True,all_queries_diagnostic,0.8999999761581421,000001.SZ,liquidity,unseen_q
20260513,0.3987596333026886,1.944644570350647,1.4339066743850708,0.850179211469534,0.850179211469534,465,deeponet_linear,20260922,True,all_queries_diagnostic,0.8999999761581421,000001.SZ,liquidity,unseen_q
20260514,0.5476415753364563,2.571448802947998,1.8452073335647583,0.8249158249158248,0.8249158249158248,462,deeponet_linear,20260922,True,all_queries_diagnostic,0.8999999761581421,000001.SZ,liquidity,unseen_q
20260515,0.5014620423316956,2.56787109375,1.9561837911605835,0.8528985507246376,0.8528985507246376,460,deeponet_linear,20260922,True,all_queries_diagnostic,0.8999999761581421,000001.SZ,liquidity,unseen_q
20260518,0.46057721972465515,2.7239227294921875,2.253460645675659,0.8740573152337858,0.8740573152337858,442,deeponet_linear,20260922,True,all_queries_diagnostic,0.8999999761581421,000001.SZ,liquidity,unseen_q
20260519,0.47395801544189453,2.9448535442352295,2.496171712875366,0.8814494840412767,0.8814494840412767,463,deeponet_linear,20260922,True,all_queries_diagnostic,0.8999999761581421,000001.SZ,liquidity,unseen_q
20260520,0.4437794089317322,2.627581834793091,2.1750288009643555,0.8691086691086691,0.8691086691086691,455,deeponet_linear,20260922,True,all_queries_diagnostic,0.8999999761581421,000001.SZ,liquidity,unseen_q
20260521,0.4637846350669861,2.456251621246338,1.9108531475067139,0.854958183990442,0.854958183990442,465,deeponet_linear,20260922,True,all_queries_diagnostic,0.8999999761581421,000001.SZ,liquidity,unseen_q
20260522,0.4642730951309204,2.846315383911133,2.3972115516662598,0.866139846743295,0.866139846743295,464,deeponet_linear,20260922,True,all_queries_diagnostic,0.8999999761581421,000001.SZ,liquidity,unseen_q
20260525,0.44406864047050476,2.5922882556915283,2.1301889419555664,0.8746685948421307,0.8746685948421307,461,deeponet_linear,20260922,True,all_queries_diagnostic,0.8999999761581421,000001.SZ,liquidity,unseen_q
20260526,0.49515944719314575,2.705170154571533,2.143564462661743,0.8579980842911877,0.8579980842911877,464,deeponet_linear,20260922,True,all_queries_diagnostic,0.8999999761581421,000001.SZ,liquidity,unseen_q
20260528,0.41207748651504517,2.5002052783966064,2.0950629711151123,0.9006226053639846,0.9006226053639846,464,deeponet_linear,20260922,True,all_queries_diagnostic,0.8999999761581421,000001.SZ,liquidity,unseen_q
20260529,0.5126943588256836,3.0962026119232178,2.588517427444458,0.8790919952210274,0.8790919952210274,465,deeponet_linear,20260922,True,all_queries_diagnostic,0.8999999761581421,000001.SZ,liquidity,unseen_q
20260506,1.0157004594802856,2.0314009189605713,0.3060953617095947,0.5700934579439252,0.5700934579439252,428,deeponet_linear,20260922,False,primary,0.5,000001.SZ,liquidity,unseen_q
20260507,1.0433907508850098,2.0867815017700195,-0.5419502854347229,0.43705293276108725,0.43705293276108725,466,deeponet_linear,20260922,False,primary,0.5,000001.SZ,liquidity,unseen_q
20260508,1.0348838567733765,2.069767713546753,-0.6509786248207092,0.41648270787343633,0.41648270787343633,453,deeponet_linear,20260922,False,primary,0.5,000001.SZ,liquidity,unseen_q
20260511,1.1482595205307007,2.2965190410614014,-0.7374541163444519,0.3737373737373737,0.3737373737373737,462,deeponet_linear,20260922,False,primary,0.5,000001.SZ,liquidity,unseen_q
20260512,1.1832040548324585,2.366408109664917,-0.5706517696380615,0.4538852578068265,0.4538852578068265,459,deeponet_linear,20260922,False,primary,0.5,000001.SZ,liquidity,unseen_q
20260513,0.8337600827217102,1.6675201654434204,-0.08806715160608292,0.5089605734767025,0.5089605734767025,465,deeponet_linear,20260922,False,primary,0.5,000001.SZ,liquidity,unseen_q
20260514,1.122223973274231,2.244447946548462,-0.7393895983695984,0.40981240981240985,0.40981240981240985,462,deeponet_linear,20260922,False,primary,0.5,000001.SZ,liquidity,unseen_q
20260515,1.0498615503311157,2.0997231006622314,0.2588467001914978,0.591304347826087,0.591304347826087,460,deeponet_linear,20260922,False,primary,0.5,000001.SZ,liquidity,unseen_q
20260518,0.9698134660720825,1.939626932144165,0.02730129286646843,0.5271493212669683,0.5271493212669683,442,deeponet_linear,20260922,False,primary,0.5,000001.SZ,liquidity,unseen_q
20260519,0.8832658529281616,1.7665317058563232,0.043522339314222336,0.5327573794096472,0.5327573794096472,463,deeponet_linear,20260922,False,primary,0.5,000001.SZ,liquidity,unseen_q
20260520,0.8466925621032715,1.693385124206543,-0.04847453534603119,0.5413919413919415,0.5413919413919415,455,deeponet_linear,20260922,False,primary,0.5,000001.SZ,liquidity,unseen_q
20260521,1.0079246759414673,2.0158493518829346,0.39751577377319336,0.6387096774193548,0.6387096774193548,465,deeponet_linear,20260922,False,primary,0.5,000001.SZ,liquidity,unseen_q
20260522,1.0039782524108887,2.0079565048217773,0.4275049865245819,0.603448275862069,0.603448275862069,464,deeponet_linear,20260922,False,primary,0.5,000001.SZ,liquidity,unseen_q
20260525,0.9855165481567383,1.9710330963134766,-0.1540365219116211,0.4960231381055676,0.4960231381055676,461,deeponet_linear,20260922,False,primary,0.5,000001.SZ,liquidity,unseen_q
20260526,1.0476452112197876,2.095290422439575,0.10275262594223022,0.5272988505747126,0.5272988505747126,464,deeponet_linear,20260922,False,primary,0.5,000001.SZ,liquidity,unseen_q
20260528,0.9894229173660278,1.9788458347320557,0.5801113247871399,0.6566091954022989,0.6566091954022989,464,deeponet_linear,20260922,False,primary,0.5,000001.SZ,liquidity,unseen_q
20260529,1.1817004680633545,2.363400936126709,0.4255306124687195,0.6028673835125448,0.6028673835125448,465,deeponet_linear,20260922,False,primary,0.5,000001.SZ,liquidity,unseen_q
20260506,0.5869261622428894,2.957770824432373,2.229897975921631,0.7609034267912773,0.7609034267912773,428,deeponet_linear,20260922,False,primary,0.8999999761581421,000001.SZ,liquidity,unseen_q
20260507,0.6611970663070679,2.644225597381592,1.6522895097732544,0.7224606580829758,0.7224606580829758,466,deeponet_linear,20260922,False,primary,0.8999999761581421,000001.SZ,liquidity,unseen_q
20260508,0.7623092532157898,2.3975868225097656,1.0912103652954102,0.6519499632082413,0.6519499632082413,453,deeponet_linear,20260922,False,primary,0.8999999761581421,000001.SZ,liquidity,unseen_q
20260511,0.7564525604248047,2.87117338180542,1.6978352069854736,0.6984126984126985,0.6984126984126985,462,deeponet_linear,20260922,False,primary,0.8999999761581421,000001.SZ,liquidity,unseen_q
20260512,0.7232525944709778,2.5111711025238037,1.3308324813842773,0.690631808278867,0.690631808278867,459,deeponet_linear,20260922,False,primary,0.8999999761581421,000001.SZ,liquidity,unseen_q
20260513,0.5248749256134033,2.1599624156951904,1.387765645980835,0.7211469534050179,0.7211469534050179,465,deeponet_linear,20260922,False,primary,0.8999999761581421,000001.SZ,liquidity,unseen_q
20260514,0.7449705004692078,2.594089984893799,1.3801865577697754,0.6904761904761905,0.6904761904761905,462,deeponet_linear,20260922,False,primary,0.8999999761581421,000001.SZ,liquidity,unseen_q
20260515,0.5891911387443542,2.9396982192993164,2.2016453742980957,0.8072463768115942,0.8072463768115942,460,deeponet_linear,20260922,False,primary,0.8999999761581421,000001.SZ,liquidity,unseen_q
20260518,0.5569278597831726,2.9468507766723633,2.2912437915802,0.7647058823529411,0.7647058823529411,442,deeponet_linear,20260922,False,primary,0.8999999761581421,000001.SZ,liquidity,unseen_q
20260519,0.5284320712089539,3.0932085514068604,2.5454306602478027,0.8293736501079914,0.8293736501079914,463,deeponet_linear,20260922,False,primary,0.8999999761581421,000001.SZ,liquidity,unseen_q
20260520,0.5100144743919373,2.748100996017456,2.160090446472168,0.8095238095238095,0.8095238095238095,455,deeponet_linear,20260922,False,primary,0.8999999761581421,000001.SZ,liquidity,unseen_q
20260521,0.5596757531166077,2.8529043197631836,2.166940927505493,0.7978494623655914,0.7978494623655914,465,deeponet_linear,20260922,False,primary,0.8999999761581421,000001.SZ,liquidity,unseen_q
20260522,0.5288898944854736,3.220365285873413,2.7032320499420166,0.8239942528735632,0.8239942528735632,464,deeponet_linear,20260922,False,primary,0.8999999761581421,000001.SZ,liquidity,unseen_q
20260525,0.5639313459396362,2.7605738639831543,2.040889024734497,0.7635574837310195,0.7635574837310195,461,deeponet_linear,20260922,False,primary,0.8999999761581421,000001.SZ,liquidity,unseen_q
20260526,0.5668014287948608,2.9181764125823975,2.2307169437408447,0.7844827586206896,0.7844827586206896,464,deeponet_linear,20260922,False,primary,0.8999999761581421,000001.SZ,liquidity,unseen_q
20260528,0.4833920896053314,2.9519383907318115,2.481443166732788,0.8599137931034483,0.8599137931034483,464,deeponet_linear,20260922,False,primary,0.8999999761581421,000001.SZ,liquidity,unseen_q
20260529,0.5750271677970886,3.4322986602783203,2.8528056144714355,0.8222222222222222,0.8222222222222222,465,deeponet_linear,20260922,False,primary,0.8999999761581421,000001.SZ,liquidity,unseen_q
20260506,0.6438392400741577,1.2876784801483154,0.09365702420473099,0.5589304257528557,0.5589304257528557,428,deeponet_linear,20260922,False,all_queries_diagnostic,0.5,000001.SZ,liquidity,unseen_q
20260507,0.7491979002952576,1.4983958005905151,-0.23367232084274292,0.4742489270386266,0.4742489270386266,466,deeponet_linear,20260922,False,all_queries_diagnostic,0.5,000001.SZ,liquidity,unseen_q
20260508,0.729638397693634,1.459276795387268,-0.3012472689151764,0.4530291881285259,0.4530291881285259,453,deeponet_linear,20260922,False,all_queries_diagnostic,0.5,000001.SZ,liquidity,unseen_q
20260511,0.7884427309036255,1.576885461807251,-0.34282925724983215,0.45550745550745547,0.45550745550745547,462,deeponet_linear,20260922,False,all_queries_diagnostic,0.5,000001.SZ,liquidity,unseen_q
20260512,0.7797359824180603,1.5594719648361206,-0.25966107845306396,0.48317598644396026,0.48317598644396026,459,deeponet_linear,20260922,False,all_queries_diagnostic,0.5,000001.SZ,liquidity,unseen_q
20260513,0.5669360756874084,1.133872151374817,-0.05049259588122368,0.5283154121863799,0.5283154121863799,465,deeponet_linear,20260922,False,all_queries_diagnostic,0.5,000001.SZ,liquidity,unseen_q
20260514,0.788193941116333,1.576387882232666,-0.28647494316101074,0.49446849446849445,0.49446849446849445,462,deeponet_linear,20260922,False,all_queries_diagnostic,0.5,000001.SZ,liquidity,unseen_q
20260515,0.7649081945419312,1.5298163890838623,0.0027604729402810335,0.52487922705314,0.5251207729468599,460,deeponet_linear,20260922,False,all_queries_diagnostic,0.5,000001.SZ,liquidity,unseen_q
20260518,0.6629437208175659,1.3258874416351318,-0.023551855236291885,0.5530417295123177,0.5530417295123177,442,deeponet_linear,20260922,False,all_queries_diagnostic,0.5,000001.SZ,liquidity,unseen_q
20260519,0.6941200494766235,1.388240098953247,-0.020038103684782982,0.5382769378449724,0.5382769378449724,463,deeponet_linear,20260922,False,all_queries_diagnostic,0.5,000001.SZ,liquidity,unseen_q
20260520,0.6500276923179626,1.3000553846359253,-0.04609915241599083,0.5186813186813187,0.5186813186813187,455,deeponet_linear,20260922,False,all_queries_diagnostic,0.5,000001.SZ,liquidity,unseen_q
20260521,0.7432903051376343,1.4865806102752686,0.13159899413585663,0.5536439665471924,0.5536439665471924,465,deeponet_linear,20260922,False,all_queries_diagnostic,0.5,000001.SZ,liquidity,unseen_q
20260522,0.7452728152275085,1.490545630455017,0.10844698548316956,0.5589080459770115,0.5589080459770115,464,deeponet_linear,20260922,False,all_queries_diagnostic,0.5,000001.SZ,liquidity,unseen_q
20260525,0.6660630106925964,1.3321260213851929,-0.07737188041210175,0.5225355507351169,0.5225355507351169,461,deeponet_linear,20260922,False,all_queries_diagnostic,0.5,000001.SZ,liquidity,unseen_q
20260526,0.7917805314064026,1.5835610628128052,0.0033607028890401125,0.5421455938697318,0.5421455938697318,464,deeponet_linear,20260922,False,all_queries_diagnostic,0.5,000001.SZ,liquidity,unseen_q
20260528,0.6700518131256104,1.3401036262512207,0.18273386359214783,0.6149425287356322,0.6149425287356322,464,deeponet_linear,20260922,False,all_queries_diagnostic,0.5,000001.SZ,liquidity,unseen_q
20260529,0.9023864269256592,1.8047728538513184,0.1472194641828537,0.5818399044205496,0.5818399044205496,465,deeponet_linear,20260922,False,all_queries_diagnostic,0.5,000001.SZ,liquidity,unseen_q
20260506,0.4445329010486603,2.5120153427124023,2.028687000274658,0.8678608515057114,0.8678608515057114,428,deeponet_linear,20260922,False,all_queries_diagnostic,0.8999999761581421,000001.SZ,liquidity,unseen_q
20260507,0.5103417634963989,2.5991249084472656,1.9730520248413086,0.8454935622317596,0.8454935622317596,466,deeponet_linear,20260922,False,all_queries_diagnostic,0.8999999761581421,000001.SZ,liquidity,unseen_q
20260508,0.5425630211830139,2.2458817958831787,1.4509450197219849,0.8130978660779985,0.8130978660779985,453,deeponet_linear,20260922,False,all_queries_diagnostic,0.8999999761581421,000001.SZ,liquidity,unseen_q
20260511,0.5602080225944519,2.8055055141448975,2.1063618659973145,0.8311688311688312,0.8311688311688312,462,deeponet_linear,20260922,False,all_queries_diagnostic,0.8999999761581421,000001.SZ,liquidity,unseen_q
20260512,0.5190545320510864,2.3603246212005615,1.652769684791565,0.8288549987896393,0.8288549987896393,459,deeponet_linear,20260922,False,all_queries_diagnostic,0.8999999761581421,000001.SZ,liquidity,unseen_q
20260513,0.3987596333026886,1.944644570350647,1.4339066743850708,0.850179211469534,0.850179211469534,465,deeponet_linear,20260922,False,all_queries_diagnostic,0.8999999761581421,000001.SZ,liquidity,unseen_q
20260514,0.5476415753364563,2.571448802947998,1.8452073335647583,0.8249158249158248,0.8249158249158248,462,deeponet_linear,20260922,False,all_queries_diagnostic,0.8999999761581421,000001.SZ,liquidity,unseen_q
20260515,0.5009584426879883,2.5673108100891113,1.956742525100708,0.8577294685990338,0.8577294685990338,460,deeponet_linear,20260922,False,all_queries_diagnostic,0.8999999761581421,000001.SZ,liquidity,unseen_q
20260518,0.46057721972465515,2.7239227294921875,2.253460645675659,0.8740573152337858,0.8740573152337858,442,deeponet_linear,20260922,False,all_queries_diagnostic,0.8999999761581421,000001.SZ,liquidity,unseen_q
20260519,0.47395801544189453,2.9448535442352295,2.496171712875366,0.8814494840412767,0.8814494840412767,463,deeponet_linear,20260922,False,all_queries_diagnostic,0.8999999761581421,000001.SZ,liquidity,unseen_q
20260520,0.44371089339256287,2.6275200843811035,2.1751229763031006,0.8717948717948718,0.8717948717948718,455,deeponet_linear,20260922,False,all_queries_diagnostic,0.8999999761581421,000001.SZ,liquidity,unseen_q
20260521,0.46363863348960876,2.4562554359436035,1.9112231731414795,0.8566308243727598,0.8566308243727598,465,deeponet_linear,20260922,False,all_queries_diagnostic,0.8999999761581421,000001.SZ,liquidity,unseen_q
20260522,0.4642730951309204,2.846315383911133,2.3972115516662598,0.866139846743295,0.866139846743295,464,deeponet_linear,20260922,False,all_queries_diagnostic,0.8999999761581421,000001.SZ,liquidity,unseen_q
20260525,0.44406864047050476,2.5922882556915283,2.1301889419555664,0.8746685948421307,0.8746685948421307,461,deeponet_linear,20260922,False,all_queries_diagnostic,0.8999999761581421,000001.SZ,liquidity,unseen_q
20260526,0.49515944719314575,2.705170154571533,2.143564462661743,0.8579980842911877,0.8579980842911877,464,deeponet_linear,20260922,False,all_queries_diagnostic,0.8999999761581421,000001.SZ,liquidity,unseen_q
20260528,0.41206061840057373,2.5002126693725586,2.095114231109619,0.9008620689655172,0.9008620689655172,464,deeponet_linear,20260922,False,all_queries_diagnostic,0.8999999761581421,000001.SZ,liquidity,unseen_q
20260529,0.5126943588256836,3.0962026119232178,2.588517427444458,0.8790919952210274,0.8790919952210274,465,deeponet_linear,20260922,False,all_queries_diagnostic,0.8999999761581421,000001.SZ,liquidity,unseen_q
20260506,0.5107576847076416,1.0215153694152832,-0.01772773265838623,0.5280373831775701,0.5280373831775701,428,deeponet_residual_linear,20260922,True,primary,0.5,000001.SZ,liquidity,unseen_q
20260507,0.6240227818489075,1.248045563697815,-0.06637939810752869,0.4713876967095851,0.4713876967095851,466,deeponet_residual_linear,20260922,True,primary,0.5,000001.SZ,liquidity,unseen_q
20260508,0.6259546875953674,1.2519093751907349,-0.17190048098564148,0.4540103016924209,0.4540103016924209,453,deeponet_residual_linear,20260922,True,primary,0.5,000001.SZ,liquidity,unseen_q
20260511,0.6686890721321106,1.3373781442642212,-0.15743635594844818,0.45021645021645024,0.45021645021645024,462,deeponet_residual_linear,20260922,True,primary,0.5,000001.SZ,liquidity,unseen_q
20260512,0.6608391404151917,1.3216782808303833,-0.12277345359325409,0.5018155410312273,0.5018155410312273,459,deeponet_residual_linear,20260922,True,primary,0.5,000001.SZ,liquidity,unseen_q
20260513,0.5128923058509827,1.0257846117019653,-0.01706300489604473,0.5448028673835125,0.5448028673835125,465,deeponet_residual_linear,20260922,True,primary,0.5,000001.SZ,liquidity,unseen_q
20260514,0.6356192827224731,1.2712385654449463,-0.04562389850616455,0.4942279942279942,0.4942279942279942,462,deeponet_residual_linear,20260922,True,primary,0.5,000001.SZ,liquidity,unseen_q
20260515,0.6533390283584595,1.306678056716919,-0.10439595580101013,0.5268115942028985,0.5268115942028985,460,deeponet_residual_linear,20260922,True,primary,0.5,000001.SZ,liquidity,unseen_q
20260518,0.535024881362915,1.07004976272583,-0.08541367948055267,0.5392156862745098,0.5392156862745098,442,deeponet_residual_linear,20260922,True,primary,0.5,000001.SZ,liquidity,unseen_q
20260519,0.6079285740852356,1.2158571481704712,-0.05516998842358589,0.5111591072714182,0.5111591072714182,463,deeponet_residual_linear,20260922,True,primary,0.5,000001.SZ,liquidity,unseen_q
20260520,0.5701851844787598,1.1403703689575195,-0.05783568695187569,0.493040293040293,0.493040293040293,455,deeponet_residual_linear,20260922,True,primary,0.5,000001.SZ,liquidity,unseen_q
20260521,0.6135507822036743,1.2271015644073486,-0.03915895149111748,0.5197132616487455,0.5197132616487455,465,deeponet_residual_linear,20260922,True,primary,0.5,000001.SZ,liquidity,unseen_q
20260522,0.6244302988052368,1.2488605976104736,-0.03335099294781685,0.5445402298850575,0.5445402298850575,464,deeponet_residual_linear,20260922,True,primary,0.5,000001.SZ,liquidity,unseen_q
20260525,0.5274814963340759,1.0549629926681519,-0.03058629296720028,0.4967462039045553,0.4967462039045553,461,deeponet_residual_linear,20260922,True,primary,0.5,000001.SZ,liquidity,unseen_q
20260526,0.7129898071289062,1.4259796142578125,-0.05256194993853569,0.5373563218390804,0.5373563218390804,464,deeponet_residual_linear,20260922,True,primary,0.5,000001.SZ,liquidity,unseen_q
20260528,0.563865065574646,1.127730131149292,-0.0049563925713300705,0.5811781609195402,0.5811781609195402,464,deeponet_residual_linear,20260922,True,primary,0.5,000001.SZ,liquidity,unseen_q
20260529,0.8376959562301636,1.6753919124603271,-0.024417247623205185,0.5433691756272401,0.5433691756272401,465,deeponet_residual_linear,20260922,True,primary,0.5,000001.SZ,liquidity,unseen_q
20260506,0.38877543807029724,2.302410840988159,1.9060750007629395,0.9213395638629283,0.9213395638629283,428,deeponet_residual_linear,20260922,True,primary,0.8999999761581421,000001.SZ,liquidity,unseen_q
20260507,0.41907575726509094,2.5404396057128906,2.1278603076934814,0.9134477825464951,0.9134477825464951,466,deeponet_residual_linear,20260922,True,primary,0.8999999761581421,000001.SZ,liquidity,unseen_q
20260508,0.46699389815330505,2.190208673477173,1.5702762603759766,0.8785871964679912,0.8785871964679912,453,deeponet_residual_linear,20260922,True,primary,0.8999999761581421,000001.SZ,liquidity,unseen_q
20260511,0.4707831144332886,2.763848304748535,2.277853012084961,0.8867243867243868,0.8867243867243868,462,deeponet_residual_linear,20260922,True,primary,0.8999999761581421,000001.SZ,liquidity,unseen_q
20260512,0.4499865174293518,2.322941780090332,1.7787108421325684,0.8867102396514162,0.8867102396514162,459,deeponet_residual_linear,20260922,True,primary,0.8999999761581421,000001.SZ,liquidity,unseen_q
20260513,0.3582422137260437,1.8835002183914185,1.4587699174880981,0.896774193548387,0.896774193548387,465,deeponet_residual_linear,20260922,True,primary,0.8999999761581421,000001.SZ,liquidity,unseen_q
20260514,0.4426320493221283,2.5444257259368896,2.0739521980285645,0.8939393939393939,0.8939393939393939,462,deeponet_residual_linear,20260922,True,primary,0.8999999761581421,000001.SZ,liquidity,unseen_q
20260515,0.4549834430217743,2.3797996044158936,1.8372907638549805,0.8731884057971014,0.8731884057971014,460,deeponet_residual_linear,20260922,True,primary,0.8999999761581421,000001.SZ,liquidity,unseen_q
20260518,0.401309609413147,2.5454421043395996,2.1785290241241455,0.9245852187028658,0.9245852187028658,442,deeponet_residual_linear,20260922,True,primary,0.8999999761581421,000001.SZ,liquidity,unseen_q
20260519,0.4340333342552185,2.8254570960998535,2.4467382431030273,0.912167026637869,0.912167026637869,463,deeponet_residual_linear,20260922,True,primary,0.8999999761581421,000001.SZ,liquidity,unseen_q
20260520,0.40813568234443665,2.5367038249969482,2.150540590286255,0.895970695970696,0.895970695970696,455,deeponet_residual_linear,20260922,True,primary,0.8999999761581421,000001.SZ,liquidity,unseen_q
20260521,0.3973275125026703,2.178278684616089,1.7295297384262085,0.8781362007168458,0.8781362007168458,465,deeponet_residual_linear,20260922,True,primary,0.8999999761581421,000001.SZ,liquidity,unseen_q
20260522,0.42357727885246277,2.6410553455352783,2.2423760890960693,0.9001436781609196,0.9001436781609196,464,deeponet_residual_linear,20260922,True,primary,0.8999999761581421,000001.SZ,liquidity,unseen_q
20260525,0.3722535967826843,2.475978374481201,2.164339303970337,0.9313087490961677,0.9313087490961677,461,deeponet_residual_linear,20260922,True,primary,0.8999999761581421,000001.SZ,liquidity,unseen_q
20260526,0.47444894909858704,2.609219789505005,2.07540225982666,0.889367816091954,0.889367816091954,464,deeponet_residual_linear,20260922,True,primary,0.8999999761581421,000001.SZ,liquidity,unseen_q
20260528,0.3884199857711792,2.293858289718628,1.8962730169296265,0.9166666666666666,0.9166666666666666,464,deeponet_residual_linear,20260922,True,primary,0.8999999761581421,000001.SZ,liquidity,unseen_q
20260529,0.5106185078620911,2.9435231685638428,2.402857780456543,0.8982078853046596,0.8982078853046596,465,deeponet_residual_linear,20260922,True,primary,0.8999999761581421,000001.SZ,liquidity,unseen_q
20260506,0.4755249619483948,0.9510499238967896,-0.01428401842713356,0.5449117341640707,0.5449117341640707,428,deeponet_residual_linear,20260922,True,all_queries_diagnostic,0.5,000001.SZ,liquidity,unseen_q
20260507,0.6094086170196533,1.2188172340393066,-0.07514871656894684,0.4856938483547925,0.4856938483547925,466,deeponet_residual_linear,20260922,True,all_queries_diagnostic,0.5,000001.SZ,liquidity,unseen_q
20260508,0.5933286547660828,1.1866573095321655,-0.14155061542987823,0.46553838606818737,0.46553838606818737,453,deeponet_residual_linear,20260922,True,all_queries_diagnostic,0.5,000001.SZ,liquidity,unseen_q
20260511,0.6285858750343323,1.2571717500686646,-0.14949001371860504,0.48100048100048104,0.48100048100048104,462,deeponet_residual_linear,20260922,True,all_queries_diagnostic,0.5,000001.SZ,liquidity,unseen_q
20260512,0.6056143045425415,1.211228609085083,-0.11036830395460129,0.4991527475187606,0.4991527475187606,459,deeponet_residual_linear,20260922,True,all_queries_diagnostic,0.5,000001.SZ,liquidity,unseen_q
20260513,0.45998015999794006,0.9199603199958801,-0.026824550703167915,0.54026284348865,0.54026284348865,465,deeponet_residual_linear,20260922,True,all_queries_diagnostic,0.5,000001.SZ,liquidity,unseen_q
20260514,0.6259924173355103,1.2519848346710205,-0.05521971732378006,0.5226070226070225,0.5226070226070225,462,deeponet_residual_linear,20260922,True,all_queries_diagnostic,0.5,000001.SZ,liquidity,unseen_q
20260515,0.6326791048049927,1.2653582096099854,-0.11794701218605042,0.5072463768115941,0.507487922705314,460,deeponet_residual_linear,20260922,True,all_queries_diagnostic,0.5,000001.SZ,liquidity,unseen_q
20260518,0.518014132976532,1.036028265953064,-0.061123523861169815,0.5570638511814983,0.5570638511814983,442,deeponet_residual_linear,20260922,True,all_queries_diagnostic,0.5,000001.SZ,liquidity,unseen_q
20260519,0.6023515462875366,1.2047030925750732,-0.05293554812669754,0.5310775137988961,0.5310775137988961,463,deeponet_residual_linear,20260922,True,all_queries_diagnostic,0.5,000001.SZ,liquidity,unseen_q
20260520,0.5578382611274719,1.1156765222549438,-0.04915662109851837,0.5042735042735043,0.5042735042735043,455,deeponet_residual_linear,20260922,True,all_queries_diagnostic,0.5,000001.SZ,liquidity,unseen_q
20260521,0.6117729544639587,1.2235459089279175,-0.013712048530578613,0.5156511350059737,0.5156511350059737,465,deeponet_residual_linear,20260922,True,all_queries_diagnostic,0.5,000001.SZ,liquidity,unseen_q
20260522,0.6187568306922913,1.2375136613845825,-0.045171670615673065,0.539272030651341,0.539272030651341,464,deeponet_residual_linear,20260922,True,all_queries_diagnostic,0.5,000001.SZ,liquidity,unseen_q
20260525,0.5133846998214722,1.0267693996429443,-0.03622180595993996,0.5227765726681128,0.5227765726681128,461,deeponet_residual_linear,20260922,True,all_queries_diagnostic,0.5,000001.SZ,liquidity,unseen_q
20260526,0.6802287101745605,1.360457420349121,-0.048410821706056595,0.5454980842911877,0.5454980842911877,464,deeponet_residual_linear,20260922,True,all_queries_diagnostic,0.5,000001.SZ,liquidity,unseen_q
20260528,0.5281943678855896,1.0563887357711792,-0.012254584580659866,0.5900383141762452,0.5900383141762452,464,deeponet_residual_linear,20260922,True,all_queries_diagnostic,0.5,000001.SZ,liquidity,unseen_q
20260529,0.7877182364463806,1.5754364728927612,-0.0027631414122879505,0.5620071684587813,0.5620071684587813,465,deeponet_residual_linear,20260922,True,all_queries_diagnostic,0.5,000001.SZ,liquidity,unseen_q
20260506,0.3784826695919037,2.2935619354248047,1.9207459688186646,0.9213395638629283,0.9213395638629283,428,deeponet_residual_linear,20260922,True,all_queries_diagnostic,0.8999999761581421,000001.SZ,liquidity,unseen_q
20260507,0.429634690284729,2.5645298957824707,2.131575584411621,0.9091559370529328,0.9091559370529328,466,deeponet_residual_linear,20260922,True,all_queries_diagnostic,0.8999999761581421,000001.SZ,liquidity,unseen_q
20260508,0.4441269338130951,2.176757574081421,1.610629677772522,0.8883983321069414,0.8883983321069414,453,deeponet_residual_linear,20260922,True,all_queries_diagnostic,0.8999999761581421,000001.SZ,liquidity,unseen_q
20260511,0.46498483419418335,2.769730567932129,2.29970121383667,0.8939393939393939,0.8939393939393939,462,deeponet_residual_linear,20260922,True,all_queries_diagnostic,0.8999999761581421,000001.SZ,liquidity,unseen_q
20260512,0.42796584963798523,2.297581672668457,1.8020625114440918,0.8942144759138223,0.8942144759138223,459,deeponet_residual_linear,20260922,True,all_queries_diagnostic,0.8999999761581421,000001.SZ,liquidity,unseen_q
20260513,0.3432154059410095,1.8524905443191528,1.4575746059417725,0.9087216248506571,0.9087216248506571,465,deeponet_residual_linear,20260922,True,all_queries_diagnostic,0.8999999761581421,000001.SZ,liquidity,unseen_q
20260514,0.4468621015548706,2.554894208908081,2.076462507247925,0.8927368927368927,0.8927368927368927,462,deeponet_residual_linear,20260922,True,all_queries_diagnostic,0.8999999761581421,000001.SZ,liquidity,unseen_q
20260515,0.45658019185066223,2.381094455718994,1.834917664527893,0.8758454106280193,0.8758454106280193,460,deeponet_residual_linear,20260922,True,all_queries_diagnostic,0.8999999761581421,000001.SZ,liquidity,unseen_q
20260518,0.4087044894695282,2.5901198387145996,2.2158889770507812,0.9273504273504274,0.9273504273504274,442,deeponet_residual_linear,20260922,True,all_queries_diagnostic,0.8999999761581421,000001.SZ,liquidity,unseen_q
20260519,0.4424917697906494,2.855602979660034,2.4632744789123535,0.9090472762179025,0.9090472762179025,463,deeponet_residual_linear,20260922,True,all_queries_diagnostic,0.8999999761581421,000001.SZ,liquidity,unseen_q
20260520,0.4097967743873596,2.5570948123931885,2.171876907348633,0.8989010989010989,0.8989010989010989,455,deeponet_residual_linear,20260922,True,all_queries_diagnostic,0.8999999761581421,000001.SZ,liquidity,unseen_q
20260521,0.4096808135509491,2.231499433517456,1.7651721239089966,0.8817204301075269,0.8817204301075269,465,deeponet_residual_linear,20260922,True,all_queries_diagnostic,0.8999999761581421,000001.SZ,liquidity,unseen_q
20260522,0.4291688799858093,2.653211832046509,2.2435929775238037,0.8915229885057472,0.8915229885057472,464,deeponet_residual_linear,20260922,True,all_queries_diagnostic,0.8999999761581421,000001.SZ,liquidity,unseen_q
20260525,0.38017603754997253,2.4974231719970703,2.1713390350341797,0.93058568329718,0.93058568329718,461,deeponet_residual_linear,20260922,True,all_queries_diagnostic,0.8999999761581421,000001.SZ,liquidity,unseen_q
20260526,0.4643752872943878,2.602184772491455,2.0917928218841553,0.8929597701149425,0.8929597701149425,464,deeponet_residual_linear,20260922,True,all_queries_diagnostic,0.8999999761581421,000001.SZ,liquidity,unseen_q
20260528,0.38042181730270386,2.280862331390381,1.900023341178894,0.9195402298850575,0.9195402298850575,464,deeponet_residual_linear,20260922,True,all_queries_diagnostic,0.8999999761581421,000001.SZ,liquidity,unseen_q
20260529,0.4912247955799103,2.9332773685455322,2.438534736633301,0.9044205495818399,0.9044205495818399,465,deeponet_residual_linear,20260922,True,all_queries_diagnostic,0.8999999761581421,000001.SZ,liquidity,unseen_q
20260506,0.5107445120811462,1.0214890241622925,-0.017640795558691025,0.5280373831775701,0.5280373831775701,428,deeponet_residual_linear,20260922,False,primary,0.5,000001.SZ,liquidity,unseen_q
20260507,0.6239750385284424,1.2479500770568848,-0.06622648239135742,0.47353361945636624,0.47353361945636624,466,deeponet_residual_linear,20260922,False,primary,0.5,000001.SZ,liquidity,unseen_q
20260508,0.6259185671806335,1.251837134361267,-0.1717970222234726,0.45695364238410596,0.45695364238410596,453,deeponet_residual_linear,20260922,False,primary,0.5,000001.SZ,liquidity,unseen_q
20260511,0.6686999201774597,1.3373998403549194,-0.15741382539272308,0.4509379509379509,0.4509379509379509,462,deeponet_residual_linear,20260922,False,primary,0.5,000001.SZ,liquidity,unseen_q
20260512,0.6608628034591675,1.321725606918335,-0.12256137281656265,0.5061728395061728,0.5061728395061728,459,deeponet_residual_linear,20260922,False,primary,0.5,000001.SZ,liquidity,unseen_q
20260513,0.5128892064094543,1.0257784128189087,-0.01699472777545452,0.5491039426523298,0.5491039426523298,465,deeponet_residual_linear,20260922,False,primary,0.5,000001.SZ,liquidity,unseen_q
20260514,0.6356501579284668,1.2713003158569336,-0.0455157607793808,0.49855699855699853,0.49855699855699853,462,deeponet_residual_linear,20260922,False,primary,0.5,000001.SZ,liquidity,unseen_q
20260515,0.6536738276481628,1.3073476552963257,-0.1046934723854065,0.5231884057971015,0.5231884057971015,460,deeponet_residual_linear,20260922,False,primary,0.5,000001.SZ,liquidity,unseen_q
20260518,0.535082221031189,1.070164442062378,-0.0850851759314537,0.5467571644042232,0.5467571644042232,442,deeponet_residual_linear,20260922,False,primary,0.5,000001.SZ,liquidity,unseen_q
20260519,0.6079963445663452,1.2159926891326904,-0.055139537900686264,0.5118790496760259,0.5118790496760259,463,deeponet_residual_linear,20260922,False,primary,0.5,000001.SZ,liquidity,unseen_q
20260520,0.5702210068702698,1.1404420137405396,-0.05768966302275658,0.49597069597069593,0.49597069597069593,455,deeponet_residual_linear,20260922,False,primary,0.5,000001.SZ,liquidity,unseen_q
20260521,0.6137268543243408,1.2274537086486816,-0.039202287793159485,0.5218637992831541,0.5218637992831541,465,deeponet_residual_linear,20260922,False,primary,0.5,000001.SZ,liquidity,unseen_q
20260522,0.624484121799469,1.248968243598938,-0.033116187900304794,0.5445402298850575,0.5445402298850575,464,deeponet_residual_linear,20260922,False,primary,0.5,000001.SZ,liquidity,unseen_q
20260525,0.5274979472160339,1.0549958944320679,-0.030522936955094337,0.49746926970354305,0.49746926970354305,461,deeponet_residual_linear,20260922,False,primary,0.5,000001.SZ,liquidity,unseen_q
20260526,0.7129921317100525,1.425984263420105,-0.052338965237140656,0.5402298850574713,0.5402298850574713,464,deeponet_residual_linear,20260922,False,primary,0.5,000001.SZ,liquidity,unseen_q
20260528,0.5639640688896179,1.1279281377792358,-0.004777892958372831,0.5826149425287356,0.5826149425287356,464,deeponet_residual_linear,20260922,False,primary,0.5,000001.SZ,liquidity,unseen_q
20260529,0.8376846313476562,1.6753692626953125,-0.024195602163672447,0.5440860215053763,0.5440860215053763,465,deeponet_residual_linear,20260922,False,primary,0.5,000001.SZ,liquidity,unseen_q
20260506,0.38877543807029724,2.302410840988159,1.9060750007629395,0.9213395638629283,0.9213395638629283,428,deeponet_residual_linear,20260922,False,primary,0.8999999761581421,000001.SZ,liquidity,unseen_q
20260507,0.4190194308757782,2.5403871536254883,2.1279354095458984,0.9134477825464951,0.9134477825464951,466,deeponet_residual_linear,20260922,False,primary,0.8999999761581421,000001.SZ,liquidity,unseen_q
20260508,0.46698978543281555,2.190197706222534,1.5702729225158691,0.8785871964679912,0.8785871964679912,453,deeponet_residual_linear,20260922,False,primary,0.8999999761581421,000001.SZ,liquidity,unseen_q
20260511,0.4707831144332886,2.763848304748535,2.277853012084961,0.8867243867243868,0.8867243867243868,462,deeponet_residual_linear,20260922,False,primary,0.8999999761581421,000001.SZ,liquidity,unseen_q
20260512,0.44998782873153687,2.3229548931121826,1.778724193572998,0.8867102396514162,0.8867102396514162,459,deeponet_residual_linear,20260922,False,primary,0.8999999761581421,000001.SZ,liquidity,unseen_q
20260513,0.3582422137260437,1.8835002183914185,1.4587699174880981,0.896774193548387,0.896774193548387,465,deeponet_residual_linear,20260922,False,primary,0.8999999761581421,000001.SZ,liquidity,unseen_q
20260514,0.4426336884498596,2.5444419384002686,2.0739686489105225,0.8939393939393939,0.8939393939393939,462,deeponet_residual_linear,20260922,False,primary,0.8999999761581421,000001.SZ,liquidity,unseen_q
20260515,0.4545315206050873,2.379417657852173,1.837943196296692,0.8797101449275363,0.8797101449275363,460,deeponet_residual_linear,20260922,False,primary,0.8999999761581421,000001.SZ,liquidity,unseen_q
20260518,0.4013127386569977,2.545473575592041,2.178560495376587,0.9245852187028658,0.9245852187028658,442,deeponet_residual_linear,20260922,False,primary,0.8999999761581421,000001.SZ,liquidity,unseen_q
20260519,0.43407386541366577,2.8254849910736084,2.446671962738037,0.912167026637869,0.912167026637869,463,deeponet_residual_linear,20260922,False,primary,0.8999999761581421,000001.SZ,liquidity,unseen_q
20260520,0.4080120623111725,2.536618709564209,2.150743246078491,0.8989010989010989,0.8989010989010989,455,deeponet_residual_linear,20260922,False,primary,0.8999999761581421,000001.SZ,liquidity,unseen_q
20260521,0.3970341384410858,2.178051710128784,1.7299792766571045,0.882437275985663,0.882437275985663,465,deeponet_residual_linear,20260922,False,primary,0.8999999761581421,000001.SZ,liquidity,unseen_q
20260522,0.42357727885246277,2.6410553455352783,2.2423760890960693,0.9001436781609196,0.9001436781609196,464,deeponet_residual_linear,20260922,False,primary,0.8999999761581421,000001.SZ,liquidity,unseen_q
20260525,0.3722535967826843,2.475978374481201,2.164339303970337,0.9313087490961677,0.9313087490961677,461,deeponet_residual_linear,20260922,False,primary,0.8999999761581421,000001.SZ,liquidity,unseen_q
20260526,0.47445061802864075,2.609236001968384,2.075418710708618,0.889367816091954,0.889367816091954,464,deeponet_residual_linear,20260922,False,primary,0.8999999761581421,000001.SZ,liquidity,unseen_q
20260528,0.3883991241455078,2.293907880783081,1.8963873386383057,0.9166666666666666,0.9166666666666666,464,deeponet_residual_linear,20260922,False,primary,0.8999999761581421,000001.SZ,liquidity,unseen_q
20260529,0.510621190071106,2.9435501098632812,2.4028849601745605,0.8982078853046596,0.8982078853046596,465,deeponet_residual_linear,20260922,False,primary,0.8999999761581421,000001.SZ,liquidity,unseen_q
20260506,0.4755213260650635,0.951042652130127,-0.014284015633165836,0.5449117341640707,0.5449117341640707,428,deeponet_residual_linear,20260922,False,all_queries_diagnostic,0.5,000001.SZ,liquidity,unseen_q
20260507,0.6093663573265076,1.2187327146530151,-0.07514870911836624,0.4856938483547925,0.4856938483547925,466,deeponet_residual_linear,20260922,False,all_queries_diagnostic,0.5,000001.SZ,liquidity,unseen_q
20260508,0.5933288931846619,1.1866577863693237,-0.14155660569667816,0.46553838606818737,0.46553838606818737,453,deeponet_residual_linear,20260922,False,all_queries_diagnostic,0.5,000001.SZ,liquidity,unseen_q
20260511,0.6285858750343323,1.2571717500686646,-0.14949001371860504,0.48100048100048104,0.48100048100048104,462,deeponet_residual_linear,20260922,False,all_queries_diagnostic,0.5,000001.SZ,liquidity,unseen_q
20260512,0.6055951714515686,1.2111903429031372,-0.11036830395460129,0.4991527475187606,0.4991527475187606,459,deeponet_residual_linear,20260922,False,all_queries_diagnostic,0.5,000001.SZ,liquidity,unseen_q
20260513,0.45998015999794006,0.9199603199958801,-0.026824550703167915,0.54026284348865,0.54026284348865,465,deeponet_residual_linear,20260922,False,all_queries_diagnostic,0.5,000001.SZ,liquidity,unseen_q
20260514,0.6259923577308655,1.251984715461731,-0.05521971732378006,0.5226070226070225,0.5226070226070225,462,deeponet_residual_linear,20260922,False,all_queries_diagnostic,0.5,000001.SZ,liquidity,unseen_q
20260515,0.6328035593032837,1.2656071186065674,-0.11850572377443314,0.501207729468599,0.5014492753623189,460,deeponet_residual_linear,20260922,False,all_queries_diagnostic,0.5,000001.SZ,liquidity,unseen_q
20260518,0.5179871916770935,1.035974383354187,-0.061123523861169815,0.5570638511814983,0.5570638511814983,442,deeponet_residual_linear,20260922,False,all_queries_diagnostic,0.5,000001.SZ,liquidity,unseen_q
20260519,0.6023374795913696,1.2046749591827393,-0.05293554812669754,0.5310775137988961,0.5310775137988961,463,deeponet_residual_linear,20260922,False,all_queries_diagnostic,0.5,000001.SZ,liquidity,unseen_q
20260520,0.557869017124176,1.115738034248352,-0.04925098270177841,0.5015873015873016,0.5015873015873016,455,deeponet_residual_linear,20260922,False,all_queries_diagnostic,0.5,000001.SZ,liquidity,unseen_q
20260521,0.611879289150238,1.223758578300476,-0.01408197358250618,0.5125448028673835,0.5125448028673835,465,deeponet_residual_linear,20260922,False,all_queries_diagnostic,0.5,000001.SZ,liquidity,unseen_q
20260522,0.6187542676925659,1.2375085353851318,-0.045171670615673065,0.539272030651341,0.539272030651341,464,deeponet_residual_linear,20260922,False,all_queries_diagnostic,0.5,000001.SZ,liquidity,unseen_q
20260525,0.5133846998214722,1.0267693996429443,-0.03622180595993996,0.5227765726681128,0.5227765726681128,461,deeponet_residual_linear,20260922,False,all_queries_diagnostic,0.5,000001.SZ,liquidity,unseen_q
20260526,0.6802285313606262,1.3604570627212524,-0.048410821706056595,0.5454980842911877,0.5454980842911877,464,deeponet_residual_linear,20260922,False,all_queries_diagnostic,0.5,000001.SZ,liquidity,unseen_q
20260528,0.5282015204429626,1.0564030408859253,-0.012305778451263905,0.5897988505747127,0.5897988505747127,464,deeponet_residual_linear,20260922,False,all_queries_diagnostic,0.5,000001.SZ,liquidity,unseen_q
20260529,0.7877182364463806,1.5754364728927612,-0.0027631414122879505,0.5620071684587813,0.5620071684587813,465,deeponet_residual_linear,20260922,False,all_queries_diagnostic,0.5,000001.SZ,liquidity,unseen_q
20260506,0.3784826695919037,2.2935619354248047,1.9207459688186646,0.9213395638629283,0.9213395638629283,428,deeponet_residual_linear,20260922,False,all_queries_diagnostic,0.8999999761581421,000001.SZ,liquidity,unseen_q
20260507,0.4296134114265442,2.5644872188568115,2.131575584411621,0.9091559370529328,0.9091559370529328,466,deeponet_residual_linear,20260922,False,all_queries_diagnostic,0.8999999761581421,000001.SZ,liquidity,unseen_q
20260508,0.4441235065460205,2.176755428314209,1.6106356382369995,0.8886436104979151,0.8886436104979151,453,deeponet_residual_linear,20260922,False,all_queries_diagnostic,0.8999999761581421,000001.SZ,liquidity,unseen_q
20260511,0.46498483419418335,2.769730567932129,2.29970121383667,0.8939393939393939,0.8939393939393939,462,deeponet_residual_linear,20260922,False,all_queries_diagnostic,0.8999999761581421,000001.SZ,liquidity,unseen_q
20260512,0.42796584963798523,2.297581672668457,1.8020625114440918,0.8942144759138223,0.8942144759138223,459,deeponet_residual_linear,20260922,False,all_queries_diagnostic,0.8999999761581421,000001.SZ,liquidity,unseen_q
20260513,0.3432154059410095,1.8524905443191528,1.4575746059417725,0.9087216248506571,0.9087216248506571,465,deeponet_residual_linear,20260922,False,all_queries_diagnostic,0.8999999761581421,000001.SZ,liquidity,unseen_q
20260514,0.4468621015548706,2.554894208908081,2.076462507247925,0.8927368927368927,0.8927368927368927,462,deeponet_residual_linear,20260922,False,all_queries_diagnostic,0.8999999761581421,000001.SZ,liquidity,unseen_q
20260515,0.4560686945915222,2.3805184364318848,1.8354763984680176,0.8818840579710145,0.8818840579710145,460,deeponet_residual_linear,20260922,False,all_queries_diagnostic,0.8999999761581421,000001.SZ,liquidity,unseen_q
20260518,0.4087044894695282,2.5901198387145996,2.2158889770507812,0.9273504273504274,0.9273504273504274,442,deeponet_residual_linear,20260922,False,all_queries_diagnostic,0.8999999761581421,000001.SZ,liquidity,unseen_q
20260519,0.44248679280281067,2.855592966079712,2.4632744789123535,0.9090472762179025,0.9090472762179025,463,deeponet_residual_linear,20260922,False,all_queries_diagnostic,0.8999999761581421,000001.SZ,liquidity,unseen_q
20260520,0.4097065031528473,2.556989908218384,2.171971082687378,0.9015873015873016,0.9015873015873016,455,deeponet_residual_linear,20260922,False,all_queries_diagnostic,0.8999999761581421,000001.SZ,liquidity,unseen_q
20260521,0.40942201018333435,2.2312774658203125,1.7655421495437622,0.8848267622461171,0.8848267622461171,465,deeponet_residual_linear,20260922,False,all_queries_diagnostic,0.8999999761581421,000001.SZ,liquidity,unseen_q
20260522,0.4291688799858093,2.653211832046509,2.2435929775238037,0.8915229885057472,0.8915229885057472,464,deeponet_residual_linear,20260922,False,all_queries_diagnostic,0.8999999761581421,000001.SZ,liquidity,unseen_q
20260525,0.38017603754997253,2.4974231719970703,2.1713390350341797,0.93058568329718,0.93058568329718,461,deeponet_residual_linear,20260922,False,all_queries_diagnostic,0.8999999761581421,000001.SZ,liquidity,unseen_q
20260526,0.4643752872943878,2.602184772491455,2.0917928218841553,0.8929597701149425,0.8929597701149425,464,deeponet_residual_linear,20260922,False,all_queries_diagnostic,0.8999999761581421,000001.SZ,liquidity,unseen_q
20260528,0.38039419054985046,2.2808480262756348,1.9000744819641113,0.91977969348659,0.91977969348659,464,deeponet_residual_linear,20260922,False,all_queries_diagnostic,0.8999999761581421,000001.SZ,liquidity,unseen_q
20260529,0.4912247955799103,2.9332773685455322,2.438534736633301,0.9044205495818399,0.9044205495818399,465,deeponet_residual_linear,20260922,False,all_queries_diagnostic,0.8999999761581421,000001.SZ,liquidity,unseen_q
20260506,1.0102511644363403,2.0205023288726807,0.31513625383377075,0.5747663551401869,0.5747663551401869,428,deeponet_linear,20260923,True,primary,0.5,000001.SZ,liquidity,unseen_q
20260507,1.039565086364746,2.079130172729492,-0.535586953163147,0.45207439198855504,0.45207439198855504,466,deeponet_linear,20260923,True,primary,0.5,000001.SZ,liquidity,unseen_q
20260508,1.0286189317703247,2.0572378635406494,-0.6361064314842224,0.4245768947755703,0.4245768947755703,453,deeponet_linear,20260923,True,primary,0.5,000001.SZ,liquidity,unseen_q
20260511,1.1416469812393188,2.2832939624786377,-0.7276794910430908,0.37734487734487737,0.37734487734487737,462,deeponet_linear,20260923,True,primary,0.5,000001.SZ,liquidity,unseen_q
20260512,1.1764767169952393,2.3529534339904785,-0.5552634000778198,0.45243282498184456,0.45243282498184456,459,deeponet_linear,20260923,True,primary,0.5,000001.SZ,liquidity,unseen_q
20260513,0.8302019238471985,1.660403847694397,-0.0798630490899086,0.5455197132616487,0.5455197132616487,465,deeponet_linear,20260923,True,primary,0.5,000001.SZ,liquidity,unseen_q
20260514,1.1158607006072998,2.2317214012145996,-0.7396071553230286,0.4184704184704185,0.4184704184704185,462,deeponet_linear,20260923,True,primary,0.5,000001.SZ,liquidity,unseen_q
20260515,1.0455543994903564,2.091108798980713,0.2774489223957062,0.627536231884058,0.627536231884058,460,deeponet_linear,20260923,True,primary,0.5,000001.SZ,liquidity,unseen_q
20260518,0.96805340051651,1.93610680103302,0.026933789253234863,0.5211161387631976,0.5211161387631976,442,deeponet_linear,20260923,True,primary,0.5,000001.SZ,liquidity,unseen_q
20260519,0.8790969848632812,1.7581939697265625,0.04510270804166794,0.5334773218142549,0.5334773218142549,463,deeponet_linear,20260923,True,primary,0.5,000001.SZ,liquidity,unseen_q
20260520,0.8435181379318237,1.6870362758636475,-0.046433135867118835,0.5868131868131868,0.5868131868131868,455,deeponet_linear,20260923,True,primary,0.5,000001.SZ,liquidity,unseen_q
20260521,1.0023549795150757,2.0047099590301514,0.3967205882072449,0.6480286738351254,0.6480286738351254,465,deeponet_linear,20260923,True,primary,0.5,000001.SZ,liquidity,unseen_q
20260522,0.9990650415420532,1.9981300830841064,0.42408281564712524,0.6005747126436782,0.6005747126436782,464,deeponet_linear,20260923,True,primary,0.5,000001.SZ,liquidity,unseen_q
20260525,0.9814404249191284,1.9628808498382568,-0.16314655542373657,0.4924078091106291,0.4924078091106291,461,deeponet_linear,20260923,True,primary,0.5,000001.SZ,liquidity,unseen_q
20260526,1.0416672229766846,2.083334445953369,0.09948782622814178,0.5272988505747126,0.5272988505747126,464,deeponet_linear,20260923,True,primary,0.5,000001.SZ,liquidity,unseen_q
20260528,0.9843789935112,1.9687579870224,0.5785953402519226,0.658764367816092,0.658764367816092,464,deeponet_linear,20260923,True,primary,0.5,000001.SZ,liquidity,unseen_q
20260529,1.1747419834136963,2.3494839668273926,0.42270025610923767,0.6028673835125448,0.6028673835125448,465,deeponet_linear,20260923,True,primary,0.5,000001.SZ,liquidity,unseen_q
20260506,0.5816017985343933,2.8334383964538574,2.0877935886383057,0.7647975077881619,0.7647975077881619,428,deeponet_linear,20260923,True,primary,0.8999999761581421,000001.SZ,liquidity,unseen_q
20260507,0.6577261686325073,2.5665433406829834,1.5638638734817505,0.7296137339055794,0.7296137339055794,466,deeponet_linear,20260923,True,primary,0.8999999761581421,000001.SZ,liquidity,unseen_q
20260508,0.7483558654785156,2.383521318435669,1.1085118055343628,0.6438557763061075,0.6438557763061075,453,deeponet_linear,20260923,True,primary,0.8999999761581421,000001.SZ,liquidity,unseen_q
20260511,0.7550919651985168,2.820481538772583,1.6378724575042725,0.6962481962481963,0.6962481962481963,462,deeponet_linear,20260923,True,primary,0.8999999761581421,000001.SZ,liquidity,unseen_q
20260512,0.7185758948326111,2.4722137451171875,1.2938276529312134,0.6840958605664488,0.6840958605664488,459,deeponet_linear,20260923,True,primary,0.8999999761581421,000001.SZ,liquidity,unseen_q
20260513,0.5176181197166443,2.103832960128784,1.3357460498809814,0.7240143369175628,0.7240143369175628,465,deeponet_linear,20260923,True,primary,0.8999999761581421,000001.SZ,liquidity,unseen_q
20260514,0.7321569919586182,2.5524508953094482,1.3601713180541992,0.6940836940836941,0.6940836940836941,462,deeponet_linear,20260923,True,primary,0.8999999761581421,000001.SZ,liquidity,unseen_q
20260515,0.5812991857528687,2.893974781036377,2.1642205715179443,0.8108695652173913,0.8108695652173913,460,deeponet_linear,20260923,True,primary,0.8999999761581421,000001.SZ,liquidity,unseen_q
20260518,0.5558427572250366,2.8282744884490967,2.1457362174987793,0.770739064856712,0.770739064856712,442,deeponet_linear,20260923,True,primary,0.8999999761581421,000001.SZ,liquidity,unseen_q
20260519,0.5249916315078735,3.069812774658203,2.524787187576294,0.8308135349172067,0.8308135349172067,463,deeponet_linear,20260923,True,primary,0.8999999761581421,000001.SZ,liquidity,unseen_q
20260520,0.5012192726135254,2.675023078918457,2.090730905532837,0.8146520146520146,0.8146520146520146,455,deeponet_linear,20260923,True,primary,0.8999999761581421,000001.SZ,liquidity,unseen_q
20260521,0.5497446656227112,2.8634114265441895,2.2049026489257812,0.8043010752688172,0.8043010752688172,465,deeponet_linear,20260923,True,primary,0.8999999761581421,000001.SZ,liquidity,unseen_q
20260522,0.5232314467430115,3.215785503387451,2.711653232574463,0.8419540229885057,0.8419540229885057,464,deeponet_linear,20260923,True,primary,0.8999999761581421,000001.SZ,liquidity,unseen_q
20260525,0.5499941110610962,2.643230676651001,1.9290531873703003,0.7556037599421547,0.7556037599421547,461,deeponet_linear,20260923,True,primary,0.8999999761581421,000001.SZ,liquidity,unseen_q
20260526,0.5677237510681152,2.8950507640838623,2.1995041370391846,0.790948275862069,0.790948275862069,464,deeponet_linear,20260923,True,primary,0.8999999761581421,000001.SZ,liquidity,unseen_q
20260528,0.48027166724205017,2.8694047927856445,2.3860769271850586,0.8584770114942528,0.8584770114942528,464,deeponet_linear,20260923,True,primary,0.8999999761581421,000001.SZ,liquidity,unseen_q
20260529,0.5802065134048462,3.3584470748901367,2.7475426197052,0.8093189964157705,0.8093189964157705,465,deeponet_linear,20260923,True,primary,0.8999999761581421,000001.SZ,liquidity,unseen_q
20260506,0.6423801183700562,1.2847602367401123,0.10328901559114456,0.6009865005192108,0.6009865005192108,428,deeponet_linear,20260923,True,all_queries_diagnostic,0.5,000001.SZ,liquidity,unseen_q
20260507,0.7469921112060547,1.4939842224121094,-0.22630912065505981,0.5414878397711015,0.5414878397711015,466,deeponet_linear,20260923,True,all_queries_diagnostic,0.5,000001.SZ,liquidity,unseen_q
20260508,0.7275009155273438,1.4550018310546875,-0.28552401065826416,0.5312729948491538,0.5312729948491538,453,deeponet_linear,20260923,True,all_queries_diagnostic,0.5,000001.SZ,liquidity,unseen_q
20260511,0.7845075726509094,1.5690151453018188,-0.33197760581970215,0.5057720057720058,0.5057720057720058,462,deeponet_linear,20260923,True,all_queries_diagnostic,0.5,000001.SZ,liquidity,unseen_q
20260512,0.7768550515174866,1.5537101030349731,-0.24350085854530334,0.5374001452432825,0.5374001452432825,459,deeponet_linear,20260923,True,all_queries_diagnostic,0.5,000001.SZ,liquidity,unseen_q
20260513,0.5655199885368347,1.1310399770736694,-0.041642822325229645,0.5897252090800478,0.5897252090800478,465,deeponet_linear,20260923,True,all_queries_diagnostic,0.5,000001.SZ,liquidity,unseen_q
20260514,0.7849286794662476,1.5698573589324951,-0.2857315242290497,0.5122655122655122,0.5122655122655122,462,deeponet_linear,20260923,True,all_queries_diagnostic,0.5,000001.SZ,liquidity,unseen_q
20260515,0.763242244720459,1.526484489440918,0.022200146690011024,0.6021739130434782,0.6021739130434782,460,deeponet_linear,20260923,True,all_queries_diagnostic,0.5,000001.SZ,liquidity,unseen_q
20260518,0.6636563539505005,1.327312707901001,-0.023035597056150436,0.5857214680744092,0.5857214680744092,442,deeponet_linear,20260923,True,all_queries_diagnostic,0.5,000001.SZ,liquidity,unseen_q
20260519,0.6921389102935791,1.3842778205871582,-0.017161905765533447,0.5730741540676746,0.5730741540676746,463,deeponet_linear,20260923,True,all_queries_diagnostic,0.5,000001.SZ,liquidity,unseen_q
20260520,0.6478966474533081,1.2957932949066162,-0.043013524264097214,0.58998778998779,0.58998778998779,455,deeponet_linear,20260923,True,all_queries_diagnostic,0.5,000001.SZ,liquidity,unseen_q
20260521,0.7400506734848022,1.4801013469696045,0.13182403147220612,0.603584229390681,0.603584229390681,465,deeponet_linear,20260923,True,all_queries_diagnostic,0.5,000001.SZ,liquidity,unseen_q
20260522,0.743884265422821,1.487768530845642,0.10619184374809265,0.57183908045977,0.57183908045977,464,deeponet_linear,20260923,True,all_queries_diagnostic,0.5,000001.SZ,liquidity,unseen_q
20260525,0.6650359034538269,1.3300718069076538,-0.08559620380401611,0.5504940949626416,0.5504940949626416,461,deeponet_linear,20260923,True,all_queries_diagnostic,0.5,000001.SZ,liquidity,unseen_q
20260526,0.7882068753242493,1.5764137506484985,0.0010383501648902893,0.571360153256705,0.571360153256705,464,deeponet_linear,20260923,True,all_queries_diagnostic,0.5,000001.SZ,liquidity,unseen_q
20260528,0.6670585870742798,1.3341171741485596,0.18195600807666779,0.6238026819923372,0.6238026819923372,464,deeponet_linear,20260923,True,all_queries_diagnostic,0.5,000001.SZ,liquidity,unseen_q
20260529,0.8969417214393616,1.7938834428787231,0.14552433788776398,0.5847072879330943,0.5847072879330943,465,deeponet_linear,20260923,True,all_queries_diagnostic,0.5,000001.SZ,liquidity,unseen_q
20260506,0.43893498182296753,2.3870010375976562,1.8864140510559082,0.8673416407061267,0.8673416407061267,428,deeponet_linear,20260923,True,all_queries_diagnostic,0.8999999761581421,000001.SZ,liquidity,unseen_q
20260507,0.5076864957809448,2.5235633850097656,1.8852381706237793,0.849308536003815,0.849308536003815,466,deeponet_linear,20260923,True,all_queries_diagnostic,0.8999999761581421,000001.SZ,liquidity,unseen_q
20260508,0.5339365005493164,2.2432868480682373,1.4692673683166504,0.8103998037772872,0.8103998037772872,453,deeponet_linear,20260923,True,all_queries_diagnostic,0.8999999761581421,000001.SZ,liquidity,unseen_q
20260511,0.5560175776481628,2.749845266342163,2.047262668609619,0.8321308321308322,0.8321308321308322,462,deeponet_linear,20260923,True,all_queries_diagnostic,0.8999999761581421,000001.SZ,liquidity,unseen_q
20260512,0.5177811980247498,2.3286852836608887,1.6164039373397827,0.8213507625272332,0.8213507625272332,459,deeponet_linear,20260923,True,all_queries_diagnostic,0.8999999761581421,000001.SZ,liquidity,unseen_q
20260513,0.39604005217552185,1.8979029655456543,1.3822788000106812,0.8475507765830346,0.8475507765830346,465,deeponet_linear,20260923,True,all_queries_diagnostic,0.8999999761581421,000001.SZ,liquidity,unseen_q
20260514,0.5451406240463257,2.551227569580078,1.8261829614639282,0.8282828282828283,0.8282828282828283,462,deeponet_linear,20260923,True,all_queries_diagnostic,0.8999999761581421,000001.SZ,liquidity,unseen_q
20260515,0.4942638874053955,2.5245320796966553,1.9200056791305542,0.8644927536231884,0.8644927536231884,460,deeponet_linear,20260923,True,all_queries_diagnostic,0.8999999761581421,000001.SZ,liquidity,unseen_q
20260518,0.4584502577781677,2.6034018993377686,2.1081268787384033,0.8720462543991956,0.8720462543991956,442,deeponet_linear,20260923,True,all_queries_diagnostic,0.8999999761581421,000001.SZ,liquidity,unseen_q
20260519,0.47069135308265686,2.922877073287964,2.4768683910369873,0.8821694264458844,0.8821694264458844,463,deeponet_linear,20260923,True,all_queries_diagnostic,0.8999999761581421,000001.SZ,liquidity,unseen_q
20260520,0.4354461133480072,2.5561230182647705,2.106538772583008,0.8813186813186813,0.8813186813186813,455,deeponet_linear,20260923,True,all_queries_diagnostic,0.8999999761581421,000001.SZ,liquidity,unseen_q
20260521,0.45911768078804016,2.4786691665649414,1.9505424499511719,0.8635603345280765,0.8635603345280765,465,deeponet_linear,20260923,True,all_queries_diagnostic,0.8999999761581421,000001.SZ,liquidity,unseen_q
20260522,0.4614940583705902,2.848597764968872,2.4070122241973877,0.8773946360153256,0.8773946360153256,464,deeponet_linear,20260923,True,all_queries_diagnostic,0.8999999761581421,000001.SZ,liquidity,unseen_q
20260525,0.43526268005371094,2.485518455505371,2.0187416076660156,0.8703302000482044,0.8703302000482044,461,deeponet_linear,20260923,True,all_queries_diagnostic,0.8999999761581421,000001.SZ,liquidity,unseen_q
20260526,0.49754247069358826,2.685689926147461,2.1132564544677734,0.861111111111111,0.861111111111111,464,deeponet_linear,20260923,True,all_queries_diagnostic,0.8999999761581421,000001.SZ,liquidity,unseen_q
20260528,0.41182124614715576,2.423670530319214,2.000035047531128,0.8967911877394635,0.8967911877394635,464,deeponet_linear,20260923,True,all_queries_diagnostic,0.8999999761581421,000001.SZ,liquidity,unseen_q
20260529,0.5161333680152893,3.019418478012085,2.4839396476745605,0.8724014336917563,0.8724014336917563,465,deeponet_linear,20260923,True,all_queries_diagnostic,0.8999999761581421,000001.SZ,liquidity,unseen_q
20260506,1.0102511644363403,2.0205023288726807,0.31513625383377075,0.5747663551401869,0.5747663551401869,428,deeponet_linear,20260923,False,primary,0.5,000001.SZ,liquidity,unseen_q
20260507,1.039565086364746,2.079130172729492,-0.535586953163147,0.45207439198855504,0.45207439198855504,466,deeponet_linear,20260923,False,primary,0.5,000001.SZ,liquidity,unseen_q
20260508,1.0286189317703247,2.0572378635406494,-0.6361064314842224,0.4245768947755703,0.4245768947755703,453,deeponet_linear,20260923,False,primary,0.5,000001.SZ,liquidity,unseen_q
20260511,1.1416469812393188,2.2832939624786377,-0.7276794910430908,0.37734487734487737,0.37734487734487737,462,deeponet_linear,20260923,False,primary,0.5,000001.SZ,liquidity,unseen_q
20260512,1.1764506101608276,2.3529012203216553,-0.5553156137466431,0.45243282498184456,0.45243282498184456,459,deeponet_linear,20260923,False,primary,0.5,000001.SZ,liquidity,unseen_q
20260513,0.8302019238471985,1.660403847694397,-0.0798630490899086,0.5455197132616487,0.5455197132616487,465,deeponet_linear,20260923,False,primary,0.5,000001.SZ,liquidity,unseen_q
20260514,1.1158607006072998,2.2317214012145996,-0.7396071553230286,0.4184704184704185,0.4184704184704185,462,deeponet_linear,20260923,False,primary,0.5,000001.SZ,liquidity,unseen_q
20260515,1.0455543994903564,2.091108798980713,0.2774489223957062,0.627536231884058,0.627536231884058,460,deeponet_linear,20260923,False,primary,0.5,000001.SZ,liquidity,unseen_q
20260518,0.96805340051651,1.93610680103302,0.026933789253234863,0.5211161387631976,0.5211161387631976,442,deeponet_linear,20260923,False,primary,0.5,000001.SZ,liquidity,unseen_q
20260519,0.8790969848632812,1.7581939697265625,0.04510270804166794,0.5334773218142549,0.5334773218142549,463,deeponet_linear,20260923,False,primary,0.5,000001.SZ,liquidity,unseen_q
20260520,0.8435181379318237,1.6870362758636475,-0.046433135867118835,0.5868131868131868,0.5868131868131868,455,deeponet_linear,20260923,False,primary,0.5,000001.SZ,liquidity,unseen_q
20260521,1.0023549795150757,2.0047099590301514,0.3967205882072449,0.6480286738351254,0.6480286738351254,465,deeponet_linear,20260923,False,primary,0.5,000001.SZ,liquidity,unseen_q
20260522,0.9990650415420532,1.9981300830841064,0.42408281564712524,0.6005747126436782,0.6005747126436782,464,deeponet_linear,20260923,False,primary,0.5,000001.SZ,liquidity,unseen_q
20260525,0.9814404249191284,1.9628808498382568,-0.16314655542373657,0.4924078091106291,0.4924078091106291,461,deeponet_linear,20260923,False,primary,0.5,000001.SZ,liquidity,unseen_q
20260526,1.0416672229766846,2.083334445953369,0.09948782622814178,0.5272988505747126,0.5272988505747126,464,deeponet_linear,20260923,False,primary,0.5,000001.SZ,liquidity,unseen_q
20260528,0.9841074347496033,1.9682148694992065,0.5780521035194397,0.658764367816092,0.658764367816092,464,deeponet_linear,20260923,False,primary,0.5,000001.SZ,liquidity,unseen_q
20260529,1.1747419834136963,2.3494839668273926,0.42270025610923767,0.6028673835125448,0.6028673835125448,465,deeponet_linear,20260923,False,primary,0.5,000001.SZ,liquidity,unseen_q
20260506,0.5816017985343933,2.8334383964538574,2.0877935886383057,0.7647975077881619,0.7647975077881619,428,deeponet_linear,20260923,False,primary,0.8999999761581421,000001.SZ,liquidity,unseen_q
20260507,0.6577261686325073,2.5665433406829834,1.5638638734817505,0.7296137339055794,0.7296137339055794,466,deeponet_linear,20260923,False,primary,0.8999999761581421,000001.SZ,liquidity,unseen_q
20260508,0.7483558654785156,2.383521318435669,1.1085118055343628,0.6438557763061075,0.6438557763061075,453,deeponet_linear,20260923,False,primary,0.8999999761581421,000001.SZ,liquidity,unseen_q
20260511,0.7550919651985168,2.820481538772583,1.6378724575042725,0.6962481962481963,0.6962481962481963,462,deeponet_linear,20260923,False,primary,0.8999999761581421,000001.SZ,liquidity,unseen_q
20260512,0.7185810804367065,2.4722657203674316,1.2938798666000366,0.6840958605664488,0.6840958605664488,459,deeponet_linear,20260923,False,primary,0.8999999761581421,000001.SZ,liquidity,unseen_q
20260513,0.5176181197166443,2.103832960128784,1.3357460498809814,0.7240143369175628,0.7240143369175628,465,deeponet_linear,20260923,False,primary,0.8999999761581421,000001.SZ,liquidity,unseen_q
20260514,0.7321569919586182,2.5524508953094482,1.3601713180541992,0.6940836940836941,0.6940836940836941,462,deeponet_linear,20260923,False,primary,0.8999999761581421,000001.SZ,liquidity,unseen_q
20260515,0.5812991857528687,2.893974781036377,2.1642205715179443,0.8108695652173913,0.8108695652173913,460,deeponet_linear,20260923,False,primary,0.8999999761581421,000001.SZ,liquidity,unseen_q
20260518,0.5558427572250366,2.8282744884490967,2.1457362174987793,0.770739064856712,0.770739064856712,442,deeponet_linear,20260923,False,primary,0.8999999761581421,000001.SZ,liquidity,unseen_q
20260519,0.5249916315078735,3.069812774658203,2.524787187576294,0.8308135349172067,0.8308135349172067,463,deeponet_linear,20260923,False,primary,0.8999999761581421,000001.SZ,liquidity,unseen_q
20260520,0.5012192726135254,2.675023078918457,2.090730905532837,0.8146520146520146,0.8146520146520146,455,deeponet_linear,20260923,False,primary,0.8999999761581421,000001.SZ,liquidity,unseen_q
20260521,0.5497446656227112,2.8634114265441895,2.2049026489257812,0.8043010752688172,0.8043010752688172,465,deeponet_linear,20260923,False,primary,0.8999999761581421,000001.SZ,liquidity,unseen_q
20260522,0.5232314467430115,3.215785503387451,2.711653232574463,0.8419540229885057,0.8419540229885057,464,deeponet_linear,20260923,False,primary,0.8999999761581421,000001.SZ,liquidity,unseen_q
20260525,0.5499941110610962,2.643230676651001,1.9290531873703003,0.7556037599421547,0.7556037599421547,461,deeponet_linear,20260923,False,primary,0.8999999761581421,000001.SZ,liquidity,unseen_q
20260526,0.5677237510681152,2.8950507640838623,2.1995041370391846,0.790948275862069,0.790948275862069,464,deeponet_linear,20260923,False,primary,0.8999999761581421,000001.SZ,liquidity,unseen_q
20260528,0.48032599687576294,2.869947910308838,2.386620044708252,0.8584770114942528,0.8584770114942528,464,deeponet_linear,20260923,False,primary,0.8999999761581421,000001.SZ,liquidity,unseen_q
20260529,0.5802065134048462,3.3584470748901367,2.7475426197052,0.8093189964157705,0.8093189964157705,465,deeponet_linear,20260923,False,primary,0.8999999761581421,000001.SZ,liquidity,unseen_q
20260506,0.6423801183700562,1.2847602367401123,0.10328901559114456,0.6009865005192108,0.6009865005192108,428,deeponet_linear,20260923,False,all_queries_diagnostic,0.5,000001.SZ,liquidity,unseen_q
20260507,0.7469921112060547,1.4939842224121094,-0.22630912065505981,0.5414878397711015,0.5414878397711015,466,deeponet_linear,20260923,False,all_queries_diagnostic,0.5,000001.SZ,liquidity,unseen_q
20260508,0.7275009155273438,1.4550018310546875,-0.28552401065826416,0.5312729948491538,0.5312729948491538,453,deeponet_linear,20260923,False,all_queries_diagnostic,0.5,000001.SZ,liquidity,unseen_q
20260511,0.7845075726509094,1.5690151453018188,-0.33197760581970215,0.5057720057720058,0.5057720057720058,462,deeponet_linear,20260923,False,all_queries_diagnostic,0.5,000001.SZ,liquidity,unseen_q
20260512,0.7768451571464539,1.5536903142929077,-0.2435532659292221,0.5366739288307916,0.5366739288307916,459,deeponet_linear,20260923,False,all_queries_diagnostic,0.5,000001.SZ,liquidity,unseen_q
20260513,0.5655199885368347,1.1310399770736694,-0.041642822325229645,0.5897252090800478,0.5897252090800478,465,deeponet_linear,20260923,False,all_queries_diagnostic,0.5,000001.SZ,liquidity,unseen_q
20260514,0.7849286794662476,1.5698573589324951,-0.2857315242290497,0.5122655122655122,0.5122655122655122,462,deeponet_linear,20260923,False,all_queries_diagnostic,0.5,000001.SZ,liquidity,unseen_q
20260515,0.763242244720459,1.526484489440918,0.022200146690011024,0.6021739130434782,0.6021739130434782,460,deeponet_linear,20260923,False,all_queries_diagnostic,0.5,000001.SZ,liquidity,unseen_q
20260518,0.6636563539505005,1.327312707901001,-0.023035597056150436,0.5857214680744092,0.5857214680744092,442,deeponet_linear,20260923,False,all_queries_diagnostic,0.5,000001.SZ,liquidity,unseen_q
20260519,0.6921389102935791,1.3842778205871582,-0.017161905765533447,0.5730741540676746,0.5730741540676746,463,deeponet_linear,20260923,False,all_queries_diagnostic,0.5,000001.SZ,liquidity,unseen_q
20260520,0.6478966474533081,1.2957932949066162,-0.043013524264097214,0.58998778998779,0.58998778998779,455,deeponet_linear,20260923,False,all_queries_diagnostic,0.5,000001.SZ,liquidity,unseen_q
20260521,0.7400506734848022,1.4801013469696045,0.13182403147220612,0.603584229390681,0.603584229390681,465,deeponet_linear,20260923,False,all_queries_diagnostic,0.5,000001.SZ,liquidity,unseen_q
20260522,0.743884265422821,1.487768530845642,0.10619184374809265,0.57183908045977,0.57183908045977,464,deeponet_linear,20260923,False,all_queries_diagnostic,0.5,000001.SZ,liquidity,unseen_q
20260525,0.6650359034538269,1.3300718069076538,-0.08559620380401611,0.5504940949626416,0.5504940949626416,461,deeponet_linear,20260923,False,all_queries_diagnostic,0.5,000001.SZ,liquidity,unseen_q
20260526,0.7882068753242493,1.5764137506484985,0.0010383501648902893,0.571360153256705,0.571360153256705,464,deeponet_linear,20260923,False,all_queries_diagnostic,0.5,000001.SZ,liquidity,unseen_q
20260528,0.6671046018600464,1.3342092037200928,0.18140973150730133,0.6238026819923372,0.6238026819923372,464,deeponet_linear,20260923,False,all_queries_diagnostic,0.5,000001.SZ,liquidity,unseen_q
20260529,0.8969417214393616,1.7938834428787231,0.14552433788776398,0.5847072879330943,0.5847072879330943,465,deeponet_linear,20260923,False,all_queries_diagnostic,0.5,000001.SZ,liquidity,unseen_q
20260506,0.43893498182296753,2.3870010375976562,1.8864140510559082,0.8673416407061267,0.8673416407061267,428,deeponet_linear,20260923,False,all_queries_diagnostic,0.8999999761581421,000001.SZ,liquidity,unseen_q
20260507,0.5076864957809448,2.5235633850097656,1.8852381706237793,0.849308536003815,0.849308536003815,466,deeponet_linear,20260923,False,all_queries_diagnostic,0.8999999761581421,000001.SZ,liquidity,unseen_q
20260508,0.5339365005493164,2.2432868480682373,1.4692673683166504,0.8103998037772872,0.8103998037772872,453,deeponet_linear,20260923,False,all_queries_diagnostic,0.8999999761581421,000001.SZ,liquidity,unseen_q
20260511,0.5560175776481628,2.749845266342163,2.047262668609619,0.8321308321308322,0.8321308321308322,462,deeponet_linear,20260923,False,all_queries_diagnostic,0.8999999761581421,000001.SZ,liquidity,unseen_q
20260512,0.5177701115608215,2.328705072402954,1.6164562702178955,0.822076978939724,0.822076978939724,459,deeponet_linear,20260923,False,all_queries_diagnostic,0.8999999761581421,000001.SZ,liquidity,unseen_q
20260513,0.39604005217552185,1.8979029655456543,1.3822788000106812,0.8475507765830346,0.8475507765830346,465,deeponet_linear,20260923,False,all_queries_diagnostic,0.8999999761581421,000001.SZ,liquidity,unseen_q
20260514,0.5451406240463257,2.551227569580078,1.8261829614639282,0.8282828282828283,0.8282828282828283,462,deeponet_linear,20260923,False,all_queries_diagnostic,0.8999999761581421,000001.SZ,liquidity,unseen_q
20260515,0.4942638874053955,2.5245320796966553,1.9200056791305542,0.8644927536231884,0.8644927536231884,460,deeponet_linear,20260923,False,all_queries_diagnostic,0.8999999761581421,000001.SZ,liquidity,unseen_q
20260518,0.4584502577781677,2.6034018993377686,2.1081268787384033,0.8720462543991956,0.8720462543991956,442,deeponet_linear,20260923,False,all_queries_diagnostic,0.8999999761581421,000001.SZ,liquidity,unseen_q
20260519,0.47069135308265686,2.922877073287964,2.4768683910369873,0.8821694264458844,0.8821694264458844,463,deeponet_linear,20260923,False,all_queries_diagnostic,0.8999999761581421,000001.SZ,liquidity,unseen_q
20260520,0.4354461133480072,2.5561230182647705,2.106538772583008,0.8813186813186813,0.8813186813186813,455,deeponet_linear,20260923,False,all_queries_diagnostic,0.8999999761581421,000001.SZ,liquidity,unseen_q
20260521,0.45911768078804016,2.4786691665649414,1.9505424499511719,0.8635603345280765,0.8635603345280765,465,deeponet_linear,20260923,False,all_queries_diagnostic,0.8999999761581421,000001.SZ,liquidity,unseen_q
20260522,0.4614940583705902,2.848597764968872,2.4070122241973877,0.8773946360153256,0.8773946360153256,464,deeponet_linear,20260923,False,all_queries_diagnostic,0.8999999761581421,000001.SZ,liquidity,unseen_q
20260525,0.43526268005371094,2.485518455505371,2.0187416076660156,0.8703302000482044,0.8703302000482044,461,deeponet_linear,20260923,False,all_queries_diagnostic,0.8999999761581421,000001.SZ,liquidity,unseen_q
20260526,0.49754247069358826,2.685689926147461,2.1132564544677734,0.861111111111111,0.861111111111111,464,deeponet_linear,20260923,False,all_queries_diagnostic,0.8999999761581421,000001.SZ,liquidity,unseen_q
20260528,0.41155678033828735,2.4235785007476807,2.0005815029144287,0.8967911877394635,0.8967911877394635,464,deeponet_linear,20260923,False,all_queries_diagnostic,0.8999999761581421,000001.SZ,liquidity,unseen_q
20260529,0.5161333680152893,3.019418478012085,2.4839396476745605,0.8724014336917563,0.8724014336917563,465,deeponet_linear,20260923,False,all_queries_diagnostic,0.8999999761581421,000001.SZ,liquidity,unseen_q
20260506,0.5125053524971008,1.0250107049942017,-0.008686898276209831,0.5700934579439252,0.5700934579439252,428,deeponet_residual_linear,20260923,True,primary,0.5,000001.SZ,liquidity,unseen_q
20260507,0.6212549805641174,1.2425099611282349,-0.060016121715307236,0.550071530758226,0.550071530758226,466,deeponet_residual_linear,20260923,True,primary,0.5,000001.SZ,liquidity,unseen_q
20260508,0.6254891157150269,1.2509782314300537,-0.15703439712524414,0.5356880058866814,0.5356880058866814,453,deeponet_residual_linear,20260923,True,primary,0.5,000001.SZ,liquidity,unseen_q
20260511,0.6662097573280334,1.332419514656067,-0.14766176044940948,0.49134199134199136,0.49134199134199136,462,deeponet_residual_linear,20260923,True,primary,0.5,000001.SZ,liquidity,unseen_q
20260512,0.6603460311889648,1.3206920623779297,-0.10738502442836761,0.5519244734931009,0.5519244734931009,459,deeponet_residual_linear,20260923,True,primary,0.5,000001.SZ,liquidity,unseen_q
20260513,0.513103187084198,1.026206374168396,-0.008858890272676945,0.625089605734767,0.625089605734767,465,deeponet_residual_linear,20260923,True,primary,0.5,000001.SZ,liquidity,unseen_q
20260514,0.6338237524032593,1.2676475048065186,-0.0458415225148201,0.5209235209235209,0.5209235209235209,462,deeponet_residual_linear,20260923,True,primary,0.5,000001.SZ,liquidity,unseen_q
20260515,0.6543753743171692,1.3087507486343384,-0.08634970337152481,0.6,0.6,460,deeponet_residual_linear,20260923,True,primary,0.5,000001.SZ,liquidity,unseen_q
20260518,0.5380725860595703,1.0761451721191406,-0.08578118681907654,0.5693815987933635,0.5693815987933635,442,deeponet_residual_linear,20260923,True,primary,0.5,000001.SZ,liquidity,unseen_q
20260519,0.6084071397781372,1.2168142795562744,-0.053589582443237305,0.5442764578833693,0.5442764578833693,463,deeponet_residual_linear,20260923,True,primary,0.5,000001.SZ,liquidity,unseen_q
20260520,0.5694853067398071,1.1389706134796143,-0.05588862672448158,0.5750915750915752,0.5750915750915752,455,deeponet_residual_linear,20260923,True,primary,0.5,000001.SZ,liquidity,unseen_q
20260521,0.613075852394104,1.226151704788208,-0.04032233729958534,0.5878136200716846,0.5878136200716846,465,deeponet_residual_linear,20260923,True,primary,0.5,000001.SZ,liquidity,unseen_q
20260522,0.6254945993423462,1.2509891986846924,-0.036773137748241425,0.5653735632183907,0.5653735632183907,464,deeponet_residual_linear,20260923,True,primary,0.5,000001.SZ,liquidity,unseen_q
20260525,0.5280364751815796,1.0560729503631592,-0.03969632461667061,0.5365148228488792,0.5365148228488792,461,deeponet_residual_linear,20260923,True,primary,0.5,000001.SZ,liquidity,unseen_q
20260526,0.7104848623275757,1.4209697246551514,-0.05582677200436592,0.5725574712643678,0.5725574712643678,464,deeponet_residual_linear,20260923,True,primary,0.5,000001.SZ,liquidity,unseen_q
20260528,0.5626214742660522,1.1252429485321045,-0.00652353186160326,0.6091954022988506,0.6091954022988506,464,deeponet_residual_linear,20260923,True,primary,0.5,000001.SZ,liquidity,unseen_q
20260529,0.8329992294311523,1.6659984588623047,-0.027247590944170952,0.5806451612903226,0.5806451612903226,465,deeponet_residual_linear,20260923,True,primary,0.5,000001.SZ,liquidity,unseen_q
20260506,0.3831029236316681,2.177382230758667,1.7639704942703247,0.9190031152647975,0.9190031152647975,428,deeponet_residual_linear,20260923,True,primary,0.8999999761581421,000001.SZ,liquidity,unseen_q
20260507,0.41628026962280273,2.4641082286834717,2.0394346714019775,0.9134477825464951,0.9134477825464951,466,deeponet_residual_linear,20260923,True,primary,0.8999999761581421,000001.SZ,liquidity,unseen_q
20260508,0.4623316824436188,2.194730281829834,1.5875837802886963,0.8807947019867549,0.8807947019867549,453,deeponet_residual_linear,20260923,True,primary,0.8999999761581421,000001.SZ,liquidity,unseen_q
20260511,0.46614575386047363,2.706603527069092,2.2178902626037598,0.8852813852813853,0.8852813852813853,462,deeponet_residual_linear,20260923,True,primary,0.8999999761581421,000001.SZ,liquidity,unseen_q
20260512,0.45222362875938416,2.297811985015869,1.7417060136795044,0.879448075526507,0.879448075526507,459,deeponet_residual_linear,20260923,True,primary,0.8999999761581421,000001.SZ,liquidity,unseen_q
20260513,0.361950159072876,1.8493002653121948,1.4067500829696655,0.8867383512544802,0.8867383512544802,465,deeponet_residual_linear,20260923,True,primary,0.8999999761581421,000001.SZ,liquidity,unseen_q
20260514,0.4478621780872345,2.5388739109039307,2.0539369583129883,0.8975468975468975,0.8975468975468975,462,deeponet_residual_linear,20260923,True,primary,0.8999999761581421,000001.SZ,liquidity,unseen_q
20260515,0.45166343450546265,2.3436641693115234,1.8004220724105835,0.8855072463768116,0.8855072463768116,460,deeponet_residual_linear,20260923,True,primary,0.8999999761581421,000001.SZ,liquidity,unseen_q
20260518,0.40241342782974243,2.431243658065796,2.0330212116241455,0.9140271493212669,0.9140271493212669,442,deeponet_residual_linear,20260923,True,primary,0.8999999761581421,000001.SZ,liquidity,unseen_q
20260519,0.43338409066200256,2.8076438903808594,2.4260947704315186,0.9136069114470843,0.9136069114470843,463,deeponet_residual_linear,20260923,True,primary,0.8999999761581421,000001.SZ,liquidity,unseen_q
20260520,0.40280047059059143,2.470621347427368,2.081275463104248,0.9032967032967033,0.9032967032967033,455,deeponet_residual_linear,20260923,True,primary,0.8999999761581421,000001.SZ,liquidity,unseen_q
20260521,0.39834633469581604,2.2109806537628174,1.767859935760498,0.8910394265232975,0.8910394265232975,465,deeponet_residual_linear,20260923,True,primary,0.8999999761581421,000001.SZ,liquidity,unseen_q
20260522,0.4246715009212494,2.6499807834625244,2.2507975101470947,0.9051724137931034,0.9051724137931034,464,deeponet_residual_linear,20260923,True,primary,0.8999999761581421,000001.SZ,liquidity,unseen_q
20260525,0.37073877453804016,2.3834803104400635,2.0525035858154297,0.9240780911062907,0.9240780911062907,461,deeponet_residual_linear,20260923,True,primary,0.8999999761581421,000001.SZ,liquidity,unseen_q
20260526,0.4797004461288452,2.594752311706543,2.044189453125,0.8915229885057472,0.8915229885057472,464,deeponet_residual_linear,20260923,True,primary,0.8999999761581421,000001.SZ,liquidity,unseen_q
20260528,0.39220520853996277,2.2251768112182617,1.8009580373764038,0.9066091954022989,0.9066091954022989,464,deeponet_residual_linear,20260923,True,primary,0.8999999761581421,000001.SZ,liquidity,unseen_q
20260529,0.5172153115272522,2.8725063800811768,2.2975947856903076,0.886021505376344,0.886021505376344,465,deeponet_residual_linear,20260923,True,primary,0.8999999761581421,000001.SZ,liquidity,unseen_q
20260506,0.4764648377895355,0.952929675579071,-0.004652023781090975,0.5994288681204569,0.5994288681204569,428,deeponet_residual_linear,20260923,True,all_queries_diagnostic,0.5,000001.SZ,liquidity,unseen_q
20260507,0.6075553894042969,1.2151107788085938,-0.06778550148010254,0.5741535526943252,0.5741535526943252,466,deeponet_residual_linear,20260923,True,all_queries_diagnostic,0.5,000001.SZ,liquidity,unseen_q
20260508,0.593124270439148,1.186248540878296,-0.12583334743976593,0.5683100318861909,0.5683100318861909,453,deeponet_residual_linear,20260923,True,all_queries_diagnostic,0.5,000001.SZ,liquidity,unseen_q
20260511,0.6260284781455994,1.2520569562911987,-0.13863839209079742,0.5437710437710438,0.5437710437710438,462,deeponet_residual_linear,20260923,True,all_queries_diagnostic,0.5,000001.SZ,liquidity,unseen_q
20260512,0.604811429977417,1.209622859954834,-0.09420806914567947,0.5705640280803679,0.5705640280803679,459,deeponet_residual_linear,20260923,True,all_queries_diagnostic,0.5,000001.SZ,liquidity,unseen_q
20260513,0.459820419549942,0.919640839099884,-0.017974769696593285,0.6162485065710872,0.6162485065710872,465,deeponet_residual_linear,20260923,True,all_queries_diagnostic,0.5,000001.SZ,liquidity,unseen_q
20260514,0.6242497563362122,1.2484995126724243,-0.0544762946665287,0.5464165464165464,0.5464165464165464,462,deeponet_residual_linear,20260923,True,all_queries_diagnostic,0.5,000001.SZ,liquidity,unseen_q
20260515,0.6328492164611816,1.2656984329223633,-0.09906607121229172,0.5929951690821256,0.5929951690821256,460,deeponet_residual_linear,20260923,True,all_queries_diagnostic,0.5,000001.SZ,liquidity,unseen_q
20260518,0.5203294157981873,1.0406588315963745,-0.060607265681028366,0.6018099547511312,0.6018099547511312,442,deeponet_residual_linear,20260923,True,all_queries_diagnostic,0.5,000001.SZ,liquidity,unseen_q
20260519,0.6019089818000793,1.2038179636001587,-0.050059325993061066,0.5766738660907127,0.5766738660907127,463,deeponet_residual_linear,20260923,True,all_queries_diagnostic,0.5,000001.SZ,liquidity,unseen_q
20260520,0.5565523505210876,1.1131047010421753,-0.046165354549884796,0.5860805860805861,0.5860805860805861,455,deeponet_residual_linear,20260923,True,all_queries_diagnostic,0.5,000001.SZ,liquidity,unseen_q
20260521,0.6102910041809082,1.2205820083618164,-0.013856939971446991,0.5835125448028673,0.5835125448028673,465,deeponet_residual_linear,20260923,True,all_queries_diagnostic,0.5,000001.SZ,liquidity,unseen_q
20260522,0.6193607449531555,1.238721489906311,-0.04742681607604027,0.5601053639846743,0.5601053639846743,464,deeponet_residual_linear,20260923,True,all_queries_diagnostic,0.5,000001.SZ,liquidity,unseen_q
20260525,0.5139012336730957,1.0278024673461914,-0.04444612190127373,0.5651964328753917,0.5651964328753917,461,deeponet_residual_linear,20260923,True,all_queries_diagnostic,0.5,000001.SZ,liquidity,unseen_q
20260526,0.6778127551078796,1.3556255102157593,-0.05073317885398865,0.5864463601532567,0.5864463601532567,464,deeponet_residual_linear,20260923,True,all_queries_diagnostic,0.5,000001.SZ,liquidity,unseen_q
20260528,0.526472806930542,1.052945613861084,-0.0130836246535182,0.60727969348659,0.60727969348659,464,deeponet_residual_linear,20260923,True,all_queries_diagnostic,0.5,000001.SZ,liquidity,unseen_q
20260529,0.7830275297164917,1.5660550594329834,-0.004458270501345396,0.577299880525687,0.577299880525687,465,deeponet_residual_linear,20260923,True,all_queries_diagnostic,0.5,000001.SZ,liquidity,unseen_q
20260506,0.3727686405181885,2.1683156490325928,1.7784730195999146,0.9187435098650052,0.9187435098650052,428,deeponet_residual_linear,20260923,True,all_queries_diagnostic,0.8999999761581421,000001.SZ,liquidity,unseen_q
20260507,0.42720451951026917,2.4894185066223145,2.043761730194092,0.9105865522174534,0.9105865522174534,466,deeponet_residual_linear,20260923,True,all_queries_diagnostic,0.8999999761581421,000001.SZ,liquidity,unseen_q
20260508,0.43859508633613586,2.180356502532959,1.6289581060409546,0.8893794456708364,0.8893794456708364,453,deeponet_residual_linear,20260923,True,all_queries_diagnostic,0.8999999761581421,000001.SZ,liquidity,unseen_q
20260511,0.45970219373703003,2.711885690689087,2.2406020164489746,0.8951418951418951,0.8951418951418951,462,deeponet_residual_linear,20260923,True,all_queries_diagnostic,0.8999999761581421,000001.SZ,liquidity,unseen_q
20260512,0.42899712920188904,2.2705514430999756,1.76569664478302,0.8864681675139191,0.8864681675139191,459,deeponet_residual_linear,20260923,True,all_queries_diagnostic,0.8999999761581421,000001.SZ,liquidity,unseen_q
20260513,0.34415072202682495,1.813058853149414,1.4059468507766724,0.9017921146953405,0.9017921146953405,465,deeponet_residual_linear,20260923,True,all_queries_diagnostic,0.8999999761581421,000001.SZ,liquidity,unseen_q
20260514,0.4503757059574127,2.5467019081115723,2.0574381351470947,0.8961038961038961,0.8961038961038961,462,deeponet_residual_linear,20260923,True,all_queries_diagnostic,0.8999999761581421,000001.SZ,liquidity,unseen_q
20260515,0.4510519504547119,2.341095447540283,1.7987394332885742,0.8893719806763285,0.8893719806763285,460,deeponet_residual_linear,20260923,True,all_queries_diagnostic,0.8999999761581421,000001.SZ,liquidity,unseen_q
20260518,0.40730714797973633,2.4710583686828613,2.0705552101135254,0.9198089492207139,0.9198089492207139,442,deeponet_residual_linear,20260923,True,all_queries_diagnostic,0.8999999761581421,000001.SZ,liquidity,unseen_q
20260519,0.4401554763317108,2.8354873657226562,2.4439706802368164,0.9097672186225102,0.9097672186225102,463,deeponet_residual_linear,20260923,True,all_queries_diagnostic,0.8999999761581421,000001.SZ,liquidity,unseen_q
20260520,0.40263983607292175,2.4879891872406006,2.103386878967285,0.9108669108669109,0.9108669108669109,455,deeponet_residual_linear,20260923,True,all_queries_diagnostic,0.8999999761581421,000001.SZ,liquidity,unseen_q
20260521,0.40865156054496765,2.2611923217773438,1.8048615455627441,0.8924731182795699,0.8924731182795699,465,deeponet_residual_linear,20260923,True,all_queries_diagnostic,0.8999999761581421,000001.SZ,liquidity,unseen_q
20260522,0.4286407232284546,2.659996271133423,2.2533934116363525,0.8984674329501915,0.8984674329501915,464,deeponet_residual_linear,20260923,True,all_queries_diagnostic,0.8999999761581421,000001.SZ,liquidity,unseen_q
20260525,0.37551090121269226,2.398935079574585,2.05989146232605,0.9264883104362497,0.9264883104362497,461,deeponet_residual_linear,20260923,True,all_queries_diagnostic,0.8999999761581421,000001.SZ,liquidity,unseen_q
20260526,0.4682013690471649,2.5855908393859863,2.0614850521087646,0.8946360153256705,0.8946360153256705,464,deeponet_residual_linear,20260923,True,all_queries_diagnostic,0.8999999761581421,000001.SZ,liquidity,unseen_q
20260528,0.3824657201766968,2.208927869796753,1.8049955368041992,0.9128352490421455,0.9128352490421455,464,deeponet_residual_linear,20260923,True,all_queries_diagnostic,0.8999999761581421,000001.SZ,liquidity,unseen_q
20260529,0.4951362907886505,2.857438087463379,2.3339569568634033,0.8979689366786141,0.8979689366786141,465,deeponet_residual_linear,20260923,True,all_queries_diagnostic,0.8999999761581421,000001.SZ,liquidity,unseen_q
20260506,0.5125088691711426,1.0250177383422852,-0.008663096465170383,0.5700934579439252,0.5700934579439252,428,deeponet_residual_linear,20260923,False,primary,0.5,000001.SZ,liquidity,unseen_q
20260507,0.6212754249572754,1.2425508499145508,-0.059997837990522385,0.550071530758226,0.550071530758226,466,deeponet_residual_linear,20260923,False,primary,0.5,000001.SZ,liquidity,unseen_q
20260508,0.6254886388778687,1.2509772777557373,-0.1570151448249817,0.5356880058866814,0.5356880058866814,453,deeponet_residual_linear,20260923,False,primary,0.5,000001.SZ,liquidity,unseen_q
20260511,0.6662145853042603,1.3324291706085205,-0.14765211939811707,0.49134199134199136,0.49134199134199136,462,deeponet_residual_linear,20260923,False,primary,0.5,000001.SZ,liquidity,unseen_q
20260512,0.6603406667709351,1.3206813335418701,-0.10738377273082733,0.5497458242556281,0.5497458242556281,459,deeponet_residual_linear,20260923,False,primary,0.5,000001.SZ,liquidity,unseen_q
20260513,0.5131065845489502,1.0262131690979004,-0.00885208323597908,0.625089605734767,0.625089605734767,465,deeponet_residual_linear,20260923,False,primary,0.5,000001.SZ,liquidity,unseen_q
20260514,0.6338285207748413,1.2676570415496826,-0.04581664502620697,0.5209235209235209,0.5209235209235209,462,deeponet_residual_linear,20260923,False,primary,0.5,000001.SZ,liquidity,unseen_q
20260515,0.654392659664154,1.308785319328308,-0.08629851043224335,0.6,0.6,460,deeponet_residual_linear,20260923,False,primary,0.5,000001.SZ,liquidity,unseen_q
20260518,0.5380516648292542,1.0761033296585083,-0.08569392561912537,0.5693815987933635,0.5693815987933635,442,deeponet_residual_linear,20260923,False,primary,0.5,000001.SZ,liquidity,unseen_q
20260519,0.608417272567749,1.216834545135498,-0.05355892330408096,0.5435565154787617,0.5435565154787617,463,deeponet_residual_linear,20260923,False,primary,0.5,000001.SZ,liquidity,unseen_q
20260520,0.5694921016693115,1.138984203338623,-0.05583864450454712,0.5750915750915752,0.5750915750915752,455,deeponet_residual_linear,20260923,False,primary,0.5,000001.SZ,liquidity,unseen_q
20260521,0.6131157279014587,1.2262314558029175,-0.04028177633881569,0.5878136200716846,0.5878136200716846,465,deeponet_residual_linear,20260923,False,primary,0.5,000001.SZ,liquidity,unseen_q
20260522,0.625521719455719,1.251043438911438,-0.03669854253530502,0.5653735632183907,0.5653735632183907,464,deeponet_residual_linear,20260923,False,primary,0.5,000001.SZ,liquidity,unseen_q
20260525,0.5280361175537109,1.0560722351074219,-0.039695583283901215,0.5365148228488792,0.5365148228488792,461,deeponet_residual_linear,20260923,False,primary,0.5,000001.SZ,liquidity,unseen_q
20260526,0.7104950547218323,1.4209901094436646,-0.05579846724867821,0.5725574712643678,0.5725574712643678,464,deeponet_residual_linear,20260923,False,primary,0.5,000001.SZ,liquidity,unseen_q
20260528,0.5629220008850098,1.1258440017700195,-0.006984237115830183,0.6091954022988506,0.6091954022988506,464,deeponet_residual_linear,20260923,False,primary,0.5,000001.SZ,liquidity,unseen_q
20260529,0.8330219388008118,1.6660438776016235,-0.027202218770980835,0.5806451612903226,0.5806451612903226,465,deeponet_residual_linear,20260923,False,primary,0.5,000001.SZ,liquidity,unseen_q
20260506,0.3831029236316681,2.177382230758667,1.7639704942703247,0.9190031152647975,0.9190031152647975,428,deeponet_residual_linear,20260923,False,primary,0.8999999761581421,000001.SZ,liquidity,unseen_q
20260507,0.4162798523902893,2.464103937149048,2.039430618286133,0.9134477825464951,0.9134477825464951,466,deeponet_residual_linear,20260923,False,primary,0.8999999761581421,000001.SZ,liquidity,unseen_q
20260508,0.4623316824436188,2.194730281829834,1.5875837802886963,0.8807947019867549,0.8807947019867549,453,deeponet_residual_linear,20260923,False,primary,0.8999999761581421,000001.SZ,liquidity,unseen_q
20260511,0.46614575386047363,2.706603527069092,2.2178902626037598,0.8852813852813853,0.8852813852813853,462,deeponet_residual_linear,20260923,False,primary,0.8999999761581421,000001.SZ,liquidity,unseen_q
20260512,0.45219582319259644,2.2977981567382812,1.7417582273483276,0.8816267247639797,0.8816267247639797,459,deeponet_residual_linear,20260923,False,primary,0.8999999761581421,000001.SZ,liquidity,unseen_q
20260513,0.361950159072876,1.8493002653121948,1.4067500829696655,0.8867383512544802,0.8867383512544802,465,deeponet_residual_linear,20260923,False,primary,0.8999999761581421,000001.SZ,liquidity,unseen_q
20260514,0.4478621780872345,2.5388739109039307,2.0539369583129883,0.8975468975468975,0.8975468975468975,462,deeponet_residual_linear,20260923,False,primary,0.8999999761581421,000001.SZ,liquidity,unseen_q
20260515,0.4516654908657074,2.3436782360076904,1.8004341125488281,0.8855072463768116,0.8855072463768116,460,deeponet_residual_linear,20260923,False,primary,0.8999999761581421,000001.SZ,liquidity,unseen_q
20260518,0.4023973345756531,2.4312257766723633,2.033039093017578,0.9140271493212669,0.9140271493212669,442,deeponet_residual_linear,20260923,False,primary,0.8999999761581421,000001.SZ,liquidity,unseen_q
20260519,0.43338409066200256,2.8076438903808594,2.4260947704315186,0.9136069114470843,0.9136069114470843,463,deeponet_residual_linear,20260923,False,primary,0.8999999761581421,000001.SZ,liquidity,unseen_q
20260520,0.4027998149394989,2.4706203937530518,2.0812761783599854,0.9032967032967033,0.9032967032967033,455,deeponet_residual_linear,20260923,False,primary,0.8999999761581421,000001.SZ,liquidity,unseen_q
20260521,0.39835721254348755,2.210995674133301,1.7678519487380981,0.8910394265232975,0.8910394265232975,465,deeponet_residual_linear,20260923,False,primary,0.8999999761581421,000001.SZ,liquidity,unseen_q
20260522,0.4246715009212494,2.6499807834625244,2.2507975101470947,0.9051724137931034,0.9051724137931034,464,deeponet_residual_linear,20260923,False,primary,0.8999999761581421,000001.SZ,liquidity,unseen_q
20260525,0.37073877453804016,2.3834803104400635,2.0525035858154297,0.9240780911062907,0.9240780911062907,461,deeponet_residual_linear,20260923,False,primary,0.8999999761581421,000001.SZ,liquidity,unseen_q
20260526,0.4797004461288452,2.594752311706543,2.044189453125,0.8915229885057472,0.8915229885057472,464,deeponet_residual_linear,20260923,False,primary,0.8999999761581421,000001.SZ,liquidity,unseen_q
20260528,0.39171984791755676,2.2246687412261963,1.8015364408493042,0.9066091954022989,0.9066091954022989,464,deeponet_residual_linear,20260923,False,primary,0.8999999761581421,000001.SZ,liquidity,unseen_q
20260529,0.5172153115272522,2.8725063800811768,2.2975947856903076,0.886021505376344,0.886021505376344,465,deeponet_residual_linear,20260923,False,primary,0.8999999761581421,000001.SZ,liquidity,unseen_q
20260506,0.476464182138443,0.952928364276886,-0.004652023781090975,0.5994288681204569,0.5994288681204569,428,deeponet_residual_linear,20260923,False,all_queries_diagnostic,0.5,000001.SZ,liquidity,unseen_q
20260507,0.6075544357299805,1.215108871459961,-0.06778550148010254,0.5741535526943252,0.5741535526943252,466,deeponet_residual_linear,20260923,False,all_queries_diagnostic,0.5,000001.SZ,liquidity,unseen_q
20260508,0.593124270439148,1.186248540878296,-0.12583333253860474,0.5683100318861909,0.5683100318861909,453,deeponet_residual_linear,20260923,False,all_queries_diagnostic,0.5,000001.SZ,liquidity,unseen_q
20260511,0.6260284781455994,1.2520569562911987,-0.13863839209079742,0.5437710437710438,0.5437710437710438,462,deeponet_residual_linear,20260923,False,all_queries_diagnostic,0.5,000001.SZ,liquidity,unseen_q
20260512,0.6047999858856201,1.2095999717712402,-0.09426049143075943,0.5691115952553861,0.5691115952553861,459,deeponet_residual_linear,20260923,False,all_queries_diagnostic,0.5,000001.SZ,liquidity,unseen_q
20260513,0.459820419549942,0.919640839099884,-0.017974769696593285,0.6162485065710872,0.6162485065710872,465,deeponet_residual_linear,20260923,False,all_queries_diagnostic,0.5,000001.SZ,liquidity,unseen_q
20260514,0.6242497563362122,1.2484995126724243,-0.0544762946665287,0.5464165464165464,0.5464165464165464,462,deeponet_residual_linear,20260923,False,all_queries_diagnostic,0.5,000001.SZ,liquidity,unseen_q
20260515,0.6328396201133728,1.2656792402267456,-0.09906606376171112,0.5929951690821256,0.5929951690821256,460,deeponet_residual_linear,20260923,False,all_queries_diagnostic,0.5,000001.SZ,liquidity,unseen_q
20260518,0.5203104615211487,1.0406209230422974,-0.060607265681028366,0.6018099547511312,0.6018099547511312,442,deeponet_residual_linear,20260923,False,all_queries_diagnostic,0.5,000001.SZ,liquidity,unseen_q
20260519,0.6019070148468018,1.2038140296936035,-0.050059325993061066,0.5764338852891768,0.5764338852891768,463,deeponet_residual_linear,20260923,False,all_queries_diagnostic,0.5,000001.SZ,liquidity,unseen_q
20260520,0.5565523505210876,1.1131047010421753,-0.046165354549884796,0.5860805860805861,0.5860805860805861,455,deeponet_residual_linear,20260923,False,all_queries_diagnostic,0.5,000001.SZ,liquidity,unseen_q
20260521,0.6102906465530396,1.220581293106079,-0.013856936246156693,0.5835125448028673,0.5835125448028673,465,deeponet_residual_linear,20260923,False,all_queries_diagnostic,0.5,000001.SZ,liquidity,unseen_q
20260522,0.6193601489067078,1.2387202978134155,-0.04742681607604027,0.5601053639846743,0.5601053639846743,464,deeponet_residual_linear,20260923,False,all_queries_diagnostic,0.5,000001.SZ,liquidity,unseen_q
20260525,0.5139012336730957,1.0278024673461914,-0.04444612190127373,0.5651964328753917,0.5651964328753917,461,deeponet_residual_linear,20260923,False,all_queries_diagnostic,0.5,000001.SZ,liquidity,unseen_q
20260526,0.6778127551078796,1.3556255102157593,-0.05073317885398865,0.5864463601532567,0.5864463601532567,464,deeponet_residual_linear,20260923,False,all_queries_diagnostic,0.5,000001.SZ,liquidity,unseen_q
20260528,0.5266997814178467,1.0533995628356934,-0.013629896566271782,0.60727969348659,0.60727969348659,464,deeponet_residual_linear,20260923,False,all_queries_diagnostic,0.5,000001.SZ,liquidity,unseen_q
20260529,0.7830275297164917,1.5660550594329834,-0.004458268638700247,0.577299880525687,0.577299880525687,465,deeponet_residual_linear,20260923,False,all_queries_diagnostic,0.5,000001.SZ,liquidity,unseen_q
20260506,0.3727686405181885,2.1683156490325928,1.7784730195999146,0.9187435098650052,0.9187435098650052,428,deeponet_residual_linear,20260923,False,all_queries_diagnostic,0.8999999761581421,000001.SZ,liquidity,unseen_q
20260507,0.42720311880111694,2.4894158840179443,2.043761730194092,0.9105865522174534,0.9105865522174534,466,deeponet_residual_linear,20260923,False,all_queries_diagnostic,0.8999999761581421,000001.SZ,liquidity,unseen_q
20260508,0.43859508633613586,2.180356502532959,1.6289581060409546,0.8893794456708364,0.8893794456708364,453,deeponet_residual_linear,20260923,False,all_queries_diagnostic,0.8999999761581421,000001.SZ,liquidity,unseen_q
20260511,0.45970219373703003,2.711885690689087,2.2406020164489746,0.8951418951418951,0.8951418951418951,462,deeponet_residual_linear,20260923,False,all_queries_diagnostic,0.8999999761581421,000001.SZ,liquidity,unseen_q
20260512,0.42897501587867737,2.2705490589141846,1.7657490968704224,0.887920600338901,0.887920600338901,459,deeponet_residual_linear,20260923,False,all_queries_diagnostic,0.8999999761581421,000001.SZ,liquidity,unseen_q
20260513,0.34415072202682495,1.813058853149414,1.4059468507766724,0.9017921146953405,0.9017921146953405,465,deeponet_residual_linear,20260923,False,all_queries_diagnostic,0.8999999761581421,000001.SZ,liquidity,unseen_q
20260514,0.4503757059574127,2.5467019081115723,2.0574381351470947,0.8961038961038961,0.8961038961038961,462,deeponet_residual_linear,20260923,False,all_queries_diagnostic,0.8999999761581421,000001.SZ,liquidity,unseen_q
20260515,0.4510519504547119,2.341095447540283,1.7987394332885742,0.8893719806763285,0.8893719806763285,460,deeponet_residual_linear,20260923,False,all_queries_diagnostic,0.8999999761581421,000001.SZ,liquidity,unseen_q
20260518,0.4073011577129364,2.4710464477539062,2.0705552101135254,0.9198089492207139,0.9198089492207139,442,deeponet_residual_linear,20260923,False,all_queries_diagnostic,0.8999999761581421,000001.SZ,liquidity,unseen_q
20260519,0.4401554763317108,2.8354873657226562,2.4439706802368164,0.9097672186225102,0.9097672186225102,463,deeponet_residual_linear,20260923,False,all_queries_diagnostic,0.8999999761581421,000001.SZ,liquidity,unseen_q
20260520,0.40263959765434265,2.4879884719848633,2.103386878967285,0.9108669108669109,0.9108669108669109,455,deeponet_residual_linear,20260923,False,all_queries_diagnostic,0.8999999761581421,000001.SZ,liquidity,unseen_q
20260521,0.40865156054496765,2.2611923217773438,1.8048615455627441,0.8924731182795699,0.8924731182795699,465,deeponet_residual_linear,20260923,False,all_queries_diagnostic,0.8999999761581421,000001.SZ,liquidity,unseen_q
20260522,0.4286407232284546,2.659996271133423,2.2533934116363525,0.8984674329501915,0.8984674329501915,464,deeponet_residual_linear,20260923,False,all_queries_diagnostic,0.8999999761581421,000001.SZ,liquidity,unseen_q
20260525,0.37551090121269226,2.398935079574585,2.05989146232605,0.9264883104362497,0.9264883104362497,461,deeponet_residual_linear,20260923,False,all_queries_diagnostic,0.8999999761581421,000001.SZ,liquidity,unseen_q
20260526,0.4682013690471649,2.5855908393859863,2.0614850521087646,0.8946360153256705,0.8946360153256705,464,deeponet_residual_linear,20260923,False,all_queries_diagnostic,0.8999999761581421,000001.SZ,liquidity,unseen_q
20260528,0.3820202052593231,2.2084736824035645,1.8055418729782104,0.9128352490421455,0.9128352490421455,464,deeponet_residual_linear,20260923,False,all_queries_diagnostic,0.8999999761581421,000001.SZ,liquidity,unseen_q
20260529,0.4951362907886505,2.857438087463379,2.3339569568634033,0.8979689366786141,0.8979689366786141,465,deeponet_residual_linear,20260923,False,all_queries_diagnostic,0.8999999761581421,000001.SZ,liquidity,unseen_q
